-- ============================================================================
-- INSERT DATA - Load data from rulebook
-- ============================================================================
-- Generated by rulebook-to-postgres tool
-- Mode: check-add    Stage: dev
-- ============================================================================

-- ----------------------------------------------------------------------------
-- Users: Login identities for the demo (stub auth).
-- ----------------------------------------------------------------------------
INSERT INTO users (user_id, name, email, role, display_name)
VALUES ('u-alex', 'alex@gym.test', 'alex@gym.test', 'trainer', 'Alex Reyes') ON CONFLICT (user_id) DO NOTHING;

INSERT INTO users (user_id, name, email, role, display_name)
VALUES ('u-jamie', 'jamie@gym.test', 'jamie@gym.test', 'trainer', 'Jamie Lin') ON CONFLICT (user_id) DO NOTHING;

INSERT INTO users (user_id, name, email, role, display_name)
VALUES ('u-sam', 'sam@example.com', 'sam@example.com', 'client', 'Sam Patel') ON CONFLICT (user_id) DO NOTHING;

INSERT INTO users (user_id, name, email, role, display_name)
VALUES ('u-robin', 'robin@example.com', 'robin@example.com', 'client', 'Robin Cole') ON CONFLICT (user_id) DO NOTHING;

INSERT INTO users (user_id, name, email, role, display_name)
VALUES ('u-admin', 'admin@gym.test', 'admin@gym.test', 'admin', 'Gym Admin') ON CONFLICT (user_id) DO NOTHING;

-- ----------------------------------------------------------------------------
-- Trainers: Personal trainers who log sessions and bill clients.
-- ----------------------------------------------------------------------------
INSERT INTO trainers (trainer_id, name, email, full_name, hourly_rate)
VALUES ('t-alex', 'alex@gym.test', 'alex@gym.test', 'Alex Reyes', 80) ON CONFLICT (trainer_id) DO NOTHING;

INSERT INTO trainers (trainer_id, name, email, full_name, hourly_rate)
VALUES ('t-jamie', 'jamie@gym.test', 'jamie@gym.test', 'Jamie Lin', 95) ON CONFLICT (trainer_id) DO NOTHING;

-- ----------------------------------------------------------------------------
-- Clients: Trainer's clients.
-- ----------------------------------------------------------------------------
INSERT INTO clients (client_id, name, email, full_name, trainer)
VALUES ('c-sam', 'sam@example.com', 'sam@example.com', 'Sam Patel', 't-alex') ON CONFLICT (client_id) DO NOTHING;

INSERT INTO clients (client_id, name, email, full_name, trainer)
VALUES ('c-robin', 'robin@example.com', 'robin@example.com', 'Robin Cole', 't-alex') ON CONFLICT (client_id) DO NOTHING;

INSERT INTO clients (client_id, name, email, full_name, trainer)
VALUES ('c-morgan', 'morgan@example.com', 'morgan@example.com', 'Morgan Diaz', 't-jamie') ON CONFLICT (client_id) DO NOTHING;

INSERT INTO clients (client_id, name, email, full_name, trainer)
VALUES ('c-taylor', 'taylor@example.com', 'taylor@example.com', 'Taylor Brooks', 't-jamie') ON CONFLICT (client_id) DO NOTHING;

-- ----------------------------------------------------------------------------
-- Invoices: An invoice bundles one or more sessions billed to a client.
-- ----------------------------------------------------------------------------
INSERT INTO invoices (invoice_id, name, client, issue_date, due_date, tax_rate, discount_amount, paid_amount)
VALUES ('inv-001', 'INV-001', 'c-sam', '2026-04-01', '2026-04-15', 0.08, 0, 0) ON CONFLICT (invoice_id) DO NOTHING;

INSERT INTO invoices (invoice_id, name, client, issue_date, due_date, tax_rate, discount_amount, paid_amount)
VALUES ('inv-002', 'INV-002', 'c-sam', '2026-05-01', '2026-05-15', 0.08, 20, 0) ON CONFLICT (invoice_id) DO NOTHING;

INSERT INTO invoices (invoice_id, name, client, issue_date, due_date, tax_rate, discount_amount, paid_amount)
VALUES ('inv-003', 'INV-003', 'c-robin', '2026-05-05', '2026-05-25', 0.08, 0, 500) ON CONFLICT (invoice_id) DO NOTHING;

INSERT INTO invoices (invoice_id, name, client, issue_date, due_date, tax_rate, discount_amount, paid_amount)
VALUES ('inv-004', 'INV-004', 'c-morgan', '2026-04-10', '2026-04-30', 0.0, 0, 0) ON CONFLICT (invoice_id) DO NOTHING;

INSERT INTO invoices (invoice_id, name, client, issue_date, due_date, tax_rate, discount_amount, paid_amount)
VALUES ('inv-005', 'INV-005', 'c-taylor', '2026-05-10', '2026-06-01', 0.08, 0, 0) ON CONFLICT (invoice_id) DO NOTHING;

-- ----------------------------------------------------------------------------
-- Sessions: A logged training session. The atomic line item that rolls up into an invoice.
-- ----------------------------------------------------------------------------
INSERT INTO sessions (session_id, name, client, session_date, duration_hours, rate_override, notes, invoice)
VALUES ('s-001', 'S-001', 'c-sam', '2026-03-20', 1.0, 0, 'Strength A', 'inv-001') ON CONFLICT (session_id) DO NOTHING;

INSERT INTO sessions (session_id, name, client, session_date, duration_hours, rate_override, notes, invoice)
VALUES ('s-002', 'S-002', 'c-sam', '2026-03-25', 1.5, 0, 'Mobility', 'inv-001') ON CONFLICT (session_id) DO NOTHING;

INSERT INTO sessions (session_id, name, client, session_date, duration_hours, rate_override, notes, invoice)
VALUES ('s-003', 'S-003', 'c-sam', '2026-03-28', 1.0, 0, 'Strength B', 'inv-001') ON CONFLICT (session_id) DO NOTHING;

INSERT INTO sessions (session_id, name, client, session_date, duration_hours, rate_override, notes, invoice)
VALUES ('s-004', 'S-004', 'c-sam', '2026-04-15', 1.0, 0, 'Strength A', 'inv-002') ON CONFLICT (session_id) DO NOTHING;

INSERT INTO sessions (session_id, name, client, session_date, duration_hours, rate_override, notes, invoice)
VALUES ('s-005', 'S-005', 'c-sam', '2026-04-22', 2.0, 100, 'Assessment', 'inv-002') ON CONFLICT (session_id) DO NOTHING;

INSERT INTO sessions (session_id, name, client, session_date, duration_hours, rate_override, notes, invoice)
VALUES ('s-006', 'S-006', 'c-robin', '2026-04-22', 1.0, 0, 'Intake', 'inv-003') ON CONFLICT (session_id) DO NOTHING;

INSERT INTO sessions (session_id, name, client, session_date, duration_hours, rate_override, notes, invoice)
VALUES ('s-007', 'S-007', 'c-robin', '2026-04-29', 1.5, 0, 'Cardio', 'inv-003') ON CONFLICT (session_id) DO NOTHING;

INSERT INTO sessions (session_id, name, client, session_date, duration_hours, rate_override, notes, invoice)
VALUES ('s-008', 'S-008', 'c-robin', '2026-05-03', 2.5, 0, 'Long block', 'inv-003') ON CONFLICT (session_id) DO NOTHING;

INSERT INTO sessions (session_id, name, client, session_date, duration_hours, rate_override, notes, invoice)
VALUES ('s-009', 'S-009', 'c-robin', '2026-05-10', 1.0, 0, 'Strength', NULL) ON CONFLICT (session_id) DO NOTHING;

INSERT INTO sessions (session_id, name, client, session_date, duration_hours, rate_override, notes, invoice)
VALUES ('s-010', 'S-010', 'c-morgan', '2026-04-02', 1.0, 0, 'Intake', 'inv-004') ON CONFLICT (session_id) DO NOTHING;

INSERT INTO sessions (session_id, name, client, session_date, duration_hours, rate_override, notes, invoice)
VALUES ('s-011', 'S-011', 'c-morgan', '2026-04-09', 1.0, 0, 'Strength A', 'inv-004') ON CONFLICT (session_id) DO NOTHING;

INSERT INTO sessions (session_id, name, client, session_date, duration_hours, rate_override, notes, invoice)
VALUES ('s-012', 'S-012', 'c-taylor', '2026-05-02', 1.5, 0, 'Mobility', 'inv-005') ON CONFLICT (session_id) DO NOTHING;

INSERT INTO sessions (session_id, name, client, session_date, duration_hours, rate_override, notes, invoice)
VALUES ('s-013', 'S-013', 'c-taylor', '2026-05-09', 1.0, 0, 'Strength B', 'inv-005') ON CONFLICT (session_id) DO NOTHING;

