-- ============================================================================
-- INSERT DATA - Load data from rulebook
-- ============================================================================
-- Generated by rulebook-to-postgres tool
-- Mode: check-add    Stage: dev
-- ============================================================================

-- ----------------------------------------------------------------------------
-- Users: People who wind timers.
-- ----------------------------------------------------------------------------
INSERT INTO users (user_id, display_name)
VALUES ('Marcus', 'Chef') ON CONFLICT (user_id) DO NOTHING;

INSERT INTO users (user_id, display_name)
VALUES ('Lena', 'Baker') ON CONFLICT (user_id) DO NOTHING;

INSERT INTO users (user_id, display_name)
VALUES ('Eli', 'Apprentice') ON CONFLICT (user_id) DO NOTHING;

INSERT INTO users (user_id, display_name)
VALUES ('Carmen', 'Sous Chef') ON CONFLICT (user_id) DO NOTHING;

INSERT INTO users (user_id, display_name)
VALUES ('Tomas', 'Dishwasher') ON CONFLICT (user_id) DO NOTHING;

INSERT INTO users (user_id, display_name)
VALUES ('Diego', 'Line Cook') ON CONFLICT (user_id) DO NOTHING;

INSERT INTO users (user_id, display_name)
VALUES ('Iris', 'Pastry Chef') ON CONFLICT (user_id) DO NOTHING;

INSERT INTO users (user_id, display_name)
VALUES ('Wendell', 'Food Critic') ON CONFLICT (user_id) DO NOTHING;

-- ----------------------------------------------------------------------------
-- Timers: Top-level timer assembly. Holds the raw mechanical parameters and the headline runtime DAG: stored torque, remaining minutes, wind state, and whether the bell has rung.
-- ----------------------------------------------------------------------------
INSERT INTO timers (timer_id, label, wind_angle_degrees, max_wind_degrees, max_spring_torque_nm, escapement_base_hz)
VALUES ('Bessie', 'Egg Timer', 0, 360, 0.08, 4) ON CONFLICT (timer_id) DO NOTHING;

INSERT INTO timers (timer_id, label, wind_angle_degrees, max_wind_degrees, max_spring_torque_nm, escapement_base_hz)
VALUES ('Olive', 'Pasta Timer', 120, 360, 0.08, 4) ON CONFLICT (timer_id) DO NOTHING;

INSERT INTO timers (timer_id, label, wind_angle_degrees, max_wind_degrees, max_spring_torque_nm, escapement_base_hz)
VALUES ('Rufus', 'Roast Timer', 360, 360, 0.08, 4) ON CONFLICT (timer_id) DO NOTHING;

INSERT INTO timers (timer_id, label, wind_angle_degrees, max_wind_degrees, max_spring_torque_nm, escapement_base_hz)
VALUES ('Twigs', 'Tea Timer', 30, 360, 0.08, 4) ON CONFLICT (timer_id) DO NOTHING;

-- ----------------------------------------------------------------------------
-- Cases: The outer housing of a timer. The bell is mounted on top of the case.
-- ----------------------------------------------------------------------------
INSERT INTO cases (case_id, houses_timer, material)
VALUES ('Bessie''s case', 'Bessie', 'chromed steel') ON CONFLICT (case_id) DO NOTHING;

INSERT INTO cases (case_id, houses_timer, material)
VALUES ('Olive''s case', 'Olive', 'brushed aluminum') ON CONFLICT (case_id) DO NOTHING;

INSERT INTO cases (case_id, houses_timer, material)
VALUES ('Rufus''s case', 'Rufus', 'chromed steel') ON CONFLICT (case_id) DO NOTHING;

INSERT INTO cases (case_id, houses_timer, material)
VALUES ('Twigs''s case', 'Twigs', 'chromed steel') ON CONFLICT (case_id) DO NOTHING;

-- ----------------------------------------------------------------------------
-- Bells: The bell mounted on top of the case. Struck by the hammer striker when §5 fires.
-- ----------------------------------------------------------------------------
INSERT INTO bells (bell_id, mounted_on_case, diameter_mm, tone_hz)
VALUES ('Bessie''s bell', 'Bessie''s case', 40, 1800) ON CONFLICT (bell_id) DO NOTHING;

INSERT INTO bells (bell_id, mounted_on_case, diameter_mm, tone_hz)
VALUES ('Olive''s bell', 'Olive''s case', 40, 1800) ON CONFLICT (bell_id) DO NOTHING;

INSERT INTO bells (bell_id, mounted_on_case, diameter_mm, tone_hz)
VALUES ('Rufus''s bell', 'Rufus''s case', 40, 1800) ON CONFLICT (bell_id) DO NOTHING;

INSERT INTO bells (bell_id, mounted_on_case, diameter_mm, tone_hz)
VALUES ('Twigs''s bell', 'Twigs''s case', 40, 1800) ON CONFLICT (bell_id) DO NOTHING;

-- ----------------------------------------------------------------------------
-- WindingKnobs: §1 — the dial on the front. Shaft is fixed to the mainspring arbor. Rim carries a printed scale 0..60 read against a fixed pointer on the case.
-- ----------------------------------------------------------------------------
INSERT INTO winding_knobs (winding_knob_id, fixed_to_timer, scale_min, scale_max, wind_direction, shaft_diameter_mm, pointer_fixed)
VALUES ('Bessie''s knob', 'Bessie', 0, 60, 'clockwise', 4, TRUE) ON CONFLICT (winding_knob_id) DO NOTHING;

INSERT INTO winding_knobs (winding_knob_id, fixed_to_timer, scale_min, scale_max, wind_direction, shaft_diameter_mm, pointer_fixed)
VALUES ('Olive''s knob', 'Olive', 0, 60, 'clockwise', 4, TRUE) ON CONFLICT (winding_knob_id) DO NOTHING;

INSERT INTO winding_knobs (winding_knob_id, fixed_to_timer, scale_min, scale_max, wind_direction, shaft_diameter_mm, pointer_fixed)
VALUES ('Rufus''s knob', 'Rufus', 0, 60, 'clockwise', 4, TRUE) ON CONFLICT (winding_knob_id) DO NOTHING;

INSERT INTO winding_knobs (winding_knob_id, fixed_to_timer, scale_min, scale_max, wind_direction, shaft_diameter_mm, pointer_fixed)
VALUES ('Twigs''s knob', 'Twigs', 0, 60, 'clockwise', 4, TRUE) ON CONFLICT (winding_knob_id) DO NOTHING;

-- ----------------------------------------------------------------------------
-- Arbors: The shaft driven by the mainspring. Connects §1 (knob shaft) to §2 (mainspring), and carries the §5 cam.
-- ----------------------------------------------------------------------------
INSERT INTO arbors (arbor_id, in_timer, diameter_mm)
VALUES ('Bessie''s arbor', 'Bessie', 3) ON CONFLICT (arbor_id) DO NOTHING;

INSERT INTO arbors (arbor_id, in_timer, diameter_mm)
VALUES ('Olive''s arbor', 'Olive', 3) ON CONFLICT (arbor_id) DO NOTHING;

INSERT INTO arbors (arbor_id, in_timer, diameter_mm)
VALUES ('Rufus''s arbor', 'Rufus', 3) ON CONFLICT (arbor_id) DO NOTHING;

INSERT INTO arbors (arbor_id, in_timer, diameter_mm)
VALUES ('Twigs''s arbor', 'Twigs', 3) ON CONFLICT (arbor_id) DO NOTHING;

-- ----------------------------------------------------------------------------
-- Mainsprings: §2 — flat coiled steel spring in a drum. Inner end anchors to the arbor; outer end anchors to the case.
-- ----------------------------------------------------------------------------
INSERT INTO mainsprings (mainspring_id, wrapped_on_arbor, drum_diameter_mm, material, inner_end_anchor, outer_end_anchor)
VALUES ('Bessie''s mainspring', 'Bessie''s arbor', 18, 'spring steel', 'Arbor', 'Case') ON CONFLICT (mainspring_id) DO NOTHING;

INSERT INTO mainsprings (mainspring_id, wrapped_on_arbor, drum_diameter_mm, material, inner_end_anchor, outer_end_anchor)
VALUES ('Olive''s mainspring', 'Olive''s arbor', 18, 'spring steel', 'Arbor', 'Case') ON CONFLICT (mainspring_id) DO NOTHING;

INSERT INTO mainsprings (mainspring_id, wrapped_on_arbor, drum_diameter_mm, material, inner_end_anchor, outer_end_anchor)
VALUES ('Rufus''s mainspring', 'Rufus''s arbor', 18, 'spring steel', 'Arbor', 'Case') ON CONFLICT (mainspring_id) DO NOTHING;

INSERT INTO mainsprings (mainspring_id, wrapped_on_arbor, drum_diameter_mm, material, inner_end_anchor, outer_end_anchor)
VALUES ('Twigs''s mainspring', 'Twigs''s arbor', 18, 'spring steel', 'Arbor', 'Case') ON CONFLICT (mainspring_id) DO NOTHING;

-- ----------------------------------------------------------------------------
-- GearTrains: §3 — the three-gear stack between mainspring arbor and escapement. Carries the output shaft that drives the dial pointer.
-- ----------------------------------------------------------------------------
INSERT INTO gear_trains (gear_train_id, in_timer, reduction_ratio)
VALUES ('Bessie''s gear train', 'Bessie', 240) ON CONFLICT (gear_train_id) DO NOTHING;

INSERT INTO gear_trains (gear_train_id, in_timer, reduction_ratio)
VALUES ('Olive''s gear train', 'Olive', 240) ON CONFLICT (gear_train_id) DO NOTHING;

INSERT INTO gear_trains (gear_train_id, in_timer, reduction_ratio)
VALUES ('Rufus''s gear train', 'Rufus', 240) ON CONFLICT (gear_train_id) DO NOTHING;

INSERT INTO gear_trains (gear_train_id, in_timer, reduction_ratio)
VALUES ('Twigs''s gear train', 'Twigs', 240) ON CONFLICT (gear_train_id) DO NOTHING;

-- ----------------------------------------------------------------------------
-- Gears: Individual gears in a gear train. Each has a tooth count and a position in the chain (1, 2, or 3).
-- ----------------------------------------------------------------------------
INSERT INTO gears (gear_id, in_gear_train, position_in_chain, tooth_count)
VALUES ('Bessie''s first gear', 'Bessie''s gear train', 1, 48) ON CONFLICT (gear_id) DO NOTHING;

INSERT INTO gears (gear_id, in_gear_train, position_in_chain, tooth_count)
VALUES ('Bessie''s second gear', 'Bessie''s gear train', 2, 36) ON CONFLICT (gear_id) DO NOTHING;

INSERT INTO gears (gear_id, in_gear_train, position_in_chain, tooth_count)
VALUES ('Bessie''s third gear', 'Bessie''s gear train', 3, 24) ON CONFLICT (gear_id) DO NOTHING;

INSERT INTO gears (gear_id, in_gear_train, position_in_chain, tooth_count)
VALUES ('Olive''s first gear', 'Olive''s gear train', 1, 48) ON CONFLICT (gear_id) DO NOTHING;

INSERT INTO gears (gear_id, in_gear_train, position_in_chain, tooth_count)
VALUES ('Olive''s second gear', 'Olive''s gear train', 2, 36) ON CONFLICT (gear_id) DO NOTHING;

INSERT INTO gears (gear_id, in_gear_train, position_in_chain, tooth_count)
VALUES ('Olive''s third gear', 'Olive''s gear train', 3, 24) ON CONFLICT (gear_id) DO NOTHING;

INSERT INTO gears (gear_id, in_gear_train, position_in_chain, tooth_count)
VALUES ('Rufus''s first gear', 'Rufus''s gear train', 1, 48) ON CONFLICT (gear_id) DO NOTHING;

INSERT INTO gears (gear_id, in_gear_train, position_in_chain, tooth_count)
VALUES ('Rufus''s second gear', 'Rufus''s gear train', 2, 36) ON CONFLICT (gear_id) DO NOTHING;

INSERT INTO gears (gear_id, in_gear_train, position_in_chain, tooth_count)
VALUES ('Rufus''s third gear', 'Rufus''s gear train', 3, 24) ON CONFLICT (gear_id) DO NOTHING;

INSERT INTO gears (gear_id, in_gear_train, position_in_chain, tooth_count)
VALUES ('Twigs''s first gear', 'Twigs''s gear train', 1, 48) ON CONFLICT (gear_id) DO NOTHING;

INSERT INTO gears (gear_id, in_gear_train, position_in_chain, tooth_count)
VALUES ('Twigs''s second gear', 'Twigs''s gear train', 2, 36) ON CONFLICT (gear_id) DO NOTHING;

INSERT INTO gears (gear_id, in_gear_train, position_in_chain, tooth_count)
VALUES ('Twigs''s third gear', 'Twigs''s gear train', 3, 24) ON CONFLICT (gear_id) DO NOTHING;

-- ----------------------------------------------------------------------------
-- OutputShafts: The shaft at the end of the gear train. Carries the dial pointer.
-- ----------------------------------------------------------------------------
INSERT INTO output_shafts (output_shaft_id, in_gear_train)
VALUES ('Bessie''s output shaft', 'Bessie''s gear train') ON CONFLICT (output_shaft_id) DO NOTHING;

INSERT INTO output_shafts (output_shaft_id, in_gear_train)
VALUES ('Olive''s output shaft', 'Olive''s gear train') ON CONFLICT (output_shaft_id) DO NOTHING;

INSERT INTO output_shafts (output_shaft_id, in_gear_train)
VALUES ('Rufus''s output shaft', 'Rufus''s gear train') ON CONFLICT (output_shaft_id) DO NOTHING;

INSERT INTO output_shafts (output_shaft_id, in_gear_train)
VALUES ('Twigs''s output shaft', 'Twigs''s gear train') ON CONFLICT (output_shaft_id) DO NOTHING;

-- ----------------------------------------------------------------------------
-- DialPointers: Pointer mounted on the output shaft. Reads against the printed scale on the knob rim.
-- ----------------------------------------------------------------------------
INSERT INTO dial_pointers (dial_pointer_id, on_output_shaft, length_mm)
VALUES ('Bessie''s dial pointer', 'Bessie''s output shaft', 14) ON CONFLICT (dial_pointer_id) DO NOTHING;

INSERT INTO dial_pointers (dial_pointer_id, on_output_shaft, length_mm)
VALUES ('Olive''s dial pointer', 'Olive''s output shaft', 14) ON CONFLICT (dial_pointer_id) DO NOTHING;

INSERT INTO dial_pointers (dial_pointer_id, on_output_shaft, length_mm)
VALUES ('Rufus''s dial pointer', 'Rufus''s output shaft', 14) ON CONFLICT (dial_pointer_id) DO NOTHING;

INSERT INTO dial_pointers (dial_pointer_id, on_output_shaft, length_mm)
VALUES ('Twigs''s dial pointer', 'Twigs''s output shaft', 14) ON CONFLICT (dial_pointer_id) DO NOTHING;

-- ----------------------------------------------------------------------------
-- Escapements: §4 — escapement assembly: toothed wheel plus two-pronged pallet plus hairspring. Defines the time base.
-- ----------------------------------------------------------------------------
INSERT INTO escapements (escapement_id, in_timer)
VALUES ('Bessie''s escapement', 'Bessie') ON CONFLICT (escapement_id) DO NOTHING;

INSERT INTO escapements (escapement_id, in_timer)
VALUES ('Olive''s escapement', 'Olive') ON CONFLICT (escapement_id) DO NOTHING;

INSERT INTO escapements (escapement_id, in_timer)
VALUES ('Rufus''s escapement', 'Rufus') ON CONFLICT (escapement_id) DO NOTHING;

INSERT INTO escapements (escapement_id, in_timer)
VALUES ('Twigs''s escapement', 'Twigs') ON CONFLICT (escapement_id) DO NOTHING;

-- ----------------------------------------------------------------------------
-- EscapementWheels: The toothed wheel of the escapement. Each pallet rock releases exactly one tooth.
-- ----------------------------------------------------------------------------
INSERT INTO escapement_wheels (escapement_wheel_id, in_escapement, tooth_count)
VALUES ('Bessie''s escapement wheel', 'Bessie''s escapement', 30) ON CONFLICT (escapement_wheel_id) DO NOTHING;

INSERT INTO escapement_wheels (escapement_wheel_id, in_escapement, tooth_count)
VALUES ('Olive''s escapement wheel', 'Olive''s escapement', 30) ON CONFLICT (escapement_wheel_id) DO NOTHING;

INSERT INTO escapement_wheels (escapement_wheel_id, in_escapement, tooth_count)
VALUES ('Rufus''s escapement wheel', 'Rufus''s escapement', 30) ON CONFLICT (escapement_wheel_id) DO NOTHING;

INSERT INTO escapement_wheels (escapement_wheel_id, in_escapement, tooth_count)
VALUES ('Twigs''s escapement wheel', 'Twigs''s escapement', 30) ON CONFLICT (escapement_wheel_id) DO NOTHING;

-- ----------------------------------------------------------------------------
-- Pallets: Pivoting piece sitting across the escapement-wheel teeth. Two prongs (the README's 'two-pronged pallet'). Rocking is set by pallet mass plus the hairspring.
-- ----------------------------------------------------------------------------
INSERT INTO pallets (pallet_id, in_escapement, prong_count, mass_grams)
VALUES ('Bessie''s pallet', 'Bessie''s escapement', 2, 0.8) ON CONFLICT (pallet_id) DO NOTHING;

INSERT INTO pallets (pallet_id, in_escapement, prong_count, mass_grams)
VALUES ('Olive''s pallet', 'Olive''s escapement', 2, 0.8) ON CONFLICT (pallet_id) DO NOTHING;

INSERT INTO pallets (pallet_id, in_escapement, prong_count, mass_grams)
VALUES ('Rufus''s pallet', 'Rufus''s escapement', 2, 0.8) ON CONFLICT (pallet_id) DO NOTHING;

INSERT INTO pallets (pallet_id, in_escapement, prong_count, mass_grams)
VALUES ('Twigs''s pallet', 'Twigs''s escapement', 2, 0.8) ON CONFLICT (pallet_id) DO NOTHING;

-- ----------------------------------------------------------------------------
-- Hairsprings: Tiny coiled spring attached to the pallet. Sets the pallet's rocking rate together with pallet mass.
-- ----------------------------------------------------------------------------
INSERT INTO hairsprings (hairspring_id, attached_to_pallet, stiffness_nm_per_rad)
VALUES ('Bessie''s hairspring', 'Bessie''s pallet', 0.0004) ON CONFLICT (hairspring_id) DO NOTHING;

INSERT INTO hairsprings (hairspring_id, attached_to_pallet, stiffness_nm_per_rad)
VALUES ('Olive''s hairspring', 'Olive''s pallet', 0.0004) ON CONFLICT (hairspring_id) DO NOTHING;

INSERT INTO hairsprings (hairspring_id, attached_to_pallet, stiffness_nm_per_rad)
VALUES ('Rufus''s hairspring', 'Rufus''s pallet', 0.0004) ON CONFLICT (hairspring_id) DO NOTHING;

INSERT INTO hairsprings (hairspring_id, attached_to_pallet, stiffness_nm_per_rad)
VALUES ('Twigs''s hairspring', 'Twigs''s pallet', 0.0004) ON CONFLICT (hairspring_id) DO NOTHING;

-- ----------------------------------------------------------------------------
-- Cams: Profile on the arbor of §2. Its notch aligns with the hammer catch at the zero position; that alignment is what trips §5.
-- ----------------------------------------------------------------------------
INSERT INTO cams (cam_id, on_arbor, notch_angle_deg)
VALUES ('Bessie''s cam', 'Bessie''s arbor', 0) ON CONFLICT (cam_id) DO NOTHING;

INSERT INTO cams (cam_id, on_arbor, notch_angle_deg)
VALUES ('Olive''s cam', 'Olive''s arbor', 0) ON CONFLICT (cam_id) DO NOTHING;

INSERT INTO cams (cam_id, on_arbor, notch_angle_deg)
VALUES ('Rufus''s cam', 'Rufus''s arbor', 0) ON CONFLICT (cam_id) DO NOTHING;

INSERT INTO cams (cam_id, on_arbor, notch_angle_deg)
VALUES ('Twigs''s cam', 'Twigs''s arbor', 0) ON CONFLICT (cam_id) DO NOTHING;

-- ----------------------------------------------------------------------------
-- BellHammers: §5 — spring-loaded arm with a steel striker, held back by the hammer catch. When the cam notch reaches the catch, the catch releases and the arm's own spring snaps the striker against the bell.
-- ----------------------------------------------------------------------------
INSERT INTO bell_hammers (bell_hammer_id, in_timer, arm_torque_nm)
VALUES ('Bessie''s bell hammer', 'Bessie', 0.02) ON CONFLICT (bell_hammer_id) DO NOTHING;

INSERT INTO bell_hammers (bell_hammer_id, in_timer, arm_torque_nm)
VALUES ('Olive''s bell hammer', 'Olive', 0.02) ON CONFLICT (bell_hammer_id) DO NOTHING;

INSERT INTO bell_hammers (bell_hammer_id, in_timer, arm_torque_nm)
VALUES ('Rufus''s bell hammer', 'Rufus', 0.02) ON CONFLICT (bell_hammer_id) DO NOTHING;

INSERT INTO bell_hammers (bell_hammer_id, in_timer, arm_torque_nm)
VALUES ('Twigs''s bell hammer', 'Twigs', 0.02) ON CONFLICT (bell_hammer_id) DO NOTHING;

-- ----------------------------------------------------------------------------
-- HammerArms: The spring-loaded arm of the bell hammer. Carries the striker at its tip.
-- ----------------------------------------------------------------------------
INSERT INTO hammer_arms (hammer_arm_id, of_bell_hammer, length_mm)
VALUES ('Bessie''s hammer arm', 'Bessie''s bell hammer', 22) ON CONFLICT (hammer_arm_id) DO NOTHING;

INSERT INTO hammer_arms (hammer_arm_id, of_bell_hammer, length_mm)
VALUES ('Olive''s hammer arm', 'Olive''s bell hammer', 22) ON CONFLICT (hammer_arm_id) DO NOTHING;

INSERT INTO hammer_arms (hammer_arm_id, of_bell_hammer, length_mm)
VALUES ('Rufus''s hammer arm', 'Rufus''s bell hammer', 22) ON CONFLICT (hammer_arm_id) DO NOTHING;

INSERT INTO hammer_arms (hammer_arm_id, of_bell_hammer, length_mm)
VALUES ('Twigs''s hammer arm', 'Twigs''s bell hammer', 22) ON CONFLICT (hammer_arm_id) DO NOTHING;

-- ----------------------------------------------------------------------------
-- Strikers: The small steel head at the tip of the hammer arm. Whatever actually contacts the bell.
-- ----------------------------------------------------------------------------
INSERT INTO strikers (striker_id, on_arm, material)
VALUES ('Bessie''s striker', 'Bessie''s hammer arm', 'steel') ON CONFLICT (striker_id) DO NOTHING;

INSERT INTO strikers (striker_id, on_arm, material)
VALUES ('Olive''s striker', 'Olive''s hammer arm', 'steel') ON CONFLICT (striker_id) DO NOTHING;

INSERT INTO strikers (striker_id, on_arm, material)
VALUES ('Rufus''s striker', 'Rufus''s hammer arm', 'steel') ON CONFLICT (striker_id) DO NOTHING;

INSERT INTO strikers (striker_id, on_arm, material)
VALUES ('Twigs''s striker', 'Twigs''s hammer arm', 'steel') ON CONFLICT (striker_id) DO NOTHING;

-- ----------------------------------------------------------------------------
-- HammerCatches: Catch that holds the hammer back until the cam notch aligns. Once released, the arm spring snaps the striker against the bell.
-- ----------------------------------------------------------------------------
INSERT INTO hammer_catches (hammer_catch_id, of_bell_hammer, engaged_with_cam)
VALUES ('Bessie''s hammer catch', 'Bessie''s bell hammer', 'Bessie''s cam') ON CONFLICT (hammer_catch_id) DO NOTHING;

INSERT INTO hammer_catches (hammer_catch_id, of_bell_hammer, engaged_with_cam)
VALUES ('Olive''s hammer catch', 'Olive''s bell hammer', 'Olive''s cam') ON CONFLICT (hammer_catch_id) DO NOTHING;

INSERT INTO hammer_catches (hammer_catch_id, of_bell_hammer, engaged_with_cam)
VALUES ('Rufus''s hammer catch', 'Rufus''s bell hammer', 'Rufus''s cam') ON CONFLICT (hammer_catch_id) DO NOTHING;

INSERT INTO hammer_catches (hammer_catch_id, of_bell_hammer, engaged_with_cam)
VALUES ('Twigs''s hammer catch', 'Twigs''s bell hammer', 'Twigs''s cam') ON CONFLICT (hammer_catch_id) DO NOTHING;

-- ----------------------------------------------------------------------------
-- WindActions: Event: a user rotates the winding knob to a target angle at a point in time. The README's §1 input event.
-- ----------------------------------------------------------------------------
INSERT INTO wind_actions (wind_action_id, performed_by, turned_knob, target_angle_deg, occurred_at)
VALUES ('Marcus wound Bessie', 'Marcus', 'Bessie''s knob', 60, '2026-05-21T07:45:00Z') ON CONFLICT (wind_action_id) DO NOTHING;

INSERT INTO wind_actions (wind_action_id, performed_by, turned_knob, target_angle_deg, occurred_at)
VALUES ('Lena wound Olive', 'Lena', 'Olive''s knob', 120, '2026-05-21T09:30:00Z') ON CONFLICT (wind_action_id) DO NOTHING;

INSERT INTO wind_actions (wind_action_id, performed_by, turned_knob, target_angle_deg, occurred_at)
VALUES ('Marcus wound Rufus', 'Marcus', 'Rufus''s knob', 360, '2026-05-21T10:00:00Z') ON CONFLICT (wind_action_id) DO NOTHING;

INSERT INTO wind_actions (wind_action_id, performed_by, turned_knob, target_angle_deg, occurred_at)
VALUES ('Marcus readjusted Bessie', 'Marcus', 'Bessie''s knob', 60, '2026-05-21T11:30:00Z') ON CONFLICT (wind_action_id) DO NOTHING;

INSERT INTO wind_actions (wind_action_id, performed_by, turned_knob, target_angle_deg, occurred_at)
VALUES ('Marcus wound Twigs', 'Marcus', 'Twigs''s knob', 30, '2026-05-21T11:25:00Z') ON CONFLICT (wind_action_id) DO NOTHING;

-- ----------------------------------------------------------------------------
-- TickEvents: Event: the escapement releases one tooth — one 'tick' from the README.
-- ----------------------------------------------------------------------------
INSERT INTO tick_events (tick_event_id, happened_on_timer, at_escapement, occurred_at)
VALUES ('Bessie''s tick 1', 'Bessie', 'Bessie''s escapement', '2026-05-21T07:46:15Z') ON CONFLICT (tick_event_id) DO NOTHING;

INSERT INTO tick_events (tick_event_id, happened_on_timer, at_escapement, occurred_at)
VALUES ('Bessie''s tick 2', 'Bessie', 'Bessie''s escapement', '2026-05-21T07:47:30Z') ON CONFLICT (tick_event_id) DO NOTHING;

INSERT INTO tick_events (tick_event_id, happened_on_timer, at_escapement, occurred_at)
VALUES ('Bessie''s tick 3', 'Bessie', 'Bessie''s escapement', '2026-05-21T07:48:45Z') ON CONFLICT (tick_event_id) DO NOTHING;

INSERT INTO tick_events (tick_event_id, happened_on_timer, at_escapement, occurred_at)
VALUES ('Bessie''s tick 4', 'Bessie', 'Bessie''s escapement', '2026-05-21T07:50:00Z') ON CONFLICT (tick_event_id) DO NOTHING;

INSERT INTO tick_events (tick_event_id, happened_on_timer, at_escapement, occurred_at)
VALUES ('Bessie''s tick 5', 'Bessie', 'Bessie''s escapement', '2026-05-21T07:51:15Z') ON CONFLICT (tick_event_id) DO NOTHING;

INSERT INTO tick_events (tick_event_id, happened_on_timer, at_escapement, occurred_at)
VALUES ('Bessie''s tick 6', 'Bessie', 'Bessie''s escapement', '2026-05-21T07:52:30Z') ON CONFLICT (tick_event_id) DO NOTHING;

INSERT INTO tick_events (tick_event_id, happened_on_timer, at_escapement, occurred_at)
VALUES ('Bessie''s tick 7', 'Bessie', 'Bessie''s escapement', '2026-05-21T07:53:45Z') ON CONFLICT (tick_event_id) DO NOTHING;

INSERT INTO tick_events (tick_event_id, happened_on_timer, at_escapement, occurred_at)
VALUES ('Bessie''s tick 8', 'Bessie', 'Bessie''s escapement', '2026-05-21T07:55:00Z') ON CONFLICT (tick_event_id) DO NOTHING;

INSERT INTO tick_events (tick_event_id, happened_on_timer, at_escapement, occurred_at)
VALUES ('Olive''s tick 1', 'Olive', 'Olive''s escapement', '2026-05-21T09:35:00Z') ON CONFLICT (tick_event_id) DO NOTHING;

INSERT INTO tick_events (tick_event_id, happened_on_timer, at_escapement, occurred_at)
VALUES ('Olive''s tick 2', 'Olive', 'Olive''s escapement', '2026-05-21T09:40:00Z') ON CONFLICT (tick_event_id) DO NOTHING;

INSERT INTO tick_events (tick_event_id, happened_on_timer, at_escapement, occurred_at)
VALUES ('Olive''s tick 3', 'Olive', 'Olive''s escapement', '2026-05-21T09:45:00Z') ON CONFLICT (tick_event_id) DO NOTHING;

INSERT INTO tick_events (tick_event_id, happened_on_timer, at_escapement, occurred_at)
VALUES ('Olive''s tick 4', 'Olive', 'Olive''s escapement', '2026-05-21T09:50:00Z') ON CONFLICT (tick_event_id) DO NOTHING;

INSERT INTO tick_events (tick_event_id, happened_on_timer, at_escapement, occurred_at)
VALUES ('Olive''s tick 5', 'Olive', 'Olive''s escapement', '2026-05-21T09:55:00Z') ON CONFLICT (tick_event_id) DO NOTHING;

INSERT INTO tick_events (tick_event_id, happened_on_timer, at_escapement, occurred_at)
VALUES ('Olive''s tick 6', 'Olive', 'Olive''s escapement', '2026-05-21T10:00:00Z') ON CONFLICT (tick_event_id) DO NOTHING;

INSERT INTO tick_events (tick_event_id, happened_on_timer, at_escapement, occurred_at)
VALUES ('Olive''s tick 7', 'Olive', 'Olive''s escapement', '2026-05-21T10:05:00Z') ON CONFLICT (tick_event_id) DO NOTHING;

INSERT INTO tick_events (tick_event_id, happened_on_timer, at_escapement, occurred_at)
VALUES ('Olive''s tick 8', 'Olive', 'Olive''s escapement', '2026-05-21T10:10:00Z') ON CONFLICT (tick_event_id) DO NOTHING;

INSERT INTO tick_events (tick_event_id, happened_on_timer, at_escapement, occurred_at)
VALUES ('Rufus''s tick 1', 'Rufus', 'Rufus''s escapement', '2026-05-21T10:00:30Z') ON CONFLICT (tick_event_id) DO NOTHING;

INSERT INTO tick_events (tick_event_id, happened_on_timer, at_escapement, occurred_at)
VALUES ('Rufus''s tick 2', 'Rufus', 'Rufus''s escapement', '2026-05-21T10:01:00Z') ON CONFLICT (tick_event_id) DO NOTHING;

INSERT INTO tick_events (tick_event_id, happened_on_timer, at_escapement, occurred_at)
VALUES ('Rufus''s tick 3', 'Rufus', 'Rufus''s escapement', '2026-05-21T10:01:30Z') ON CONFLICT (tick_event_id) DO NOTHING;

INSERT INTO tick_events (tick_event_id, happened_on_timer, at_escapement, occurred_at)
VALUES ('Rufus''s tick 4', 'Rufus', 'Rufus''s escapement', '2026-05-21T10:02:00Z') ON CONFLICT (tick_event_id) DO NOTHING;

INSERT INTO tick_events (tick_event_id, happened_on_timer, at_escapement, occurred_at)
VALUES ('Twigs''s tick 1', 'Twigs', 'Twigs''s escapement', '2026-05-21T11:26:00Z') ON CONFLICT (tick_event_id) DO NOTHING;

INSERT INTO tick_events (tick_event_id, happened_on_timer, at_escapement, occurred_at)
VALUES ('Twigs''s tick 2', 'Twigs', 'Twigs''s escapement', '2026-05-21T11:27:00Z') ON CONFLICT (tick_event_id) DO NOTHING;

INSERT INTO tick_events (tick_event_id, happened_on_timer, at_escapement, occurred_at)
VALUES ('Twigs''s tick 3', 'Twigs', 'Twigs''s escapement', '2026-05-21T11:28:00Z') ON CONFLICT (tick_event_id) DO NOTHING;

-- ----------------------------------------------------------------------------
-- RingEvents: Event: the bell hammer strikes the bell — the README's 'ding'. Recorded once per fired §5.
-- ----------------------------------------------------------------------------
INSERT INTO ring_events (ring_event_id, happened_on_timer, struck, occurred_at)
VALUES ('Bessie''s ding', 'Bessie', 'Bessie''s bell', '2026-05-21T07:55:00Z') ON CONFLICT (ring_event_id) DO NOTHING;

-- ----------------------------------------------------------------------------
-- Cooks: A dish being timed on a timer. Each cook started at the moment a user wound the timer; its status mirrors the timer's lifecycle.
-- ----------------------------------------------------------------------------
INSERT INTO cooks (cook_id, on_timer, prepared_by, dish_name, started_at, follows_recipe)
VALUES ('soft-boiled egg', 'Bessie', 'Marcus', 'soft-boiled egg', '2026-05-21T07:45:00Z', 'soft-boiled egg recipe') ON CONFLICT (cook_id) DO NOTHING;

INSERT INTO cooks (cook_id, on_timer, prepared_by, dish_name, started_at, follows_recipe)
VALUES ('spaghetti al pomodoro', 'Olive', 'Lena', 'spaghetti al pomodoro', '2026-05-21T09:30:00Z', 'spaghetti recipe') ON CONFLICT (cook_id) DO NOTHING;

INSERT INTO cooks (cook_id, on_timer, prepared_by, dish_name, started_at, follows_recipe)
VALUES ('rib roast', 'Rufus', 'Marcus', 'rib roast', '2026-05-21T10:00:00Z', 'rib roast recipe') ON CONFLICT (cook_id) DO NOTHING;

INSERT INTO cooks (cook_id, on_timer, prepared_by, dish_name, started_at, follows_recipe)
VALUES ('steamed broccoli side', 'Olive', 'Lena', 'steamed broccoli', '2026-05-21T09:32:00Z', 'broccoli recipe') ON CONFLICT (cook_id) DO NOTHING;

INSERT INTO cooks (cook_id, on_timer, prepared_by, dish_name, started_at, follows_recipe)
VALUES ('afternoon tea', 'Twigs', 'Marcus', 'Earl Grey tea', '2026-05-21T11:25:00Z', 'tea recipe') ON CONFLICT (cook_id) DO NOTHING;

INSERT INTO cooks (cook_id, on_timer, prepared_by, dish_name, started_at, follows_recipe)
VALUES ('morning coffee', 'Bessie', 'Marcus', 'instant coffee', '2026-05-21T07:40:00Z', 'instant coffee recipe') ON CONFLICT (cook_id) DO NOTHING;

INSERT INTO cooks (cook_id, on_timer, prepared_by, dish_name, started_at, follows_recipe)
VALUES ('baker''s espresso', 'Olive', 'Lena', 'instant coffee', '2026-05-21T09:25:00Z', 'instant coffee recipe') ON CONFLICT (cook_id) DO NOTHING;

INSERT INTO cooks (cook_id, on_timer, prepared_by, dish_name, started_at, follows_recipe)
VALUES ('preheat for pizza', 'Rufus', 'Marcus', 'pizza margherita', '2026-05-21T10:02:00Z', 'pizza recipe') ON CONFLICT (cook_id) DO NOTHING;

INSERT INTO cooks (cook_id, on_timer, prepared_by, dish_name, started_at, follows_recipe)
VALUES ('late cake bake', 'Rufus', 'Marcus', 'vanilla cake', '2026-05-21T10:25:00Z', 'cake recipe') ON CONFLICT (cook_id) DO NOTHING;

INSERT INTO cooks (cook_id, on_timer, prepared_by, dish_name, started_at, follows_recipe)
VALUES ('overnight yogurt', 'Olive', 'Lena', 'homemade yogurt', '2026-05-21T09:35:00Z', 'yogurt recipe') ON CONFLICT (cook_id) DO NOTHING;

INSERT INTO cooks (cook_id, on_timer, prepared_by, dish_name, started_at, follows_recipe)
VALUES ('morning coffee', 'Bessie', 'Marcus', 'instant coffee', '2026-05-21T07:40:00Z', 'instant coffee recipe') ON CONFLICT (cook_id) DO NOTHING;

INSERT INTO cooks (cook_id, on_timer, prepared_by, dish_name, started_at, follows_recipe)
VALUES ('baker''s espresso', 'Olive', 'Lena', 'instant coffee', '2026-05-21T09:25:00Z', 'instant coffee recipe') ON CONFLICT (cook_id) DO NOTHING;

INSERT INTO cooks (cook_id, on_timer, prepared_by, dish_name, started_at, follows_recipe)
VALUES ('late cake bake', 'Rufus', 'Marcus', 'vanilla cake', '2026-05-21T10:25:00Z', 'cake recipe') ON CONFLICT (cook_id) DO NOTHING;

INSERT INTO cooks (cook_id, on_timer, prepared_by, dish_name, started_at, follows_recipe)
VALUES ('overnight yogurt', 'Olive', 'Lena', 'homemade yogurt', '2026-05-21T09:35:00Z', 'yogurt recipe') ON CONFLICT (cook_id) DO NOTHING;

INSERT INTO cooks (cook_id, on_timer, prepared_by, dish_name, started_at, follows_recipe)
VALUES ('croissant batch', 'Rufus', 'Iris', 'butter croissant', '2026-05-21T10:05:00Z', 'croissant recipe') ON CONFLICT (cook_id) DO NOTHING;

INSERT INTO cooks (cook_id, on_timer, prepared_by, dish_name, started_at, follows_recipe)
VALUES ('risotto dinner', 'Olive', 'Carmen', 'mushroom risotto', '2026-05-21T09:40:00Z', 'risotto recipe') ON CONFLICT (cook_id) DO NOTHING;

INSERT INTO cooks (cook_id, on_timer, prepared_by, dish_name, started_at, follows_recipe)
VALUES ('ramen lunch', 'Twigs', 'Diego', 'tonkotsu ramen', '2026-05-21T11:26:00Z', 'ramen recipe') ON CONFLICT (cook_id) DO NOTHING;

INSERT INTO cooks (cook_id, on_timer, prepared_by, dish_name, started_at, follows_recipe)
VALUES ('paella special', 'Rufus', 'Carmen', 'paella valenciana', '2026-05-21T10:10:00Z', 'paella recipe') ON CONFLICT (cook_id) DO NOTHING;

INSERT INTO cooks (cook_id, on_timer, prepared_by, dish_name, started_at, follows_recipe)
VALUES ('soup of the day', 'Olive', 'Diego', 'vegetable soup', '2026-05-21T09:45:00Z', 'soup recipe') ON CONFLICT (cook_id) DO NOTHING;

INSERT INTO cooks (cook_id, on_timer, prepared_by, dish_name, started_at, follows_recipe)
VALUES ('steak dinner', 'Rufus', 'Marcus', 'ribeye steak', '2026-05-21T10:30:00Z', 'steak recipe') ON CONFLICT (cook_id) DO NOTHING;

INSERT INTO cooks (cook_id, on_timer, prepared_by, dish_name, started_at, follows_recipe)
VALUES ('flan dessert', 'Rufus', 'Iris', 'caramel flan', '2026-05-21T10:35:00Z', 'flan recipe') ON CONFLICT (cook_id) DO NOTHING;

INSERT INTO cooks (cook_id, on_timer, prepared_by, dish_name, started_at, follows_recipe)
VALUES ('salad starter', 'Bessie', 'Carmen', 'garden salad', '2026-05-21T07:46:00Z', 'salad recipe') ON CONFLICT (cook_id) DO NOTHING;

-- ----------------------------------------------------------------------------
-- Recipes: Cooking recipes a cook can follow. Each names a dish and the minutes it should run.
-- ----------------------------------------------------------------------------
INSERT INTO recipes (recipe_id, dish_name, recommended_minutes, ideal_temperature_c)
VALUES ('soft-boiled egg recipe', 'soft-boiled egg', 10, 100) ON CONFLICT (recipe_id) DO NOTHING;

INSERT INTO recipes (recipe_id, dish_name, recommended_minutes, ideal_temperature_c)
VALUES ('spaghetti recipe', 'spaghetti al pomodoro', 12, 100) ON CONFLICT (recipe_id) DO NOTHING;

INSERT INTO recipes (recipe_id, dish_name, recommended_minutes, ideal_temperature_c)
VALUES ('rib roast recipe', 'rib roast', 90, 175) ON CONFLICT (recipe_id) DO NOTHING;

INSERT INTO recipes (recipe_id, dish_name, recommended_minutes, ideal_temperature_c)
VALUES ('broccoli recipe', 'steamed broccoli', 25, 100) ON CONFLICT (recipe_id) DO NOTHING;

INSERT INTO recipes (recipe_id, dish_name, recommended_minutes, ideal_temperature_c)
VALUES ('tea recipe', 'Earl Grey tea', 4, 95) ON CONFLICT (recipe_id) DO NOTHING;

INSERT INTO recipes (recipe_id, dish_name, recommended_minutes, ideal_temperature_c)
VALUES ('cake recipe', 'vanilla cake', 35, 180) ON CONFLICT (recipe_id) DO NOTHING;

INSERT INTO recipes (recipe_id, dish_name, recommended_minutes, ideal_temperature_c)
VALUES ('pizza recipe', 'pizza margherita', 8, 240) ON CONFLICT (recipe_id) DO NOTHING;

INSERT INTO recipes (recipe_id, dish_name, recommended_minutes, ideal_temperature_c)
VALUES ('yogurt recipe', 'homemade yogurt', 360, 40) ON CONFLICT (recipe_id) DO NOTHING;

INSERT INTO recipes (recipe_id, dish_name, recommended_minutes, ideal_temperature_c)
VALUES ('instant coffee recipe', 'instant coffee', 2, 90) ON CONFLICT (recipe_id) DO NOTHING;

INSERT INTO recipes (recipe_id, dish_name, recommended_minutes, ideal_temperature_c)
VALUES ('croissant recipe', 'butter croissant', 18, 200) ON CONFLICT (recipe_id) DO NOTHING;

INSERT INTO recipes (recipe_id, dish_name, recommended_minutes, ideal_temperature_c)
VALUES ('risotto recipe', 'mushroom risotto', 30, 100) ON CONFLICT (recipe_id) DO NOTHING;

INSERT INTO recipes (recipe_id, dish_name, recommended_minutes, ideal_temperature_c)
VALUES ('sourdough recipe', 'sourdough loaf', 45, 220) ON CONFLICT (recipe_id) DO NOTHING;

INSERT INTO recipes (recipe_id, dish_name, recommended_minutes, ideal_temperature_c)
VALUES ('creme brulee recipe', 'creme brulee', 55, 165) ON CONFLICT (recipe_id) DO NOTHING;

INSERT INTO recipes (recipe_id, dish_name, recommended_minutes, ideal_temperature_c)
VALUES ('paella recipe', 'paella valenciana', 40, 100) ON CONFLICT (recipe_id) DO NOTHING;

INSERT INTO recipes (recipe_id, dish_name, recommended_minutes, ideal_temperature_c)
VALUES ('ramen recipe', 'tonkotsu ramen', 5, 100) ON CONFLICT (recipe_id) DO NOTHING;

INSERT INTO recipes (recipe_id, dish_name, recommended_minutes, ideal_temperature_c)
VALUES ('salad recipe', 'garden salad', 7, 20) ON CONFLICT (recipe_id) DO NOTHING;

INSERT INTO recipes (recipe_id, dish_name, recommended_minutes, ideal_temperature_c)
VALUES ('steak recipe', 'ribeye steak', 11, 230) ON CONFLICT (recipe_id) DO NOTHING;

INSERT INTO recipes (recipe_id, dish_name, recommended_minutes, ideal_temperature_c)
VALUES ('soup recipe', 'vegetable soup', 25, 100) ON CONFLICT (recipe_id) DO NOTHING;

INSERT INTO recipes (recipe_id, dish_name, recommended_minutes, ideal_temperature_c)
VALUES ('flan recipe', 'caramel flan', 50, 170) ON CONFLICT (recipe_id) DO NOTHING;

-- ----------------------------------------------------------------------------
-- Kitchens: A kitchen, top of the rollup tree. Aggregates everything below it.
-- ----------------------------------------------------------------------------
INSERT INTO kitchens (kitchen_id, display_name)
VALUES ('Main', 'Main Kitchen') ON CONFLICT (kitchen_id) DO NOTHING;

