-- ============================================================================
-- INSERT DATA - Load data from rulebook
-- ============================================================================
-- Generated by rulebook-to-postgres tool
-- Mode: check-add    Stage: dev
-- ============================================================================

-- ----------------------------------------------------------------------------
-- Capabilities: Cognitive capabilities being assessed. Tiered foundational/composite/emergent and weighted by importance.
-- ----------------------------------------------------------------------------
INSERT INTO capabilities (capabilities_id, description, tier, weight)
VALUES ('memory', 'Storing, retaining, and recalling information across time.', 'foundational', 1.0) ON CONFLICT (capabilities_id) DO NOTHING;

INSERT INTO capabilities (capabilities_id, description, tier, weight)
VALUES ('perception', 'Sensing the environment and interpreting raw input into structure.', 'foundational', 1.0) ON CONFLICT (capabilities_id) DO NOTHING;

INSERT INTO capabilities (capabilities_id, description, tier, weight)
VALUES ('reasoning', 'Inference, deduction, and structured problem-solving.', 'composite', 1.3) ON CONFLICT (capabilities_id) DO NOTHING;

INSERT INTO capabilities (capabilities_id, description, tier, weight)
VALUES ('creativity', 'Novel synthesis, divergent thinking, and open-ended generation.', 'emergent', 1.5) ON CONFLICT (capabilities_id) DO NOTHING;

-- ----------------------------------------------------------------------------
-- Intelligences: Agents being classified by the taxonomy. Each Intelligence's TaxonomyClass is derived from the rollup of its Assessments.
-- ----------------------------------------------------------------------------
INSERT INTO intelligences (intelligences_id, description, substrate)
VALUES ('human', 'A neurotypical human adult.', 'biological') ON CONFLICT (intelligences_id) DO NOTHING;

INSERT INTO intelligences (intelligences_id, description, substrate)
VALUES ('octopus', 'A cephalopod problem-solver with distributed cognition.', 'biological') ON CONFLICT (intelligences_id) DO NOTHING;

INSERT INTO intelligences (intelligences_id, description, substrate)
VALUES ('gpt-5', 'A large language model trained on broad text.', 'digital') ON CONFLICT (intelligences_id) DO NOTHING;

INSERT INTO intelligences (intelligences_id, description, substrate)
VALUES ('calculator', 'A pocket arithmetic device.', 'digital') ON CONFLICT (intelligences_id) DO NOTHING;

-- ----------------------------------------------------------------------------
-- Assessments: Per-capability scores for each intelligence. The junction table whose calculated WeightedScore feeds the rollup on Intelligences.
-- ----------------------------------------------------------------------------
INSERT INTO assessments (assessments_id, intelligence, capability, raw_score)
VALUES ('human-memory', 'human', 'memory', 80) ON CONFLICT (assessments_id) DO NOTHING;

INSERT INTO assessments (assessments_id, intelligence, capability, raw_score)
VALUES ('human-perception', 'human', 'perception', 85) ON CONFLICT (assessments_id) DO NOTHING;

INSERT INTO assessments (assessments_id, intelligence, capability, raw_score)
VALUES ('human-reasoning', 'human', 'reasoning', 85) ON CONFLICT (assessments_id) DO NOTHING;

INSERT INTO assessments (assessments_id, intelligence, capability, raw_score)
VALUES ('human-creativity', 'human', 'creativity', 80) ON CONFLICT (assessments_id) DO NOTHING;

INSERT INTO assessments (assessments_id, intelligence, capability, raw_score)
VALUES ('octopus-memory', 'octopus', 'memory', 60) ON CONFLICT (assessments_id) DO NOTHING;

INSERT INTO assessments (assessments_id, intelligence, capability, raw_score)
VALUES ('octopus-perception', 'octopus', 'perception', 90) ON CONFLICT (assessments_id) DO NOTHING;

INSERT INTO assessments (assessments_id, intelligence, capability, raw_score)
VALUES ('octopus-reasoning', 'octopus', 'reasoning', 65) ON CONFLICT (assessments_id) DO NOTHING;

INSERT INTO assessments (assessments_id, intelligence, capability, raw_score)
VALUES ('octopus-creativity', 'octopus', 'creativity', 70) ON CONFLICT (assessments_id) DO NOTHING;

INSERT INTO assessments (assessments_id, intelligence, capability, raw_score)
VALUES ('gpt-5-memory', 'gpt-5', 'memory', 95) ON CONFLICT (assessments_id) DO NOTHING;

INSERT INTO assessments (assessments_id, intelligence, capability, raw_score)
VALUES ('gpt-5-perception', 'gpt-5', 'perception', 30) ON CONFLICT (assessments_id) DO NOTHING;

INSERT INTO assessments (assessments_id, intelligence, capability, raw_score)
VALUES ('gpt-5-reasoning', 'gpt-5', 'reasoning', 80) ON CONFLICT (assessments_id) DO NOTHING;

INSERT INTO assessments (assessments_id, intelligence, capability, raw_score)
VALUES ('gpt-5-creativity', 'gpt-5', 'creativity', 65) ON CONFLICT (assessments_id) DO NOTHING;

INSERT INTO assessments (assessments_id, intelligence, capability, raw_score)
VALUES ('calculator-memory', 'calculator', 'memory', 50) ON CONFLICT (assessments_id) DO NOTHING;

INSERT INTO assessments (assessments_id, intelligence, capability, raw_score)
VALUES ('calculator-perception', 'calculator', 'perception', 10) ON CONFLICT (assessments_id) DO NOTHING;

INSERT INTO assessments (assessments_id, intelligence, capability, raw_score)
VALUES ('calculator-reasoning', 'calculator', 'reasoning', 95) ON CONFLICT (assessments_id) DO NOTHING;

INSERT INTO assessments (assessments_id, intelligence, capability, raw_score)
VALUES ('calculator-creativity', 'calculator', 'creativity', 0) ON CONFLICT (assessments_id) DO NOTHING;

