-- ============================================================================
-- INSERT DATA - Load data from rulebook
-- ============================================================================
-- Generated by rulebook-to-postgres tool
-- Mode: check-add    Stage: dev
-- ============================================================================

-- ----------------------------------------------------------------------------
-- Users: Login identities for the demo (stub auth).
-- ----------------------------------------------------------------------------
INSERT INTO users (user_id, name, email, role, display_name)
VALUES ('u-coord', 'coord@wed.test', 'coord@wed.test', 'coordinator', 'Casey (Coordinator)') ON CONFLICT (user_id) DO NOTHING;

INSERT INTO users (user_id, name, email, role, display_name)
VALUES ('u-bride', 'bride@wed.test', 'bride@wed.test', 'bride', 'Alex (Bride)') ON CONFLICT (user_id) DO NOTHING;

INSERT INTO users (user_id, name, email, role, display_name)
VALUES ('u-groom', 'groom@wed.test', 'groom@wed.test', 'groom', 'Sam (Groom)') ON CONFLICT (user_id) DO NOTHING;

-- ----------------------------------------------------------------------------
-- Tables: Physical reception tables. Guests are assigned to one Table each.
-- ----------------------------------------------------------------------------
INSERT INTO tables (table_id, name, label, seats)
VALUES ('t-head', 't-head', 'Head Table', 6) ON CONFLICT (table_id) DO NOTHING;

INSERT INTO tables (table_id, name, label, seats)
VALUES ('t-family-b', 't-family-b', 'Bride Family', 8) ON CONFLICT (table_id) DO NOTHING;

INSERT INTO tables (table_id, name, label, seats)
VALUES ('t-family-g', 't-family-g', 'Groom Family', 8) ON CONFLICT (table_id) DO NOTHING;

INSERT INTO tables (table_id, name, label, seats)
VALUES ('t-friends', 't-friends', 'College Friends', 6) ON CONFLICT (table_id) DO NOTHING;

INSERT INTO tables (table_id, name, label, seats)
VALUES ('t-misc', 't-misc', 'Plus Ones', 4) ON CONFLICT (table_id) DO NOTHING;

-- ----------------------------------------------------------------------------
-- Guests: Wedding guests. Each is assigned to one Table.
-- ----------------------------------------------------------------------------
INSERT INTO guests (guest_id, name, full_name, side, dietary, language, age_band, assigned_table)
VALUES ('g-alex', 'g-alex', 'Alex Stone', 'bride', 'none', 'en', 'adult', 't-head') ON CONFLICT (guest_id) DO NOTHING;

INSERT INTO guests (guest_id, name, full_name, side, dietary, language, age_band, assigned_table)
VALUES ('g-sam', 'g-sam', 'Sam Rivera', 'groom', 'none', 'en', 'adult', 't-head') ON CONFLICT (guest_id) DO NOTHING;

INSERT INTO guests (guest_id, name, full_name, side, dietary, language, age_band, assigned_table)
VALUES ('g-mom-b', 'g-mom-b', 'Marie Stone', 'bride', 'veg', 'en', 'senior', 't-head') ON CONFLICT (guest_id) DO NOTHING;

INSERT INTO guests (guest_id, name, full_name, side, dietary, language, age_band, assigned_table)
VALUES ('g-dad-b', 'g-dad-b', 'Tom Stone', 'bride', 'none', 'en', 'senior', 't-head') ON CONFLICT (guest_id) DO NOTHING;

INSERT INTO guests (guest_id, name, full_name, side, dietary, language, age_band, assigned_table)
VALUES ('g-mom-g', 'g-mom-g', 'Lucia Rivera', 'groom', 'none', 'es', 'senior', 't-head') ON CONFLICT (guest_id) DO NOTHING;

INSERT INTO guests (guest_id, name, full_name, side, dietary, language, age_band, assigned_table)
VALUES ('g-dad-g', 'g-dad-g', 'Hector Rivera', 'groom', 'none', 'es', 'senior', 't-head') ON CONFLICT (guest_id) DO NOTHING;

INSERT INTO guests (guest_id, name, full_name, side, dietary, language, age_band, assigned_table)
VALUES ('g-aunt-b', 'g-aunt-b', 'Carol Stone', 'bride', 'gf', 'en', 'senior', 't-family-b') ON CONFLICT (guest_id) DO NOTHING;

INSERT INTO guests (guest_id, name, full_name, side, dietary, language, age_band, assigned_table)
VALUES ('g-uncle-b', 'g-uncle-b', 'Pete Stone', 'bride', 'none', 'en', 'senior', 't-family-b') ON CONFLICT (guest_id) DO NOTHING;

INSERT INTO guests (guest_id, name, full_name, side, dietary, language, age_band, assigned_table)
VALUES ('g-cuz-b1', 'g-cuz-b1', 'Jamie Stone', 'bride', 'vegan', 'en', 'adult', 't-family-b') ON CONFLICT (guest_id) DO NOTHING;

INSERT INTO guests (guest_id, name, full_name, side, dietary, language, age_band, assigned_table)
VALUES ('g-cuz-b2', 'g-cuz-b2', 'Riley Stone', 'bride', 'none', 'en', 'child', 't-family-b') ON CONFLICT (guest_id) DO NOTHING;

INSERT INTO guests (guest_id, name, full_name, side, dietary, language, age_band, assigned_table)
VALUES ('g-tia-g', 'g-tia-g', 'Ana Rivera', 'groom', 'none', 'es', 'senior', 't-family-g') ON CONFLICT (guest_id) DO NOTHING;

INSERT INTO guests (guest_id, name, full_name, side, dietary, language, age_band, assigned_table)
VALUES ('g-tio-g', 'g-tio-g', 'Miguel Rivera', 'groom', 'none', 'es', 'senior', 't-family-g') ON CONFLICT (guest_id) DO NOTHING;

INSERT INTO guests (guest_id, name, full_name, side, dietary, language, age_band, assigned_table)
VALUES ('g-prim-g1', 'g-prim-g1', 'Diego Rivera', 'groom', 'none', 'es', 'adult', 't-family-g') ON CONFLICT (guest_id) DO NOTHING;

INSERT INTO guests (guest_id, name, full_name, side, dietary, language, age_band, assigned_table)
VALUES ('g-prim-g2', 'g-prim-g2', 'Sofia Rivera', 'groom', 'veg', 'es', 'adult', 't-family-g') ON CONFLICT (guest_id) DO NOTHING;

INSERT INTO guests (guest_id, name, full_name, side, dietary, language, age_band, assigned_table)
VALUES ('g-fr-1', 'g-fr-1', 'Morgan Lee', 'bride', 'none', 'en', 'adult', 't-friends') ON CONFLICT (guest_id) DO NOTHING;

INSERT INTO guests (guest_id, name, full_name, side, dietary, language, age_band, assigned_table)
VALUES ('g-fr-2', 'g-fr-2', 'Taylor Brooks', 'bride', 'veg', 'en', 'adult', 't-friends') ON CONFLICT (guest_id) DO NOTHING;

INSERT INTO guests (guest_id, name, full_name, side, dietary, language, age_band, assigned_table)
VALUES ('g-fr-3', 'g-fr-3', 'Jordan Pham', 'groom', 'none', 'en', 'adult', 't-friends') ON CONFLICT (guest_id) DO NOTHING;

INSERT INTO guests (guest_id, name, full_name, side, dietary, language, age_band, assigned_table)
VALUES ('g-fr-4', 'g-fr-4', 'Robin Cole', 'groom', 'none', 'en', 'adult', 't-friends') ON CONFLICT (guest_id) DO NOTHING;

INSERT INTO guests (guest_id, name, full_name, side, dietary, language, age_band, assigned_table)
VALUES ('g-ex', 'g-ex', 'Drew Hart (the ex)', 'bride', 'none', 'en', 'adult', 't-misc') ON CONFLICT (guest_id) DO NOTHING;

INSERT INTO guests (guest_id, name, full_name, side, dietary, language, age_band, assigned_table)
VALUES ('g-plus-1', 'g-plus-1', 'Avery Quinn', 'groom', 'none', 'fr', 'adult', 't-misc') ON CONFLICT (guest_id) DO NOTHING;

INSERT INTO guests (guest_id, name, full_name, side, dietary, language, age_band, assigned_table)
VALUES ('g-plus-2', 'g-plus-2', 'Skyler Park', 'groom', 'kosher', 'en', 'adult', 't-misc') ON CONFLICT (guest_id) DO NOTHING;

INSERT INTO guests (guest_id, name, full_name, side, dietary, language, age_band, assigned_table)
VALUES ('g-kid-1', 'g-kid-1', 'Mateo Rivera', 'groom', 'none', 'es', 'child', 't-misc') ON CONFLICT (guest_id) DO NOTHING;

INSERT INTO guests (guest_id, name, full_name, side, dietary, language, age_band, assigned_table)
VALUES ('g-kid-2', 'g-kid-2', 'Lily Stone', 'bride', 'none', 'en', 'child', 't-misc') ON CONFLICT (guest_id) DO NOTHING;

-- ----------------------------------------------------------------------------
-- Relationships: Directed-but-symmetric guest-pair affinities. Kind is loves | prefers | avoid | must-not, with a Weight (positive = affinity, negative = friction).
-- ----------------------------------------------------------------------------
INSERT INTO relationships (rel_id, name, guest_a, guest_b, kind, weight)
VALUES ('r-couple', 'r-couple', 'g-alex', 'g-sam', 'loves', 30) ON CONFLICT (rel_id) DO NOTHING;

INSERT INTO relationships (rel_id, name, guest_a, guest_b, kind, weight)
VALUES ('r-mom-b-alex', 'r-mom-b-alex', 'g-mom-b', 'g-alex', 'prefers', 10) ON CONFLICT (rel_id) DO NOTHING;

INSERT INTO relationships (rel_id, name, guest_a, guest_b, kind, weight)
VALUES ('r-dad-b-alex', 'r-dad-b-alex', 'g-dad-b', 'g-alex', 'prefers', 10) ON CONFLICT (rel_id) DO NOTHING;

INSERT INTO relationships (rel_id, name, guest_a, guest_b, kind, weight)
VALUES ('r-mom-g-sam', 'r-mom-g-sam', 'g-mom-g', 'g-sam', 'prefers', 10) ON CONFLICT (rel_id) DO NOTHING;

INSERT INTO relationships (rel_id, name, guest_a, guest_b, kind, weight)
VALUES ('r-dad-g-sam', 'r-dad-g-sam', 'g-dad-g', 'g-sam', 'prefers', 10) ON CONFLICT (rel_id) DO NOTHING;

INSERT INTO relationships (rel_id, name, guest_a, guest_b, kind, weight)
VALUES ('r-parents-b', 'r-parents-b', 'g-mom-b', 'g-dad-b', 'loves', 20) ON CONFLICT (rel_id) DO NOTHING;

INSERT INTO relationships (rel_id, name, guest_a, guest_b, kind, weight)
VALUES ('r-parents-g', 'r-parents-g', 'g-mom-g', 'g-dad-g', 'loves', 20) ON CONFLICT (rel_id) DO NOTHING;

INSERT INTO relationships (rel_id, name, guest_a, guest_b, kind, weight)
VALUES ('r-aunt-uncle', 'r-aunt-uncle', 'g-aunt-b', 'g-uncle-b', 'loves', 15) ON CONFLICT (rel_id) DO NOTHING;

INSERT INTO relationships (rel_id, name, guest_a, guest_b, kind, weight)
VALUES ('r-cousins-b', 'r-cousins-b', 'g-cuz-b1', 'g-cuz-b2', 'prefers', 8) ON CONFLICT (rel_id) DO NOTHING;

INSERT INTO relationships (rel_id, name, guest_a, guest_b, kind, weight)
VALUES ('r-tia-tio', 'r-tia-tio', 'g-tia-g', 'g-tio-g', 'loves', 15) ON CONFLICT (rel_id) DO NOTHING;

INSERT INTO relationships (rel_id, name, guest_a, guest_b, kind, weight)
VALUES ('r-prims', 'r-prims', 'g-prim-g1', 'g-prim-g2', 'loves', 15) ON CONFLICT (rel_id) DO NOTHING;

INSERT INTO relationships (rel_id, name, guest_a, guest_b, kind, weight)
VALUES ('r-fr-12', 'r-fr-12', 'g-fr-1', 'g-fr-2', 'prefers', 8) ON CONFLICT (rel_id) DO NOTHING;

INSERT INTO relationships (rel_id, name, guest_a, guest_b, kind, weight)
VALUES ('r-fr-34', 'r-fr-34', 'g-fr-3', 'g-fr-4', 'prefers', 8) ON CONFLICT (rel_id) DO NOTHING;

INSERT INTO relationships (rel_id, name, guest_a, guest_b, kind, weight)
VALUES ('r-fr-13', 'r-fr-13', 'g-fr-1', 'g-fr-3', 'prefers', 5) ON CONFLICT (rel_id) DO NOTHING;

INSERT INTO relationships (rel_id, name, guest_a, guest_b, kind, weight)
VALUES ('r-ex-bride', 'r-ex-bride', 'g-ex', 'g-alex', 'must-not', -100) ON CONFLICT (rel_id) DO NOTHING;

INSERT INTO relationships (rel_id, name, guest_a, guest_b, kind, weight)
VALUES ('r-ex-groom', 'r-ex-groom', 'g-ex', 'g-sam', 'avoid', -20) ON CONFLICT (rel_id) DO NOTHING;

INSERT INTO relationships (rel_id, name, guest_a, guest_b, kind, weight)
VALUES ('r-aunt-ex', 'r-aunt-ex', 'g-aunt-b', 'g-ex', 'avoid', -15) ON CONFLICT (rel_id) DO NOTHING;

INSERT INTO relationships (rel_id, name, guest_a, guest_b, kind, weight)
VALUES ('r-kids', 'r-kids', 'g-kid-1', 'g-kid-2', 'prefers', 12) ON CONFLICT (rel_id) DO NOTHING;

INSERT INTO relationships (rel_id, name, guest_a, guest_b, kind, weight)
VALUES ('r-plus-lang', 'r-plus-lang', 'g-plus-1', 'g-plus-2', 'prefers', 5) ON CONFLICT (rel_id) DO NOTHING;

INSERT INTO relationships (rel_id, name, guest_a, guest_b, kind, weight)
VALUES ('r-uncle-tio', 'r-uncle-tio', 'g-uncle-b', 'g-tio-g', 'avoid', -10) ON CONFLICT (rel_id) DO NOTHING;

