-- ============================================================================
-- INSERT DATA - Load data from rulebook
-- ============================================================================
-- Generated by rulebook-to-postgres tool
-- Mode: check-add    Stage: dev
-- PK strategy: string (FK values are rewritten to match each PK)
-- ============================================================================

-- ----------------------------------------------------------------------------
-- RulebookReleases: Version ledger for the canonical ERB-PKO rulebook itself. This is distinct from PKO Procedure versioning.
-- ----------------------------------------------------------------------------
INSERT INTO rulebook_releases (rulebook_release_id, rulebook_version, profile_version, profile_schema_path, pko_core_version_iri, pko_industry_version_iri, issued_at, status, changelog, is_current)
VALUES ('erb-pko-1.0.0', '1.0.0', '1.0.0', 'schemas/pko-erb-profile-1.0.0.schema.json', 'https://w3id.org/pko/2.0.0', 'https://w3id.org/pko/industry/2.0.0', '2026-07-19T12:00:00-05:00', 'Candidate', 'Initial executable PKO-native canonical rulebook and projection-tool proof.', TRUE) ON CONFLICT (rulebook_release_id) DO UPDATE SET rulebook_version = EXCLUDED.rulebook_version, profile_version = EXCLUDED.profile_version, profile_schema_path = EXCLUDED.profile_schema_path, pko_core_version_iri = EXCLUDED.pko_core_version_iri, pko_industry_version_iri = EXCLUDED.pko_industry_version_iri, issued_at = EXCLUDED.issued_at, status = EXCLUDED.status, changelog = EXCLUDED.changelog, is_current = EXCLUDED.is_current;

-- ----------------------------------------------------------------------------
-- OntologyProfiles: Versioned ontology and vocabulary dependencies. PKO mappings always identify the exact profile and version.
-- ----------------------------------------------------------------------------
INSERT INTO ontology_profiles (ontology_profile_id, label, version, version_iri, namespace_iri, license, scope)
VALUES ('pko-core-2.0.0', 'PKO Core', '2.0.0', 'https://w3id.org/pko/2.0.0', 'https://w3id.org/pko#', 'CC BY 4.0', 'Core procedural knowledge: procedures, steps, executions, transitions, requirements, issues, feedback, and agents.') ON CONFLICT (ontology_profile_id) DO UPDATE SET label = EXCLUDED.label, version = EXCLUDED.version, version_iri = EXCLUDED.version_iri, namespace_iri = EXCLUDED.namespace_iri, license = EXCLUDED.license, scope = EXCLUDED.scope;

INSERT INTO ontology_profiles (ontology_profile_id, label, version, version_iri, namespace_iri, license, scope)
VALUES ('pko-industry-2.0.0', 'PKO Industry', '2.0.0', 'https://w3id.org/pko/industry/2.0.0', 'https://w3id.org/pko/industry#', 'CC BY 4.0', 'Industry extension for machines, sites, departments, PPE, locks, energy sources, and tools.') ON CONFLICT (ontology_profile_id) DO UPDATE SET label = EXCLUDED.label, version = EXCLUDED.version, version_iri = EXCLUDED.version_iri, namespace_iri = EXCLUDED.namespace_iri, license = EXCLUDED.license, scope = EXCLUDED.scope;

INSERT INTO ontology_profiles (ontology_profile_id, label, version, version_iri, namespace_iri, license, scope)
VALUES ('p-plan', 'P-Plan', '1', 'http://purl.org/net/p-plan', 'http://purl.org/net/p-plan#', 'External', 'Plan, Step, MultiStep, and plan/execution alignment.') ON CONFLICT (ontology_profile_id) DO UPDATE SET label = EXCLUDED.label, version = EXCLUDED.version, version_iri = EXCLUDED.version_iri, namespace_iri = EXCLUDED.namespace_iri, license = EXCLUDED.license, scope = EXCLUDED.scope;

INSERT INTO ontology_profiles (ontology_profile_id, label, version, version_iri, namespace_iri, license, scope)
VALUES ('prov-o', 'PROV-O', '2013', 'https://www.w3.org/TR/prov-o/', 'http://www.w3.org/ns/prov#', 'W3C', 'Agents, activities, entities, attribution, provenance, and execution time.') ON CONFLICT (ontology_profile_id) DO UPDATE SET label = EXCLUDED.label, version = EXCLUDED.version, version_iri = EXCLUDED.version_iri, namespace_iri = EXCLUDED.namespace_iri, license = EXCLUDED.license, scope = EXCLUDED.scope;

INSERT INTO ontology_profiles (ontology_profile_id, label, version, version_iri, namespace_iri, license, scope)
VALUES ('dcat-3', 'DCAT', '3', 'https://www.w3.org/TR/vocab-dcat-3/', 'http://www.w3.org/ns/dcat#', 'W3C', 'Resources and versioned catalog assets.') ON CONFLICT (ontology_profile_id) DO UPDATE SET label = EXCLUDED.label, version = EXCLUDED.version, version_iri = EXCLUDED.version_iri, namespace_iri = EXCLUDED.namespace_iri, license = EXCLUDED.license, scope = EXCLUDED.scope;

INSERT INTO ontology_profiles (ontology_profile_id, label, version, version_iri, namespace_iri, license, scope)
VALUES ('dcterms', 'DCMI Terms', 'current', 'https://www.dublincore.org/specifications/dublin-core/dcmi-terms/', 'http://purl.org/dc/terms/', 'DCMI', 'Titles, descriptions, identifiers, dates, references, and lifecycle metadata.') ON CONFLICT (ontology_profile_id) DO UPDATE SET label = EXCLUDED.label, version = EXCLUDED.version, version_iri = EXCLUDED.version_iri, namespace_iri = EXCLUDED.namespace_iri, license = EXCLUDED.license, scope = EXCLUDED.scope;

INSERT INTO ontology_profiles (ontology_profile_id, label, version, version_iri, namespace_iri, license, scope)
VALUES ('owl-time', 'OWL-Time', '2017', 'https://www.w3.org/TR/owl-time/', 'http://www.w3.org/2006/time#', 'W3C', 'Durations and time intervals.') ON CONFLICT (ontology_profile_id) DO UPDATE SET label = EXCLUDED.label, version = EXCLUDED.version, version_iri = EXCLUDED.version_iri, namespace_iri = EXCLUDED.namespace_iri, license = EXCLUDED.license, scope = EXCLUDED.scope;

INSERT INTO ontology_profiles (ontology_profile_id, label, version, version_iri, namespace_iri, license, scope)
VALUES ('pro', 'Publishing Roles Ontology', 'current', 'http://www.sparontologies.net/ontologies/pro', 'http://purl.org/spar/pro/', 'CC BY', 'Roles and roles held during a period of time.') ON CONFLICT (ontology_profile_id) DO UPDATE SET label = EXCLUDED.label, version = EXCLUDED.version, version_iri = EXCLUDED.version_iri, namespace_iri = EXCLUDED.namespace_iri, license = EXCLUDED.license, scope = EXCLUDED.scope;

INSERT INTO ontology_profiles (ontology_profile_id, label, version, version_iri, namespace_iri, license, scope)
VALUES ('m4ing', 'Metadata4Ing', 'current', 'https://nfdi4ing.pages.rwth-aachen.de/metadata4ing/', 'http://w3id.org/nfdi4ing/metadata4ing#', 'External', 'Tools and engineering-resource metadata.') ON CONFLICT (ontology_profile_id) DO UPDATE SET label = EXCLUDED.label, version = EXCLUDED.version, version_iri = EXCLUDED.version_iri, namespace_iri = EXCLUDED.namespace_iri, license = EXCLUDED.license, scope = EXCLUDED.scope;

INSERT INTO ontology_profiles (ontology_profile_id, label, version, version_iri, namespace_iri, license, scope)
VALUES ('odrl', 'ODRL', '2.2', 'https://www.w3.org/TR/odrl-model/', 'http://www.w3.org/ns/odrl/2/', 'W3C', 'Policies, rules, assignee roles, duties, permissions, and prohibitions.') ON CONFLICT (ontology_profile_id) DO UPDATE SET label = EXCLUDED.label, version = EXCLUDED.version, version_iri = EXCLUDED.version_iri, namespace_iri = EXCLUDED.namespace_iri, license = EXCLUDED.license, scope = EXCLUDED.scope;

INSERT INTO ontology_profiles (ontology_profile_id, label, version, version_iri, namespace_iri, license, scope)
VALUES ('erb-pko-extension-1.0.0', 'ERB-PKO Enterprise Extension', '1.0.0', 'urn:effortless:pko-extension:1.0.0', 'urn:effortless:pko-extension#', 'Apache-2.0', 'Explicit extension for elicitation, tacit knowledge, governance, learning, operational bindings, and communication-channel policy.') ON CONFLICT (ontology_profile_id) DO UPDATE SET label = EXCLUDED.label, version = EXCLUDED.version, version_iri = EXCLUDED.version_iri, namespace_iri = EXCLUDED.namespace_iri, license = EXCLUDED.license, scope = EXCLUDED.scope;

-- ----------------------------------------------------------------------------
-- EvaluationContexts: The instant this rulebook's time-dependent witnesses are evaluated against. Modeled as data rather than wall-clock so every freshness, overdue, and validity answer is reproducible and auditable: asking the same question tomorrow yields the same answer. Exactly one row carries IsCurrent.
-- ----------------------------------------------------------------------------
INSERT INTO evaluation_contexts (evaluation_context_id, label, as_of_instant, is_current, rationale, semantic_type_iri)
VALUES ('eval-current', 'Post-close evaluation', '2026-07-19T13:00:00-05:00', TRUE, 'Shortly after the Q3 close execution and the policy notification run, so both procedure families have completed executions to witness against. Fixed as data so freshness and overdue answers are reproducible.', 'urn:effortless:pko-extension#EvaluationContext') ON CONFLICT (evaluation_context_id) DO UPDATE SET label = EXCLUDED.label, as_of_instant = EXCLUDED.as_of_instant, is_current = EXCLUDED.is_current, rationale = EXCLUDED.rationale, semantic_type_iri = EXCLUDED.semantic_type_iri;

-- ----------------------------------------------------------------------------
-- Organizations: Organizations that own, adopt, govern, or execute procedures. Maps to prov:Organization.
-- ----------------------------------------------------------------------------
INSERT INTO organizations (organization_id, display_name, organization_type, external_identifier, semantic_type_iri)
VALUES ('acme-corp', 'ACME Corporation', 'Company', 'org-001', 'http://www.w3.org/ns/prov#Organization') ON CONFLICT (organization_id) DO UPDATE SET display_name = EXCLUDED.display_name, organization_type = EXCLUDED.organization_type, external_identifier = EXCLUDED.external_identifier, semantic_type_iri = EXCLUDED.semantic_type_iri;

INSERT INTO organizations (organization_id, display_name, organization_type, external_identifier, semantic_type_iri)
VALUES ('acme-finance', 'ACME Finance', 'Department', 'dept-fin', 'https://w3id.org/pko/industry#Department') ON CONFLICT (organization_id) DO UPDATE SET display_name = EXCLUDED.display_name, organization_type = EXCLUDED.organization_type, external_identifier = EXCLUDED.external_identifier, semantic_type_iri = EXCLUDED.semantic_type_iri;

INSERT INTO organizations (organization_id, display_name, organization_type, external_identifier, semantic_type_iri)
VALUES ('acme-people', 'ACME People Operations', 'Department', 'dept-people', 'https://w3id.org/pko/industry#Department') ON CONFLICT (organization_id) DO UPDATE SET display_name = EXCLUDED.display_name, organization_type = EXCLUDED.organization_type, external_identifier = EXCLUDED.external_identifier, semantic_type_iri = EXCLUDED.semantic_type_iri;

INSERT INTO organizations (organization_id, display_name, organization_type, external_identifier, semantic_type_iri)
VALUES ('acme-legal', 'ACME Legal', 'Department', 'dept-legal', 'https://w3id.org/pko/industry#Department') ON CONFLICT (organization_id) DO UPDATE SET display_name = EXCLUDED.display_name, organization_type = EXCLUDED.organization_type, external_identifier = EXCLUDED.external_identifier, semantic_type_iri = EXCLUDED.semantic_type_iri;

-- ----------------------------------------------------------------------------
-- Agents: Human and software agents that create, modify, approve, or execute procedural knowledge. Maps to prov:Agent.
-- ----------------------------------------------------------------------------
INSERT INTO agents (agent_id, display_name, agent_kind, organization, contact_address, version_or_employment_key, semantic_type_iri)
VALUES ('maria-chen', 'Maria Chen', 'Human', 'acme-finance', 'maria.chen@example.com', 'finance-analyst-2026', 'prov:Agent') ON CONFLICT (agent_id) DO UPDATE SET display_name = EXCLUDED.display_name, agent_kind = EXCLUDED.agent_kind, organization = EXCLUDED.organization, contact_address = EXCLUDED.contact_address, version_or_employment_key = EXCLUDED.version_or_employment_key, semantic_type_iri = EXCLUDED.semantic_type_iri;

INSERT INTO agents (agent_id, display_name, agent_kind, organization, contact_address, version_or_employment_key, semantic_type_iri)
VALUES ('devon-okafor', 'Devon Okafor', 'Human', 'acme-finance', 'devon.okafor@example.com', 'controller-2026', 'prov:Agent') ON CONFLICT (agent_id) DO UPDATE SET display_name = EXCLUDED.display_name, agent_kind = EXCLUDED.agent_kind, organization = EXCLUDED.organization, contact_address = EXCLUDED.contact_address, version_or_employment_key = EXCLUDED.version_or_employment_key, semantic_type_iri = EXCLUDED.semantic_type_iri;

INSERT INTO agents (agent_id, display_name, agent_kind, organization, contact_address, version_or_employment_key, semantic_type_iri)
VALUES ('priya-raman', 'Priya Raman', 'Human', 'acme-finance', 'priya.raman@example.com', 'cfo-2026', 'prov:Agent') ON CONFLICT (agent_id) DO UPDATE SET display_name = EXCLUDED.display_name, agent_kind = EXCLUDED.agent_kind, organization = EXCLUDED.organization, contact_address = EXCLUDED.contact_address, version_or_employment_key = EXCLUDED.version_or_employment_key, semantic_type_iri = EXCLUDED.semantic_type_iri;

INSERT INTO agents (agent_id, display_name, agent_kind, organization, contact_address, version_or_employment_key, semantic_type_iri)
VALUES ('elena-garcia', 'Elena Garcia', 'Human', 'acme-people', 'elena.garcia@example.com', 'hr-owner-2026', 'prov:Agent') ON CONFLICT (agent_id) DO UPDATE SET display_name = EXCLUDED.display_name, agent_kind = EXCLUDED.agent_kind, organization = EXCLUDED.organization, contact_address = EXCLUDED.contact_address, version_or_employment_key = EXCLUDED.version_or_employment_key, semantic_type_iri = EXCLUDED.semantic_type_iri;

INSERT INTO agents (agent_id, display_name, agent_kind, organization, contact_address, version_or_employment_key, semantic_type_iri)
VALUES ('noah-williams', 'Noah Williams', 'Human', 'acme-legal', 'noah.williams@example.com', 'employment-counsel-2026', 'prov:Agent') ON CONFLICT (agent_id) DO UPDATE SET display_name = EXCLUDED.display_name, agent_kind = EXCLUDED.agent_kind, organization = EXCLUDED.organization, contact_address = EXCLUDED.contact_address, version_or_employment_key = EXCLUDED.version_or_employment_key, semantic_type_iri = EXCLUDED.semantic_type_iri;

INSERT INTO agents (agent_id, display_name, agent_kind, organization, contact_address, version_or_employment_key, semantic_type_iri)
VALUES ('amina-yusuf', 'Amina Yusuf', 'Human', 'acme-people', 'amina.yusuf@example.com', 'communications-2026', 'prov:Agent') ON CONFLICT (agent_id) DO UPDATE SET display_name = EXCLUDED.display_name, agent_kind = EXCLUDED.agent_kind, organization = EXCLUDED.organization, contact_address = EXCLUDED.contact_address, version_or_employment_key = EXCLUDED.version_or_employment_key, semantic_type_iri = EXCLUDED.semantic_type_iri;

INSERT INTO agents (agent_id, display_name, agent_kind, organization, contact_address, version_or_employment_key, semantic_type_iri)
VALUES ('close-pipeline', 'Close Automation Pipeline', 'AutomatedPipeline', 'acme-finance', '', 'close-pipeline-v5.2', 'prov:SoftwareAgent') ON CONFLICT (agent_id) DO UPDATE SET display_name = EXCLUDED.display_name, agent_kind = EXCLUDED.agent_kind, organization = EXCLUDED.organization, contact_address = EXCLUDED.contact_address, version_or_employment_key = EXCLUDED.version_or_employment_key, semantic_type_iri = EXCLUDED.semantic_type_iri;

INSERT INTO agents (agent_id, display_name, agent_kind, organization, contact_address, version_or_employment_key, semantic_type_iri)
VALUES ('variance-ai', 'Variance Analysis AI', 'AIAgent', 'acme-finance', '', 'variance-model-v3.1', 'prov:SoftwareAgent') ON CONFLICT (agent_id) DO UPDATE SET display_name = EXCLUDED.display_name, agent_kind = EXCLUDED.agent_kind, organization = EXCLUDED.organization, contact_address = EXCLUDED.contact_address, version_or_employment_key = EXCLUDED.version_or_employment_key, semantic_type_iri = EXCLUDED.semantic_type_iri;

INSERT INTO agents (agent_id, display_name, agent_kind, organization, contact_address, version_or_employment_key, semantic_type_iri)
VALUES ('policy-drafting-ai', 'Policy Drafting AI', 'AIAgent', 'acme-people', '', 'policy-drafter-v2.0', 'prov:SoftwareAgent') ON CONFLICT (agent_id) DO UPDATE SET display_name = EXCLUDED.display_name, agent_kind = EXCLUDED.agent_kind, organization = EXCLUDED.organization, contact_address = EXCLUDED.contact_address, version_or_employment_key = EXCLUDED.version_or_employment_key, semantic_type_iri = EXCLUDED.semantic_type_iri;

INSERT INTO agents (agent_id, display_name, agent_kind, organization, contact_address, version_or_employment_key, semantic_type_iri)
VALUES ('notification-pipeline', 'Employee Notification Pipeline', 'AutomatedPipeline', 'acme-people', '', 'notify-v4.4', 'prov:SoftwareAgent') ON CONFLICT (agent_id) DO UPDATE SET display_name = EXCLUDED.display_name, agent_kind = EXCLUDED.agent_kind, organization = EXCLUDED.organization, contact_address = EXCLUDED.contact_address, version_or_employment_key = EXCLUDED.version_or_employment_key, semantic_type_iri = EXCLUDED.semantic_type_iri;

-- ----------------------------------------------------------------------------
-- Roles: Stable organizational functions separated from the agents that currently fill them. Maps to pro:Role.
-- ----------------------------------------------------------------------------
INSERT INTO roles (role_id, label, organization, current_agent, responsibility, semantic_type_iri)
VALUES ('finance-analyst', 'Finance Analyst', 'acme-finance', 'maria-chen', 'Preparer of reconciliations and variance evidence.', 'http://purl.org/spar/pro/Role') ON CONFLICT (role_id) DO UPDATE SET label = EXCLUDED.label, organization = EXCLUDED.organization, current_agent = EXCLUDED.current_agent, responsibility = EXCLUDED.responsibility, semantic_type_iri = EXCLUDED.semantic_type_iri;

INSERT INTO roles (role_id, label, organization, current_agent, responsibility, semantic_type_iri)
VALUES ('controller', 'Corporate Controller', 'acme-finance', 'devon-okafor', 'Owner of close controls and first approval authority.', 'http://purl.org/spar/pro/Role') ON CONFLICT (role_id) DO UPDATE SET label = EXCLUDED.label, organization = EXCLUDED.organization, current_agent = EXCLUDED.current_agent, responsibility = EXCLUDED.responsibility, semantic_type_iri = EXCLUDED.semantic_type_iri;

INSERT INTO roles (role_id, label, organization, current_agent, responsibility, semantic_type_iri)
VALUES ('cfo', 'Chief Financial Officer', 'acme-finance', 'priya-raman', 'Final authority for the financial close.', 'http://purl.org/spar/pro/Role') ON CONFLICT (role_id) DO UPDATE SET label = EXCLUDED.label, organization = EXCLUDED.organization, current_agent = EXCLUDED.current_agent, responsibility = EXCLUDED.responsibility, semantic_type_iri = EXCLUDED.semantic_type_iri;

INSERT INTO roles (role_id, label, organization, current_agent, responsibility, semantic_type_iri)
VALUES ('hr-policy-owner', 'People Policy Owner', 'acme-people', 'elena-garcia', 'Accountable owner for employment policy content.', 'http://purl.org/spar/pro/Role') ON CONFLICT (role_id) DO UPDATE SET label = EXCLUDED.label, organization = EXCLUDED.organization, current_agent = EXCLUDED.current_agent, responsibility = EXCLUDED.responsibility, semantic_type_iri = EXCLUDED.semantic_type_iri;

INSERT INTO roles (role_id, label, organization, current_agent, responsibility, semantic_type_iri)
VALUES ('employment-counsel', 'Employment Counsel', 'acme-legal', 'noah-williams', 'Legal reviewer for workforce policy changes.', 'http://purl.org/spar/pro/Role') ON CONFLICT (role_id) DO UPDATE SET label = EXCLUDED.label, organization = EXCLUDED.organization, current_agent = EXCLUDED.current_agent, responsibility = EXCLUDED.responsibility, semantic_type_iri = EXCLUDED.semantic_type_iri;

INSERT INTO roles (role_id, label, organization, current_agent, responsibility, semantic_type_iri)
VALUES ('communications-manager', 'Employee Communications Manager', 'acme-people', 'amina-yusuf', 'Human owner of employee communications.', 'http://purl.org/spar/pro/Role') ON CONFLICT (role_id) DO UPDATE SET label = EXCLUDED.label, organization = EXCLUDED.organization, current_agent = EXCLUDED.current_agent, responsibility = EXCLUDED.responsibility, semantic_type_iri = EXCLUDED.semantic_type_iri;

INSERT INTO roles (role_id, label, organization, current_agent, responsibility, semantic_type_iri)
VALUES ('close-automation', 'Close Automation Operator', 'acme-finance', 'close-pipeline', 'Deterministic extraction, posting, and archival operator.', 'http://purl.org/spar/pro/Role') ON CONFLICT (role_id) DO UPDATE SET label = EXCLUDED.label, organization = EXCLUDED.organization, current_agent = EXCLUDED.current_agent, responsibility = EXCLUDED.responsibility, semantic_type_iri = EXCLUDED.semantic_type_iri;

INSERT INTO roles (role_id, label, organization, current_agent, responsibility, semantic_type_iri)
VALUES ('variance-review-agent', 'Variance Review Agent', 'acme-finance', 'variance-ai', 'AI assistant that classifies and prioritizes variances.', 'http://purl.org/spar/pro/Role') ON CONFLICT (role_id) DO UPDATE SET label = EXCLUDED.label, organization = EXCLUDED.organization, current_agent = EXCLUDED.current_agent, responsibility = EXCLUDED.responsibility, semantic_type_iri = EXCLUDED.semantic_type_iri;

INSERT INTO roles (role_id, label, organization, current_agent, responsibility, semantic_type_iri)
VALUES ('policy-drafting-agent', 'Policy Drafting Agent', 'acme-people', 'policy-drafting-ai', 'AI assistant that drafts policy and channel variants.', 'http://purl.org/spar/pro/Role') ON CONFLICT (role_id) DO UPDATE SET label = EXCLUDED.label, organization = EXCLUDED.organization, current_agent = EXCLUDED.current_agent, responsibility = EXCLUDED.responsibility, semantic_type_iri = EXCLUDED.semantic_type_iri;

INSERT INTO roles (role_id, label, organization, current_agent, responsibility, semantic_type_iri)
VALUES ('notification-publisher', 'Notification Publisher', 'acme-people', 'notification-pipeline', 'Pipeline that applies channel rules and sends approved messages.', 'http://purl.org/spar/pro/Role') ON CONFLICT (role_id) DO UPDATE SET label = EXCLUDED.label, organization = EXCLUDED.organization, current_agent = EXCLUDED.current_agent, responsibility = EXCLUDED.responsibility, semantic_type_iri = EXCLUDED.semantic_type_iri;

INSERT INTO roles (role_id, label, organization, current_agent, responsibility, semantic_type_iri)
VALUES ('process-steward', 'Procedural Knowledge Steward', 'acme-people', 'elena-garcia', 'Maintains procedural knowledge health and review cadence.', 'http://purl.org/spar/pro/Role') ON CONFLICT (role_id) DO UPDATE SET label = EXCLUDED.label, organization = EXCLUDED.organization, current_agent = EXCLUDED.current_agent, responsibility = EXCLUDED.responsibility, semantic_type_iri = EXCLUDED.semantic_type_iri;

INSERT INTO roles (role_id, label, organization, current_agent, responsibility, semantic_type_iri)
VALUES ('knowledge-authority', 'Procedural Knowledge Authority', 'acme-finance', 'priya-raman', 'Approves semantic changes that alter commitments or controls.', 'http://purl.org/spar/pro/Role') ON CONFLICT (role_id) DO UPDATE SET label = EXCLUDED.label, organization = EXCLUDED.organization, current_agent = EXCLUDED.current_agent, responsibility = EXCLUDED.responsibility, semantic_type_iri = EXCLUDED.semantic_type_iri;

-- ----------------------------------------------------------------------------
-- RoleAssignments: Time-bounded records of agents holding roles. Maps to pro:RoleInTime and preserves assignment history instead of overwriting it.
-- ----------------------------------------------------------------------------
INSERT INTO role_assignments (role_assignment_id, role, agent, valid_from, valid_to, reason, status, evaluation_context, semantic_type_iri)
VALUES ('ra-finance-2026', 'finance-analyst', 'maria-chen', '2026-01-01T00:00:00-06:00', NULL, 'Assigned for fiscal 2026', 'Active', 'eval-current', 'http://purl.org/spar/pro/RoleInTime') ON CONFLICT (role_assignment_id) DO UPDATE SET role = EXCLUDED.role, agent = EXCLUDED.agent, valid_from = EXCLUDED.valid_from, valid_to = EXCLUDED.valid_to, reason = EXCLUDED.reason, status = EXCLUDED.status, evaluation_context = EXCLUDED.evaluation_context, semantic_type_iri = EXCLUDED.semantic_type_iri;

INSERT INTO role_assignments (role_assignment_id, role, agent, valid_from, valid_to, reason, status, evaluation_context, semantic_type_iri)
VALUES ('ra-controller-2026', 'controller', 'devon-okafor', '2026-01-01T00:00:00-06:00', NULL, 'Controller appointment', 'Active', 'eval-current', 'http://purl.org/spar/pro/RoleInTime') ON CONFLICT (role_assignment_id) DO UPDATE SET role = EXCLUDED.role, agent = EXCLUDED.agent, valid_from = EXCLUDED.valid_from, valid_to = EXCLUDED.valid_to, reason = EXCLUDED.reason, status = EXCLUDED.status, evaluation_context = EXCLUDED.evaluation_context, semantic_type_iri = EXCLUDED.semantic_type_iri;

INSERT INTO role_assignments (role_assignment_id, role, agent, valid_from, valid_to, reason, status, evaluation_context, semantic_type_iri)
VALUES ('ra-cfo-2026', 'cfo', 'priya-raman', '2026-01-01T00:00:00-06:00', NULL, 'CFO appointment', 'Active', 'eval-current', 'http://purl.org/spar/pro/RoleInTime') ON CONFLICT (role_assignment_id) DO UPDATE SET role = EXCLUDED.role, agent = EXCLUDED.agent, valid_from = EXCLUDED.valid_from, valid_to = EXCLUDED.valid_to, reason = EXCLUDED.reason, status = EXCLUDED.status, evaluation_context = EXCLUDED.evaluation_context, semantic_type_iri = EXCLUDED.semantic_type_iri;

INSERT INTO role_assignments (role_assignment_id, role, agent, valid_from, valid_to, reason, status, evaluation_context, semantic_type_iri)
VALUES ('ra-policy-owner-2026', 'hr-policy-owner', 'elena-garcia', '2026-02-01T00:00:00-06:00', NULL, 'Policy stewardship assignment', 'Active', 'eval-current', 'http://purl.org/spar/pro/RoleInTime') ON CONFLICT (role_assignment_id) DO UPDATE SET role = EXCLUDED.role, agent = EXCLUDED.agent, valid_from = EXCLUDED.valid_from, valid_to = EXCLUDED.valid_to, reason = EXCLUDED.reason, status = EXCLUDED.status, evaluation_context = EXCLUDED.evaluation_context, semantic_type_iri = EXCLUDED.semantic_type_iri;

INSERT INTO role_assignments (role_assignment_id, role, agent, valid_from, valid_to, reason, status, evaluation_context, semantic_type_iri)
VALUES ('ra-counsel-2026', 'employment-counsel', 'noah-williams', '2026-01-15T00:00:00-06:00', NULL, 'Employment counsel assignment', 'Active', 'eval-current', 'http://purl.org/spar/pro/RoleInTime') ON CONFLICT (role_assignment_id) DO UPDATE SET role = EXCLUDED.role, agent = EXCLUDED.agent, valid_from = EXCLUDED.valid_from, valid_to = EXCLUDED.valid_to, reason = EXCLUDED.reason, status = EXCLUDED.status, evaluation_context = EXCLUDED.evaluation_context, semantic_type_iri = EXCLUDED.semantic_type_iri;

INSERT INTO role_assignments (role_assignment_id, role, agent, valid_from, valid_to, reason, status, evaluation_context, semantic_type_iri)
VALUES ('ra-notify-pipeline-2026', 'notification-publisher', 'notification-pipeline', '2026-03-01T00:00:00-06:00', NULL, 'Notification platform release 4.4', 'Active', 'eval-current', 'http://purl.org/spar/pro/RoleInTime') ON CONFLICT (role_assignment_id) DO UPDATE SET role = EXCLUDED.role, agent = EXCLUDED.agent, valid_from = EXCLUDED.valid_from, valid_to = EXCLUDED.valid_to, reason = EXCLUDED.reason, status = EXCLUDED.status, evaluation_context = EXCLUDED.evaluation_context, semantic_type_iri = EXCLUDED.semantic_type_iri;

INSERT INTO role_assignments (role_assignment_id, role, agent, valid_from, valid_to, reason, status, evaluation_context, semantic_type_iri)
VALUES ('ra-old-variance', 'variance-review-agent', 'maria-chen', '2025-01-01T00:00:00-06:00', '2026-03-31T23:59:59-05:00', 'Human pilot before AI deployment', 'Superseded', 'eval-current', 'http://purl.org/spar/pro/RoleInTime') ON CONFLICT (role_assignment_id) DO UPDATE SET role = EXCLUDED.role, agent = EXCLUDED.agent, valid_from = EXCLUDED.valid_from, valid_to = EXCLUDED.valid_to, reason = EXCLUDED.reason, status = EXCLUDED.status, evaluation_context = EXCLUDED.evaluation_context, semantic_type_iri = EXCLUDED.semantic_type_iri;

INSERT INTO role_assignments (role_assignment_id, role, agent, valid_from, valid_to, reason, status, evaluation_context, semantic_type_iri)
VALUES ('ra-new-variance', 'variance-review-agent', 'variance-ai', '2026-04-01T00:00:00-05:00', NULL, 'Approved AI-assisted variance triage', 'Active', 'eval-current', 'http://purl.org/spar/pro/RoleInTime') ON CONFLICT (role_assignment_id) DO UPDATE SET role = EXCLUDED.role, agent = EXCLUDED.agent, valid_from = EXCLUDED.valid_from, valid_to = EXCLUDED.valid_to, reason = EXCLUDED.reason, status = EXCLUDED.status, evaluation_context = EXCLUDED.evaluation_context, semantic_type_iri = EXCLUDED.semantic_type_iri;

-- ----------------------------------------------------------------------------
-- CommunitiesOfPractice: Socio-technical communities that transmit and maintain procedural knowledge. Explicit ERB-PKO extension.
-- ----------------------------------------------------------------------------
INSERT INTO communities_of_practice (community_of_practice_id, label, organization, steward_role, purpose, cadence, semantic_type_iri)
VALUES ('close-practice-guild', 'Financial Close Community of Practice', 'acme-finance', 'controller', 'Share close exceptions, reconcile recurring failure modes, and mentor new preparers.', 'Monthly and after every quarter close', 'urn:effortless:pko-extension#CommunityOfPractice') ON CONFLICT (community_of_practice_id) DO UPDATE SET label = EXCLUDED.label, organization = EXCLUDED.organization, steward_role = EXCLUDED.steward_role, purpose = EXCLUDED.purpose, cadence = EXCLUDED.cadence, semantic_type_iri = EXCLUDED.semantic_type_iri;

INSERT INTO communities_of_practice (community_of_practice_id, label, organization, steward_role, purpose, cadence, semantic_type_iri)
VALUES ('policy-stewards-circle', 'Policy Stewardship Circle', 'acme-people', 'process-steward', 'Review workforce-policy changes, employee feedback, and notification effectiveness.', 'Biweekly', 'urn:effortless:pko-extension#CommunityOfPractice') ON CONFLICT (community_of_practice_id) DO UPDATE SET label = EXCLUDED.label, organization = EXCLUDED.organization, steward_role = EXCLUDED.steward_role, purpose = EXCLUDED.purpose, cadence = EXCLUDED.cadence, semantic_type_iri = EXCLUDED.semantic_type_iri;

-- ----------------------------------------------------------------------------
-- Mentorships: Time-bounded apprenticeship relationships that intentionally transfer situated procedural knowledge. Explicit ERB-PKO extension.
-- ----------------------------------------------------------------------------
INSERT INTO mentorships (mentorship_id, community_of_practice, mentor_agent, learner_agent, valid_from, valid_to, learning_objective, evidence_of_completion, semantic_type_iri)
VALUES ('mentor-close-2026', 'close-practice-guild', 'devon-okafor', 'maria-chen', '2026-01-15T00:00:00-06:00', '2026-09-30T23:59:59-05:00', 'Independently diagnose material variances and produce an auditable controller-ready explanation.', 'Three consecutive reconciliations accepted without rework.', 'urn:effortless:pko-extension#Mentorship') ON CONFLICT (mentorship_id) DO UPDATE SET community_of_practice = EXCLUDED.community_of_practice, mentor_agent = EXCLUDED.mentor_agent, learner_agent = EXCLUDED.learner_agent, valid_from = EXCLUDED.valid_from, valid_to = EXCLUDED.valid_to, learning_objective = EXCLUDED.learning_objective, evidence_of_completion = EXCLUDED.evidence_of_completion, semantic_type_iri = EXCLUDED.semantic_type_iri;

-- ----------------------------------------------------------------------------
-- ProcedureTypes: Controlled values used by pko:hasProcedureType.
-- ----------------------------------------------------------------------------
INSERT INTO procedure_types (procedure_type_id, label, definition, semantic_type_iri)
VALUES ('financial-sop', 'Financial Standard Operating Procedure', 'A controlled procedure for financial operations, approvals, evidence, and auditability.', 'https://w3id.org/pko#ProcedureType') ON CONFLICT (procedure_type_id) DO UPDATE SET label = EXCLUDED.label, definition = EXCLUDED.definition, semantic_type_iri = EXCLUDED.semantic_type_iri;

INSERT INTO procedure_types (procedure_type_id, label, definition, semantic_type_iri)
VALUES ('communication-policy', 'Employee Communication Policy Procedure', 'A controlled procedure that creates, approves, and distributes workforce policy communications.', 'https://w3id.org/pko#ProcedureType') ON CONFLICT (procedure_type_id) DO UPDATE SET label = EXCLUDED.label, definition = EXCLUDED.definition, semantic_type_iri = EXCLUDED.semantic_type_iri;

-- ----------------------------------------------------------------------------
-- Procedures: Abstract, discoverable procedures. Each version is represented separately in ProcedureVersions. Maps to pko:Procedure and dcat:Resource.
-- ----------------------------------------------------------------------------
INSERT INTO procedures (procedure_id, title, procedure_type, owner_organization, adopted_by_organization, purpose, target, is_template, current_version_key, semantic_type_iri)
VALUES ('quarter-end-close', 'Quarter-End Financial Close', 'financial-sop', 'acme-finance', 'acme-corp', 'Close the general ledger accurately, produce evidence, and obtain independent approval.', 'Corporate general ledger and reporting package', FALSE, 'close-v1.1.0', 'https://w3id.org/pko#Procedure') ON CONFLICT (procedure_id) DO UPDATE SET title = EXCLUDED.title, procedure_type = EXCLUDED.procedure_type, owner_organization = EXCLUDED.owner_organization, adopted_by_organization = EXCLUDED.adopted_by_organization, purpose = EXCLUDED.purpose, target = EXCLUDED.target, is_template = EXCLUDED.is_template, current_version_key = EXCLUDED.current_version_key, semantic_type_iri = EXCLUDED.semantic_type_iri;

INSERT INTO procedures (procedure_id, title, procedure_type, owner_organization, adopted_by_organization, purpose, target, is_template, current_version_key, semantic_type_iri)
VALUES ('workforce-policy-notification', 'Workforce Policy Change and Employee Notification', 'communication-policy', 'acme-people', 'acme-corp', 'Turn an approved workforce policy change into governed, channel-appropriate employee communications and acknowledgements.', 'All affected employees and workforce-policy records', FALSE, 'policy-v1.0.0', 'https://w3id.org/pko#Procedure') ON CONFLICT (procedure_id) DO UPDATE SET title = EXCLUDED.title, procedure_type = EXCLUDED.procedure_type, owner_organization = EXCLUDED.owner_organization, adopted_by_organization = EXCLUDED.adopted_by_organization, purpose = EXCLUDED.purpose, target = EXCLUDED.target, is_template = EXCLUDED.is_template, current_version_key = EXCLUDED.current_version_key, semantic_type_iri = EXCLUDED.semantic_type_iri;

-- ----------------------------------------------------------------------------
-- ProcedureVersions: Versioned procedure specifications. Maps to pko:Procedure plus DCAT version relations and PKO versionNumber/newVersionMotivation/changelogDescription.
-- ----------------------------------------------------------------------------
INSERT INTO procedure_versions (procedure_version_id, procedure, version_number, title, status, issued_at, modified_at, created_by_agent, modified_by_agent, new_version_motivation, changelog_description, is_current, semantic_type_iri)
VALUES ('close-v1.0.0', 'quarter-end-close', '1.0.0', 'Quarter-End Financial Close v1.0.0', 'Archived', '2025-10-01T09:00:00-05:00', '2026-03-31T17:00:00-05:00', 'devon-okafor', 'devon-okafor', 'Initial governed close procedure.', 'Baseline eight-step close.', FALSE, 'https://w3id.org/pko#Procedure') ON CONFLICT (procedure_version_id) DO UPDATE SET procedure = EXCLUDED.procedure, version_number = EXCLUDED.version_number, title = EXCLUDED.title, status = EXCLUDED.status, issued_at = EXCLUDED.issued_at, modified_at = EXCLUDED.modified_at, created_by_agent = EXCLUDED.created_by_agent, modified_by_agent = EXCLUDED.modified_by_agent, new_version_motivation = EXCLUDED.new_version_motivation, changelog_description = EXCLUDED.changelog_description, is_current = EXCLUDED.is_current, semantic_type_iri = EXCLUDED.semantic_type_iri;

INSERT INTO procedure_versions (procedure_version_id, procedure, version_number, title, status, issued_at, modified_at, created_by_agent, modified_by_agent, new_version_motivation, changelog_description, is_current, semantic_type_iri)
VALUES ('close-v1.1.0', 'quarter-end-close', '1.1.0', 'Quarter-End Financial Close v1.1.0', 'Approved', '2026-04-15T09:00:00-05:00', '2026-07-02T15:00:00-05:00', 'devon-okafor', 'maria-chen', 'Capture FX timestamp failure mode and AI-assisted variance triage.', 'Adds explicit feed-timestamp check, knowledge fragment, and variance-triage verification.', TRUE, 'https://w3id.org/pko#Procedure') ON CONFLICT (procedure_version_id) DO UPDATE SET procedure = EXCLUDED.procedure, version_number = EXCLUDED.version_number, title = EXCLUDED.title, status = EXCLUDED.status, issued_at = EXCLUDED.issued_at, modified_at = EXCLUDED.modified_at, created_by_agent = EXCLUDED.created_by_agent, modified_by_agent = EXCLUDED.modified_by_agent, new_version_motivation = EXCLUDED.new_version_motivation, changelog_description = EXCLUDED.changelog_description, is_current = EXCLUDED.is_current, semantic_type_iri = EXCLUDED.semantic_type_iri;

INSERT INTO procedure_versions (procedure_version_id, procedure, version_number, title, status, issued_at, modified_at, created_by_agent, modified_by_agent, new_version_motivation, changelog_description, is_current, semantic_type_iri)
VALUES ('policy-v1.0.0', 'workforce-policy-notification', '1.0.0', 'Workforce Policy Change and Employee Notification v1.0.0', 'Approved', '2026-06-01T09:00:00-05:00', '2026-07-18T16:30:00-05:00', 'elena-garcia', 'amina-yusuf', 'Initial governed policy-notification procedure.', 'Adds legal review, human approval, email/SMS channel controls, acknowledgements, and feedback review.', TRUE, 'https://w3id.org/pko#Procedure') ON CONFLICT (procedure_version_id) DO UPDATE SET procedure = EXCLUDED.procedure, version_number = EXCLUDED.version_number, title = EXCLUDED.title, status = EXCLUDED.status, issued_at = EXCLUDED.issued_at, modified_at = EXCLUDED.modified_at, created_by_agent = EXCLUDED.created_by_agent, modified_by_agent = EXCLUDED.modified_by_agent, new_version_motivation = EXCLUDED.new_version_motivation, changelog_description = EXCLUDED.changelog_description, is_current = EXCLUDED.is_current, semantic_type_iri = EXCLUDED.semantic_type_iri;

-- ----------------------------------------------------------------------------
-- ProcedureVersionLinks: Directed links between versioned procedures. Maps to dcat:previousVersion/dcat:hasVersion and pko:nextVersion.
-- ----------------------------------------------------------------------------
INSERT INTO procedure_version_links (procedure_version_link_id, previous_procedure_version, next_procedure_version, relation_iri, change_summary)
VALUES ('close-v1.0.0-to-v1.1.0', 'close-v1.0.0', 'close-v1.1.0', 'https://w3id.org/pko#nextVersion', 'Added timestamp control, AI variance triage, and explicit knowledge capture.') ON CONFLICT (procedure_version_link_id) DO UPDATE SET previous_procedure_version = EXCLUDED.previous_procedure_version, next_procedure_version = EXCLUDED.next_procedure_version, relation_iri = EXCLUDED.relation_iri, change_summary = EXCLUDED.change_summary;

-- ----------------------------------------------------------------------------
-- ProcedureStatusChanges: Lifecycle events that move a procedure version between PKO statuses. Maps to pko:ChangeOfStatus, fromStatus, toStatus, and prov:atTime.
-- ----------------------------------------------------------------------------
INSERT INTO procedure_status_changes (procedure_status_change_id, procedure_version, from_status, to_status, changed_at, changed_by_agent, motivation, semantic_type_iri)
VALUES ('status-close-draft-validation', 'close-v1.1.0', 'Draft', 'Validation', '2026-04-08T10:00:00-05:00', 'maria-chen', 'Ready for control and ontology validation.', 'https://w3id.org/pko#ChangeOfStatus') ON CONFLICT (procedure_status_change_id) DO UPDATE SET procedure_version = EXCLUDED.procedure_version, from_status = EXCLUDED.from_status, to_status = EXCLUDED.to_status, changed_at = EXCLUDED.changed_at, changed_by_agent = EXCLUDED.changed_by_agent, motivation = EXCLUDED.motivation, semantic_type_iri = EXCLUDED.semantic_type_iri;

INSERT INTO procedure_status_changes (procedure_status_change_id, procedure_version, from_status, to_status, changed_at, changed_by_agent, motivation, semantic_type_iri)
VALUES ('status-close-validation-approval', 'close-v1.1.0', 'Validation', 'Approval', '2026-04-12T14:00:00-05:00', 'devon-okafor', 'All requirements and test cases passed.', 'https://w3id.org/pko#ChangeOfStatus') ON CONFLICT (procedure_status_change_id) DO UPDATE SET procedure_version = EXCLUDED.procedure_version, from_status = EXCLUDED.from_status, to_status = EXCLUDED.to_status, changed_at = EXCLUDED.changed_at, changed_by_agent = EXCLUDED.changed_by_agent, motivation = EXCLUDED.motivation, semantic_type_iri = EXCLUDED.semantic_type_iri;

INSERT INTO procedure_status_changes (procedure_status_change_id, procedure_version, from_status, to_status, changed_at, changed_by_agent, motivation, semantic_type_iri)
VALUES ('status-close-approval-approved', 'close-v1.1.0', 'Approval', 'Approved', '2026-04-15T09:00:00-05:00', 'priya-raman', 'Final authority approved release.', 'https://w3id.org/pko#ChangeOfStatus') ON CONFLICT (procedure_status_change_id) DO UPDATE SET procedure_version = EXCLUDED.procedure_version, from_status = EXCLUDED.from_status, to_status = EXCLUDED.to_status, changed_at = EXCLUDED.changed_at, changed_by_agent = EXCLUDED.changed_by_agent, motivation = EXCLUDED.motivation, semantic_type_iri = EXCLUDED.semantic_type_iri;

INSERT INTO procedure_status_changes (procedure_status_change_id, procedure_version, from_status, to_status, changed_at, changed_by_agent, motivation, semantic_type_iri)
VALUES ('status-policy-draft-validation', 'policy-v1.0.0', 'Draft', 'Validation', '2026-05-20T09:00:00-05:00', 'elena-garcia', 'Ready for legal and communications review.', 'https://w3id.org/pko#ChangeOfStatus') ON CONFLICT (procedure_status_change_id) DO UPDATE SET procedure_version = EXCLUDED.procedure_version, from_status = EXCLUDED.from_status, to_status = EXCLUDED.to_status, changed_at = EXCLUDED.changed_at, changed_by_agent = EXCLUDED.changed_by_agent, motivation = EXCLUDED.motivation, semantic_type_iri = EXCLUDED.semantic_type_iri;

INSERT INTO procedure_status_changes (procedure_status_change_id, procedure_version, from_status, to_status, changed_at, changed_by_agent, motivation, semantic_type_iri)
VALUES ('status-policy-validation-approved', 'policy-v1.0.0', 'Validation', 'Approved', '2026-06-01T09:00:00-05:00', 'priya-raman', 'Approved with channel safeguards.', 'https://w3id.org/pko#ChangeOfStatus') ON CONFLICT (procedure_status_change_id) DO UPDATE SET procedure_version = EXCLUDED.procedure_version, from_status = EXCLUDED.from_status, to_status = EXCLUDED.to_status, changed_at = EXCLUDED.changed_at, changed_by_agent = EXCLUDED.changed_by_agent, motivation = EXCLUDED.motivation, semantic_type_iri = EXCLUDED.semantic_type_iri;

-- ----------------------------------------------------------------------------
-- Steps: Version-scoped units of work. Atomic steps map to pplan:Step; composite steps map to pplan:MultiStep. The specification is never conflated with execution.
-- ----------------------------------------------------------------------------
INSERT INTO steps (step_id, procedure_version, step_number, title, step_kind, assigned_role, instruction, expected_duration_minutes, expertise_level, requires_human_confirmation, semantic_type_iri)
VALUES ('close-01', 'close-v1.1.0', '01', 'Freeze transaction entry', 'Atomic', 'close-automation', 'Lock subledgers and prevent late postings.', 5, 'Senior', FALSE, 'http://purl.org/net/p-plan#Step') ON CONFLICT (step_id) DO UPDATE SET procedure_version = EXCLUDED.procedure_version, step_number = EXCLUDED.step_number, title = EXCLUDED.title, step_kind = EXCLUDED.step_kind, assigned_role = EXCLUDED.assigned_role, instruction = EXCLUDED.instruction, expected_duration_minutes = EXCLUDED.expected_duration_minutes, expertise_level = EXCLUDED.expertise_level, requires_human_confirmation = EXCLUDED.requires_human_confirmation, semantic_type_iri = EXCLUDED.semantic_type_iri;

INSERT INTO steps (step_id, procedure_version, step_number, title, step_kind, assigned_role, instruction, expected_duration_minutes, expertise_level, requires_human_confirmation, semantic_type_iri)
VALUES ('close-02', 'close-v1.1.0', '02', 'Extract trial balance and feed timestamps', 'Atomic', 'close-automation', 'Extract the trial balance and source-system timestamps.', 10, 'Senior', FALSE, 'http://purl.org/net/p-plan#Step') ON CONFLICT (step_id) DO UPDATE SET procedure_version = EXCLUDED.procedure_version, step_number = EXCLUDED.step_number, title = EXCLUDED.title, step_kind = EXCLUDED.step_kind, assigned_role = EXCLUDED.assigned_role, instruction = EXCLUDED.instruction, expected_duration_minutes = EXCLUDED.expected_duration_minutes, expertise_level = EXCLUDED.expertise_level, requires_human_confirmation = EXCLUDED.requires_human_confirmation, semantic_type_iri = EXCLUDED.semantic_type_iri;

INSERT INTO steps (step_id, procedure_version, step_number, title, step_kind, assigned_role, instruction, expected_duration_minutes, expertise_level, requires_human_confirmation, semantic_type_iri)
VALUES ('close-03', 'close-v1.1.0', '03', 'Reconcile material accounts', 'MultiStep', 'finance-analyst', 'Reconcile material accounts and attach evidence.', 120, 'Senior', FALSE, 'http://purl.org/net/p-plan#MultiStep') ON CONFLICT (step_id) DO UPDATE SET procedure_version = EXCLUDED.procedure_version, step_number = EXCLUDED.step_number, title = EXCLUDED.title, step_kind = EXCLUDED.step_kind, assigned_role = EXCLUDED.assigned_role, instruction = EXCLUDED.instruction, expected_duration_minutes = EXCLUDED.expected_duration_minutes, expertise_level = EXCLUDED.expertise_level, requires_human_confirmation = EXCLUDED.requires_human_confirmation, semantic_type_iri = EXCLUDED.semantic_type_iri;

INSERT INTO steps (step_id, procedure_version, step_number, title, step_kind, assigned_role, instruction, expected_duration_minutes, expertise_level, requires_human_confirmation, semantic_type_iri)
VALUES ('close-04', 'close-v1.1.0', '04', 'Classify and investigate variances', 'MultiStep', 'variance-review-agent', 'Use AI triage, then apply human situated judgment to material or anomalous variances.', 90, 'Expert', FALSE, 'http://purl.org/net/p-plan#MultiStep') ON CONFLICT (step_id) DO UPDATE SET procedure_version = EXCLUDED.procedure_version, step_number = EXCLUDED.step_number, title = EXCLUDED.title, step_kind = EXCLUDED.step_kind, assigned_role = EXCLUDED.assigned_role, instruction = EXCLUDED.instruction, expected_duration_minutes = EXCLUDED.expected_duration_minutes, expertise_level = EXCLUDED.expertise_level, requires_human_confirmation = EXCLUDED.requires_human_confirmation, semantic_type_iri = EXCLUDED.semantic_type_iri;

INSERT INTO steps (step_id, procedure_version, step_number, title, step_kind, assigned_role, instruction, expected_duration_minutes, expertise_level, requires_human_confirmation, semantic_type_iri)
VALUES ('close-05', 'close-v1.1.0', '05', 'Controller review', 'Atomic', 'controller', 'Independently review reconciliations, evidence, and unresolved items.', 60, 'Expert', TRUE, 'http://purl.org/net/p-plan#Step') ON CONFLICT (step_id) DO UPDATE SET procedure_version = EXCLUDED.procedure_version, step_number = EXCLUDED.step_number, title = EXCLUDED.title, step_kind = EXCLUDED.step_kind, assigned_role = EXCLUDED.assigned_role, instruction = EXCLUDED.instruction, expected_duration_minutes = EXCLUDED.expected_duration_minutes, expertise_level = EXCLUDED.expertise_level, requires_human_confirmation = EXCLUDED.requires_human_confirmation, semantic_type_iri = EXCLUDED.semantic_type_iri;

INSERT INTO steps (step_id, procedure_version, step_number, title, step_kind, assigned_role, instruction, expected_duration_minutes, expertise_level, requires_human_confirmation, semantic_type_iri)
VALUES ('close-06', 'close-v1.1.0', '06', 'CFO approval', 'Atomic', 'cfo', 'Approve the close package or return it with required corrections.', 30, 'Master', TRUE, 'http://purl.org/net/p-plan#Step') ON CONFLICT (step_id) DO UPDATE SET procedure_version = EXCLUDED.procedure_version, step_number = EXCLUDED.step_number, title = EXCLUDED.title, step_kind = EXCLUDED.step_kind, assigned_role = EXCLUDED.assigned_role, instruction = EXCLUDED.instruction, expected_duration_minutes = EXCLUDED.expected_duration_minutes, expertise_level = EXCLUDED.expertise_level, requires_human_confirmation = EXCLUDED.requires_human_confirmation, semantic_type_iri = EXCLUDED.semantic_type_iri;

INSERT INTO steps (step_id, procedure_version, step_number, title, step_kind, assigned_role, instruction, expected_duration_minutes, expertise_level, requires_human_confirmation, semantic_type_iri)
VALUES ('close-07', 'close-v1.1.0', '07', 'Post close and publish package', 'Atomic', 'close-automation', 'Post approved entries and publish the reporting package.', 20, 'Senior', FALSE, 'http://purl.org/net/p-plan#Step') ON CONFLICT (step_id) DO UPDATE SET procedure_version = EXCLUDED.procedure_version, step_number = EXCLUDED.step_number, title = EXCLUDED.title, step_kind = EXCLUDED.step_kind, assigned_role = EXCLUDED.assigned_role, instruction = EXCLUDED.instruction, expected_duration_minutes = EXCLUDED.expected_duration_minutes, expertise_level = EXCLUDED.expertise_level, requires_human_confirmation = EXCLUDED.requires_human_confirmation, semantic_type_iri = EXCLUDED.semantic_type_iri;

INSERT INTO steps (step_id, procedure_version, step_number, title, step_kind, assigned_role, instruction, expected_duration_minutes, expertise_level, requires_human_confirmation, semantic_type_iri)
VALUES ('close-08', 'close-v1.1.0', '08', 'Archive evidence and hold retrospective', 'MultiStep', 'process-steward', 'Archive evidence and capture questions, issues, and lessons learned.', 45, 'Senior', FALSE, 'http://purl.org/net/p-plan#MultiStep') ON CONFLICT (step_id) DO UPDATE SET procedure_version = EXCLUDED.procedure_version, step_number = EXCLUDED.step_number, title = EXCLUDED.title, step_kind = EXCLUDED.step_kind, assigned_role = EXCLUDED.assigned_role, instruction = EXCLUDED.instruction, expected_duration_minutes = EXCLUDED.expected_duration_minutes, expertise_level = EXCLUDED.expertise_level, requires_human_confirmation = EXCLUDED.requires_human_confirmation, semantic_type_iri = EXCLUDED.semantic_type_iri;

INSERT INTO steps (step_id, procedure_version, step_number, title, step_kind, assigned_role, instruction, expected_duration_minutes, expertise_level, requires_human_confirmation, semantic_type_iri)
VALUES ('policy-01', 'policy-v1.0.0', '01', 'Identify policy trigger and affected population', 'Atomic', 'hr-policy-owner', 'Establish the legal/business trigger and population affected.', 30, 'Senior', FALSE, 'http://purl.org/net/p-plan#Step') ON CONFLICT (step_id) DO UPDATE SET procedure_version = EXCLUDED.procedure_version, step_number = EXCLUDED.step_number, title = EXCLUDED.title, step_kind = EXCLUDED.step_kind, assigned_role = EXCLUDED.assigned_role, instruction = EXCLUDED.instruction, expected_duration_minutes = EXCLUDED.expected_duration_minutes, expertise_level = EXCLUDED.expertise_level, requires_human_confirmation = EXCLUDED.requires_human_confirmation, semantic_type_iri = EXCLUDED.semantic_type_iri;

INSERT INTO steps (step_id, procedure_version, step_number, title, step_kind, assigned_role, instruction, expected_duration_minutes, expertise_level, requires_human_confirmation, semantic_type_iri)
VALUES ('policy-02', 'policy-v1.0.0', '02', 'Elicit process and practitioner knowledge', 'MultiStep', 'process-steward', 'Interview practitioners, inspect source artifacts, and record tacit/implicit/explicit knowledge.', 180, 'Expert', FALSE, 'http://purl.org/net/p-plan#MultiStep') ON CONFLICT (step_id) DO UPDATE SET procedure_version = EXCLUDED.procedure_version, step_number = EXCLUDED.step_number, title = EXCLUDED.title, step_kind = EXCLUDED.step_kind, assigned_role = EXCLUDED.assigned_role, instruction = EXCLUDED.instruction, expected_duration_minutes = EXCLUDED.expected_duration_minutes, expertise_level = EXCLUDED.expertise_level, requires_human_confirmation = EXCLUDED.requires_human_confirmation, semantic_type_iri = EXCLUDED.semantic_type_iri;

INSERT INTO steps (step_id, procedure_version, step_number, title, step_kind, assigned_role, instruction, expected_duration_minutes, expertise_level, requires_human_confirmation, semantic_type_iri)
VALUES ('policy-03', 'policy-v1.0.0', '03', 'Draft policy and channel variants', 'MultiStep', 'policy-drafting-agent', 'Draft the policy and proposed email/SMS variants from approved sources.', 90, 'Senior', FALSE, 'http://purl.org/net/p-plan#MultiStep') ON CONFLICT (step_id) DO UPDATE SET procedure_version = EXCLUDED.procedure_version, step_number = EXCLUDED.step_number, title = EXCLUDED.title, step_kind = EXCLUDED.step_kind, assigned_role = EXCLUDED.assigned_role, instruction = EXCLUDED.instruction, expected_duration_minutes = EXCLUDED.expected_duration_minutes, expertise_level = EXCLUDED.expertise_level, requires_human_confirmation = EXCLUDED.requires_human_confirmation, semantic_type_iri = EXCLUDED.semantic_type_iri;

INSERT INTO steps (step_id, procedure_version, step_number, title, step_kind, assigned_role, instruction, expected_duration_minutes, expertise_level, requires_human_confirmation, semantic_type_iri)
VALUES ('policy-04', 'policy-v1.0.0', '04', 'Legal and privacy review', 'Atomic', 'employment-counsel', 'Review legal commitments, privacy, consent, retention, and jurisdictional requirements.', 120, 'Expert', TRUE, 'http://purl.org/net/p-plan#Step') ON CONFLICT (step_id) DO UPDATE SET procedure_version = EXCLUDED.procedure_version, step_number = EXCLUDED.step_number, title = EXCLUDED.title, step_kind = EXCLUDED.step_kind, assigned_role = EXCLUDED.assigned_role, instruction = EXCLUDED.instruction, expected_duration_minutes = EXCLUDED.expected_duration_minutes, expertise_level = EXCLUDED.expertise_level, requires_human_confirmation = EXCLUDED.requires_human_confirmation, semantic_type_iri = EXCLUDED.semantic_type_iri;

INSERT INTO steps (step_id, procedure_version, step_number, title, step_kind, assigned_role, instruction, expected_duration_minutes, expertise_level, requires_human_confirmation, semantic_type_iri)
VALUES ('policy-05', 'policy-v1.0.0', '05', 'Human authority approval', 'Atomic', 'hr-policy-owner', 'Approve the policy meaning and all channel constraints.', 45, 'Master', TRUE, 'http://purl.org/net/p-plan#Step') ON CONFLICT (step_id) DO UPDATE SET procedure_version = EXCLUDED.procedure_version, step_number = EXCLUDED.step_number, title = EXCLUDED.title, step_kind = EXCLUDED.step_kind, assigned_role = EXCLUDED.assigned_role, instruction = EXCLUDED.instruction, expected_duration_minutes = EXCLUDED.expected_duration_minutes, expertise_level = EXCLUDED.expertise_level, requires_human_confirmation = EXCLUDED.requires_human_confirmation, semantic_type_iri = EXCLUDED.semantic_type_iri;

INSERT INTO steps (step_id, procedure_version, step_number, title, step_kind, assigned_role, instruction, expected_duration_minutes, expertise_level, requires_human_confirmation, semantic_type_iri)
VALUES ('policy-06', 'policy-v1.0.0', '06', 'Generate approved communications', 'Atomic', 'policy-drafting-agent', 'Render approved email and SMS messages without changing policy meaning.', 30, 'Senior', FALSE, 'http://purl.org/net/p-plan#Step') ON CONFLICT (step_id) DO UPDATE SET procedure_version = EXCLUDED.procedure_version, step_number = EXCLUDED.step_number, title = EXCLUDED.title, step_kind = EXCLUDED.step_kind, assigned_role = EXCLUDED.assigned_role, instruction = EXCLUDED.instruction, expected_duration_minutes = EXCLUDED.expected_duration_minutes, expertise_level = EXCLUDED.expertise_level, requires_human_confirmation = EXCLUDED.requires_human_confirmation, semantic_type_iri = EXCLUDED.semantic_type_iri;

INSERT INTO steps (step_id, procedure_version, step_number, title, step_kind, assigned_role, instruction, expected_duration_minutes, expertise_level, requires_human_confirmation, semantic_type_iri)
VALUES ('policy-07', 'policy-v1.0.0', '07', 'Apply channel controls and send', 'MultiStep', 'notification-publisher', 'Enforce consent, quiet hours, opt-out text, recipient scope, and delivery logging.', 60, 'Senior', FALSE, 'http://purl.org/net/p-plan#MultiStep') ON CONFLICT (step_id) DO UPDATE SET procedure_version = EXCLUDED.procedure_version, step_number = EXCLUDED.step_number, title = EXCLUDED.title, step_kind = EXCLUDED.step_kind, assigned_role = EXCLUDED.assigned_role, instruction = EXCLUDED.instruction, expected_duration_minutes = EXCLUDED.expected_duration_minutes, expertise_level = EXCLUDED.expertise_level, requires_human_confirmation = EXCLUDED.requires_human_confirmation, semantic_type_iri = EXCLUDED.semantic_type_iri;

INSERT INTO steps (step_id, procedure_version, step_number, title, step_kind, assigned_role, instruction, expected_duration_minutes, expertise_level, requires_human_confirmation, semantic_type_iri)
VALUES ('policy-08', 'policy-v1.0.0', '08', 'Collect acknowledgements and exceptions', 'Atomic', 'notification-publisher', 'Collect acknowledgements and create exception tasks for unreachable recipients.', 1440, 'Senior', FALSE, 'http://purl.org/net/p-plan#Step') ON CONFLICT (step_id) DO UPDATE SET procedure_version = EXCLUDED.procedure_version, step_number = EXCLUDED.step_number, title = EXCLUDED.title, step_kind = EXCLUDED.step_kind, assigned_role = EXCLUDED.assigned_role, instruction = EXCLUDED.instruction, expected_duration_minutes = EXCLUDED.expected_duration_minutes, expertise_level = EXCLUDED.expertise_level, requires_human_confirmation = EXCLUDED.requires_human_confirmation, semantic_type_iri = EXCLUDED.semantic_type_iri;

INSERT INTO steps (step_id, procedure_version, step_number, title, step_kind, assigned_role, instruction, expected_duration_minutes, expertise_level, requires_human_confirmation, semantic_type_iri)
VALUES ('policy-09', 'policy-v1.0.0', '09', 'Review feedback and update knowledge', 'MultiStep', 'process-steward', 'Review questions, feedback, delivery failures, and proposed knowledge changes.', 120, 'Expert', FALSE, 'http://purl.org/net/p-plan#MultiStep') ON CONFLICT (step_id) DO UPDATE SET procedure_version = EXCLUDED.procedure_version, step_number = EXCLUDED.step_number, title = EXCLUDED.title, step_kind = EXCLUDED.step_kind, assigned_role = EXCLUDED.assigned_role, instruction = EXCLUDED.instruction, expected_duration_minutes = EXCLUDED.expected_duration_minutes, expertise_level = EXCLUDED.expertise_level, requires_human_confirmation = EXCLUDED.requires_human_confirmation, semantic_type_iri = EXCLUDED.semantic_type_iri;

-- ----------------------------------------------------------------------------
-- StepTransitions: Directed control-flow edges represented as first-class pko:Transition instances with fromStep/toStep and next/alternative/fallback semantics.
-- ----------------------------------------------------------------------------
INSERT INTO step_transitions (step_transition_id, procedure_version, from_step, to_step, transition_kind, condition, priority, semantic_type_iri)
VALUES ('close-01-to-close-02', 'close-v1.1.0', 'close-01', 'close-02', 'Next', 'Default sequence', 1, 'https://w3id.org/pko#Transition') ON CONFLICT (step_transition_id) DO UPDATE SET procedure_version = EXCLUDED.procedure_version, from_step = EXCLUDED.from_step, to_step = EXCLUDED.to_step, transition_kind = EXCLUDED.transition_kind, condition = EXCLUDED.condition, priority = EXCLUDED.priority, semantic_type_iri = EXCLUDED.semantic_type_iri;

INSERT INTO step_transitions (step_transition_id, procedure_version, from_step, to_step, transition_kind, condition, priority, semantic_type_iri)
VALUES ('close-02-to-close-03', 'close-v1.1.0', 'close-02', 'close-03', 'Next', 'Default sequence', 1, 'https://w3id.org/pko#Transition') ON CONFLICT (step_transition_id) DO UPDATE SET procedure_version = EXCLUDED.procedure_version, from_step = EXCLUDED.from_step, to_step = EXCLUDED.to_step, transition_kind = EXCLUDED.transition_kind, condition = EXCLUDED.condition, priority = EXCLUDED.priority, semantic_type_iri = EXCLUDED.semantic_type_iri;

INSERT INTO step_transitions (step_transition_id, procedure_version, from_step, to_step, transition_kind, condition, priority, semantic_type_iri)
VALUES ('close-03-to-close-04', 'close-v1.1.0', 'close-03', 'close-04', 'Next', 'Default sequence', 1, 'https://w3id.org/pko#Transition') ON CONFLICT (step_transition_id) DO UPDATE SET procedure_version = EXCLUDED.procedure_version, from_step = EXCLUDED.from_step, to_step = EXCLUDED.to_step, transition_kind = EXCLUDED.transition_kind, condition = EXCLUDED.condition, priority = EXCLUDED.priority, semantic_type_iri = EXCLUDED.semantic_type_iri;

INSERT INTO step_transitions (step_transition_id, procedure_version, from_step, to_step, transition_kind, condition, priority, semantic_type_iri)
VALUES ('close-04-to-close-05', 'close-v1.1.0', 'close-04', 'close-05', 'Next', 'Default sequence', 1, 'https://w3id.org/pko#Transition') ON CONFLICT (step_transition_id) DO UPDATE SET procedure_version = EXCLUDED.procedure_version, from_step = EXCLUDED.from_step, to_step = EXCLUDED.to_step, transition_kind = EXCLUDED.transition_kind, condition = EXCLUDED.condition, priority = EXCLUDED.priority, semantic_type_iri = EXCLUDED.semantic_type_iri;

INSERT INTO step_transitions (step_transition_id, procedure_version, from_step, to_step, transition_kind, condition, priority, semantic_type_iri)
VALUES ('close-05-to-close-06', 'close-v1.1.0', 'close-05', 'close-06', 'Next', 'Default sequence', 1, 'https://w3id.org/pko#Transition') ON CONFLICT (step_transition_id) DO UPDATE SET procedure_version = EXCLUDED.procedure_version, from_step = EXCLUDED.from_step, to_step = EXCLUDED.to_step, transition_kind = EXCLUDED.transition_kind, condition = EXCLUDED.condition, priority = EXCLUDED.priority, semantic_type_iri = EXCLUDED.semantic_type_iri;

INSERT INTO step_transitions (step_transition_id, procedure_version, from_step, to_step, transition_kind, condition, priority, semantic_type_iri)
VALUES ('close-06-to-close-07', 'close-v1.1.0', 'close-06', 'close-07', 'Next', 'Default sequence', 1, 'https://w3id.org/pko#Transition') ON CONFLICT (step_transition_id) DO UPDATE SET procedure_version = EXCLUDED.procedure_version, from_step = EXCLUDED.from_step, to_step = EXCLUDED.to_step, transition_kind = EXCLUDED.transition_kind, condition = EXCLUDED.condition, priority = EXCLUDED.priority, semantic_type_iri = EXCLUDED.semantic_type_iri;

INSERT INTO step_transitions (step_transition_id, procedure_version, from_step, to_step, transition_kind, condition, priority, semantic_type_iri)
VALUES ('close-07-to-close-08', 'close-v1.1.0', 'close-07', 'close-08', 'Next', 'Default sequence', 1, 'https://w3id.org/pko#Transition') ON CONFLICT (step_transition_id) DO UPDATE SET procedure_version = EXCLUDED.procedure_version, from_step = EXCLUDED.from_step, to_step = EXCLUDED.to_step, transition_kind = EXCLUDED.transition_kind, condition = EXCLUDED.condition, priority = EXCLUDED.priority, semantic_type_iri = EXCLUDED.semantic_type_iri;

INSERT INTO step_transitions (step_transition_id, procedure_version, from_step, to_step, transition_kind, condition, priority, semantic_type_iri)
VALUES ('policy-01-to-policy-02', 'policy-v1.0.0', 'policy-01', 'policy-02', 'Next', 'Default sequence', 1, 'https://w3id.org/pko#Transition') ON CONFLICT (step_transition_id) DO UPDATE SET procedure_version = EXCLUDED.procedure_version, from_step = EXCLUDED.from_step, to_step = EXCLUDED.to_step, transition_kind = EXCLUDED.transition_kind, condition = EXCLUDED.condition, priority = EXCLUDED.priority, semantic_type_iri = EXCLUDED.semantic_type_iri;

INSERT INTO step_transitions (step_transition_id, procedure_version, from_step, to_step, transition_kind, condition, priority, semantic_type_iri)
VALUES ('policy-02-to-policy-03', 'policy-v1.0.0', 'policy-02', 'policy-03', 'Next', 'Default sequence', 1, 'https://w3id.org/pko#Transition') ON CONFLICT (step_transition_id) DO UPDATE SET procedure_version = EXCLUDED.procedure_version, from_step = EXCLUDED.from_step, to_step = EXCLUDED.to_step, transition_kind = EXCLUDED.transition_kind, condition = EXCLUDED.condition, priority = EXCLUDED.priority, semantic_type_iri = EXCLUDED.semantic_type_iri;

INSERT INTO step_transitions (step_transition_id, procedure_version, from_step, to_step, transition_kind, condition, priority, semantic_type_iri)
VALUES ('policy-03-to-policy-04', 'policy-v1.0.0', 'policy-03', 'policy-04', 'Next', 'Default sequence', 1, 'https://w3id.org/pko#Transition') ON CONFLICT (step_transition_id) DO UPDATE SET procedure_version = EXCLUDED.procedure_version, from_step = EXCLUDED.from_step, to_step = EXCLUDED.to_step, transition_kind = EXCLUDED.transition_kind, condition = EXCLUDED.condition, priority = EXCLUDED.priority, semantic_type_iri = EXCLUDED.semantic_type_iri;

INSERT INTO step_transitions (step_transition_id, procedure_version, from_step, to_step, transition_kind, condition, priority, semantic_type_iri)
VALUES ('policy-04-to-policy-05', 'policy-v1.0.0', 'policy-04', 'policy-05', 'Next', 'Default sequence', 1, 'https://w3id.org/pko#Transition') ON CONFLICT (step_transition_id) DO UPDATE SET procedure_version = EXCLUDED.procedure_version, from_step = EXCLUDED.from_step, to_step = EXCLUDED.to_step, transition_kind = EXCLUDED.transition_kind, condition = EXCLUDED.condition, priority = EXCLUDED.priority, semantic_type_iri = EXCLUDED.semantic_type_iri;

INSERT INTO step_transitions (step_transition_id, procedure_version, from_step, to_step, transition_kind, condition, priority, semantic_type_iri)
VALUES ('policy-05-to-policy-06', 'policy-v1.0.0', 'policy-05', 'policy-06', 'Next', 'Default sequence', 1, 'https://w3id.org/pko#Transition') ON CONFLICT (step_transition_id) DO UPDATE SET procedure_version = EXCLUDED.procedure_version, from_step = EXCLUDED.from_step, to_step = EXCLUDED.to_step, transition_kind = EXCLUDED.transition_kind, condition = EXCLUDED.condition, priority = EXCLUDED.priority, semantic_type_iri = EXCLUDED.semantic_type_iri;

INSERT INTO step_transitions (step_transition_id, procedure_version, from_step, to_step, transition_kind, condition, priority, semantic_type_iri)
VALUES ('policy-06-to-policy-07', 'policy-v1.0.0', 'policy-06', 'policy-07', 'Next', 'Default sequence', 1, 'https://w3id.org/pko#Transition') ON CONFLICT (step_transition_id) DO UPDATE SET procedure_version = EXCLUDED.procedure_version, from_step = EXCLUDED.from_step, to_step = EXCLUDED.to_step, transition_kind = EXCLUDED.transition_kind, condition = EXCLUDED.condition, priority = EXCLUDED.priority, semantic_type_iri = EXCLUDED.semantic_type_iri;

INSERT INTO step_transitions (step_transition_id, procedure_version, from_step, to_step, transition_kind, condition, priority, semantic_type_iri)
VALUES ('policy-07-to-policy-08', 'policy-v1.0.0', 'policy-07', 'policy-08', 'Next', 'Default sequence', 1, 'https://w3id.org/pko#Transition') ON CONFLICT (step_transition_id) DO UPDATE SET procedure_version = EXCLUDED.procedure_version, from_step = EXCLUDED.from_step, to_step = EXCLUDED.to_step, transition_kind = EXCLUDED.transition_kind, condition = EXCLUDED.condition, priority = EXCLUDED.priority, semantic_type_iri = EXCLUDED.semantic_type_iri;

INSERT INTO step_transitions (step_transition_id, procedure_version, from_step, to_step, transition_kind, condition, priority, semantic_type_iri)
VALUES ('policy-08-to-policy-09', 'policy-v1.0.0', 'policy-08', 'policy-09', 'Next', 'Default sequence', 1, 'https://w3id.org/pko#Transition') ON CONFLICT (step_transition_id) DO UPDATE SET procedure_version = EXCLUDED.procedure_version, from_step = EXCLUDED.from_step, to_step = EXCLUDED.to_step, transition_kind = EXCLUDED.transition_kind, condition = EXCLUDED.condition, priority = EXCLUDED.priority, semantic_type_iri = EXCLUDED.semantic_type_iri;

INSERT INTO step_transitions (step_transition_id, procedure_version, from_step, to_step, transition_kind, condition, priority, semantic_type_iri)
VALUES ('close-04-fallback-close-03', 'close-v1.1.0', 'close-04', 'close-03', 'Fallback', 'Evidence is incomplete or source balance changed after extraction', 2, 'https://w3id.org/pko#Transition') ON CONFLICT (step_transition_id) DO UPDATE SET procedure_version = EXCLUDED.procedure_version, from_step = EXCLUDED.from_step, to_step = EXCLUDED.to_step, transition_kind = EXCLUDED.transition_kind, condition = EXCLUDED.condition, priority = EXCLUDED.priority, semantic_type_iri = EXCLUDED.semantic_type_iri;

INSERT INTO step_transitions (step_transition_id, procedure_version, from_step, to_step, transition_kind, condition, priority, semantic_type_iri)
VALUES ('close-06-return-close-04', 'close-v1.1.0', 'close-06', 'close-04', 'Alternative', 'CFO rejects package or requests further analysis', 2, 'https://w3id.org/pko#Transition') ON CONFLICT (step_transition_id) DO UPDATE SET procedure_version = EXCLUDED.procedure_version, from_step = EXCLUDED.from_step, to_step = EXCLUDED.to_step, transition_kind = EXCLUDED.transition_kind, condition = EXCLUDED.condition, priority = EXCLUDED.priority, semantic_type_iri = EXCLUDED.semantic_type_iri;

INSERT INTO step_transitions (step_transition_id, procedure_version, from_step, to_step, transition_kind, condition, priority, semantic_type_iri)
VALUES ('policy-04-return-policy-03', 'policy-v1.0.0', 'policy-04', 'policy-03', 'Alternative', 'Legal review requires semantic revision', 2, 'https://w3id.org/pko#Transition') ON CONFLICT (step_transition_id) DO UPDATE SET procedure_version = EXCLUDED.procedure_version, from_step = EXCLUDED.from_step, to_step = EXCLUDED.to_step, transition_kind = EXCLUDED.transition_kind, condition = EXCLUDED.condition, priority = EXCLUDED.priority, semantic_type_iri = EXCLUDED.semantic_type_iri;

INSERT INTO step_transitions (step_transition_id, procedure_version, from_step, to_step, transition_kind, condition, priority, semantic_type_iri)
VALUES ('policy-07-fallback-policy-06', 'policy-v1.0.0', 'policy-07', 'policy-06', 'Fallback', 'Rendered message violates channel length or disclosure constraints', 2, 'https://w3id.org/pko#Transition') ON CONFLICT (step_transition_id) DO UPDATE SET procedure_version = EXCLUDED.procedure_version, from_step = EXCLUDED.from_step, to_step = EXCLUDED.to_step, transition_kind = EXCLUDED.transition_kind, condition = EXCLUDED.condition, priority = EXCLUDED.priority, semantic_type_iri = EXCLUDED.semantic_type_iri;

-- ----------------------------------------------------------------------------
-- Actions: Human actions required by steps. Maps to pko:Action and pko:requiresAction.
-- ----------------------------------------------------------------------------
INSERT INTO actions (action_id, label, definition, semantic_type_iri)
VALUES ('freeze-ledgers', 'Freeze ledgers', 'Prevent late transaction entry after the close cutoff.', 'https://w3id.org/pko#Action') ON CONFLICT (action_id) DO UPDATE SET label = EXCLUDED.label, definition = EXCLUDED.definition, semantic_type_iri = EXCLUDED.semantic_type_iri;

INSERT INTO actions (action_id, label, definition, semantic_type_iri)
VALUES ('reconcile-account', 'Reconcile account', 'Compare balances, source records, and supporting evidence.', 'https://w3id.org/pko#Action') ON CONFLICT (action_id) DO UPDATE SET label = EXCLUDED.label, definition = EXCLUDED.definition, semantic_type_iri = EXCLUDED.semantic_type_iri;

INSERT INTO actions (action_id, label, definition, semantic_type_iri)
VALUES ('investigate-variance', 'Investigate variance', 'Apply documented checks and situated judgment to explain a material variance.', 'https://w3id.org/pko#Action') ON CONFLICT (action_id) DO UPDATE SET label = EXCLUDED.label, definition = EXCLUDED.definition, semantic_type_iri = EXCLUDED.semantic_type_iri;

INSERT INTO actions (action_id, label, definition, semantic_type_iri)
VALUES ('review-close-package', 'Review close package', 'Perform an independent control review.', 'https://w3id.org/pko#Action') ON CONFLICT (action_id) DO UPDATE SET label = EXCLUDED.label, definition = EXCLUDED.definition, semantic_type_iri = EXCLUDED.semantic_type_iri;

INSERT INTO actions (action_id, label, definition, semantic_type_iri)
VALUES ('approve-close', 'Approve close', 'Authorize publication of the financial statements package.', 'https://w3id.org/pko#Action') ON CONFLICT (action_id) DO UPDATE SET label = EXCLUDED.label, definition = EXCLUDED.definition, semantic_type_iri = EXCLUDED.semantic_type_iri;

INSERT INTO actions (action_id, label, definition, semantic_type_iri)
VALUES ('interview-practitioner', 'Interview practitioner', 'Elicit tacit, implicit, and explicit procedural knowledge.', 'https://w3id.org/pko#Action') ON CONFLICT (action_id) DO UPDATE SET label = EXCLUDED.label, definition = EXCLUDED.definition, semantic_type_iri = EXCLUDED.semantic_type_iri;

INSERT INTO actions (action_id, label, definition, semantic_type_iri)
VALUES ('review-policy', 'Review employment policy', 'Review legal, privacy, and operational commitments.', 'https://w3id.org/pko#Action') ON CONFLICT (action_id) DO UPDATE SET label = EXCLUDED.label, definition = EXCLUDED.definition, semantic_type_iri = EXCLUDED.semantic_type_iri;

INSERT INTO actions (action_id, label, definition, semantic_type_iri)
VALUES ('approve-policy', 'Approve employment policy', 'Authorize the policy''s semantic content and channel requirements.', 'https://w3id.org/pko#Action') ON CONFLICT (action_id) DO UPDATE SET label = EXCLUDED.label, definition = EXCLUDED.definition, semantic_type_iri = EXCLUDED.semantic_type_iri;

INSERT INTO actions (action_id, label, definition, semantic_type_iri)
VALUES ('review-feedback', 'Review procedural feedback', 'Evaluate questions, issues, and lessons for future versions.', 'https://w3id.org/pko#Action') ON CONFLICT (action_id) DO UPDATE SET label = EXCLUDED.label, definition = EXCLUDED.definition, semantic_type_iri = EXCLUDED.semantic_type_iri;

-- ----------------------------------------------------------------------------
-- Functions: Software or algorithmic functions required by steps. Maps to pko:Function and pko:requiresFunction.
-- ----------------------------------------------------------------------------
INSERT INTO functions (function_id, label, definition, implementation_key, semantic_type_iri)
VALUES ('extract-trial-balance', 'Extract trial balance', 'Deterministically extract balances and source timestamps.', 'extract-trial-balance-impl', 'https://w3id.org/pko#Function') ON CONFLICT (function_id) DO UPDATE SET label = EXCLUDED.label, definition = EXCLUDED.definition, implementation_key = EXCLUDED.implementation_key, semantic_type_iri = EXCLUDED.semantic_type_iri;

INSERT INTO functions (function_id, label, definition, implementation_key, semantic_type_iri)
VALUES ('classify-variance', 'Classify variance', 'Rank and classify variances using the approved AI model.', 'classify-variance-impl', 'https://w3id.org/pko#Function') ON CONFLICT (function_id) DO UPDATE SET label = EXCLUDED.label, definition = EXCLUDED.definition, implementation_key = EXCLUDED.implementation_key, semantic_type_iri = EXCLUDED.semantic_type_iri;

INSERT INTO functions (function_id, label, definition, implementation_key, semantic_type_iri)
VALUES ('post-close-entries', 'Post close entries', 'Post only approved journal entries.', 'post-close-entries-impl', 'https://w3id.org/pko#Function') ON CONFLICT (function_id) DO UPDATE SET label = EXCLUDED.label, definition = EXCLUDED.definition, implementation_key = EXCLUDED.implementation_key, semantic_type_iri = EXCLUDED.semantic_type_iri;

INSERT INTO functions (function_id, label, definition, implementation_key, semantic_type_iri)
VALUES ('draft-policy', 'Draft policy', 'Generate a draft from approved sources and requirements.', 'draft-policy-impl', 'https://w3id.org/pko#Function') ON CONFLICT (function_id) DO UPDATE SET label = EXCLUDED.label, definition = EXCLUDED.definition, implementation_key = EXCLUDED.implementation_key, semantic_type_iri = EXCLUDED.semantic_type_iri;

INSERT INTO functions (function_id, label, definition, implementation_key, semantic_type_iri)
VALUES ('render-email', 'Render email', 'Produce an email projection without changing policy meaning.', 'render-email-impl', 'https://w3id.org/pko#Function') ON CONFLICT (function_id) DO UPDATE SET label = EXCLUDED.label, definition = EXCLUDED.definition, implementation_key = EXCLUDED.implementation_key, semantic_type_iri = EXCLUDED.semantic_type_iri;

INSERT INTO functions (function_id, label, definition, implementation_key, semantic_type_iri)
VALUES ('render-sms', 'Render SMS', 'Produce a length-constrained SMS projection without changing policy meaning.', 'render-sms-impl', 'https://w3id.org/pko#Function') ON CONFLICT (function_id) DO UPDATE SET label = EXCLUDED.label, definition = EXCLUDED.definition, implementation_key = EXCLUDED.implementation_key, semantic_type_iri = EXCLUDED.semantic_type_iri;

INSERT INTO functions (function_id, label, definition, implementation_key, semantic_type_iri)
VALUES ('send-notification', 'Send notification', 'Apply channel policy and deliver an approved message.', 'send-notification-impl', 'https://w3id.org/pko#Function') ON CONFLICT (function_id) DO UPDATE SET label = EXCLUDED.label, definition = EXCLUDED.definition, implementation_key = EXCLUDED.implementation_key, semantic_type_iri = EXCLUDED.semantic_type_iri;

INSERT INTO functions (function_id, label, definition, implementation_key, semantic_type_iri)
VALUES ('collect-acknowledgement', 'Collect acknowledgement', 'Record receipt, acknowledgement, or exception state.', 'collect-acknowledgement-impl', 'https://w3id.org/pko#Function') ON CONFLICT (function_id) DO UPDATE SET label = EXCLUDED.label, definition = EXCLUDED.definition, implementation_key = EXCLUDED.implementation_key, semantic_type_iri = EXCLUDED.semantic_type_iri;

-- ----------------------------------------------------------------------------
-- Tools: Tools required to execute steps. Maps to m4ing:Tool and pko:requiresTool.
-- ----------------------------------------------------------------------------
INSERT INTO tools (tool_id, label, purpose, semantic_type_iri)
VALUES ('erp-ledger', 'ERP General Ledger', 'Financial system of record', 'http://w3id.org/nfdi4ing/metadata4ing#Tool') ON CONFLICT (tool_id) DO UPDATE SET label = EXCLUDED.label, purpose = EXCLUDED.purpose, semantic_type_iri = EXCLUDED.semantic_type_iri;

INSERT INTO tools (tool_id, label, purpose, semantic_type_iri)
VALUES ('close-workpaper', 'Close Workpaper Workbook', 'Controlled reconciliation workbook', 'http://w3id.org/nfdi4ing/metadata4ing#Tool') ON CONFLICT (tool_id) DO UPDATE SET label = EXCLUDED.label, purpose = EXCLUDED.purpose, semantic_type_iri = EXCLUDED.semantic_type_iri;

INSERT INTO tools (tool_id, label, purpose, semantic_type_iri)
VALUES ('variance-model', 'Variance AI Console', 'Approved AI variance-triage interface', 'http://w3id.org/nfdi4ing/metadata4ing#Tool') ON CONFLICT (tool_id) DO UPDATE SET label = EXCLUDED.label, purpose = EXCLUDED.purpose, semantic_type_iri = EXCLUDED.semantic_type_iri;

INSERT INTO tools (tool_id, label, purpose, semantic_type_iri)
VALUES ('policy-registry', 'Policy Registry', 'Versioned workforce-policy source of truth', 'http://w3id.org/nfdi4ing/metadata4ing#Tool') ON CONFLICT (tool_id) DO UPDATE SET label = EXCLUDED.label, purpose = EXCLUDED.purpose, semantic_type_iri = EXCLUDED.semantic_type_iri;

INSERT INTO tools (tool_id, label, purpose, semantic_type_iri)
VALUES ('consent-registry', 'Employee Consent Registry', 'Consent and channel preference system', 'http://w3id.org/nfdi4ing/metadata4ing#Tool') ON CONFLICT (tool_id) DO UPDATE SET label = EXCLUDED.label, purpose = EXCLUDED.purpose, semantic_type_iri = EXCLUDED.semantic_type_iri;

INSERT INTO tools (tool_id, label, purpose, semantic_type_iri)
VALUES ('email-gateway', 'Email Gateway', 'Transactional employee email service', 'http://w3id.org/nfdi4ing/metadata4ing#Tool') ON CONFLICT (tool_id) DO UPDATE SET label = EXCLUDED.label, purpose = EXCLUDED.purpose, semantic_type_iri = EXCLUDED.semantic_type_iri;

INSERT INTO tools (tool_id, label, purpose, semantic_type_iri)
VALUES ('sms-gateway', 'SMS Gateway', 'Transactional SMS service', 'http://w3id.org/nfdi4ing/metadata4ing#Tool') ON CONFLICT (tool_id) DO UPDATE SET label = EXCLUDED.label, purpose = EXCLUDED.purpose, semantic_type_iri = EXCLUDED.semantic_type_iri;

INSERT INTO tools (tool_id, label, purpose, semantic_type_iri)
VALUES ('knowledge-capture-form', 'Knowledge Capture Form', 'Structured elicitation and review interface', 'http://w3id.org/nfdi4ing/metadata4ing#Tool') ON CONFLICT (tool_id) DO UPDATE SET label = EXCLUDED.label, purpose = EXCLUDED.purpose, semantic_type_iri = EXCLUDED.semantic_type_iri;

-- ----------------------------------------------------------------------------
-- StepActions: Many-to-many Step/Action semantics normalized into a first-class ERB junction table.
-- ----------------------------------------------------------------------------
INSERT INTO step_actions (step_action_id, step, "action")
VALUES ('sa-close01', 'close-01', 'freeze-ledgers') ON CONFLICT (step_action_id) DO UPDATE SET step = EXCLUDED.step, "action" = EXCLUDED."action";

INSERT INTO step_actions (step_action_id, step, "action")
VALUES ('sa-close03', 'close-03', 'reconcile-account') ON CONFLICT (step_action_id) DO UPDATE SET step = EXCLUDED.step, "action" = EXCLUDED."action";

INSERT INTO step_actions (step_action_id, step, "action")
VALUES ('sa-close04', 'close-04', 'investigate-variance') ON CONFLICT (step_action_id) DO UPDATE SET step = EXCLUDED.step, "action" = EXCLUDED."action";

INSERT INTO step_actions (step_action_id, step, "action")
VALUES ('sa-close05', 'close-05', 'review-close-package') ON CONFLICT (step_action_id) DO UPDATE SET step = EXCLUDED.step, "action" = EXCLUDED."action";

INSERT INTO step_actions (step_action_id, step, "action")
VALUES ('sa-close06', 'close-06', 'approve-close') ON CONFLICT (step_action_id) DO UPDATE SET step = EXCLUDED.step, "action" = EXCLUDED."action";

INSERT INTO step_actions (step_action_id, step, "action")
VALUES ('sa-policy02', 'policy-02', 'interview-practitioner') ON CONFLICT (step_action_id) DO UPDATE SET step = EXCLUDED.step, "action" = EXCLUDED."action";

INSERT INTO step_actions (step_action_id, step, "action")
VALUES ('sa-policy04', 'policy-04', 'review-policy') ON CONFLICT (step_action_id) DO UPDATE SET step = EXCLUDED.step, "action" = EXCLUDED."action";

INSERT INTO step_actions (step_action_id, step, "action")
VALUES ('sa-policy05', 'policy-05', 'approve-policy') ON CONFLICT (step_action_id) DO UPDATE SET step = EXCLUDED.step, "action" = EXCLUDED."action";

INSERT INTO step_actions (step_action_id, step, "action")
VALUES ('sa-policy09', 'policy-09', 'review-feedback') ON CONFLICT (step_action_id) DO UPDATE SET step = EXCLUDED.step, "action" = EXCLUDED."action";

-- ----------------------------------------------------------------------------
-- StepFunctions: Many-to-many Step/Function semantics normalized into an ERB junction table.
-- ----------------------------------------------------------------------------
INSERT INTO step_functions (step_function_id, step, function)
VALUES ('sf-close02', 'close-02', 'extract-trial-balance') ON CONFLICT (step_function_id) DO UPDATE SET step = EXCLUDED.step, function = EXCLUDED.function;

INSERT INTO step_functions (step_function_id, step, function)
VALUES ('sf-close04', 'close-04', 'classify-variance') ON CONFLICT (step_function_id) DO UPDATE SET step = EXCLUDED.step, function = EXCLUDED.function;

INSERT INTO step_functions (step_function_id, step, function)
VALUES ('sf-close07', 'close-07', 'post-close-entries') ON CONFLICT (step_function_id) DO UPDATE SET step = EXCLUDED.step, function = EXCLUDED.function;

INSERT INTO step_functions (step_function_id, step, function)
VALUES ('sf-policy03', 'policy-03', 'draft-policy') ON CONFLICT (step_function_id) DO UPDATE SET step = EXCLUDED.step, function = EXCLUDED.function;

INSERT INTO step_functions (step_function_id, step, function)
VALUES ('sf-policy06-email', 'policy-06', 'render-email') ON CONFLICT (step_function_id) DO UPDATE SET step = EXCLUDED.step, function = EXCLUDED.function;

INSERT INTO step_functions (step_function_id, step, function)
VALUES ('sf-policy06-sms', 'policy-06', 'render-sms') ON CONFLICT (step_function_id) DO UPDATE SET step = EXCLUDED.step, function = EXCLUDED.function;

INSERT INTO step_functions (step_function_id, step, function)
VALUES ('sf-policy07', 'policy-07', 'send-notification') ON CONFLICT (step_function_id) DO UPDATE SET step = EXCLUDED.step, function = EXCLUDED.function;

INSERT INTO step_functions (step_function_id, step, function)
VALUES ('sf-policy08', 'policy-08', 'collect-acknowledgement') ON CONFLICT (step_function_id) DO UPDATE SET step = EXCLUDED.step, function = EXCLUDED.function;

-- ----------------------------------------------------------------------------
-- StepTools: Many-to-many Step/Tool semantics normalized into an ERB junction table.
-- ----------------------------------------------------------------------------
INSERT INTO step_tools (step_tool_id, step, tool)
VALUES ('st-close01', 'close-01', 'erp-ledger') ON CONFLICT (step_tool_id) DO UPDATE SET step = EXCLUDED.step, tool = EXCLUDED.tool;

INSERT INTO step_tools (step_tool_id, step, tool)
VALUES ('st-close02', 'close-02', 'erp-ledger') ON CONFLICT (step_tool_id) DO UPDATE SET step = EXCLUDED.step, tool = EXCLUDED.tool;

INSERT INTO step_tools (step_tool_id, step, tool)
VALUES ('st-close03', 'close-03', 'close-workpaper') ON CONFLICT (step_tool_id) DO UPDATE SET step = EXCLUDED.step, tool = EXCLUDED.tool;

INSERT INTO step_tools (step_tool_id, step, tool)
VALUES ('st-close04a', 'close-04', 'variance-model') ON CONFLICT (step_tool_id) DO UPDATE SET step = EXCLUDED.step, tool = EXCLUDED.tool;

INSERT INTO step_tools (step_tool_id, step, tool)
VALUES ('st-close04b', 'close-04', 'close-workpaper') ON CONFLICT (step_tool_id) DO UPDATE SET step = EXCLUDED.step, tool = EXCLUDED.tool;

INSERT INTO step_tools (step_tool_id, step, tool)
VALUES ('st-policy02', 'policy-02', 'knowledge-capture-form') ON CONFLICT (step_tool_id) DO UPDATE SET step = EXCLUDED.step, tool = EXCLUDED.tool;

INSERT INTO step_tools (step_tool_id, step, tool)
VALUES ('st-policy03', 'policy-03', 'policy-registry') ON CONFLICT (step_tool_id) DO UPDATE SET step = EXCLUDED.step, tool = EXCLUDED.tool;

INSERT INTO step_tools (step_tool_id, step, tool)
VALUES ('st-policy07a', 'policy-07', 'consent-registry') ON CONFLICT (step_tool_id) DO UPDATE SET step = EXCLUDED.step, tool = EXCLUDED.tool;

INSERT INTO step_tools (step_tool_id, step, tool)
VALUES ('st-policy07b', 'policy-07', 'email-gateway') ON CONFLICT (step_tool_id) DO UPDATE SET step = EXCLUDED.step, tool = EXCLUDED.tool;

INSERT INTO step_tools (step_tool_id, step, tool)
VALUES ('st-policy07c', 'policy-07', 'sms-gateway') ON CONFLICT (step_tool_id) DO UPDATE SET step = EXCLUDED.step, tool = EXCLUDED.tool;

-- ----------------------------------------------------------------------------
-- Requirements: Normative requirements applied to procedures, steps, or transitions. Maps to pko:Requirement and pko:hasRequirement.
-- ----------------------------------------------------------------------------
INSERT INTO requirements (requirement_id, label, requirement_type, statement, rationale, is_blocking, semantic_type_iri)
VALUES ('req-close-cutoff', 'Close cutoff enforced', 'Control', 'No ledger entry may be posted after cutoff without controller-approved reopening.', 'SOX control design', TRUE, 'https://w3id.org/pko#Requirement') ON CONFLICT (requirement_id) DO UPDATE SET label = EXCLUDED.label, requirement_type = EXCLUDED.requirement_type, statement = EXCLUDED.statement, rationale = EXCLUDED.rationale, is_blocking = EXCLUDED.is_blocking, semantic_type_iri = EXCLUDED.semantic_type_iri;

INSERT INTO requirements (requirement_id, label, requirement_type, statement, rationale, is_blocking, semantic_type_iri)
VALUES ('req-close-balance', 'Reconciled balance integrity', 'Verification', 'Every material account must reconcile or carry an approved exception.', 'Financial reporting accuracy', TRUE, 'https://w3id.org/pko#Requirement') ON CONFLICT (requirement_id) DO UPDATE SET label = EXCLUDED.label, requirement_type = EXCLUDED.requirement_type, statement = EXCLUDED.statement, rationale = EXCLUDED.rationale, is_blocking = EXCLUDED.is_blocking, semantic_type_iri = EXCLUDED.semantic_type_iri;

INSERT INTO requirements (requirement_id, label, requirement_type, statement, rationale, is_blocking, semantic_type_iri)
VALUES ('req-close-separation', 'Preparer/approver separation', 'Governance', 'The preparer may not be the final approver.', 'Segregation of duties', TRUE, 'https://w3id.org/pko#Requirement') ON CONFLICT (requirement_id) DO UPDATE SET label = EXCLUDED.label, requirement_type = EXCLUDED.requirement_type, statement = EXCLUDED.statement, rationale = EXCLUDED.rationale, is_blocking = EXCLUDED.is_blocking, semantic_type_iri = EXCLUDED.semantic_type_iri;

INSERT INTO requirements (requirement_id, label, requirement_type, statement, rationale, is_blocking, semantic_type_iri)
VALUES ('req-close-evidence', 'Evidence retention', 'Retention', 'Evidence must remain retrievable for 7 years.', 'Audit and legal retention', TRUE, 'https://w3id.org/pko#Requirement') ON CONFLICT (requirement_id) DO UPDATE SET label = EXCLUDED.label, requirement_type = EXCLUDED.requirement_type, statement = EXCLUDED.statement, rationale = EXCLUDED.rationale, is_blocking = EXCLUDED.is_blocking, semantic_type_iri = EXCLUDED.semantic_type_iri;

INSERT INTO requirements (requirement_id, label, requirement_type, statement, rationale, is_blocking, semantic_type_iri)
VALUES ('req-close-human-approval', 'Human final approval', 'Approval', 'Controller and CFO approvals must be human-confirmed.', 'Accountability', TRUE, 'https://w3id.org/pko#Requirement') ON CONFLICT (requirement_id) DO UPDATE SET label = EXCLUDED.label, requirement_type = EXCLUDED.requirement_type, statement = EXCLUDED.statement, rationale = EXCLUDED.rationale, is_blocking = EXCLUDED.is_blocking, semantic_type_iri = EXCLUDED.semantic_type_iri;

INSERT INTO requirements (requirement_id, label, requirement_type, statement, rationale, is_blocking, semantic_type_iri)
VALUES ('req-policy-source', 'Approved source only', 'Provenance', 'Drafting may use only approved source resources and validated elicitation records.', 'Semantic integrity', TRUE, 'https://w3id.org/pko#Requirement') ON CONFLICT (requirement_id) DO UPDATE SET label = EXCLUDED.label, requirement_type = EXCLUDED.requirement_type, statement = EXCLUDED.statement, rationale = EXCLUDED.rationale, is_blocking = EXCLUDED.is_blocking, semantic_type_iri = EXCLUDED.semantic_type_iri;

INSERT INTO requirements (requirement_id, label, requirement_type, statement, rationale, is_blocking, semantic_type_iri)
VALUES ('req-policy-legal', 'Legal review required', 'Approval', 'Employment counsel must approve legal and privacy commitments.', 'Legal accountability', TRUE, 'https://w3id.org/pko#Requirement') ON CONFLICT (requirement_id) DO UPDATE SET label = EXCLUDED.label, requirement_type = EXCLUDED.requirement_type, statement = EXCLUDED.statement, rationale = EXCLUDED.rationale, is_blocking = EXCLUDED.is_blocking, semantic_type_iri = EXCLUDED.semantic_type_iri;

INSERT INTO requirements (requirement_id, label, requirement_type, statement, rationale, is_blocking, semantic_type_iri)
VALUES ('req-policy-human-approval', 'Human meaning approval', 'Approval', 'An AI agent may draft, but a human policy owner must approve meaning.', 'Human accountability', TRUE, 'https://w3id.org/pko#Requirement') ON CONFLICT (requirement_id) DO UPDATE SET label = EXCLUDED.label, requirement_type = EXCLUDED.requirement_type, statement = EXCLUDED.statement, rationale = EXCLUDED.rationale, is_blocking = EXCLUDED.is_blocking, semantic_type_iri = EXCLUDED.semantic_type_iri;

INSERT INTO requirements (requirement_id, label, requirement_type, statement, rationale, is_blocking, semantic_type_iri)
VALUES ('req-policy-consent', 'SMS consent required', 'Privacy', 'SMS may be sent only to recipients with active consent.', 'Consent and privacy', TRUE, 'https://w3id.org/pko#Requirement') ON CONFLICT (requirement_id) DO UPDATE SET label = EXCLUDED.label, requirement_type = EXCLUDED.requirement_type, statement = EXCLUDED.statement, rationale = EXCLUDED.rationale, is_blocking = EXCLUDED.is_blocking, semantic_type_iri = EXCLUDED.semantic_type_iri;

INSERT INTO requirements (requirement_id, label, requirement_type, statement, rationale, is_blocking, semantic_type_iri)
VALUES ('req-policy-quiet-hours', 'Quiet hours enforced', 'Communication', 'SMS delivery must not occur between 20:00 and 08:00 recipient-local time.', 'Employee experience', TRUE, 'https://w3id.org/pko#Requirement') ON CONFLICT (requirement_id) DO UPDATE SET label = EXCLUDED.label, requirement_type = EXCLUDED.requirement_type, statement = EXCLUDED.statement, rationale = EXCLUDED.rationale, is_blocking = EXCLUDED.is_blocking, semantic_type_iri = EXCLUDED.semantic_type_iri;

INSERT INTO requirements (requirement_id, label, requirement_type, statement, rationale, is_blocking, semantic_type_iri)
VALUES ('req-policy-optout', 'Opt-out text required', 'Communication', 'Every SMS must include approved opt-out language.', 'Consent management', TRUE, 'https://w3id.org/pko#Requirement') ON CONFLICT (requirement_id) DO UPDATE SET label = EXCLUDED.label, requirement_type = EXCLUDED.requirement_type, statement = EXCLUDED.statement, rationale = EXCLUDED.rationale, is_blocking = EXCLUDED.is_blocking, semantic_type_iri = EXCLUDED.semantic_type_iri;

INSERT INTO requirements (requirement_id, label, requirement_type, statement, rationale, is_blocking, semantic_type_iri)
VALUES ('req-policy-retention', 'Communication evidence retention', 'Retention', 'Rendered messages, approvals, recipient scope, and delivery results must be retained for 7 years.', 'Auditability', TRUE, 'https://w3id.org/pko#Requirement') ON CONFLICT (requirement_id) DO UPDATE SET label = EXCLUDED.label, requirement_type = EXCLUDED.requirement_type, statement = EXCLUDED.statement, rationale = EXCLUDED.rationale, is_blocking = EXCLUDED.is_blocking, semantic_type_iri = EXCLUDED.semantic_type_iri;

INSERT INTO requirements (requirement_id, label, requirement_type, statement, rationale, is_blocking, semantic_type_iri)
VALUES ('req-policy-accessibility', 'Plain-language and accessibility', 'Quality', 'Email content must be readable, accessible, and include an alternate contact method.', 'Inclusive communication', TRUE, 'https://w3id.org/pko#Requirement') ON CONFLICT (requirement_id) DO UPDATE SET label = EXCLUDED.label, requirement_type = EXCLUDED.requirement_type, statement = EXCLUDED.statement, rationale = EXCLUDED.rationale, is_blocking = EXCLUDED.is_blocking, semantic_type_iri = EXCLUDED.semantic_type_iri;

-- ----------------------------------------------------------------------------
-- StepRequirements: Many-to-many Step/Requirement semantics normalized into an ERB junction table.
-- ----------------------------------------------------------------------------
INSERT INTO step_requirements (step_requirement_id, step, requirement)
VALUES ('sr-c01', 'close-01', 'req-close-cutoff') ON CONFLICT (step_requirement_id) DO UPDATE SET step = EXCLUDED.step, requirement = EXCLUDED.requirement;

INSERT INTO step_requirements (step_requirement_id, step, requirement)
VALUES ('sr-c03a', 'close-03', 'req-close-balance') ON CONFLICT (step_requirement_id) DO UPDATE SET step = EXCLUDED.step, requirement = EXCLUDED.requirement;

INSERT INTO step_requirements (step_requirement_id, step, requirement)
VALUES ('sr-c03b', 'close-03', 'req-close-evidence') ON CONFLICT (step_requirement_id) DO UPDATE SET step = EXCLUDED.step, requirement = EXCLUDED.requirement;

INSERT INTO step_requirements (step_requirement_id, step, requirement)
VALUES ('sr-c05', 'close-05', 'req-close-separation') ON CONFLICT (step_requirement_id) DO UPDATE SET step = EXCLUDED.step, requirement = EXCLUDED.requirement;

INSERT INTO step_requirements (step_requirement_id, step, requirement)
VALUES ('sr-c06', 'close-06', 'req-close-human-approval') ON CONFLICT (step_requirement_id) DO UPDATE SET step = EXCLUDED.step, requirement = EXCLUDED.requirement;

INSERT INTO step_requirements (step_requirement_id, step, requirement)
VALUES ('sr-c08', 'close-08', 'req-close-evidence') ON CONFLICT (step_requirement_id) DO UPDATE SET step = EXCLUDED.step, requirement = EXCLUDED.requirement;

INSERT INTO step_requirements (step_requirement_id, step, requirement)
VALUES ('sr-p03', 'policy-03', 'req-policy-source') ON CONFLICT (step_requirement_id) DO UPDATE SET step = EXCLUDED.step, requirement = EXCLUDED.requirement;

INSERT INTO step_requirements (step_requirement_id, step, requirement)
VALUES ('sr-p04', 'policy-04', 'req-policy-legal') ON CONFLICT (step_requirement_id) DO UPDATE SET step = EXCLUDED.step, requirement = EXCLUDED.requirement;

INSERT INTO step_requirements (step_requirement_id, step, requirement)
VALUES ('sr-p05', 'policy-05', 'req-policy-human-approval') ON CONFLICT (step_requirement_id) DO UPDATE SET step = EXCLUDED.step, requirement = EXCLUDED.requirement;

INSERT INTO step_requirements (step_requirement_id, step, requirement)
VALUES ('sr-p06', 'policy-06', 'req-policy-accessibility') ON CONFLICT (step_requirement_id) DO UPDATE SET step = EXCLUDED.step, requirement = EXCLUDED.requirement;

INSERT INTO step_requirements (step_requirement_id, step, requirement)
VALUES ('sr-p07a', 'policy-07', 'req-policy-consent') ON CONFLICT (step_requirement_id) DO UPDATE SET step = EXCLUDED.step, requirement = EXCLUDED.requirement;

INSERT INTO step_requirements (step_requirement_id, step, requirement)
VALUES ('sr-p07b', 'policy-07', 'req-policy-quiet-hours') ON CONFLICT (step_requirement_id) DO UPDATE SET step = EXCLUDED.step, requirement = EXCLUDED.requirement;

INSERT INTO step_requirements (step_requirement_id, step, requirement)
VALUES ('sr-p07c', 'policy-07', 'req-policy-optout') ON CONFLICT (step_requirement_id) DO UPDATE SET step = EXCLUDED.step, requirement = EXCLUDED.requirement;

INSERT INTO step_requirements (step_requirement_id, step, requirement)
VALUES ('sr-p07d', 'policy-07', 'req-policy-retention') ON CONFLICT (step_requirement_id) DO UPDATE SET step = EXCLUDED.step, requirement = EXCLUDED.requirement;

INSERT INTO step_requirements (step_requirement_id, step, requirement)
VALUES ('sr-p08', 'policy-08', 'req-policy-retention') ON CONFLICT (step_requirement_id) DO UPDATE SET step = EXCLUDED.step, requirement = EXCLUDED.requirement;

-- ----------------------------------------------------------------------------
-- StepVerifications: Verification definitions attached to steps. Maps to pko:StepVerification and pko:SignalVerification.
-- ----------------------------------------------------------------------------
INSERT INTO step_verifications (step_verification_id, step, verification_kind, signal_identifier, expected_signal_value, instruction, semantic_type_iri)
VALUES ('verify-close-cutoff', 'close-01', 'SignalVerification', 'ledger-lock-state', 'LOCKED', 'The ERP reports the close period locked.', 'https://w3id.org/pko#SignalVerification') ON CONFLICT (step_verification_id) DO UPDATE SET step = EXCLUDED.step, verification_kind = EXCLUDED.verification_kind, signal_identifier = EXCLUDED.signal_identifier, expected_signal_value = EXCLUDED.expected_signal_value, instruction = EXCLUDED.instruction, semantic_type_iri = EXCLUDED.semantic_type_iri;

INSERT INTO step_verifications (step_verification_id, step, verification_kind, signal_identifier, expected_signal_value, instruction, semantic_type_iri)
VALUES ('verify-feed-time', 'close-02', 'SignalVerification', 'max-feed-age-minutes', '15', 'All source feeds are no more than 15 minutes old.', 'https://w3id.org/pko#SignalVerification') ON CONFLICT (step_verification_id) DO UPDATE SET step = EXCLUDED.step, verification_kind = EXCLUDED.verification_kind, signal_identifier = EXCLUDED.signal_identifier, expected_signal_value = EXCLUDED.expected_signal_value, instruction = EXCLUDED.instruction, semantic_type_iri = EXCLUDED.semantic_type_iri;

INSERT INTO step_verifications (step_verification_id, step, verification_kind, signal_identifier, expected_signal_value, instruction, semantic_type_iri)
VALUES ('verify-reconciliation', 'close-03', 'SignalVerification', 'unexplained-material-variance', '0', 'No unexplained material variance remains.', 'https://w3id.org/pko#SignalVerification') ON CONFLICT (step_verification_id) DO UPDATE SET step = EXCLUDED.step, verification_kind = EXCLUDED.verification_kind, signal_identifier = EXCLUDED.signal_identifier, expected_signal_value = EXCLUDED.expected_signal_value, instruction = EXCLUDED.instruction, semantic_type_iri = EXCLUDED.semantic_type_iri;

INSERT INTO step_verifications (step_verification_id, step, verification_kind, signal_identifier, expected_signal_value, instruction, semantic_type_iri)
VALUES ('verify-controller', 'close-05', 'ApprovalVerification', 'controller-approval', 'APPROVED', 'Controller approval record exists.', 'https://w3id.org/pko#StepVerification') ON CONFLICT (step_verification_id) DO UPDATE SET step = EXCLUDED.step, verification_kind = EXCLUDED.verification_kind, signal_identifier = EXCLUDED.signal_identifier, expected_signal_value = EXCLUDED.expected_signal_value, instruction = EXCLUDED.instruction, semantic_type_iri = EXCLUDED.semantic_type_iri;

INSERT INTO step_verifications (step_verification_id, step, verification_kind, signal_identifier, expected_signal_value, instruction, semantic_type_iri)
VALUES ('verify-cfo', 'close-06', 'ApprovalVerification', 'cfo-approval', 'APPROVED', 'CFO approval record exists.', 'https://w3id.org/pko#StepVerification') ON CONFLICT (step_verification_id) DO UPDATE SET step = EXCLUDED.step, verification_kind = EXCLUDED.verification_kind, signal_identifier = EXCLUDED.signal_identifier, expected_signal_value = EXCLUDED.expected_signal_value, instruction = EXCLUDED.instruction, semantic_type_iri = EXCLUDED.semantic_type_iri;

INSERT INTO step_verifications (step_verification_id, step, verification_kind, signal_identifier, expected_signal_value, instruction, semantic_type_iri)
VALUES ('verify-policy-source', 'policy-03', 'ProvenanceVerification', 'unapproved-source-count', '0', 'Draft contains no unapproved source.', 'https://w3id.org/pko#StepVerification') ON CONFLICT (step_verification_id) DO UPDATE SET step = EXCLUDED.step, verification_kind = EXCLUDED.verification_kind, signal_identifier = EXCLUDED.signal_identifier, expected_signal_value = EXCLUDED.expected_signal_value, instruction = EXCLUDED.instruction, semantic_type_iri = EXCLUDED.semantic_type_iri;

INSERT INTO step_verifications (step_verification_id, step, verification_kind, signal_identifier, expected_signal_value, instruction, semantic_type_iri)
VALUES ('verify-legal', 'policy-04', 'ApprovalVerification', 'legal-approval', 'APPROVED', 'Employment counsel approval exists.', 'https://w3id.org/pko#StepVerification') ON CONFLICT (step_verification_id) DO UPDATE SET step = EXCLUDED.step, verification_kind = EXCLUDED.verification_kind, signal_identifier = EXCLUDED.signal_identifier, expected_signal_value = EXCLUDED.expected_signal_value, instruction = EXCLUDED.instruction, semantic_type_iri = EXCLUDED.semantic_type_iri;

INSERT INTO step_verifications (step_verification_id, step, verification_kind, signal_identifier, expected_signal_value, instruction, semantic_type_iri)
VALUES ('verify-policy-owner', 'policy-05', 'ApprovalVerification', 'policy-owner-approval', 'APPROVED', 'Human policy-owner approval exists.', 'https://w3id.org/pko#StepVerification') ON CONFLICT (step_verification_id) DO UPDATE SET step = EXCLUDED.step, verification_kind = EXCLUDED.verification_kind, signal_identifier = EXCLUDED.signal_identifier, expected_signal_value = EXCLUDED.expected_signal_value, instruction = EXCLUDED.instruction, semantic_type_iri = EXCLUDED.semantic_type_iri;

INSERT INTO step_verifications (step_verification_id, step, verification_kind, signal_identifier, expected_signal_value, instruction, semantic_type_iri)
VALUES ('verify-sms-consent', 'policy-07', 'SignalVerification', 'sms-without-consent-count', '0', 'No SMS recipient lacks active consent.', 'https://w3id.org/pko#SignalVerification') ON CONFLICT (step_verification_id) DO UPDATE SET step = EXCLUDED.step, verification_kind = EXCLUDED.verification_kind, signal_identifier = EXCLUDED.signal_identifier, expected_signal_value = EXCLUDED.expected_signal_value, instruction = EXCLUDED.instruction, semantic_type_iri = EXCLUDED.semantic_type_iri;

INSERT INTO step_verifications (step_verification_id, step, verification_kind, signal_identifier, expected_signal_value, instruction, semantic_type_iri)
VALUES ('verify-quiet-hours', 'policy-07', 'SignalVerification', 'quiet-hours-violation-count', '0', 'No message was sent during quiet hours.', 'https://w3id.org/pko#SignalVerification') ON CONFLICT (step_verification_id) DO UPDATE SET step = EXCLUDED.step, verification_kind = EXCLUDED.verification_kind, signal_identifier = EXCLUDED.signal_identifier, expected_signal_value = EXCLUDED.expected_signal_value, instruction = EXCLUDED.instruction, semantic_type_iri = EXCLUDED.semantic_type_iri;

INSERT INTO step_verifications (step_verification_id, step, verification_kind, signal_identifier, expected_signal_value, instruction, semantic_type_iri)
VALUES ('verify-ack', 'policy-08', 'SignalVerification', 'unresolved-recipient-count', '0', 'All recipients acknowledged or have an exception task.', 'https://w3id.org/pko#SignalVerification') ON CONFLICT (step_verification_id) DO UPDATE SET step = EXCLUDED.step, verification_kind = EXCLUDED.verification_kind, signal_identifier = EXCLUDED.signal_identifier, expected_signal_value = EXCLUDED.expected_signal_value, instruction = EXCLUDED.instruction, semantic_type_iri = EXCLUDED.semantic_type_iri;

-- ----------------------------------------------------------------------------
-- Rationales: First-class rationale statements explaining why procedural commitments and design decisions exist. Explicit ERB-PKO extension, represented as prov:Entity/dcat:Resource in projections.
-- ----------------------------------------------------------------------------
INSERT INTO rationales (rationale_id, procedure_version, step, title, statement, status, authority_role, semantic_type_iri)
VALUES ('rat-close-separation', 'close-v1.1.0', 'close-05', 'Why the preparer cannot approve', 'Independent review prevents self-certification and makes accountability legible.', 'Approved', 'controller', 'urn:effortless:pko-extension#Rationale') ON CONFLICT (rationale_id) DO UPDATE SET procedure_version = EXCLUDED.procedure_version, step = EXCLUDED.step, title = EXCLUDED.title, statement = EXCLUDED.statement, status = EXCLUDED.status, authority_role = EXCLUDED.authority_role, semantic_type_iri = EXCLUDED.semantic_type_iri;

INSERT INTO rationales (rationale_id, procedure_version, step, title, statement, status, authority_role, semantic_type_iri)
VALUES ('rat-close-ai', 'close-v1.1.0', 'close-04', 'Why AI ranks but does not close variances', 'The model accelerates triage; materiality, anomaly context, and acceptance remain human judgments.', 'Approved', 'controller', 'urn:effortless:pko-extension#Rationale') ON CONFLICT (rationale_id) DO UPDATE SET procedure_version = EXCLUDED.procedure_version, step = EXCLUDED.step, title = EXCLUDED.title, statement = EXCLUDED.statement, status = EXCLUDED.status, authority_role = EXCLUDED.authority_role, semantic_type_iri = EXCLUDED.semantic_type_iri;

INSERT INTO rationales (rationale_id, procedure_version, step, title, statement, status, authority_role, semantic_type_iri)
VALUES ('rat-policy-ai', 'policy-v1.0.0', 'policy-03', 'Why AI may draft but not approve', 'Drafting is reversible assistance; legal and organizational commitments require human authority.', 'Approved', 'hr-policy-owner', 'urn:effortless:pko-extension#Rationale') ON CONFLICT (rationale_id) DO UPDATE SET procedure_version = EXCLUDED.procedure_version, step = EXCLUDED.step, title = EXCLUDED.title, statement = EXCLUDED.statement, status = EXCLUDED.status, authority_role = EXCLUDED.authority_role, semantic_type_iri = EXCLUDED.semantic_type_iri;

INSERT INTO rationales (rationale_id, procedure_version, step, title, statement, status, authority_role, semantic_type_iri)
VALUES ('rat-policy-multichannel', 'policy-v1.0.0', 'policy-07', 'Why both email and SMS exist', 'Email carries complete policy context; consented SMS provides timely notice and a link without becoming the legal record.', 'Approved', 'communications-manager', 'urn:effortless:pko-extension#Rationale') ON CONFLICT (rationale_id) DO UPDATE SET procedure_version = EXCLUDED.procedure_version, step = EXCLUDED.step, title = EXCLUDED.title, statement = EXCLUDED.statement, status = EXCLUDED.status, authority_role = EXCLUDED.authority_role, semantic_type_iri = EXCLUDED.semantic_type_iri;

-- ----------------------------------------------------------------------------
-- Exceptions: Documented exceptions, fallbacks, and alternative handling. Aligns structurally with PKO fallback/alternative steps and requirements; the exception record itself is an ERB-PKO extension.
-- ----------------------------------------------------------------------------
INSERT INTO exceptions (exception_id, procedure_version, trigger_step, condition, handling, approval_role, fallback_role, status, semantic_type_iri)
VALUES ('exc-cfo-unavailable', 'close-v1.1.0', 'close-06', 'CFO unavailable during close', 'Delegate approval to the formally designated Acting CFO; never to the preparer.', 'cfo', 'controller', 'Active', 'urn:effortless:pko-extension#Exception') ON CONFLICT (exception_id) DO UPDATE SET procedure_version = EXCLUDED.procedure_version, trigger_step = EXCLUDED.trigger_step, condition = EXCLUDED.condition, handling = EXCLUDED.handling, approval_role = EXCLUDED.approval_role, fallback_role = EXCLUDED.fallback_role, status = EXCLUDED.status, semantic_type_iri = EXCLUDED.semantic_type_iri;

INSERT INTO exceptions (exception_id, procedure_version, trigger_step, condition, handling, approval_role, fallback_role, status, semantic_type_iri)
VALUES ('exc-ledger-outage', 'close-v1.1.0', 'close-02', 'ERP source unavailable', 'Use a digitally signed, timestamped snapshot and open a blocking incident; do not silently substitute a spreadsheet.', 'controller', 'close-automation', 'Active', 'urn:effortless:pko-extension#Exception') ON CONFLICT (exception_id) DO UPDATE SET procedure_version = EXCLUDED.procedure_version, trigger_step = EXCLUDED.trigger_step, condition = EXCLUDED.condition, handling = EXCLUDED.handling, approval_role = EXCLUDED.approval_role, fallback_role = EXCLUDED.fallback_role, status = EXCLUDED.status, semantic_type_iri = EXCLUDED.semantic_type_iri;

INSERT INTO exceptions (exception_id, procedure_version, trigger_step, condition, handling, approval_role, fallback_role, status, semantic_type_iri)
VALUES ('exc-no-sms-consent', 'policy-v1.0.0', 'policy-07', 'Recipient lacks SMS consent', 'Suppress SMS and send approved email only.', 'hr-policy-owner', 'notification-publisher', 'Active', 'urn:effortless:pko-extension#Exception') ON CONFLICT (exception_id) DO UPDATE SET procedure_version = EXCLUDED.procedure_version, trigger_step = EXCLUDED.trigger_step, condition = EXCLUDED.condition, handling = EXCLUDED.handling, approval_role = EXCLUDED.approval_role, fallback_role = EXCLUDED.fallback_role, status = EXCLUDED.status, semantic_type_iri = EXCLUDED.semantic_type_iri;

INSERT INTO exceptions (exception_id, procedure_version, trigger_step, condition, handling, approval_role, fallback_role, status, semantic_type_iri)
VALUES ('exc-unreachable', 'policy-v1.0.0', 'policy-08', 'Recipient unreachable', 'Create an HR case and route to the employee''s manager without marking acknowledgement complete.', 'hr-policy-owner', 'process-steward', 'Active', 'urn:effortless:pko-extension#Exception') ON CONFLICT (exception_id) DO UPDATE SET procedure_version = EXCLUDED.procedure_version, trigger_step = EXCLUDED.trigger_step, condition = EXCLUDED.condition, handling = EXCLUDED.handling, approval_role = EXCLUDED.approval_role, fallback_role = EXCLUDED.fallback_role, status = EXCLUDED.status, semantic_type_iri = EXCLUDED.semantic_type_iri;

-- ----------------------------------------------------------------------------
-- Resources: Documents, datasets, APIs, templates, images, manuals, and operational records referenced by procedures. Maps to dcat:Resource.
-- ----------------------------------------------------------------------------
INSERT INTO resources (resource_id, title, resource_kind, external_uri, created_at, modified_at, description, semantic_type_iri)
VALUES ('res-close-sop-pdf', 'Quarter-End Close SOP PDF', 'Document', 'doc://finance/close-sop-v1.0', '2025-10-01T09:00:00-05:00', '2026-04-01T09:00:00-05:00', 'Controlled source document from which the initial procedure was extracted.', 'http://www.w3.org/ns/dcat#Resource') ON CONFLICT (resource_id) DO UPDATE SET title = EXCLUDED.title, resource_kind = EXCLUDED.resource_kind, external_uri = EXCLUDED.external_uri, created_at = EXCLUDED.created_at, modified_at = EXCLUDED.modified_at, description = EXCLUDED.description, semantic_type_iri = EXCLUDED.semantic_type_iri;

INSERT INTO resources (resource_id, title, resource_kind, external_uri, created_at, modified_at, description, semantic_type_iri)
VALUES ('res-erp-api', 'ERP Ledger API', 'API', 'api://erp/general-ledger/v3', '2026-01-01T00:00:00-06:00', '2026-07-19T08:00:00-05:00', 'Live operational ledger and timestamp source.', 'http://www.w3.org/ns/dcat#Resource') ON CONFLICT (resource_id) DO UPDATE SET title = EXCLUDED.title, resource_kind = EXCLUDED.resource_kind, external_uri = EXCLUDED.external_uri, created_at = EXCLUDED.created_at, modified_at = EXCLUDED.modified_at, description = EXCLUDED.description, semantic_type_iri = EXCLUDED.semantic_type_iri;

INSERT INTO resources (resource_id, title, resource_kind, external_uri, created_at, modified_at, description, semantic_type_iri)
VALUES ('res-close-checklist', 'Close Control Checklist', 'Checklist', 'doc://finance/close-checklist-v1.1', '2026-04-15T09:00:00-05:00', '2026-07-02T15:00:00-05:00', 'Approved close evidence checklist.', 'http://www.w3.org/ns/dcat#Resource') ON CONFLICT (resource_id) DO UPDATE SET title = EXCLUDED.title, resource_kind = EXCLUDED.resource_kind, external_uri = EXCLUDED.external_uri, created_at = EXCLUDED.created_at, modified_at = EXCLUDED.modified_at, description = EXCLUDED.description, semantic_type_iri = EXCLUDED.semantic_type_iri;

INSERT INTO resources (resource_id, title, resource_kind, external_uri, created_at, modified_at, description, semantic_type_iri)
VALUES ('res-policy-source', 'Approved Workforce Policy Source', 'Document', 'doc://people/policy-remote-work-v3', '2026-06-01T09:00:00-05:00', '2026-07-18T16:30:00-05:00', 'Approved policy text and change rationale.', 'http://www.w3.org/ns/dcat#Resource') ON CONFLICT (resource_id) DO UPDATE SET title = EXCLUDED.title, resource_kind = EXCLUDED.resource_kind, external_uri = EXCLUDED.external_uri, created_at = EXCLUDED.created_at, modified_at = EXCLUDED.modified_at, description = EXCLUDED.description, semantic_type_iri = EXCLUDED.semantic_type_iri;

INSERT INTO resources (resource_id, title, resource_kind, external_uri, created_at, modified_at, description, semantic_type_iri)
VALUES ('res-consent-registry', 'Employee Communication Consent Registry', 'Dataset', 'data://hr/communication-consent', '2026-03-01T00:00:00-06:00', '2026-07-19T11:45:00-05:00', 'Live channel consent and preference data.', 'http://www.w3.org/ns/dcat#Resource') ON CONFLICT (resource_id) DO UPDATE SET title = EXCLUDED.title, resource_kind = EXCLUDED.resource_kind, external_uri = EXCLUDED.external_uri, created_at = EXCLUDED.created_at, modified_at = EXCLUDED.modified_at, description = EXCLUDED.description, semantic_type_iri = EXCLUDED.semantic_type_iri;

INSERT INTO resources (resource_id, title, resource_kind, external_uri, created_at, modified_at, description, semantic_type_iri)
VALUES ('res-email-template', 'Employee Policy Email Template', 'Template', 'template://people/policy-email-v2', '2026-06-01T09:00:00-05:00', '2026-07-18T16:30:00-05:00', 'Approved full-context email template.', 'http://www.w3.org/ns/dcat#Resource') ON CONFLICT (resource_id) DO UPDATE SET title = EXCLUDED.title, resource_kind = EXCLUDED.resource_kind, external_uri = EXCLUDED.external_uri, created_at = EXCLUDED.created_at, modified_at = EXCLUDED.modified_at, description = EXCLUDED.description, semantic_type_iri = EXCLUDED.semantic_type_iri;

INSERT INTO resources (resource_id, title, resource_kind, external_uri, created_at, modified_at, description, semantic_type_iri)
VALUES ('res-sms-template', 'Employee Policy SMS Template', 'Template', 'template://people/policy-sms-v2', '2026-06-01T09:00:00-05:00', '2026-07-18T16:30:00-05:00', 'Approved SMS template with opt-out text.', 'http://www.w3.org/ns/dcat#Resource') ON CONFLICT (resource_id) DO UPDATE SET title = EXCLUDED.title, resource_kind = EXCLUDED.resource_kind, external_uri = EXCLUDED.external_uri, created_at = EXCLUDED.created_at, modified_at = EXCLUDED.modified_at, description = EXCLUDED.description, semantic_type_iri = EXCLUDED.semantic_type_iri;

INSERT INTO resources (resource_id, title, resource_kind, external_uri, created_at, modified_at, description, semantic_type_iri)
VALUES ('res-change-ticket', 'Policy Change Ticket HR-4821', 'OperationalRecord', 'ticket://hr/HR-4821', '2026-07-18T09:00:00-05:00', '2026-07-19T10:30:00-05:00', 'Operational record that initiated and tracks the policy change.', 'http://www.w3.org/ns/dcat#Resource') ON CONFLICT (resource_id) DO UPDATE SET title = EXCLUDED.title, resource_kind = EXCLUDED.resource_kind, external_uri = EXCLUDED.external_uri, created_at = EXCLUDED.created_at, modified_at = EXCLUDED.modified_at, description = EXCLUDED.description, semantic_type_iri = EXCLUDED.semantic_type_iri;

-- ----------------------------------------------------------------------------
-- ProcedureResources: Links versioned procedures to supporting resources using PKO/dcterms provenance relations.
-- ----------------------------------------------------------------------------
INSERT INTO procedure_resources (procedure_resource_id, procedure_version, resource, relation)
VALUES ('pr-close-source', 'close-v1.1.0', 'res-close-sop-pdf', 'wasExtractedFrom') ON CONFLICT (procedure_resource_id) DO UPDATE SET procedure_version = EXCLUDED.procedure_version, resource = EXCLUDED.resource, relation = EXCLUDED.relation;

INSERT INTO procedure_resources (procedure_resource_id, procedure_version, resource, relation)
VALUES ('pr-close-api', 'close-v1.1.0', 'res-erp-api', 'references') ON CONFLICT (procedure_resource_id) DO UPDATE SET procedure_version = EXCLUDED.procedure_version, resource = EXCLUDED.resource, relation = EXCLUDED.relation;

INSERT INTO procedure_resources (procedure_resource_id, procedure_version, resource, relation)
VALUES ('pr-close-check', 'close-v1.1.0', 'res-close-checklist', 'references') ON CONFLICT (procedure_resource_id) DO UPDATE SET procedure_version = EXCLUDED.procedure_version, resource = EXCLUDED.resource, relation = EXCLUDED.relation;

INSERT INTO procedure_resources (procedure_resource_id, procedure_version, resource, relation)
VALUES ('pr-policy-source', 'policy-v1.0.0', 'res-policy-source', 'wasExtractedFrom') ON CONFLICT (procedure_resource_id) DO UPDATE SET procedure_version = EXCLUDED.procedure_version, resource = EXCLUDED.resource, relation = EXCLUDED.relation;

INSERT INTO procedure_resources (procedure_resource_id, procedure_version, resource, relation)
VALUES ('pr-policy-consent', 'policy-v1.0.0', 'res-consent-registry', 'references') ON CONFLICT (procedure_resource_id) DO UPDATE SET procedure_version = EXCLUDED.procedure_version, resource = EXCLUDED.resource, relation = EXCLUDED.relation;

INSERT INTO procedure_resources (procedure_resource_id, procedure_version, resource, relation)
VALUES ('pr-policy-email', 'policy-v1.0.0', 'res-email-template', 'references') ON CONFLICT (procedure_resource_id) DO UPDATE SET procedure_version = EXCLUDED.procedure_version, resource = EXCLUDED.resource, relation = EXCLUDED.relation;

INSERT INTO procedure_resources (procedure_resource_id, procedure_version, resource, relation)
VALUES ('pr-policy-sms', 'policy-v1.0.0', 'res-sms-template', 'references') ON CONFLICT (procedure_resource_id) DO UPDATE SET procedure_version = EXCLUDED.procedure_version, resource = EXCLUDED.resource, relation = EXCLUDED.relation;

INSERT INTO procedure_resources (procedure_resource_id, procedure_version, resource, relation)
VALUES ('pr-policy-ticket', 'policy-v1.0.0', 'res-change-ticket', 'references') ON CONFLICT (procedure_resource_id) DO UPDATE SET procedure_version = EXCLUDED.procedure_version, resource = EXCLUDED.resource, relation = EXCLUDED.relation;

-- ----------------------------------------------------------------------------
-- ElicitationSessions: Structured knowledge-elicitation events involving practitioners and knowledge engineers. Explicit ERB-PKO extension, modeled as prov:Activity.
-- ----------------------------------------------------------------------------
INSERT INTO elicitation_sessions (elicitation_session_id, procedure_version, method, started_at, ended_at, practitioner_agent, facilitator_agent, summary, status, semantic_type_iri)
VALUES ('elicit-close-shadow', 'close-v1.1.0', 'Shadowing', '2026-04-03T09:00:00-05:00', '2026-04-03T12:00:00-05:00', 'devon-okafor', 'maria-chen', 'Observed actual variance investigation and captured timestamp-related failure mode.', 'Approved', 'http://www.w3.org/ns/prov#Activity') ON CONFLICT (elicitation_session_id) DO UPDATE SET procedure_version = EXCLUDED.procedure_version, method = EXCLUDED.method, started_at = EXCLUDED.started_at, ended_at = EXCLUDED.ended_at, practitioner_agent = EXCLUDED.practitioner_agent, facilitator_agent = EXCLUDED.facilitator_agent, summary = EXCLUDED.summary, status = EXCLUDED.status, semantic_type_iri = EXCLUDED.semantic_type_iri;

INSERT INTO elicitation_sessions (elicitation_session_id, procedure_version, method, started_at, ended_at, practitioner_agent, facilitator_agent, summary, status, semantic_type_iri)
VALUES ('elicit-policy-workshop', 'policy-v1.0.0', 'FacilitatedWorkshop', '2026-05-10T10:00:00-05:00', '2026-05-10T14:00:00-05:00', 'elena-garcia', 'amina-yusuf', 'Mapped policy drafting, legal review, channel constraints, and acknowledgement exceptions.', 'Approved', 'http://www.w3.org/ns/prov#Activity') ON CONFLICT (elicitation_session_id) DO UPDATE SET procedure_version = EXCLUDED.procedure_version, method = EXCLUDED.method, started_at = EXCLUDED.started_at, ended_at = EXCLUDED.ended_at, practitioner_agent = EXCLUDED.practitioner_agent, facilitator_agent = EXCLUDED.facilitator_agent, summary = EXCLUDED.summary, status = EXCLUDED.status, semantic_type_iri = EXCLUDED.semantic_type_iri;

INSERT INTO elicitation_sessions (elicitation_session_id, procedure_version, method, started_at, ended_at, practitioner_agent, facilitator_agent, summary, status, semantic_type_iri)
VALUES ('elicit-policy-interview', 'policy-v1.0.0', 'PractitionerInterview', '2026-05-12T13:00:00-05:00', '2026-05-12T14:30:00-05:00', 'noah-williams', 'elena-garcia', 'Captured legal rationale and the boundary between AI drafting and human commitment.', 'Approved', 'http://www.w3.org/ns/prov#Activity') ON CONFLICT (elicitation_session_id) DO UPDATE SET procedure_version = EXCLUDED.procedure_version, method = EXCLUDED.method, started_at = EXCLUDED.started_at, ended_at = EXCLUDED.ended_at, practitioner_agent = EXCLUDED.practitioner_agent, facilitator_agent = EXCLUDED.facilitator_agent, summary = EXCLUDED.summary, status = EXCLUDED.status, semantic_type_iri = EXCLUDED.semantic_type_iri;

-- ----------------------------------------------------------------------------
-- KnowledgeFragments: Explicit records of tacit, implicit, explicit, and situated procedural knowledge. This is an ERB-PKO extension represented as provenance-bearing dcat:Resource instances.
-- ----------------------------------------------------------------------------
INSERT INTO knowledge_fragments (knowledge_fragment_id, procedure_version, step, knowledge_form, statement, elicitation_session, source_agent, confidence, valid_from, valid_to, status, owner_role, evaluation_context, semantic_type_iri)
VALUES ('kf-close-fx-time', 'close-v1.1.0', 'close-04', 'Tacit', 'When FX variance spikes near a daylight-saving cutover, compare each feed''s source timestamp before investigating economics.', 'elicit-close-shadow', 'devon-okafor', 'High', '2026-04-03T12:00:00-05:00', NULL, 'Approved', 'controller', 'eval-current', 'urn:effortless:pko-extension#KnowledgeFragment') ON CONFLICT (knowledge_fragment_id) DO UPDATE SET procedure_version = EXCLUDED.procedure_version, step = EXCLUDED.step, knowledge_form = EXCLUDED.knowledge_form, statement = EXCLUDED.statement, elicitation_session = EXCLUDED.elicitation_session, source_agent = EXCLUDED.source_agent, confidence = EXCLUDED.confidence, valid_from = EXCLUDED.valid_from, valid_to = EXCLUDED.valid_to, status = EXCLUDED.status, owner_role = EXCLUDED.owner_role, evaluation_context = EXCLUDED.evaluation_context, semantic_type_iri = EXCLUDED.semantic_type_iri;

INSERT INTO knowledge_fragments (knowledge_fragment_id, procedure_version, step, knowledge_form, statement, elicitation_session, source_agent, confidence, valid_from, valid_to, status, owner_role, evaluation_context, semantic_type_iri)
VALUES ('kf-close-top-ten', 'close-v1.1.0', 'close-04', 'Implicit', 'The controller normally reviews the ten largest unexplained variances even when each is below the individual materiality threshold.', 'elicit-close-shadow', 'devon-okafor', 'Medium', '2026-04-03T12:00:00-05:00', NULL, 'Approved', 'controller', 'eval-current', 'urn:effortless:pko-extension#KnowledgeFragment') ON CONFLICT (knowledge_fragment_id) DO UPDATE SET procedure_version = EXCLUDED.procedure_version, step = EXCLUDED.step, knowledge_form = EXCLUDED.knowledge_form, statement = EXCLUDED.statement, elicitation_session = EXCLUDED.elicitation_session, source_agent = EXCLUDED.source_agent, confidence = EXCLUDED.confidence, valid_from = EXCLUDED.valid_from, valid_to = EXCLUDED.valid_to, status = EXCLUDED.status, owner_role = EXCLUDED.owner_role, evaluation_context = EXCLUDED.evaluation_context, semantic_type_iri = EXCLUDED.semantic_type_iri;

INSERT INTO knowledge_fragments (knowledge_fragment_id, procedure_version, step, knowledge_form, statement, elicitation_session, source_agent, confidence, valid_from, valid_to, status, owner_role, evaluation_context, semantic_type_iri)
VALUES ('kf-close-retention', 'close-v1.1.0', 'close-08', 'Explicit', 'Close evidence is retained for seven years and must remain linked to the execution that produced it.', NULL, 'devon-okafor', 'High', '2026-04-15T09:00:00-05:00', NULL, 'Approved', 'controller', 'eval-current', 'urn:effortless:pko-extension#KnowledgeFragment') ON CONFLICT (knowledge_fragment_id) DO UPDATE SET procedure_version = EXCLUDED.procedure_version, step = EXCLUDED.step, knowledge_form = EXCLUDED.knowledge_form, statement = EXCLUDED.statement, elicitation_session = EXCLUDED.elicitation_session, source_agent = EXCLUDED.source_agent, confidence = EXCLUDED.confidence, valid_from = EXCLUDED.valid_from, valid_to = EXCLUDED.valid_to, status = EXCLUDED.status, owner_role = EXCLUDED.owner_role, evaluation_context = EXCLUDED.evaluation_context, semantic_type_iri = EXCLUDED.semantic_type_iri;

INSERT INTO knowledge_fragments (knowledge_fragment_id, procedure_version, step, knowledge_form, statement, elicitation_session, source_agent, confidence, valid_from, valid_to, status, owner_role, evaluation_context, semantic_type_iri)
VALUES ('kf-close-judgment', 'close-v1.1.0', 'close-04', 'SituatedJudgment', 'Escalate a variance when its pattern is anomalous or recurring, even if the net amount is below the numeric threshold.', 'elicit-close-shadow', 'devon-okafor', 'High', '2026-04-03T12:00:00-05:00', NULL, 'Approved', 'controller', 'eval-current', 'urn:effortless:pko-extension#KnowledgeFragment') ON CONFLICT (knowledge_fragment_id) DO UPDATE SET procedure_version = EXCLUDED.procedure_version, step = EXCLUDED.step, knowledge_form = EXCLUDED.knowledge_form, statement = EXCLUDED.statement, elicitation_session = EXCLUDED.elicitation_session, source_agent = EXCLUDED.source_agent, confidence = EXCLUDED.confidence, valid_from = EXCLUDED.valid_from, valid_to = EXCLUDED.valid_to, status = EXCLUDED.status, owner_role = EXCLUDED.owner_role, evaluation_context = EXCLUDED.evaluation_context, semantic_type_iri = EXCLUDED.semantic_type_iri;

INSERT INTO knowledge_fragments (knowledge_fragment_id, procedure_version, step, knowledge_form, statement, elicitation_session, source_agent, confidence, valid_from, valid_to, status, owner_role, evaluation_context, semantic_type_iri)
VALUES ('kf-policy-ai-boundary', 'policy-v1.0.0', 'policy-03', 'Explicit', 'AI may draft from approved sources but may not create new legal commitments or approve meaning.', 'elicit-policy-interview', 'noah-williams', 'High', '2026-05-12T14:30:00-05:00', NULL, 'Approved', 'employment-counsel', 'eval-current', 'urn:effortless:pko-extension#KnowledgeFragment') ON CONFLICT (knowledge_fragment_id) DO UPDATE SET procedure_version = EXCLUDED.procedure_version, step = EXCLUDED.step, knowledge_form = EXCLUDED.knowledge_form, statement = EXCLUDED.statement, elicitation_session = EXCLUDED.elicitation_session, source_agent = EXCLUDED.source_agent, confidence = EXCLUDED.confidence, valid_from = EXCLUDED.valid_from, valid_to = EXCLUDED.valid_to, status = EXCLUDED.status, owner_role = EXCLUDED.owner_role, evaluation_context = EXCLUDED.evaluation_context, semantic_type_iri = EXCLUDED.semantic_type_iri;

INSERT INTO knowledge_fragments (knowledge_fragment_id, procedure_version, step, knowledge_form, statement, elicitation_session, source_agent, confidence, valid_from, valid_to, status, owner_role, evaluation_context, semantic_type_iri)
VALUES ('kf-policy-channel', 'policy-v1.0.0', 'policy-07', 'Tacit', 'Employees respond faster to concise SMS notices, but disputes are resolved against the complete approved email and policy record.', 'elicit-policy-workshop', 'amina-yusuf', 'High', '2026-05-10T14:00:00-05:00', NULL, 'Approved', 'communications-manager', 'eval-current', 'urn:effortless:pko-extension#KnowledgeFragment') ON CONFLICT (knowledge_fragment_id) DO UPDATE SET procedure_version = EXCLUDED.procedure_version, step = EXCLUDED.step, knowledge_form = EXCLUDED.knowledge_form, statement = EXCLUDED.statement, elicitation_session = EXCLUDED.elicitation_session, source_agent = EXCLUDED.source_agent, confidence = EXCLUDED.confidence, valid_from = EXCLUDED.valid_from, valid_to = EXCLUDED.valid_to, status = EXCLUDED.status, owner_role = EXCLUDED.owner_role, evaluation_context = EXCLUDED.evaluation_context, semantic_type_iri = EXCLUDED.semantic_type_iri;

INSERT INTO knowledge_fragments (knowledge_fragment_id, procedure_version, step, knowledge_form, statement, elicitation_session, source_agent, confidence, valid_from, valid_to, status, owner_role, evaluation_context, semantic_type_iri)
VALUES ('kf-policy-manager-route', 'policy-v1.0.0', 'policy-08', 'Implicit', 'When an employee is unreachable for 48 hours, the communications team normally routes a case to the employee''s manager.', 'elicit-policy-workshop', 'amina-yusuf', 'Medium', '2026-05-10T14:00:00-05:00', NULL, 'Reviewed', 'hr-policy-owner', 'eval-current', 'urn:effortless:pko-extension#KnowledgeFragment') ON CONFLICT (knowledge_fragment_id) DO UPDATE SET procedure_version = EXCLUDED.procedure_version, step = EXCLUDED.step, knowledge_form = EXCLUDED.knowledge_form, statement = EXCLUDED.statement, elicitation_session = EXCLUDED.elicitation_session, source_agent = EXCLUDED.source_agent, confidence = EXCLUDED.confidence, valid_from = EXCLUDED.valid_from, valid_to = EXCLUDED.valid_to, status = EXCLUDED.status, owner_role = EXCLUDED.owner_role, evaluation_context = EXCLUDED.evaluation_context, semantic_type_iri = EXCLUDED.semantic_type_iri;

-- ----------------------------------------------------------------------------
-- KnowledgeGaps: Known unknowns and missing procedural coverage. Explicit ERB-PKO extension used to govern scope and prevent silent incompleteness.
-- ----------------------------------------------------------------------------
INSERT INTO knowledge_gaps (knowledge_gap_id, procedure_version, step, statement, severity, blocking_kind, status, owner_role, identified_at, resolution_plan, semantic_type_iri)
VALUES ('gap-close-dual-outage', 'close-v1.1.0', 'close-02', 'No validated fallback exists for simultaneous ERP and signed-snapshot repository outage.', 'High', 'Blocking', 'Resolved', 'controller', '2026-06-20T09:00:00-05:00', 'Resolved by adding offline signed export escrow.', 'urn:effortless:pko-extension#KnowledgeGap') ON CONFLICT (knowledge_gap_id) DO UPDATE SET procedure_version = EXCLUDED.procedure_version, step = EXCLUDED.step, statement = EXCLUDED.statement, severity = EXCLUDED.severity, blocking_kind = EXCLUDED.blocking_kind, status = EXCLUDED.status, owner_role = EXCLUDED.owner_role, identified_at = EXCLUDED.identified_at, resolution_plan = EXCLUDED.resolution_plan, semantic_type_iri = EXCLUDED.semantic_type_iri;

INSERT INTO knowledge_gaps (knowledge_gap_id, procedure_version, step, statement, severity, blocking_kind, status, owner_role, identified_at, resolution_plan, semantic_type_iri)
VALUES ('gap-policy-delivery-receipts', 'policy-v1.0.0', 'policy-08', 'SMS provider delivery receipts are not always final for ported numbers.', 'Medium', 'NonBlocking', 'Open', 'communications-manager', '2026-07-18T16:00:00-05:00', 'Pilot secondary delivery-status reconciliation.', 'urn:effortless:pko-extension#KnowledgeGap') ON CONFLICT (knowledge_gap_id) DO UPDATE SET procedure_version = EXCLUDED.procedure_version, step = EXCLUDED.step, statement = EXCLUDED.statement, severity = EXCLUDED.severity, blocking_kind = EXCLUDED.blocking_kind, status = EXCLUDED.status, owner_role = EXCLUDED.owner_role, identified_at = EXCLUDED.identified_at, resolution_plan = EXCLUDED.resolution_plan, semantic_type_iri = EXCLUDED.semantic_type_iri;

INSERT INTO knowledge_gaps (knowledge_gap_id, procedure_version, step, statement, severity, blocking_kind, status, owner_role, identified_at, resolution_plan, semantic_type_iri)
VALUES ('gap-close-sod-unwitnessed', 'close-v1.1.0', 'close-05', 'req-close-separation stated the preparer may not be the final approver, but nothing evaluated it. The control existed only as prose in a Requirements row, so a violation would have been invisible.', 'High', 'Blocking', 'Resolved', 'controller', '2026-07-19T17:30:00-05:00', 'Resolved by StepExecutions.ViolatesSeparationOfDuties, which counts preparation steps in the same procedure execution performed by the agent now approving. Verified by staging a breach (maria-chen approving se-close05 after preparing se-close03): the witness read TRUE. The staged breach was reverted; the control now reads FALSE because separation genuinely holds, not because nothing is checking.', 'urn:effortless:pko-extension#KnowledgeGap') ON CONFLICT (knowledge_gap_id) DO UPDATE SET procedure_version = EXCLUDED.procedure_version, step = EXCLUDED.step, statement = EXCLUDED.statement, severity = EXCLUDED.severity, blocking_kind = EXCLUDED.blocking_kind, status = EXCLUDED.status, owner_role = EXCLUDED.owner_role, identified_at = EXCLUDED.identified_at, resolution_plan = EXCLUDED.resolution_plan, semantic_type_iri = EXCLUDED.semantic_type_iri;

-- ----------------------------------------------------------------------------
-- FAQs: Frequently asked procedural questions. Maps to pko:FrequentlyAskedQuestion, question, answer, hasFAQCategory, and hasFAQTarget.
-- ----------------------------------------------------------------------------
INSERT INTO faqs (faq_id, procedure_version, step, category, target_kind, question, answer, semantic_type_iri)
VALUES ('faq-close-workpapers', 'close-v1.1.0', 'close-08', 'Storage', 'Procedure', 'Where are close workpapers stored?', 'In the controlled close evidence repository linked from the execution record; email attachments are not the system of record.', 'https://w3id.org/pko#FrequentlyAskedQuestion') ON CONFLICT (faq_id) DO UPDATE SET procedure_version = EXCLUDED.procedure_version, step = EXCLUDED.step, category = EXCLUDED.category, target_kind = EXCLUDED.target_kind, question = EXCLUDED.question, answer = EXCLUDED.answer, semantic_type_iri = EXCLUDED.semantic_type_iri;

INSERT INTO faqs (faq_id, procedure_version, step, category, target_kind, question, answer, semantic_type_iri)
VALUES ('faq-policy-ai', 'policy-v1.0.0', 'policy-03', 'Authority', 'Procedure', 'Can the drafting AI approve a workforce policy?', 'No. It may draft from approved sources, but a human policy owner and legal reviewer must approve the commitments.', 'https://w3id.org/pko#FrequentlyAskedQuestion') ON CONFLICT (faq_id) DO UPDATE SET procedure_version = EXCLUDED.procedure_version, step = EXCLUDED.step, category = EXCLUDED.category, target_kind = EXCLUDED.target_kind, question = EXCLUDED.question, answer = EXCLUDED.answer, semantic_type_iri = EXCLUDED.semantic_type_iri;

INSERT INTO faqs (faq_id, procedure_version, step, category, target_kind, question, answer, semantic_type_iri)
VALUES ('faq-policy-optout', 'policy-v1.0.0', 'policy-07', 'Consent', 'Step', 'What happens when an employee opts out of SMS?', 'The pipeline suppresses SMS and continues through the approved email channel.', 'https://w3id.org/pko#FrequentlyAskedQuestion') ON CONFLICT (faq_id) DO UPDATE SET procedure_version = EXCLUDED.procedure_version, step = EXCLUDED.step, category = EXCLUDED.category, target_kind = EXCLUDED.target_kind, question = EXCLUDED.question, answer = EXCLUDED.answer, semantic_type_iri = EXCLUDED.semantic_type_iri;

-- ----------------------------------------------------------------------------
-- Explanations: Explainable derivation artifacts associated with procedural decisions. Maps to pko:Explanation and pko:hasExplanation.
-- ----------------------------------------------------------------------------
INSERT INTO explanations (explanation_id, procedure_version, step, title, description, semantic_type_iri)
VALUES ('exp-close-variance', 'close-v1.1.0', 'close-04', 'Variance escalation explanation', 'Explains the derived path from source timestamps, materiality, recurrence, and anomaly classification to the escalation decision.', 'https://w3id.org/pko#Explanation') ON CONFLICT (explanation_id) DO UPDATE SET procedure_version = EXCLUDED.procedure_version, step = EXCLUDED.step, title = EXCLUDED.title, description = EXCLUDED.description, semantic_type_iri = EXCLUDED.semantic_type_iri;

INSERT INTO explanations (explanation_id, procedure_version, step, title, description, semantic_type_iri)
VALUES ('exp-policy-channel', 'policy-v1.0.0', 'policy-07', 'Channel eligibility explanation', 'Explains why each recipient received email, SMS, both, or an exception task based on consent and channel policy.', 'https://w3id.org/pko#Explanation') ON CONFLICT (explanation_id) DO UPDATE SET procedure_version = EXCLUDED.procedure_version, step = EXCLUDED.step, title = EXCLUDED.title, description = EXCLUDED.description, semantic_type_iri = EXCLUDED.semantic_type_iri;

-- ----------------------------------------------------------------------------
-- ProcedureExecutions: Concrete enactments of procedure specifications. Maps to pko:ProcedureExecution and remains separate from ProcedureVersions.
-- ----------------------------------------------------------------------------
INSERT INTO procedure_executions (procedure_execution_id, procedure_version, execution_status, started_at, ended_at, executed_by_agent, context, operational_record_uri, semantic_type_iri)
VALUES ('exec-close-2026-q2', 'close-v1.1.0', 'Completed', '2026-06-30T17:00:00-05:00', '2026-07-02T16:45:00-05:00', 'devon-okafor', 'Quarter ended 2026-06-30', 'execution://finance/close/2026-q2', 'https://w3id.org/pko#ProcedureExecution') ON CONFLICT (procedure_execution_id) DO UPDATE SET procedure_version = EXCLUDED.procedure_version, execution_status = EXCLUDED.execution_status, started_at = EXCLUDED.started_at, ended_at = EXCLUDED.ended_at, executed_by_agent = EXCLUDED.executed_by_agent, context = EXCLUDED.context, operational_record_uri = EXCLUDED.operational_record_uri, semantic_type_iri = EXCLUDED.semantic_type_iri;

INSERT INTO procedure_executions (procedure_execution_id, procedure_version, execution_status, started_at, ended_at, executed_by_agent, context, operational_record_uri, semantic_type_iri)
VALUES ('exec-policy-hr4821', 'policy-v1.0.0', 'InProgress', '2026-07-18T09:00:00-05:00', NULL, 'elena-garcia', 'Remote-work policy revision HR-4821', 'execution://people/policy/HR-4821', 'https://w3id.org/pko#ProcedureExecution') ON CONFLICT (procedure_execution_id) DO UPDATE SET procedure_version = EXCLUDED.procedure_version, execution_status = EXCLUDED.execution_status, started_at = EXCLUDED.started_at, ended_at = EXCLUDED.ended_at, executed_by_agent = EXCLUDED.executed_by_agent, context = EXCLUDED.context, operational_record_uri = EXCLUDED.operational_record_uri, semantic_type_iri = EXCLUDED.semantic_type_iri;

-- ----------------------------------------------------------------------------
-- StepExecutions: Concrete executions of specified steps. Maps to pko:StepExecution, hasExecutedStep, includesStepExecution, and nextStepExecution.
-- ----------------------------------------------------------------------------
INSERT INTO step_executions (step_execution_id, procedure_execution, step, executed_by_agent, execution_status, started_at, ended_at, verification_result, deviation, semantic_type_iri)
VALUES ('se-close01', 'exec-close-2026-q2', 'close-01', 'close-pipeline', 'Completed', '2026-06-30T17:00:00-05:00', '2026-06-30T17:04:00-05:00', 'PASS', '', 'https://w3id.org/pko#StepExecution') ON CONFLICT (step_execution_id) DO UPDATE SET procedure_execution = EXCLUDED.procedure_execution, step = EXCLUDED.step, executed_by_agent = EXCLUDED.executed_by_agent, execution_status = EXCLUDED.execution_status, started_at = EXCLUDED.started_at, ended_at = EXCLUDED.ended_at, verification_result = EXCLUDED.verification_result, deviation = EXCLUDED.deviation, semantic_type_iri = EXCLUDED.semantic_type_iri;

INSERT INTO step_executions (step_execution_id, procedure_execution, step, executed_by_agent, execution_status, started_at, ended_at, verification_result, deviation, semantic_type_iri)
VALUES ('se-close02', 'exec-close-2026-q2', 'close-02', 'close-pipeline', 'Completed', '2026-06-30T17:04:00-05:00', '2026-06-30T17:18:00-05:00', 'WARN', 'One source feed was 17 minutes old; controller approved rerun.', 'https://w3id.org/pko#StepExecution') ON CONFLICT (step_execution_id) DO UPDATE SET procedure_execution = EXCLUDED.procedure_execution, step = EXCLUDED.step, executed_by_agent = EXCLUDED.executed_by_agent, execution_status = EXCLUDED.execution_status, started_at = EXCLUDED.started_at, ended_at = EXCLUDED.ended_at, verification_result = EXCLUDED.verification_result, deviation = EXCLUDED.deviation, semantic_type_iri = EXCLUDED.semantic_type_iri;

INSERT INTO step_executions (step_execution_id, procedure_execution, step, executed_by_agent, execution_status, started_at, ended_at, verification_result, deviation, semantic_type_iri)
VALUES ('se-close03', 'exec-close-2026-q2', 'close-03', 'maria-chen', 'Completed', '2026-06-30T17:18:00-05:00', '2026-07-01T12:15:00-05:00', 'PASS', '', 'https://w3id.org/pko#StepExecution') ON CONFLICT (step_execution_id) DO UPDATE SET procedure_execution = EXCLUDED.procedure_execution, step = EXCLUDED.step, executed_by_agent = EXCLUDED.executed_by_agent, execution_status = EXCLUDED.execution_status, started_at = EXCLUDED.started_at, ended_at = EXCLUDED.ended_at, verification_result = EXCLUDED.verification_result, deviation = EXCLUDED.deviation, semantic_type_iri = EXCLUDED.semantic_type_iri;

INSERT INTO step_executions (step_execution_id, procedure_execution, step, executed_by_agent, execution_status, started_at, ended_at, verification_result, deviation, semantic_type_iri)
VALUES ('se-close04', 'exec-close-2026-q2', 'close-04', 'variance-ai', 'Completed', '2026-07-01T12:15:00-05:00', '2026-07-01T15:05:00-05:00', 'PASS', 'Human analyst confirmed all material escalations.', 'https://w3id.org/pko#StepExecution') ON CONFLICT (step_execution_id) DO UPDATE SET procedure_execution = EXCLUDED.procedure_execution, step = EXCLUDED.step, executed_by_agent = EXCLUDED.executed_by_agent, execution_status = EXCLUDED.execution_status, started_at = EXCLUDED.started_at, ended_at = EXCLUDED.ended_at, verification_result = EXCLUDED.verification_result, deviation = EXCLUDED.deviation, semantic_type_iri = EXCLUDED.semantic_type_iri;

INSERT INTO step_executions (step_execution_id, procedure_execution, step, executed_by_agent, execution_status, started_at, ended_at, verification_result, deviation, semantic_type_iri)
VALUES ('se-close05', 'exec-close-2026-q2', 'close-05', 'devon-okafor', 'Completed', '2026-07-01T15:05:00-05:00', '2026-07-01T16:10:00-05:00', 'PASS', '', 'https://w3id.org/pko#StepExecution') ON CONFLICT (step_execution_id) DO UPDATE SET procedure_execution = EXCLUDED.procedure_execution, step = EXCLUDED.step, executed_by_agent = EXCLUDED.executed_by_agent, execution_status = EXCLUDED.execution_status, started_at = EXCLUDED.started_at, ended_at = EXCLUDED.ended_at, verification_result = EXCLUDED.verification_result, deviation = EXCLUDED.deviation, semantic_type_iri = EXCLUDED.semantic_type_iri;

INSERT INTO step_executions (step_execution_id, procedure_execution, step, executed_by_agent, execution_status, started_at, ended_at, verification_result, deviation, semantic_type_iri)
VALUES ('se-close06', 'exec-close-2026-q2', 'close-06', 'priya-raman', 'Completed', '2026-07-02T09:00:00-05:00', '2026-07-02T09:22:00-05:00', 'PASS', '', 'https://w3id.org/pko#StepExecution') ON CONFLICT (step_execution_id) DO UPDATE SET procedure_execution = EXCLUDED.procedure_execution, step = EXCLUDED.step, executed_by_agent = EXCLUDED.executed_by_agent, execution_status = EXCLUDED.execution_status, started_at = EXCLUDED.started_at, ended_at = EXCLUDED.ended_at, verification_result = EXCLUDED.verification_result, deviation = EXCLUDED.deviation, semantic_type_iri = EXCLUDED.semantic_type_iri;

INSERT INTO step_executions (step_execution_id, procedure_execution, step, executed_by_agent, execution_status, started_at, ended_at, verification_result, deviation, semantic_type_iri)
VALUES ('se-close07', 'exec-close-2026-q2', 'close-07', 'close-pipeline', 'Completed', '2026-07-02T09:22:00-05:00', '2026-07-02T09:39:00-05:00', 'PASS', '', 'https://w3id.org/pko#StepExecution') ON CONFLICT (step_execution_id) DO UPDATE SET procedure_execution = EXCLUDED.procedure_execution, step = EXCLUDED.step, executed_by_agent = EXCLUDED.executed_by_agent, execution_status = EXCLUDED.execution_status, started_at = EXCLUDED.started_at, ended_at = EXCLUDED.ended_at, verification_result = EXCLUDED.verification_result, deviation = EXCLUDED.deviation, semantic_type_iri = EXCLUDED.semantic_type_iri;

INSERT INTO step_executions (step_execution_id, procedure_execution, step, executed_by_agent, execution_status, started_at, ended_at, verification_result, deviation, semantic_type_iri)
VALUES ('se-close08', 'exec-close-2026-q2', 'close-08', 'elena-garcia', 'Completed', '2026-07-02T14:00:00-05:00', '2026-07-02T16:45:00-05:00', 'PASS', 'Retrospective captured timestamp failure mode.', 'https://w3id.org/pko#StepExecution') ON CONFLICT (step_execution_id) DO UPDATE SET procedure_execution = EXCLUDED.procedure_execution, step = EXCLUDED.step, executed_by_agent = EXCLUDED.executed_by_agent, execution_status = EXCLUDED.execution_status, started_at = EXCLUDED.started_at, ended_at = EXCLUDED.ended_at, verification_result = EXCLUDED.verification_result, deviation = EXCLUDED.deviation, semantic_type_iri = EXCLUDED.semantic_type_iri;

INSERT INTO step_executions (step_execution_id, procedure_execution, step, executed_by_agent, execution_status, started_at, ended_at, verification_result, deviation, semantic_type_iri)
VALUES ('se-policy01', 'exec-policy-hr4821', 'policy-01', 'elena-garcia', 'Completed', '2026-07-18T09:00:00-05:00', '2026-07-18T09:24:00-05:00', 'PASS', '', 'https://w3id.org/pko#StepExecution') ON CONFLICT (step_execution_id) DO UPDATE SET procedure_execution = EXCLUDED.procedure_execution, step = EXCLUDED.step, executed_by_agent = EXCLUDED.executed_by_agent, execution_status = EXCLUDED.execution_status, started_at = EXCLUDED.started_at, ended_at = EXCLUDED.ended_at, verification_result = EXCLUDED.verification_result, deviation = EXCLUDED.deviation, semantic_type_iri = EXCLUDED.semantic_type_iri;

INSERT INTO step_executions (step_execution_id, procedure_execution, step, executed_by_agent, execution_status, started_at, ended_at, verification_result, deviation, semantic_type_iri)
VALUES ('se-policy02', 'exec-policy-hr4821', 'policy-02', 'elena-garcia', 'Completed', '2026-07-18T09:30:00-05:00', '2026-07-18T12:45:00-05:00', 'PASS', '', 'https://w3id.org/pko#StepExecution') ON CONFLICT (step_execution_id) DO UPDATE SET procedure_execution = EXCLUDED.procedure_execution, step = EXCLUDED.step, executed_by_agent = EXCLUDED.executed_by_agent, execution_status = EXCLUDED.execution_status, started_at = EXCLUDED.started_at, ended_at = EXCLUDED.ended_at, verification_result = EXCLUDED.verification_result, deviation = EXCLUDED.deviation, semantic_type_iri = EXCLUDED.semantic_type_iri;

INSERT INTO step_executions (step_execution_id, procedure_execution, step, executed_by_agent, execution_status, started_at, ended_at, verification_result, deviation, semantic_type_iri)
VALUES ('se-policy03', 'exec-policy-hr4821', 'policy-03', 'policy-drafting-ai', 'Completed', '2026-07-18T13:00:00-05:00', '2026-07-18T14:02:00-05:00', 'PASS', '', 'https://w3id.org/pko#StepExecution') ON CONFLICT (step_execution_id) DO UPDATE SET procedure_execution = EXCLUDED.procedure_execution, step = EXCLUDED.step, executed_by_agent = EXCLUDED.executed_by_agent, execution_status = EXCLUDED.execution_status, started_at = EXCLUDED.started_at, ended_at = EXCLUDED.ended_at, verification_result = EXCLUDED.verification_result, deviation = EXCLUDED.deviation, semantic_type_iri = EXCLUDED.semantic_type_iri;

INSERT INTO step_executions (step_execution_id, procedure_execution, step, executed_by_agent, execution_status, started_at, ended_at, verification_result, deviation, semantic_type_iri)
VALUES ('se-policy04', 'exec-policy-hr4821', 'policy-04', 'noah-williams', 'InProgress', '2026-07-19T09:00:00-05:00', NULL, 'PENDING', 'Legal review in progress.', 'https://w3id.org/pko#StepExecution') ON CONFLICT (step_execution_id) DO UPDATE SET procedure_execution = EXCLUDED.procedure_execution, step = EXCLUDED.step, executed_by_agent = EXCLUDED.executed_by_agent, execution_status = EXCLUDED.execution_status, started_at = EXCLUDED.started_at, ended_at = EXCLUDED.ended_at, verification_result = EXCLUDED.verification_result, deviation = EXCLUDED.deviation, semantic_type_iri = EXCLUDED.semantic_type_iri;

-- ----------------------------------------------------------------------------
-- RequirementSatisfactions: Execution-time evaluations of requirements. Maps to pko:RequirementSatisfaction, refersToRequirement, and hasRequirementSatisfactionLevel.
-- ----------------------------------------------------------------------------
INSERT INTO requirement_satisfactions (requirement_satisfaction_id, step_execution, requirement, satisfaction_level, evidence, evaluated_by_agent, evaluated_at, semantic_type_iri)
VALUES ('sat-close-cutoff', 'se-close01', 'req-close-cutoff', 'Satisfied', 'ERP lock event verified.', 'devon-okafor', '2026-07-19T10:00:00-05:00', 'https://w3id.org/pko#RequirementSatisfaction') ON CONFLICT (requirement_satisfaction_id) DO UPDATE SET step_execution = EXCLUDED.step_execution, requirement = EXCLUDED.requirement, satisfaction_level = EXCLUDED.satisfaction_level, evidence = EXCLUDED.evidence, evaluated_by_agent = EXCLUDED.evaluated_by_agent, evaluated_at = EXCLUDED.evaluated_at, semantic_type_iri = EXCLUDED.semantic_type_iri;

INSERT INTO requirement_satisfactions (requirement_satisfaction_id, step_execution, requirement, satisfaction_level, evidence, evaluated_by_agent, evaluated_at, semantic_type_iri)
VALUES ('sat-close-balance', 'se-close03', 'req-close-balance', 'Satisfied', 'No unexplained material balance remained.', 'devon-okafor', '2026-07-19T10:00:00-05:00', 'https://w3id.org/pko#RequirementSatisfaction') ON CONFLICT (requirement_satisfaction_id) DO UPDATE SET step_execution = EXCLUDED.step_execution, requirement = EXCLUDED.requirement, satisfaction_level = EXCLUDED.satisfaction_level, evidence = EXCLUDED.evidence, evaluated_by_agent = EXCLUDED.evaluated_by_agent, evaluated_at = EXCLUDED.evaluated_at, semantic_type_iri = EXCLUDED.semantic_type_iri;

INSERT INTO requirement_satisfactions (requirement_satisfaction_id, step_execution, requirement, satisfaction_level, evidence, evaluated_by_agent, evaluated_at, semantic_type_iri)
VALUES ('sat-close-separation', 'se-close05', 'req-close-separation', 'Satisfied', 'Preparer and reviewer were different agents.', 'priya-raman', '2026-07-19T10:00:00-05:00', 'https://w3id.org/pko#RequirementSatisfaction') ON CONFLICT (requirement_satisfaction_id) DO UPDATE SET step_execution = EXCLUDED.step_execution, requirement = EXCLUDED.requirement, satisfaction_level = EXCLUDED.satisfaction_level, evidence = EXCLUDED.evidence, evaluated_by_agent = EXCLUDED.evaluated_by_agent, evaluated_at = EXCLUDED.evaluated_at, semantic_type_iri = EXCLUDED.semantic_type_iri;

INSERT INTO requirement_satisfactions (requirement_satisfaction_id, step_execution, requirement, satisfaction_level, evidence, evaluated_by_agent, evaluated_at, semantic_type_iri)
VALUES ('sat-close-human', 'se-close06', 'req-close-human-approval', 'Satisfied', 'Human CFO approval recorded.', 'priya-raman', '2026-07-19T10:00:00-05:00', 'https://w3id.org/pko#RequirementSatisfaction') ON CONFLICT (requirement_satisfaction_id) DO UPDATE SET step_execution = EXCLUDED.step_execution, requirement = EXCLUDED.requirement, satisfaction_level = EXCLUDED.satisfaction_level, evidence = EXCLUDED.evidence, evaluated_by_agent = EXCLUDED.evaluated_by_agent, evaluated_at = EXCLUDED.evaluated_at, semantic_type_iri = EXCLUDED.semantic_type_iri;

INSERT INTO requirement_satisfactions (requirement_satisfaction_id, step_execution, requirement, satisfaction_level, evidence, evaluated_by_agent, evaluated_at, semantic_type_iri)
VALUES ('sat-policy-source', 'se-policy03', 'req-policy-source', 'Satisfied', 'Draft provenance contains only approved source and elicitation records.', 'elena-garcia', '2026-07-19T10:00:00-05:00', 'https://w3id.org/pko#RequirementSatisfaction') ON CONFLICT (requirement_satisfaction_id) DO UPDATE SET step_execution = EXCLUDED.step_execution, requirement = EXCLUDED.requirement, satisfaction_level = EXCLUDED.satisfaction_level, evidence = EXCLUDED.evidence, evaluated_by_agent = EXCLUDED.evaluated_by_agent, evaluated_at = EXCLUDED.evaluated_at, semantic_type_iri = EXCLUDED.semantic_type_iri;

INSERT INTO requirement_satisfactions (requirement_satisfaction_id, step_execution, requirement, satisfaction_level, evidence, evaluated_by_agent, evaluated_at, semantic_type_iri)
VALUES ('sat-policy-legal', 'se-policy04', 'req-policy-legal', 'PartiallySatisfied', 'Review started; final approval pending.', 'noah-williams', '2026-07-19T10:00:00-05:00', 'https://w3id.org/pko#RequirementSatisfaction') ON CONFLICT (requirement_satisfaction_id) DO UPDATE SET step_execution = EXCLUDED.step_execution, requirement = EXCLUDED.requirement, satisfaction_level = EXCLUDED.satisfaction_level, evidence = EXCLUDED.evidence, evaluated_by_agent = EXCLUDED.evaluated_by_agent, evaluated_at = EXCLUDED.evaluated_at, semantic_type_iri = EXCLUDED.semantic_type_iri;

INSERT INTO requirement_satisfactions (requirement_satisfaction_id, step_execution, requirement, satisfaction_level, evidence, evaluated_by_agent, evaluated_at, semantic_type_iri)
VALUES ('sat-close-evidence', 'se-close03', 'req-close-evidence', 'Unsatisfied', 'Reconciliation workpapers were attached to a personal drive, not the 7-year retention archive.', 'devon-okafor', '2026-07-19T10:00:00-05:00', 'https://w3id.org/pko#Requirement') ON CONFLICT (requirement_satisfaction_id) DO UPDATE SET step_execution = EXCLUDED.step_execution, requirement = EXCLUDED.requirement, satisfaction_level = EXCLUDED.satisfaction_level, evidence = EXCLUDED.evidence, evaluated_by_agent = EXCLUDED.evaluated_by_agent, evaluated_at = EXCLUDED.evaluated_at, semantic_type_iri = EXCLUDED.semantic_type_iri;

INSERT INTO requirement_satisfactions (requirement_satisfaction_id, step_execution, requirement, satisfaction_level, evidence, evaluated_by_agent, evaluated_at, semantic_type_iri)
VALUES ('sat-close08-evidence', 'se-close08', 'req-close-evidence', 'Satisfied', 'Close package archived to the retention system with a 7-year hold.', 'devon-okafor', '2026-07-19T14:05:00-05:00', 'https://w3id.org/pko#Requirement') ON CONFLICT (requirement_satisfaction_id) DO UPDATE SET step_execution = EXCLUDED.step_execution, requirement = EXCLUDED.requirement, satisfaction_level = EXCLUDED.satisfaction_level, evidence = EXCLUDED.evidence, evaluated_by_agent = EXCLUDED.evaluated_by_agent, evaluated_at = EXCLUDED.evaluated_at, semantic_type_iri = EXCLUDED.semantic_type_iri;

-- ----------------------------------------------------------------------------
-- Errors: Reusable error definitions encountered during execution. Maps to pko:Error, errorCode, and errorCause.
-- ----------------------------------------------------------------------------
INSERT INTO errors (error_id, label, error_code, error_cause, semantic_type_iri)
VALUES ('err-feed-stale', 'Source feed timestamp too old', 'FEED-STALE', 'Source integration lag or daylight-saving timestamp normalization issue.', 'https://w3id.org/pko#Error') ON CONFLICT (error_id) DO UPDATE SET label = EXCLUDED.label, error_code = EXCLUDED.error_code, error_cause = EXCLUDED.error_cause, semantic_type_iri = EXCLUDED.semantic_type_iri;

INSERT INTO errors (error_id, label, error_code, error_cause, semantic_type_iri)
VALUES ('err-sms-throttle', 'SMS provider throttled requests', 'SMS-429', 'Provider rate limit or temporary carrier congestion.', 'https://w3id.org/pko#Error') ON CONFLICT (error_id) DO UPDATE SET label = EXCLUDED.label, error_code = EXCLUDED.error_code, error_cause = EXCLUDED.error_cause, semantic_type_iri = EXCLUDED.semantic_type_iri;

-- ----------------------------------------------------------------------------
-- IssueOccurrences: Concrete issue events during execution. Maps to pko:IssueOccurrence, hasEncounteredError, wasEncounteredBy, issueCause, and issueSolution.
-- ----------------------------------------------------------------------------
INSERT INTO issue_occurrences (issue_occurrence_id, step_execution, error, encountered_by_agent, occurred_at, issue_cause, issue_solution, status, semantic_type_iri)
VALUES ('issue-close-feed', 'se-close02', 'err-feed-stale', 'close-pipeline', '2026-06-30T17:12:00-05:00', 'One feed was 17 minutes old.', 'Reran extraction after source timestamp normalized; added explicit timestamp knowledge fragment.', 'Resolved', 'https://w3id.org/pko#IssueOccurrence') ON CONFLICT (issue_occurrence_id) DO UPDATE SET step_execution = EXCLUDED.step_execution, error = EXCLUDED.error, encountered_by_agent = EXCLUDED.encountered_by_agent, occurred_at = EXCLUDED.occurred_at, issue_cause = EXCLUDED.issue_cause, issue_solution = EXCLUDED.issue_solution, status = EXCLUDED.status, semantic_type_iri = EXCLUDED.semantic_type_iri;

INSERT INTO issue_occurrences (issue_occurrence_id, step_execution, error, encountered_by_agent, occurred_at, issue_cause, issue_solution, status, semantic_type_iri)
VALUES ('issue-policy-sms', 'se-policy04', 'err-sms-throttle', 'notification-pipeline', '2026-07-19T09:30:00-05:00', 'Synthetic channel test observed provider throttling.', 'Queue with exponential backoff and preserve recipient-local quiet-hours constraint.', 'Monitoring', 'https://w3id.org/pko#IssueOccurrence') ON CONFLICT (issue_occurrence_id) DO UPDATE SET step_execution = EXCLUDED.step_execution, error = EXCLUDED.error, encountered_by_agent = EXCLUDED.encountered_by_agent, occurred_at = EXCLUDED.occurred_at, issue_cause = EXCLUDED.issue_cause, issue_solution = EXCLUDED.issue_solution, status = EXCLUDED.status, semantic_type_iri = EXCLUDED.semantic_type_iri;

-- ----------------------------------------------------------------------------
-- UserQuestions: Questions asked by agents during execution. Maps to pko:UserQuestionOccurrence, questionByUser, wasAskedBy, and isQuestionAddressedBy.
-- ----------------------------------------------------------------------------
INSERT INTO user_questions (user_question_id, step_execution, asked_by_agent, asked_at, question_text, resolved_by_faq, addressed_by_resource, status, semantic_type_iri)
VALUES ('q-close-fx', 'se-close04', 'devon-okafor', '2026-07-01T13:10:00-05:00', 'Why did the FX variance appear only after the cutover?', 'faq-close-workpapers', 'res-close-sop-pdf', 'Answered', 'https://w3id.org/pko#UserQuestionOccurrence') ON CONFLICT (user_question_id) DO UPDATE SET step_execution = EXCLUDED.step_execution, asked_by_agent = EXCLUDED.asked_by_agent, asked_at = EXCLUDED.asked_at, question_text = EXCLUDED.question_text, resolved_by_faq = EXCLUDED.resolved_by_faq, addressed_by_resource = EXCLUDED.addressed_by_resource, status = EXCLUDED.status, semantic_type_iri = EXCLUDED.semantic_type_iri;

INSERT INTO user_questions (user_question_id, step_execution, asked_by_agent, asked_at, question_text, resolved_by_faq, addressed_by_resource, status, semantic_type_iri)
VALUES ('q-policy-ai', 'se-policy03', 'elena-garcia', '2026-07-18T13:20:00-05:00', 'Can the drafting AI add a new legal exception if it seems reasonable?', 'faq-policy-ai', 'res-policy-source', 'Answered', 'https://w3id.org/pko#UserQuestionOccurrence') ON CONFLICT (user_question_id) DO UPDATE SET step_execution = EXCLUDED.step_execution, asked_by_agent = EXCLUDED.asked_by_agent, asked_at = EXCLUDED.asked_at, question_text = EXCLUDED.question_text, resolved_by_faq = EXCLUDED.resolved_by_faq, addressed_by_resource = EXCLUDED.addressed_by_resource, status = EXCLUDED.status, semantic_type_iri = EXCLUDED.semantic_type_iri;

-- ----------------------------------------------------------------------------
-- UserFeedback: Feedback supplied by users about a procedure or execution. Maps to pko:UserFeedbackOccurrence, feedbackOnProcedureExecution, and wasProvidedBy.
-- ----------------------------------------------------------------------------
INSERT INTO user_feedback (user_feedback_id, procedure_execution, provided_by_agent, provided_at, feedback_text, disposition, change_request_key, semantic_type_iri)
VALUES ('fb-close-retro', 'exec-close-2026-q2', 'devon-okafor', '2026-07-02T16:30:00-05:00', 'The feed timestamp check should be a required precondition, not a troubleshooting note.', 'Accepted', 'cr-close-timestamp', 'https://w3id.org/pko#UserFeedbackOccurrence') ON CONFLICT (user_feedback_id) DO UPDATE SET procedure_execution = EXCLUDED.procedure_execution, provided_by_agent = EXCLUDED.provided_by_agent, provided_at = EXCLUDED.provided_at, feedback_text = EXCLUDED.feedback_text, disposition = EXCLUDED.disposition, change_request_key = EXCLUDED.change_request_key, semantic_type_iri = EXCLUDED.semantic_type_iri;

INSERT INTO user_feedback (user_feedback_id, procedure_execution, provided_by_agent, provided_at, feedback_text, disposition, change_request_key, semantic_type_iri)
VALUES ('fb-policy-sms', 'exec-policy-hr4821', 'amina-yusuf', '2026-07-19T10:30:00-05:00', 'Add a secondary path for employees whose carrier reports a delayed delivery receipt.', 'UnderReview', 'cr-policy-delivery', 'https://w3id.org/pko#UserFeedbackOccurrence') ON CONFLICT (user_feedback_id) DO UPDATE SET procedure_execution = EXCLUDED.procedure_execution, provided_by_agent = EXCLUDED.provided_by_agent, provided_at = EXCLUDED.provided_at, feedback_text = EXCLUDED.feedback_text, disposition = EXCLUDED.disposition, change_request_key = EXCLUDED.change_request_key, semantic_type_iri = EXCLUDED.semantic_type_iri;

-- ----------------------------------------------------------------------------
-- StewardshipAssignments: Separates ongoing stewardship from authority to approve semantic commitments. Explicit ERB-PKO governance extension.
-- ----------------------------------------------------------------------------
INSERT INTO stewardship_assignments (stewardship_assignment_id, procedure_version, steward_role, authority_role, valid_from, valid_to, review_cadence_days, semantic_type_iri)
VALUES ('stew-close', 'close-v1.1.0', 'process-steward', 'knowledge-authority', '2026-04-15T09:00:00-05:00', NULL, 90, 'urn:effortless:pko-extension#StewardshipAssignment') ON CONFLICT (stewardship_assignment_id) DO UPDATE SET procedure_version = EXCLUDED.procedure_version, steward_role = EXCLUDED.steward_role, authority_role = EXCLUDED.authority_role, valid_from = EXCLUDED.valid_from, valid_to = EXCLUDED.valid_to, review_cadence_days = EXCLUDED.review_cadence_days, semantic_type_iri = EXCLUDED.semantic_type_iri;

INSERT INTO stewardship_assignments (stewardship_assignment_id, procedure_version, steward_role, authority_role, valid_from, valid_to, review_cadence_days, semantic_type_iri)
VALUES ('stew-policy', 'policy-v1.0.0', 'process-steward', 'hr-policy-owner', '2026-06-01T09:00:00-05:00', NULL, 60, 'urn:effortless:pko-extension#StewardshipAssignment') ON CONFLICT (stewardship_assignment_id) DO UPDATE SET procedure_version = EXCLUDED.procedure_version, steward_role = EXCLUDED.steward_role, authority_role = EXCLUDED.authority_role, valid_from = EXCLUDED.valid_from, valid_to = EXCLUDED.valid_to, review_cadence_days = EXCLUDED.review_cadence_days, semantic_type_iri = EXCLUDED.semantic_type_iri;

-- ----------------------------------------------------------------------------
-- ChangeRequests: Governed requests for semantic or operational change, anchored to a procedure version and authority. Explicit ERB-PKO extension.
-- ----------------------------------------------------------------------------
INSERT INTO change_requests (change_request_id, procedure_version, title, change_kind, status, requested_by_agent, authority_role, requested_at, decided_at, impact_assessment, semantic_type_iri)
VALUES ('cr-close-timestamp', 'close-v1.1.0', 'Add source timestamp as blocking verification', 'Defect', 'Approved', 'devon-okafor', 'knowledge-authority', '2026-07-02T16:30:00-05:00', '2026-07-03T11:00:00-05:00', 'Adds requirement and verification; no breaking class change.', 'urn:effortless:pko-extension#ChangeRequest') ON CONFLICT (change_request_id) DO UPDATE SET procedure_version = EXCLUDED.procedure_version, title = EXCLUDED.title, change_kind = EXCLUDED.change_kind, status = EXCLUDED.status, requested_by_agent = EXCLUDED.requested_by_agent, authority_role = EXCLUDED.authority_role, requested_at = EXCLUDED.requested_at, decided_at = EXCLUDED.decided_at, impact_assessment = EXCLUDED.impact_assessment, semantic_type_iri = EXCLUDED.semantic_type_iri;

INSERT INTO change_requests (change_request_id, procedure_version, title, change_kind, status, requested_by_agent, authority_role, requested_at, decided_at, impact_assessment, semantic_type_iri)
VALUES ('cr-policy-delivery', 'policy-v1.0.0', 'Add secondary delivery receipt reconciliation', 'Enhancement', 'UnderReview', 'amina-yusuf', 'hr-policy-owner', '2026-07-19T10:30:00-05:00', NULL, 'May add a step or fallback transition and operational binding.', 'urn:effortless:pko-extension#ChangeRequest') ON CONFLICT (change_request_id) DO UPDATE SET procedure_version = EXCLUDED.procedure_version, title = EXCLUDED.title, change_kind = EXCLUDED.change_kind, status = EXCLUDED.status, requested_by_agent = EXCLUDED.requested_by_agent, authority_role = EXCLUDED.authority_role, requested_at = EXCLUDED.requested_at, decided_at = EXCLUDED.decided_at, impact_assessment = EXCLUDED.impact_assessment, semantic_type_iri = EXCLUDED.semantic_type_iri;

-- ----------------------------------------------------------------------------
-- ReviewEvents: Periodic governance reviews that test competency coverage, staleness, and semantic integrity. Explicit ERB-PKO extension represented as prov:Activity.
-- ----------------------------------------------------------------------------
INSERT INTO review_events (review_event_id, procedure_version, review_kind, reviewed_at, reviewed_by_agent, outcome, related_change_request, next_review_due, evaluation_context, semantic_type_iri)
VALUES ('review-close-q2', 'close-v1.1.0', 'QuarterlySemanticReview', '2026-07-02T16:00:00-05:00', 'devon-okafor', 'PassedWithChange', 'cr-close-timestamp', '2026-09-30T16:00:00-05:00', 'eval-current', 'http://www.w3.org/ns/prov#Activity') ON CONFLICT (review_event_id) DO UPDATE SET procedure_version = EXCLUDED.procedure_version, review_kind = EXCLUDED.review_kind, reviewed_at = EXCLUDED.reviewed_at, reviewed_by_agent = EXCLUDED.reviewed_by_agent, outcome = EXCLUDED.outcome, related_change_request = EXCLUDED.related_change_request, next_review_due = EXCLUDED.next_review_due, evaluation_context = EXCLUDED.evaluation_context, semantic_type_iri = EXCLUDED.semantic_type_iri;

INSERT INTO review_events (review_event_id, procedure_version, review_kind, reviewed_at, reviewed_by_agent, outcome, related_change_request, next_review_due, evaluation_context, semantic_type_iri)
VALUES ('review-policy-prelaunch', 'policy-v1.0.0', 'PreLaunchReview', '2026-07-18T16:00:00-05:00', 'elena-garcia', 'Passed', 'cr-policy-delivery', '2026-09-16T16:00:00-05:00', 'eval-current', 'http://www.w3.org/ns/prov#Activity') ON CONFLICT (review_event_id) DO UPDATE SET procedure_version = EXCLUDED.procedure_version, review_kind = EXCLUDED.review_kind, reviewed_at = EXCLUDED.reviewed_at, reviewed_by_agent = EXCLUDED.reviewed_by_agent, outcome = EXCLUDED.outcome, related_change_request = EXCLUDED.related_change_request, next_review_due = EXCLUDED.next_review_due, evaluation_context = EXCLUDED.evaluation_context, semantic_type_iri = EXCLUDED.semantic_type_iri;

-- ----------------------------------------------------------------------------
-- LearningActivities: Learning, retrospective, tabletop, and onboarding activities that convert execution experience into maintained knowledge. Explicit ERB-PKO extension represented as prov:Activity.
-- ----------------------------------------------------------------------------
INSERT INTO learning_activities (learning_activity_id, community_of_practice, procedure_version, activity_kind, occurred_at, facilitator_agent, outcome, evidence_resource, semantic_type_iri)
VALUES ('learn-close-retro', 'close-practice-guild', 'close-v1.1.0', 'Retrospective', '2026-07-02T15:30:00-05:00', 'devon-okafor', 'Captured feed timestamp failure mode and updated the rulebook.', 'res-close-checklist', 'http://www.w3.org/ns/prov#Activity') ON CONFLICT (learning_activity_id) DO UPDATE SET community_of_practice = EXCLUDED.community_of_practice, procedure_version = EXCLUDED.procedure_version, activity_kind = EXCLUDED.activity_kind, occurred_at = EXCLUDED.occurred_at, facilitator_agent = EXCLUDED.facilitator_agent, outcome = EXCLUDED.outcome, evidence_resource = EXCLUDED.evidence_resource, semantic_type_iri = EXCLUDED.semantic_type_iri;

INSERT INTO learning_activities (learning_activity_id, community_of_practice, procedure_version, activity_kind, occurred_at, facilitator_agent, outcome, evidence_resource, semantic_type_iri)
VALUES ('learn-policy-tabletop', 'policy-stewards-circle', 'policy-v1.0.0', 'TabletopExercise', '2026-07-15T13:00:00-05:00', 'elena-garcia', 'Tested consent, quiet-hours, and unreachable-recipient exceptions.', 'res-sms-template', 'http://www.w3.org/ns/prov#Activity') ON CONFLICT (learning_activity_id) DO UPDATE SET community_of_practice = EXCLUDED.community_of_practice, procedure_version = EXCLUDED.procedure_version, activity_kind = EXCLUDED.activity_kind, occurred_at = EXCLUDED.occurred_at, facilitator_agent = EXCLUDED.facilitator_agent, outcome = EXCLUDED.outcome, evidence_resource = EXCLUDED.evidence_resource, semantic_type_iri = EXCLUDED.semantic_type_iri;

-- ----------------------------------------------------------------------------
-- OperationalBindings: Live bindings between procedural semantics and operational data/resources. Explicit ERB-PKO extension using DCAT/DCMI/PROV identifiers.
-- ----------------------------------------------------------------------------
INSERT INTO operational_bindings (operational_binding_id, procedure_version, step, resource, access_mode, record_or_schema_key, last_observed_at, freshness_sla_minutes, is_authoritative, evaluation_context, semantic_type_iri)
VALUES ('bind-close-erp', 'close-v1.1.0', 'close-02', 'res-erp-api', 'Read', 'GeneralLedger.TrialBalance', '2026-07-19T12:43:00-05:00', 15, TRUE, 'eval-current', 'urn:effortless:pko-extension#OperationalBinding') ON CONFLICT (operational_binding_id) DO UPDATE SET procedure_version = EXCLUDED.procedure_version, step = EXCLUDED.step, resource = EXCLUDED.resource, access_mode = EXCLUDED.access_mode, record_or_schema_key = EXCLUDED.record_or_schema_key, last_observed_at = EXCLUDED.last_observed_at, freshness_sla_minutes = EXCLUDED.freshness_sla_minutes, is_authoritative = EXCLUDED.is_authoritative, evaluation_context = EXCLUDED.evaluation_context, semantic_type_iri = EXCLUDED.semantic_type_iri;

INSERT INTO operational_bindings (operational_binding_id, procedure_version, step, resource, access_mode, record_or_schema_key, last_observed_at, freshness_sla_minutes, is_authoritative, evaluation_context, semantic_type_iri)
VALUES ('bind-policy-ticket', 'policy-v1.0.0', 'policy-01', 'res-change-ticket', 'ReadWrite', 'HR.ChangeTicket', '2026-07-19T11:50:00-05:00', 30, TRUE, 'eval-current', 'urn:effortless:pko-extension#OperationalBinding') ON CONFLICT (operational_binding_id) DO UPDATE SET procedure_version = EXCLUDED.procedure_version, step = EXCLUDED.step, resource = EXCLUDED.resource, access_mode = EXCLUDED.access_mode, record_or_schema_key = EXCLUDED.record_or_schema_key, last_observed_at = EXCLUDED.last_observed_at, freshness_sla_minutes = EXCLUDED.freshness_sla_minutes, is_authoritative = EXCLUDED.is_authoritative, evaluation_context = EXCLUDED.evaluation_context, semantic_type_iri = EXCLUDED.semantic_type_iri;

INSERT INTO operational_bindings (operational_binding_id, procedure_version, step, resource, access_mode, record_or_schema_key, last_observed_at, freshness_sla_minutes, is_authoritative, evaluation_context, semantic_type_iri)
VALUES ('bind-policy-consent', 'policy-v1.0.0', 'policy-07', 'res-consent-registry', 'Read', 'HR.CommunicationConsent', '2026-07-19T11:45:00-05:00', 15, TRUE, 'eval-current', 'urn:effortless:pko-extension#OperationalBinding') ON CONFLICT (operational_binding_id) DO UPDATE SET procedure_version = EXCLUDED.procedure_version, step = EXCLUDED.step, resource = EXCLUDED.resource, access_mode = EXCLUDED.access_mode, record_or_schema_key = EXCLUDED.record_or_schema_key, last_observed_at = EXCLUDED.last_observed_at, freshness_sla_minutes = EXCLUDED.freshness_sla_minutes, is_authoritative = EXCLUDED.is_authoritative, evaluation_context = EXCLUDED.evaluation_context, semantic_type_iri = EXCLUDED.semantic_type_iri;

INSERT INTO operational_bindings (operational_binding_id, procedure_version, step, resource, access_mode, record_or_schema_key, last_observed_at, freshness_sla_minutes, is_authoritative, evaluation_context, semantic_type_iri)
VALUES ('bind-policy-email', 'policy-v1.0.0', 'policy-07', 'res-email-template', 'Read', 'People.EmailTemplate', '2026-07-18T16:30:00-05:00', 1440, TRUE, 'eval-current', 'urn:effortless:pko-extension#OperationalBinding') ON CONFLICT (operational_binding_id) DO UPDATE SET procedure_version = EXCLUDED.procedure_version, step = EXCLUDED.step, resource = EXCLUDED.resource, access_mode = EXCLUDED.access_mode, record_or_schema_key = EXCLUDED.record_or_schema_key, last_observed_at = EXCLUDED.last_observed_at, freshness_sla_minutes = EXCLUDED.freshness_sla_minutes, is_authoritative = EXCLUDED.is_authoritative, evaluation_context = EXCLUDED.evaluation_context, semantic_type_iri = EXCLUDED.semantic_type_iri;

INSERT INTO operational_bindings (operational_binding_id, procedure_version, step, resource, access_mode, record_or_schema_key, last_observed_at, freshness_sla_minutes, is_authoritative, evaluation_context, semantic_type_iri)
VALUES ('bind-policy-sms', 'policy-v1.0.0', 'policy-07', 'res-sms-template', 'Read', 'People.SmsTemplate', '2026-07-18T16:30:00-05:00', 1440, TRUE, 'eval-current', 'urn:effortless:pko-extension#OperationalBinding') ON CONFLICT (operational_binding_id) DO UPDATE SET procedure_version = EXCLUDED.procedure_version, step = EXCLUDED.step, resource = EXCLUDED.resource, access_mode = EXCLUDED.access_mode, record_or_schema_key = EXCLUDED.record_or_schema_key, last_observed_at = EXCLUDED.last_observed_at, freshness_sla_minutes = EXCLUDED.freshness_sla_minutes, is_authoritative = EXCLUDED.is_authoritative, evaluation_context = EXCLUDED.evaluation_context, semantic_type_iri = EXCLUDED.semantic_type_iri;

-- ----------------------------------------------------------------------------
-- CommunicationPolicies: Channel-specific communication policy projected from the same canonical procedure. Uses ODRL-style policy semantics plus ERB-PKO channel constraints.
-- ----------------------------------------------------------------------------
INSERT INTO communication_policies (communication_policy_id, procedure_version, channel, audience_rule, consent_required, quiet_hours_start, quiet_hours_end, max_message_length, max_segments, retention_days, approval_role, required_content, authority_statement, status, semantic_type_iri)
VALUES ('comm-email-policy', 'policy-v1.0.0', 'Email', 'All affected employees with a valid corporate email', FALSE, '00:00', '00:00', 100000, 1, 2555, 'communications-manager', 'Full policy context, effective date, action required, alternate contact', 'Email is the complete official notification record.', 'Active', 'http://www.w3.org/ns/odrl/2/Policy') ON CONFLICT (communication_policy_id) DO UPDATE SET procedure_version = EXCLUDED.procedure_version, channel = EXCLUDED.channel, audience_rule = EXCLUDED.audience_rule, consent_required = EXCLUDED.consent_required, quiet_hours_start = EXCLUDED.quiet_hours_start, quiet_hours_end = EXCLUDED.quiet_hours_end, max_message_length = EXCLUDED.max_message_length, max_segments = EXCLUDED.max_segments, retention_days = EXCLUDED.retention_days, approval_role = EXCLUDED.approval_role, required_content = EXCLUDED.required_content, authority_statement = EXCLUDED.authority_statement, status = EXCLUDED.status, semantic_type_iri = EXCLUDED.semantic_type_iri;

INSERT INTO communication_policies (communication_policy_id, procedure_version, channel, audience_rule, consent_required, quiet_hours_start, quiet_hours_end, max_message_length, max_segments, retention_days, approval_role, required_content, authority_statement, status, semantic_type_iri)
VALUES ('comm-sms-policy', 'policy-v1.0.0', 'SMS', 'Affected employees with active SMS consent', TRUE, '20:00', '08:00', 160, 3, 2555, 'communications-manager', 'Short notice, secure link, approved opt-out text', 'SMS is a supplemental notice; the linked email/policy is authoritative.', 'Active', 'http://www.w3.org/ns/odrl/2/Policy') ON CONFLICT (communication_policy_id) DO UPDATE SET procedure_version = EXCLUDED.procedure_version, channel = EXCLUDED.channel, audience_rule = EXCLUDED.audience_rule, consent_required = EXCLUDED.consent_required, quiet_hours_start = EXCLUDED.quiet_hours_start, quiet_hours_end = EXCLUDED.quiet_hours_end, max_message_length = EXCLUDED.max_message_length, max_segments = EXCLUDED.max_segments, retention_days = EXCLUDED.retention_days, approval_role = EXCLUDED.approval_role, required_content = EXCLUDED.required_content, authority_statement = EXCLUDED.authority_statement, status = EXCLUDED.status, semantic_type_iri = EXCLUDED.semantic_type_iri;

-- ----------------------------------------------------------------------------
-- MessageTemplates: Approved channel templates projected from the canonical rulebook without becoming a second source of policy meaning.
-- ----------------------------------------------------------------------------
INSERT INTO message_templates (message_template_id, communication_policy, resource, subject_template, body_template, locale, status, semantic_type_iri)
VALUES ('tmpl-policy-email', 'comm-email-policy', 'res-email-template', 'Remote-work policy update effective {{EffectiveDate}}', 'A workforce policy affecting your work has changed. Review the complete policy at {{PolicyUrl}}. Required action: {{RequiredAction}}. Questions: {{ContactAddress}}.', 'en-US', 'Approved', 'http://www.w3.org/ns/dcat#Resource') ON CONFLICT (message_template_id) DO UPDATE SET communication_policy = EXCLUDED.communication_policy, resource = EXCLUDED.resource, subject_template = EXCLUDED.subject_template, body_template = EXCLUDED.body_template, locale = EXCLUDED.locale, status = EXCLUDED.status, semantic_type_iri = EXCLUDED.semantic_type_iri;

INSERT INTO message_templates (message_template_id, communication_policy, resource, subject_template, body_template, locale, status, semantic_type_iri)
VALUES ('tmpl-policy-sms', 'comm-sms-policy', 'res-sms-template', '', 'ACME policy update effective {{EffectiveDate}}. Review: {{ShortUrl}}. Reply STOP to opt out of SMS; email notices continue.', 'en-US', 'Approved', 'http://www.w3.org/ns/dcat#Resource') ON CONFLICT (message_template_id) DO UPDATE SET communication_policy = EXCLUDED.communication_policy, resource = EXCLUDED.resource, subject_template = EXCLUDED.subject_template, body_template = EXCLUDED.body_template, locale = EXCLUDED.locale, status = EXCLUDED.status, semantic_type_iri = EXCLUDED.semantic_type_iri;

-- ----------------------------------------------------------------------------
-- SemanticMappings: Machine-readable alignment from ERB table/field paths to exact PKO or reused ontology terms. Extension mappings are never presented as native PKO.
-- ----------------------------------------------------------------------------
INSERT INTO semantic_mappings (semantic_mapping_id, source_path, mapping_kind, target_iri, mapping_relation, ontology_profile, notes)
VALUES ('map-procedures', 'Procedures', 'class', 'https://w3id.org/pko#Procedure', 'exact', 'pko-core-2.0.0', 'Abstract procedure.') ON CONFLICT (semantic_mapping_id) DO UPDATE SET source_path = EXCLUDED.source_path, mapping_kind = EXCLUDED.mapping_kind, target_iri = EXCLUDED.target_iri, mapping_relation = EXCLUDED.mapping_relation, ontology_profile = EXCLUDED.ontology_profile, notes = EXCLUDED.notes;

INSERT INTO semantic_mappings (semantic_mapping_id, source_path, mapping_kind, target_iri, mapping_relation, ontology_profile, notes)
VALUES ('map-procedure-versions', 'ProcedureVersions', 'class', 'https://w3id.org/pko#Procedure', 'exact', 'pko-core-2.0.0', 'Versioned procedure resources.') ON CONFLICT (semantic_mapping_id) DO UPDATE SET source_path = EXCLUDED.source_path, mapping_kind = EXCLUDED.mapping_kind, target_iri = EXCLUDED.target_iri, mapping_relation = EXCLUDED.mapping_relation, ontology_profile = EXCLUDED.ontology_profile, notes = EXCLUDED.notes;

INSERT INTO semantic_mappings (semantic_mapping_id, source_path, mapping_kind, target_iri, mapping_relation, ontology_profile, notes)
VALUES ('map-procedure-version-number', 'ProcedureVersions.VersionNumber', 'datatypeProperty', 'https://w3id.org/pko#versionNumber', 'exact', 'pko-core-2.0.0', 'PKO version number.') ON CONFLICT (semantic_mapping_id) DO UPDATE SET source_path = EXCLUDED.source_path, mapping_kind = EXCLUDED.mapping_kind, target_iri = EXCLUDED.target_iri, mapping_relation = EXCLUDED.mapping_relation, ontology_profile = EXCLUDED.ontology_profile, notes = EXCLUDED.notes;

INSERT INTO semantic_mappings (semantic_mapping_id, source_path, mapping_kind, target_iri, mapping_relation, ontology_profile, notes)
VALUES ('map-status-change', 'ProcedureStatusChanges', 'class', 'https://w3id.org/pko#ChangeOfStatus', 'exact', 'pko-core-2.0.0', 'Status transition activity.') ON CONFLICT (semantic_mapping_id) DO UPDATE SET source_path = EXCLUDED.source_path, mapping_kind = EXCLUDED.mapping_kind, target_iri = EXCLUDED.target_iri, mapping_relation = EXCLUDED.mapping_relation, ontology_profile = EXCLUDED.ontology_profile, notes = EXCLUDED.notes;

INSERT INTO semantic_mappings (semantic_mapping_id, source_path, mapping_kind, target_iri, mapping_relation, ontology_profile, notes)
VALUES ('map-steps', 'Steps', 'class', 'http://purl.org/net/p-plan#Step', 'exact', 'p-plan', 'Atomic steps.') ON CONFLICT (semantic_mapping_id) DO UPDATE SET source_path = EXCLUDED.source_path, mapping_kind = EXCLUDED.mapping_kind, target_iri = EXCLUDED.target_iri, mapping_relation = EXCLUDED.mapping_relation, ontology_profile = EXCLUDED.ontology_profile, notes = EXCLUDED.notes;

INSERT INTO semantic_mappings (semantic_mapping_id, source_path, mapping_kind, target_iri, mapping_relation, ontology_profile, notes)
VALUES ('map-multisteps', 'Steps.StepKind=MultiStep', 'class', 'http://purl.org/net/p-plan#MultiStep', 'exact', 'p-plan', 'Composite steps.') ON CONFLICT (semantic_mapping_id) DO UPDATE SET source_path = EXCLUDED.source_path, mapping_kind = EXCLUDED.mapping_kind, target_iri = EXCLUDED.target_iri, mapping_relation = EXCLUDED.mapping_relation, ontology_profile = EXCLUDED.ontology_profile, notes = EXCLUDED.notes;

INSERT INTO semantic_mappings (semantic_mapping_id, source_path, mapping_kind, target_iri, mapping_relation, ontology_profile, notes)
VALUES ('map-transitions', 'StepTransitions', 'class', 'https://w3id.org/pko#Transition', 'exact', 'pko-core-2.0.0', 'Transition instance.') ON CONFLICT (semantic_mapping_id) DO UPDATE SET source_path = EXCLUDED.source_path, mapping_kind = EXCLUDED.mapping_kind, target_iri = EXCLUDED.target_iri, mapping_relation = EXCLUDED.mapping_relation, ontology_profile = EXCLUDED.ontology_profile, notes = EXCLUDED.notes;

INSERT INTO semantic_mappings (semantic_mapping_id, source_path, mapping_kind, target_iri, mapping_relation, ontology_profile, notes)
VALUES ('map-from-step', 'StepTransitions.FromStep', 'objectProperty', 'https://w3id.org/pko#fromStep', 'exact', 'pko-core-2.0.0', 'Transition source.') ON CONFLICT (semantic_mapping_id) DO UPDATE SET source_path = EXCLUDED.source_path, mapping_kind = EXCLUDED.mapping_kind, target_iri = EXCLUDED.target_iri, mapping_relation = EXCLUDED.mapping_relation, ontology_profile = EXCLUDED.ontology_profile, notes = EXCLUDED.notes;

INSERT INTO semantic_mappings (semantic_mapping_id, source_path, mapping_kind, target_iri, mapping_relation, ontology_profile, notes)
VALUES ('map-to-step', 'StepTransitions.ToStep', 'objectProperty', 'https://w3id.org/pko#toStep', 'exact', 'pko-core-2.0.0', 'Transition destination.') ON CONFLICT (semantic_mapping_id) DO UPDATE SET source_path = EXCLUDED.source_path, mapping_kind = EXCLUDED.mapping_kind, target_iri = EXCLUDED.target_iri, mapping_relation = EXCLUDED.mapping_relation, ontology_profile = EXCLUDED.ontology_profile, notes = EXCLUDED.notes;

INSERT INTO semantic_mappings (semantic_mapping_id, source_path, mapping_kind, target_iri, mapping_relation, ontology_profile, notes)
VALUES ('map-actions', 'Actions', 'class', 'https://w3id.org/pko#Action', 'exact', 'pko-core-2.0.0', 'Human action.') ON CONFLICT (semantic_mapping_id) DO UPDATE SET source_path = EXCLUDED.source_path, mapping_kind = EXCLUDED.mapping_kind, target_iri = EXCLUDED.target_iri, mapping_relation = EXCLUDED.mapping_relation, ontology_profile = EXCLUDED.ontology_profile, notes = EXCLUDED.notes;

INSERT INTO semantic_mappings (semantic_mapping_id, source_path, mapping_kind, target_iri, mapping_relation, ontology_profile, notes)
VALUES ('map-functions', 'Functions', 'class', 'https://w3id.org/pko#Function', 'exact', 'pko-core-2.0.0', 'Software function.') ON CONFLICT (semantic_mapping_id) DO UPDATE SET source_path = EXCLUDED.source_path, mapping_kind = EXCLUDED.mapping_kind, target_iri = EXCLUDED.target_iri, mapping_relation = EXCLUDED.mapping_relation, ontology_profile = EXCLUDED.ontology_profile, notes = EXCLUDED.notes;

INSERT INTO semantic_mappings (semantic_mapping_id, source_path, mapping_kind, target_iri, mapping_relation, ontology_profile, notes)
VALUES ('map-tools', 'Tools', 'class', 'http://w3id.org/nfdi4ing/metadata4ing#Tool', 'exact', 'm4ing', 'Tool.') ON CONFLICT (semantic_mapping_id) DO UPDATE SET source_path = EXCLUDED.source_path, mapping_kind = EXCLUDED.mapping_kind, target_iri = EXCLUDED.target_iri, mapping_relation = EXCLUDED.mapping_relation, ontology_profile = EXCLUDED.ontology_profile, notes = EXCLUDED.notes;

INSERT INTO semantic_mappings (semantic_mapping_id, source_path, mapping_kind, target_iri, mapping_relation, ontology_profile, notes)
VALUES ('map-requirements', 'Requirements', 'class', 'https://w3id.org/pko#Requirement', 'exact', 'pko-core-2.0.0', 'Requirement.') ON CONFLICT (semantic_mapping_id) DO UPDATE SET source_path = EXCLUDED.source_path, mapping_kind = EXCLUDED.mapping_kind, target_iri = EXCLUDED.target_iri, mapping_relation = EXCLUDED.mapping_relation, ontology_profile = EXCLUDED.ontology_profile, notes = EXCLUDED.notes;

INSERT INTO semantic_mappings (semantic_mapping_id, source_path, mapping_kind, target_iri, mapping_relation, ontology_profile, notes)
VALUES ('map-verifications', 'StepVerifications', 'class', 'https://w3id.org/pko#StepVerification', 'exact', 'pko-core-2.0.0', 'Step verification.') ON CONFLICT (semantic_mapping_id) DO UPDATE SET source_path = EXCLUDED.source_path, mapping_kind = EXCLUDED.mapping_kind, target_iri = EXCLUDED.target_iri, mapping_relation = EXCLUDED.mapping_relation, ontology_profile = EXCLUDED.ontology_profile, notes = EXCLUDED.notes;

INSERT INTO semantic_mappings (semantic_mapping_id, source_path, mapping_kind, target_iri, mapping_relation, ontology_profile, notes)
VALUES ('map-resources', 'Resources', 'class', 'http://www.w3.org/ns/dcat#Resource', 'exact', 'dcat-3', 'Referenced resources.') ON CONFLICT (semantic_mapping_id) DO UPDATE SET source_path = EXCLUDED.source_path, mapping_kind = EXCLUDED.mapping_kind, target_iri = EXCLUDED.target_iri, mapping_relation = EXCLUDED.mapping_relation, ontology_profile = EXCLUDED.ontology_profile, notes = EXCLUDED.notes;

INSERT INTO semantic_mappings (semantic_mapping_id, source_path, mapping_kind, target_iri, mapping_relation, ontology_profile, notes)
VALUES ('map-agents', 'Agents', 'class', 'http://www.w3.org/ns/prov#Agent', 'exact', 'prov-o', 'Agents.') ON CONFLICT (semantic_mapping_id) DO UPDATE SET source_path = EXCLUDED.source_path, mapping_kind = EXCLUDED.mapping_kind, target_iri = EXCLUDED.target_iri, mapping_relation = EXCLUDED.mapping_relation, ontology_profile = EXCLUDED.ontology_profile, notes = EXCLUDED.notes;

INSERT INTO semantic_mappings (semantic_mapping_id, source_path, mapping_kind, target_iri, mapping_relation, ontology_profile, notes)
VALUES ('map-roles', 'Roles', 'class', 'http://purl.org/spar/pro/Role', 'exact', 'pro', 'Roles.') ON CONFLICT (semantic_mapping_id) DO UPDATE SET source_path = EXCLUDED.source_path, mapping_kind = EXCLUDED.mapping_kind, target_iri = EXCLUDED.target_iri, mapping_relation = EXCLUDED.mapping_relation, ontology_profile = EXCLUDED.ontology_profile, notes = EXCLUDED.notes;

INSERT INTO semantic_mappings (semantic_mapping_id, source_path, mapping_kind, target_iri, mapping_relation, ontology_profile, notes)
VALUES ('map-role-time', 'RoleAssignments', 'class', 'http://purl.org/spar/pro/RoleInTime', 'exact', 'pro', 'Time-bounded role assignments.') ON CONFLICT (semantic_mapping_id) DO UPDATE SET source_path = EXCLUDED.source_path, mapping_kind = EXCLUDED.mapping_kind, target_iri = EXCLUDED.target_iri, mapping_relation = EXCLUDED.mapping_relation, ontology_profile = EXCLUDED.ontology_profile, notes = EXCLUDED.notes;

INSERT INTO semantic_mappings (semantic_mapping_id, source_path, mapping_kind, target_iri, mapping_relation, ontology_profile, notes)
VALUES ('map-procedure-executions', 'ProcedureExecutions', 'class', 'https://w3id.org/pko#ProcedureExecution', 'exact', 'pko-core-2.0.0', 'Procedure execution.') ON CONFLICT (semantic_mapping_id) DO UPDATE SET source_path = EXCLUDED.source_path, mapping_kind = EXCLUDED.mapping_kind, target_iri = EXCLUDED.target_iri, mapping_relation = EXCLUDED.mapping_relation, ontology_profile = EXCLUDED.ontology_profile, notes = EXCLUDED.notes;

INSERT INTO semantic_mappings (semantic_mapping_id, source_path, mapping_kind, target_iri, mapping_relation, ontology_profile, notes)
VALUES ('map-step-executions', 'StepExecutions', 'class', 'https://w3id.org/pko#StepExecution', 'exact', 'pko-core-2.0.0', 'Step execution.') ON CONFLICT (semantic_mapping_id) DO UPDATE SET source_path = EXCLUDED.source_path, mapping_kind = EXCLUDED.mapping_kind, target_iri = EXCLUDED.target_iri, mapping_relation = EXCLUDED.mapping_relation, ontology_profile = EXCLUDED.ontology_profile, notes = EXCLUDED.notes;

INSERT INTO semantic_mappings (semantic_mapping_id, source_path, mapping_kind, target_iri, mapping_relation, ontology_profile, notes)
VALUES ('map-satisfactions', 'RequirementSatisfactions', 'class', 'https://w3id.org/pko#RequirementSatisfaction', 'exact', 'pko-core-2.0.0', 'Requirement satisfaction.') ON CONFLICT (semantic_mapping_id) DO UPDATE SET source_path = EXCLUDED.source_path, mapping_kind = EXCLUDED.mapping_kind, target_iri = EXCLUDED.target_iri, mapping_relation = EXCLUDED.mapping_relation, ontology_profile = EXCLUDED.ontology_profile, notes = EXCLUDED.notes;

INSERT INTO semantic_mappings (semantic_mapping_id, source_path, mapping_kind, target_iri, mapping_relation, ontology_profile, notes)
VALUES ('map-errors', 'Errors', 'class', 'https://w3id.org/pko#Error', 'exact', 'pko-core-2.0.0', 'Error.') ON CONFLICT (semantic_mapping_id) DO UPDATE SET source_path = EXCLUDED.source_path, mapping_kind = EXCLUDED.mapping_kind, target_iri = EXCLUDED.target_iri, mapping_relation = EXCLUDED.mapping_relation, ontology_profile = EXCLUDED.ontology_profile, notes = EXCLUDED.notes;

INSERT INTO semantic_mappings (semantic_mapping_id, source_path, mapping_kind, target_iri, mapping_relation, ontology_profile, notes)
VALUES ('map-issues', 'IssueOccurrences', 'class', 'https://w3id.org/pko#IssueOccurrence', 'exact', 'pko-core-2.0.0', 'Issue occurrence.') ON CONFLICT (semantic_mapping_id) DO UPDATE SET source_path = EXCLUDED.source_path, mapping_kind = EXCLUDED.mapping_kind, target_iri = EXCLUDED.target_iri, mapping_relation = EXCLUDED.mapping_relation, ontology_profile = EXCLUDED.ontology_profile, notes = EXCLUDED.notes;

INSERT INTO semantic_mappings (semantic_mapping_id, source_path, mapping_kind, target_iri, mapping_relation, ontology_profile, notes)
VALUES ('map-questions', 'UserQuestions', 'class', 'https://w3id.org/pko#UserQuestionOccurrence', 'exact', 'pko-core-2.0.0', 'Question occurrence.') ON CONFLICT (semantic_mapping_id) DO UPDATE SET source_path = EXCLUDED.source_path, mapping_kind = EXCLUDED.mapping_kind, target_iri = EXCLUDED.target_iri, mapping_relation = EXCLUDED.mapping_relation, ontology_profile = EXCLUDED.ontology_profile, notes = EXCLUDED.notes;

INSERT INTO semantic_mappings (semantic_mapping_id, source_path, mapping_kind, target_iri, mapping_relation, ontology_profile, notes)
VALUES ('map-feedback', 'UserFeedback', 'class', 'https://w3id.org/pko#UserFeedbackOccurrence', 'exact', 'pko-core-2.0.0', 'Feedback occurrence.') ON CONFLICT (semantic_mapping_id) DO UPDATE SET source_path = EXCLUDED.source_path, mapping_kind = EXCLUDED.mapping_kind, target_iri = EXCLUDED.target_iri, mapping_relation = EXCLUDED.mapping_relation, ontology_profile = EXCLUDED.ontology_profile, notes = EXCLUDED.notes;

INSERT INTO semantic_mappings (semantic_mapping_id, source_path, mapping_kind, target_iri, mapping_relation, ontology_profile, notes)
VALUES ('map-faqs', 'FAQs', 'class', 'https://w3id.org/pko#FrequentlyAskedQuestion', 'exact', 'pko-core-2.0.0', 'FAQ.') ON CONFLICT (semantic_mapping_id) DO UPDATE SET source_path = EXCLUDED.source_path, mapping_kind = EXCLUDED.mapping_kind, target_iri = EXCLUDED.target_iri, mapping_relation = EXCLUDED.mapping_relation, ontology_profile = EXCLUDED.ontology_profile, notes = EXCLUDED.notes;

INSERT INTO semantic_mappings (semantic_mapping_id, source_path, mapping_kind, target_iri, mapping_relation, ontology_profile, notes)
VALUES ('map-explanations', 'Explanations', 'class', 'https://w3id.org/pko#Explanation', 'exact', 'pko-core-2.0.0', 'Explanation.') ON CONFLICT (semantic_mapping_id) DO UPDATE SET source_path = EXCLUDED.source_path, mapping_kind = EXCLUDED.mapping_kind, target_iri = EXCLUDED.target_iri, mapping_relation = EXCLUDED.mapping_relation, ontology_profile = EXCLUDED.ontology_profile, notes = EXCLUDED.notes;

INSERT INTO semantic_mappings (semantic_mapping_id, source_path, mapping_kind, target_iri, mapping_relation, ontology_profile, notes)
VALUES ('map-knowledge-fragments', 'KnowledgeFragments', 'class', 'urn:effortless:pko-extension#KnowledgeFragment', 'extension', 'erb-pko-extension-1.0.0', 'Tacit/implicit/explicit knowledge capture.') ON CONFLICT (semantic_mapping_id) DO UPDATE SET source_path = EXCLUDED.source_path, mapping_kind = EXCLUDED.mapping_kind, target_iri = EXCLUDED.target_iri, mapping_relation = EXCLUDED.mapping_relation, ontology_profile = EXCLUDED.ontology_profile, notes = EXCLUDED.notes;

INSERT INTO semantic_mappings (semantic_mapping_id, source_path, mapping_kind, target_iri, mapping_relation, ontology_profile, notes)
VALUES ('map-elicitation', 'ElicitationSessions', 'class', 'urn:effortless:pko-extension#ElicitationSession', 'extension', 'erb-pko-extension-1.0.0', 'Knowledge elicitation activity.') ON CONFLICT (semantic_mapping_id) DO UPDATE SET source_path = EXCLUDED.source_path, mapping_kind = EXCLUDED.mapping_kind, target_iri = EXCLUDED.target_iri, mapping_relation = EXCLUDED.mapping_relation, ontology_profile = EXCLUDED.ontology_profile, notes = EXCLUDED.notes;

INSERT INTO semantic_mappings (semantic_mapping_id, source_path, mapping_kind, target_iri, mapping_relation, ontology_profile, notes)
VALUES ('map-governance', 'StewardshipAssignments', 'class', 'urn:effortless:pko-extension#StewardshipAssignment', 'extension', 'erb-pko-extension-1.0.0', 'Stewardship and authority.') ON CONFLICT (semantic_mapping_id) DO UPDATE SET source_path = EXCLUDED.source_path, mapping_kind = EXCLUDED.mapping_kind, target_iri = EXCLUDED.target_iri, mapping_relation = EXCLUDED.mapping_relation, ontology_profile = EXCLUDED.ontology_profile, notes = EXCLUDED.notes;

INSERT INTO semantic_mappings (semantic_mapping_id, source_path, mapping_kind, target_iri, mapping_relation, ontology_profile, notes)
VALUES ('map-operational-binding', 'OperationalBindings', 'class', 'urn:effortless:pko-extension#OperationalBinding', 'extension', 'erb-pko-extension-1.0.0', 'Live data binding.') ON CONFLICT (semantic_mapping_id) DO UPDATE SET source_path = EXCLUDED.source_path, mapping_kind = EXCLUDED.mapping_kind, target_iri = EXCLUDED.target_iri, mapping_relation = EXCLUDED.mapping_relation, ontology_profile = EXCLUDED.ontology_profile, notes = EXCLUDED.notes;

INSERT INTO semantic_mappings (semantic_mapping_id, source_path, mapping_kind, target_iri, mapping_relation, ontology_profile, notes)
VALUES ('map-communication-policy', 'CommunicationPolicies', 'class', 'http://www.w3.org/ns/odrl/2/Policy', 'aligned', 'odrl', 'Channel policy.') ON CONFLICT (semantic_mapping_id) DO UPDATE SET source_path = EXCLUDED.source_path, mapping_kind = EXCLUDED.mapping_kind, target_iri = EXCLUDED.target_iri, mapping_relation = EXCLUDED.mapping_relation, ontology_profile = EXCLUDED.ontology_profile, notes = EXCLUDED.notes;

-- ----------------------------------------------------------------------------
-- WitnessLoops: One row per role-question expansion loop. Each loop poses questions that only became askable because of the previous loop's predicates.
-- ----------------------------------------------------------------------------
INSERT INTO witness_loops (witness_loop_id, loop_number, title, premise, started_at, completed_at, semantic_type_iri)
VALUES ('loop-01', 1, 'The founding questions', 'The model specified obligations precisely and witnessed their breach almost nowhere. Requirements, verifications, exceptions, and communication policies were all stated with real precision, and in each case the execution-side counterpart that would catch a violation was missing. Loop 1 asks each of the twelve named roles what it actually needs to know, and invents the atomic predicates required to answer.', '2026-07-19T17:00:00-05:00', NULL, 'urn:effortless:pko-extension#WitnessLoop') ON CONFLICT (witness_loop_id) DO UPDATE SET loop_number = EXCLUDED.loop_number, title = EXCLUDED.title, premise = EXCLUDED.premise, started_at = EXCLUDED.started_at, completed_at = EXCLUDED.completed_at, semantic_type_iri = EXCLUDED.semantic_type_iri;

-- ----------------------------------------------------------------------------
-- RoleQuestions: One row per question a named role wants answered. Every invented predicate in this rulebook traces back to one of these.
-- ----------------------------------------------------------------------------
INSERT INTO role_questions (role_question_id, asking_role, witness_loop, question_text, why_it_matters, answerable_before, semantic_type_iri)
VALUES ('q-analyst-blocking-unmet-on-my-step', 'finance-analyst', 'loop-01', 'On the steps I personally executed, did any of them close out while a BLOCKING requirement was still not fully satisfied?', 'I executed se-close03 (Reconcile material accounts), which carries TWO blocking requirements via sr-c03a (req-close-balance) and sr-c03b (req-close-evidence). Today the model records SatisfactionLevel as free text and nothing compares it against IsBlocking. If I close a step with a PartiallySatisfied blocking control — exactly the shape sat-policy-legal is in right now — the package moves on and nobody is told. I want that to be a computed red flag on my own row before it becomes an audit finding on my name.', FALSE, 'urn:effortless:pko-extension#RoleQuestion') ON CONFLICT (role_question_id) DO UPDATE SET asking_role = EXCLUDED.asking_role, witness_loop = EXCLUDED.witness_loop, question_text = EXCLUDED.question_text, why_it_matters = EXCLUDED.why_it_matters, answerable_before = EXCLUDED.answerable_before, semantic_type_iri = EXCLUDED.semantic_type_iri;

INSERT INTO role_questions (role_question_id, asking_role, witness_loop, question_text, why_it_matters, answerable_before, semantic_type_iri)
VALUES ('q-analyst-blocking-never-evaluated', 'finance-analyst', 'loop-01', 'Which blocking requirements were attached to a step I ran but never got a satisfaction record at all — not satisfied, not unsatisfied, just never assessed?', 'This is the failure mode that scares me more than a recorded ''Unsatisfied''. sr-c03b binds req-close-evidence to close-03. I ran close-03 as se-close03. There is no RequirementSatisfactions row for that pairing. The model shows green because absence reads as silence, not as a gap. An unevaluated blocking control is indistinguishable from a passed one, and that is the exact thing SOX testing is designed to catch.', FALSE, 'urn:effortless:pko-extension#RoleQuestion') ON CONFLICT (role_question_id) DO UPDATE SET asking_role = EXCLUDED.asking_role, witness_loop = EXCLUDED.witness_loop, question_text = EXCLUDED.question_text, why_it_matters = EXCLUDED.why_it_matters, answerable_before = EXCLUDED.answerable_before, semantic_type_iri = EXCLUDED.semantic_type_iri;

INSERT INTO role_questions (role_question_id, asking_role, witness_loop, question_text, why_it_matters, answerable_before, semantic_type_iri)
VALUES ('q-analyst-evidence-binding-stale', 'finance-analyst', 'loop-01', 'When I attested my reconciliation, was the underlying ledger data actually fresh — or was I certifying against a source that had already gone stale under its own SLA?', 'OperationalBindings.IsFresh already exists and works, but it is evaluated against NOW() and lives on a table nothing in the execution story reads. My step execution has no idea whether the resources it depended on were inside their freshness SLA. se-close02 already recorded a 17-minute feed against a 15-minute SLA and it took a human writing prose into a Deviation field to surface it. I want that connected structurally, because next time the prose might not get written.', FALSE, 'urn:effortless:pko-extension#RoleQuestion') ON CONFLICT (role_question_id) DO UPDATE SET asking_role = EXCLUDED.asking_role, witness_loop = EXCLUDED.witness_loop, question_text = EXCLUDED.question_text, why_it_matters = EXCLUDED.why_it_matters, answerable_before = EXCLUDED.answerable_before, semantic_type_iri = EXCLUDED.semantic_type_iri;

INSERT INTO role_questions (role_question_id, asking_role, witness_loop, question_text, why_it_matters, answerable_before, semantic_type_iri)
VALUES ('q-analyst-my-late-steps-unexplained', 'finance-analyst', 'loop-01', 'Which of my steps ran long without anybody recording why — and of those, which ones had an exception available that nobody invoked?', 'StepExecutions.IsLate already works. But ''late'' on its own is not a finding; late-and-unexplained is. se-close03 is mine and it ran nearly 19 hours. If that overran the expected duration and the Deviation field is empty, I have an undocumented overrun sitting on my name. And exc-ledger-outage exists precisely for the close-02 condition — if it was never invoked, the model should say that out loud instead of letting a blank Deviation stand in for ''nothing happened''.', FALSE, 'urn:effortless:pko-extension#RoleQuestion') ON CONFLICT (role_question_id) DO UPDATE SET asking_role = EXCLUDED.asking_role, witness_loop = EXCLUDED.witness_loop, question_text = EXCLUDED.question_text, why_it_matters = EXCLUDED.why_it_matters, answerable_before = EXCLUDED.answerable_before, semantic_type_iri = EXCLUDED.semantic_type_iri;

INSERT INTO role_questions (role_question_id, asking_role, witness_loop, question_text, why_it_matters, answerable_before, semantic_type_iri)
VALUES ('q-analyst-verification-declared-never-performed', 'finance-analyst', 'loop-01', 'For every step I ran that had a declared verification, did anybody actually perform it and record the observed signal — or did I just get a PASS with nothing behind it?', 'StepVerifications is entirely spec-side. verify-reconciliation declares that close-03 must show unexplained-material-variance = 0. I ran close-03. My StepExecution says VerificationResult=PASS. But there is no row anywhere recording what the signal ACTUALLY read. The PASS is an unbacked assertion typed into a field. If an auditor asks me to produce the observed value, the model has nothing — and a skipped verification looks identical to a passed one.', FALSE, 'urn:effortless:pko-extension#RoleQuestion') ON CONFLICT (role_question_id) DO UPDATE SET asking_role = EXCLUDED.asking_role, witness_loop = EXCLUDED.witness_loop, question_text = EXCLUDED.question_text, why_it_matters = EXCLUDED.why_it_matters, answerable_before = EXCLUDED.answerable_before, semantic_type_iri = EXCLUDED.semantic_type_iri;

INSERT INTO role_questions (role_question_id, asking_role, witness_loop, question_text, why_it_matters, answerable_before, semantic_type_iri)
VALUES ('q-controller-separation-of-duties', 'controller', 'loop-01', 'Did the same agent both prepare and approve any part of this close? req-close-separation says the preparer may not be the final approver — show me that it actually held, on exec-close-2026-q2, computed and not asserted.', 'This is the single highest-value gap in the model and it is my control. req-close-separation is IsBlocking=true, bound to close-05 via sr-c05, and sat-close-separation records SatisfactionLevel=''Satisfied'' with the evidence string ''Preparer and reviewer were different agents.'' That string is a human typing a conclusion into a text field. NOTHING compares se-close03.ExecutedByAgent (maria-chen) against se-close05.ExecutedByAgent (devon-okafor) or se-close06.ExecutedByAgent (priya-raman). Segregation of duties is the control SOX cares about most and in this model it is prose. If maria-chen executed both the preparation and the approval tomorrow, sat-close-separation would still say ''Satisfied'' and the model would agree.', FALSE, 'urn:effortless:pko-extension#RoleQuestion') ON CONFLICT (role_question_id) DO UPDATE SET asking_role = EXCLUDED.asking_role, witness_loop = EXCLUDED.witness_loop, question_text = EXCLUDED.question_text, why_it_matters = EXCLUDED.why_it_matters, answerable_before = EXCLUDED.answerable_before, semantic_type_iri = EXCLUDED.semantic_type_iri;

INSERT INTO role_questions (role_question_id, asking_role, witness_loop, question_text, why_it_matters, answerable_before, semantic_type_iri)
VALUES ('q-controller-approval-authority-valid', 'controller', 'loop-01', 'Every approval on this close — was it given by an agent who actually held the required role AT THE TIME they approved, not just someone who holds it today?', 'req-close-human-approval is blocking and says controller and CFO approvals must be human-confirmed. sat-close-human records ''Satisfied'' because a human name appears in a field. But nothing checks that the approving agent held the approving role. RoleAssignments proves this is not paranoia: ra-old-variance shows maria-chen held variance-review-agent until 2026-03-31 and ra-new-variance shows variance-ai took it on 2026-04-01. Role-holding is time-bounded and it genuinely changes. If someone approves close-06 who is not the CFO, or who was the CFO last quarter but not this one, I need that computed. And exc-cfo-unavailable explicitly permits delegation to an Acting CFO ''never to the preparer'' — so an authority check that cannot see delegation is incomplete.', FALSE, 'urn:effortless:pko-extension#RoleQuestion') ON CONFLICT (role_question_id) DO UPDATE SET asking_role = EXCLUDED.asking_role, witness_loop = EXCLUDED.witness_loop, question_text = EXCLUDED.question_text, why_it_matters = EXCLUDED.why_it_matters, answerable_before = EXCLUDED.answerable_before, semantic_type_iri = EXCLUDED.semantic_type_iri;

INSERT INTO role_questions (role_question_id, asking_role, witness_loop, question_text, why_it_matters, answerable_before, semantic_type_iri)
VALUES ('q-controller-blocking-control-inoperative', 'controller', 'loop-01', 'Which of my blocking close controls are structurally incapable of failing — declared, bound to a step, and yet with no mechanism that could ever produce a negative result?', 'req-close-cutoff, req-close-balance, req-close-separation, and req-close-evidence are all IsBlocking=true. All four are pure prose. A control that cannot fail is not a control, it is a comment. Before I sign anything I want a list of my own controls ranked by whether they can actually operate. This is the meta-question — it is about the model''s ability to hold me accountable, and it is the one I would ask first if I were the external auditor rather than the controller.', FALSE, 'urn:effortless:pko-extension#RoleQuestion') ON CONFLICT (role_question_id) DO UPDATE SET asking_role = EXCLUDED.asking_role, witness_loop = EXCLUDED.witness_loop, question_text = EXCLUDED.question_text, why_it_matters = EXCLUDED.why_it_matters, answerable_before = EXCLUDED.answerable_before, semantic_type_iri = EXCLUDED.semantic_type_iri;

INSERT INTO role_questions (role_question_id, asking_role, witness_loop, question_text, why_it_matters, answerable_before, semantic_type_iri)
VALUES ('q-controller-execution-diverged-from-spec', 'controller', 'loop-01', 'Give me one number per close: did exec-close-2026-q2 actually conform to close-v1.1.0, and if not, how far off was it?', 'ProcedureExecutions has ZERO derived fields. The parent of the entire execution story makes no claim whatsoever — it has a status someone typed and two timestamps. Every failure signal in this model lives on child rows, so to know whether a close was clean I have to read twelve StepExecutions and six RequirementSatisfactions by hand. That is not a control environment, that is a filing cabinet. I want conformance to be a computed property of the execution, so that ''the close was clean'' is a claim the model makes and can be wrong about.', FALSE, 'urn:effortless:pko-extension#RoleQuestion') ON CONFLICT (role_question_id) DO UPDATE SET asking_role = EXCLUDED.asking_role, witness_loop = EXCLUDED.witness_loop, question_text = EXCLUDED.question_text, why_it_matters = EXCLUDED.why_it_matters, answerable_before = EXCLUDED.answerable_before, semantic_type_iri = EXCLUDED.semantic_type_iri;

INSERT INTO role_questions (role_question_id, asking_role, witness_loop, question_text, why_it_matters, answerable_before, semantic_type_iri)
VALUES ('q-controller-ai-agent-approved-meaning', 'controller', 'loop-01', 'Did any AI agent or automated pipeline execute a step that requires human confirmation, or sign off on something a human was supposed to own?', 'req-close-human-approval and req-policy-human-approval both say a human must approve. Steps carries RequiresHumanConfirmation as a raw boolean and Agents carries AgentKind — Human, AIAgent, AutomatedPipeline — and NOTHING compares them. variance-ai executed se-close04. policy-drafting-ai executed se-policy03. Both fine today because those steps are not approval steps. But ra-old-variance to ra-new-variance shows this org actively migrates work from humans to AI agents, and the control that is supposed to stop that migration reaching an approval step is prose. This is the control I expect to matter most over the next two years and it currently does not exist.', FALSE, 'urn:effortless:pko-extension#RoleQuestion') ON CONFLICT (role_question_id) DO UPDATE SET asking_role = EXCLUDED.asking_role, witness_loop = EXCLUDED.witness_loop, question_text = EXCLUDED.question_text, why_it_matters = EXCLUDED.why_it_matters, answerable_before = EXCLUDED.answerable_before, semantic_type_iri = EXCLUDED.semantic_type_iri;

-- ----------------------------------------------------------------------------
-- RulebookFields: A complete census of every field in this rulebook. Reconciled from the real schemas by tools/reconcile_field_catalog.py — never hand-maintained. Fields invented by a witness loop carry an InventedForQuestion FK.
-- ----------------------------------------------------------------------------
INSERT INTO rulebook_fields (rulebook_field_id, target_table, field_name, field_type, datatype, formula, invented_for_question, semantic_type_iri)
VALUES ('RulebookReleases.RulebookReleaseId', 'RulebookReleases', 'RulebookReleaseId', 'raw', 'string', NULL, NULL, 'urn:effortless:pko-extension#RulebookField') ON CONFLICT (rulebook_field_id) DO UPDATE SET target_table = EXCLUDED.target_table, field_name = EXCLUDED.field_name, field_type = EXCLUDED.field_type, datatype = EXCLUDED.datatype, formula = EXCLUDED.formula, invented_for_question = EXCLUDED.invented_for_question, semantic_type_iri = EXCLUDED.semantic_type_iri;

INSERT INTO rulebook_fields (rulebook_field_id, target_table, field_name, field_type, datatype, formula, invented_for_question, semantic_type_iri)
VALUES ('RulebookReleases.Name', 'RulebookReleases', 'Name', 'calculated', 'string', '={{RulebookVersion}} & " / PKO " & {{PkoCoreVersionIri}}', NULL, 'urn:effortless:pko-extension#RulebookField') ON CONFLICT (rulebook_field_id) DO UPDATE SET target_table = EXCLUDED.target_table, field_name = EXCLUDED.field_name, field_type = EXCLUDED.field_type, datatype = EXCLUDED.datatype, formula = EXCLUDED.formula, invented_for_question = EXCLUDED.invented_for_question, semantic_type_iri = EXCLUDED.semantic_type_iri;

INSERT INTO rulebook_fields (rulebook_field_id, target_table, field_name, field_type, datatype, formula, invented_for_question, semantic_type_iri)
VALUES ('RulebookReleases.RulebookVersion', 'RulebookReleases', 'RulebookVersion', 'raw', 'string', NULL, NULL, 'urn:effortless:pko-extension#RulebookField') ON CONFLICT (rulebook_field_id) DO UPDATE SET target_table = EXCLUDED.target_table, field_name = EXCLUDED.field_name, field_type = EXCLUDED.field_type, datatype = EXCLUDED.datatype, formula = EXCLUDED.formula, invented_for_question = EXCLUDED.invented_for_question, semantic_type_iri = EXCLUDED.semantic_type_iri;

INSERT INTO rulebook_fields (rulebook_field_id, target_table, field_name, field_type, datatype, formula, invented_for_question, semantic_type_iri)
VALUES ('RulebookReleases.ProfileVersion', 'RulebookReleases', 'ProfileVersion', 'raw', 'string', NULL, NULL, 'urn:effortless:pko-extension#RulebookField') ON CONFLICT (rulebook_field_id) DO UPDATE SET target_table = EXCLUDED.target_table, field_name = EXCLUDED.field_name, field_type = EXCLUDED.field_type, datatype = EXCLUDED.datatype, formula = EXCLUDED.formula, invented_for_question = EXCLUDED.invented_for_question, semantic_type_iri = EXCLUDED.semantic_type_iri;

INSERT INTO rulebook_fields (rulebook_field_id, target_table, field_name, field_type, datatype, formula, invented_for_question, semantic_type_iri)
VALUES ('RulebookReleases.ProfileSchemaPath', 'RulebookReleases', 'ProfileSchemaPath', 'raw', 'string', NULL, NULL, 'urn:effortless:pko-extension#RulebookField') ON CONFLICT (rulebook_field_id) DO UPDATE SET target_table = EXCLUDED.target_table, field_name = EXCLUDED.field_name, field_type = EXCLUDED.field_type, datatype = EXCLUDED.datatype, formula = EXCLUDED.formula, invented_for_question = EXCLUDED.invented_for_question, semantic_type_iri = EXCLUDED.semantic_type_iri;

INSERT INTO rulebook_fields (rulebook_field_id, target_table, field_name, field_type, datatype, formula, invented_for_question, semantic_type_iri)
VALUES ('RulebookReleases.PkoCoreVersionIri', 'RulebookReleases', 'PkoCoreVersionIri', 'raw', 'string', NULL, NULL, 'urn:effortless:pko-extension#RulebookField') ON CONFLICT (rulebook_field_id) DO UPDATE SET target_table = EXCLUDED.target_table, field_name = EXCLUDED.field_name, field_type = EXCLUDED.field_type, datatype = EXCLUDED.datatype, formula = EXCLUDED.formula, invented_for_question = EXCLUDED.invented_for_question, semantic_type_iri = EXCLUDED.semantic_type_iri;

INSERT INTO rulebook_fields (rulebook_field_id, target_table, field_name, field_type, datatype, formula, invented_for_question, semantic_type_iri)
VALUES ('RulebookReleases.PkoIndustryVersionIri', 'RulebookReleases', 'PkoIndustryVersionIri', 'raw', 'string', NULL, NULL, 'urn:effortless:pko-extension#RulebookField') ON CONFLICT (rulebook_field_id) DO UPDATE SET target_table = EXCLUDED.target_table, field_name = EXCLUDED.field_name, field_type = EXCLUDED.field_type, datatype = EXCLUDED.datatype, formula = EXCLUDED.formula, invented_for_question = EXCLUDED.invented_for_question, semantic_type_iri = EXCLUDED.semantic_type_iri;

INSERT INTO rulebook_fields (rulebook_field_id, target_table, field_name, field_type, datatype, formula, invented_for_question, semantic_type_iri)
VALUES ('RulebookReleases.IssuedAt', 'RulebookReleases', 'IssuedAt', 'raw', 'datetime', NULL, NULL, 'urn:effortless:pko-extension#RulebookField') ON CONFLICT (rulebook_field_id) DO UPDATE SET target_table = EXCLUDED.target_table, field_name = EXCLUDED.field_name, field_type = EXCLUDED.field_type, datatype = EXCLUDED.datatype, formula = EXCLUDED.formula, invented_for_question = EXCLUDED.invented_for_question, semantic_type_iri = EXCLUDED.semantic_type_iri;

INSERT INTO rulebook_fields (rulebook_field_id, target_table, field_name, field_type, datatype, formula, invented_for_question, semantic_type_iri)
VALUES ('RulebookReleases.Status', 'RulebookReleases', 'Status', 'raw', 'string', NULL, NULL, 'urn:effortless:pko-extension#RulebookField') ON CONFLICT (rulebook_field_id) DO UPDATE SET target_table = EXCLUDED.target_table, field_name = EXCLUDED.field_name, field_type = EXCLUDED.field_type, datatype = EXCLUDED.datatype, formula = EXCLUDED.formula, invented_for_question = EXCLUDED.invented_for_question, semantic_type_iri = EXCLUDED.semantic_type_iri;

INSERT INTO rulebook_fields (rulebook_field_id, target_table, field_name, field_type, datatype, formula, invented_for_question, semantic_type_iri)
VALUES ('RulebookReleases.Changelog', 'RulebookReleases', 'Changelog', 'raw', 'string', NULL, NULL, 'urn:effortless:pko-extension#RulebookField') ON CONFLICT (rulebook_field_id) DO UPDATE SET target_table = EXCLUDED.target_table, field_name = EXCLUDED.field_name, field_type = EXCLUDED.field_type, datatype = EXCLUDED.datatype, formula = EXCLUDED.formula, invented_for_question = EXCLUDED.invented_for_question, semantic_type_iri = EXCLUDED.semantic_type_iri;

INSERT INTO rulebook_fields (rulebook_field_id, target_table, field_name, field_type, datatype, formula, invented_for_question, semantic_type_iri)
VALUES ('RulebookReleases.IsCurrent', 'RulebookReleases', 'IsCurrent', 'raw', 'boolean', NULL, NULL, 'urn:effortless:pko-extension#RulebookField') ON CONFLICT (rulebook_field_id) DO UPDATE SET target_table = EXCLUDED.target_table, field_name = EXCLUDED.field_name, field_type = EXCLUDED.field_type, datatype = EXCLUDED.datatype, formula = EXCLUDED.formula, invented_for_question = EXCLUDED.invented_for_question, semantic_type_iri = EXCLUDED.semantic_type_iri;

INSERT INTO rulebook_fields (rulebook_field_id, target_table, field_name, field_type, datatype, formula, invented_for_question, semantic_type_iri)
VALUES ('OntologyProfiles.OntologyProfileId', 'OntologyProfiles', 'OntologyProfileId', 'raw', 'string', NULL, NULL, 'urn:effortless:pko-extension#RulebookField') ON CONFLICT (rulebook_field_id) DO UPDATE SET target_table = EXCLUDED.target_table, field_name = EXCLUDED.field_name, field_type = EXCLUDED.field_type, datatype = EXCLUDED.datatype, formula = EXCLUDED.formula, invented_for_question = EXCLUDED.invented_for_question, semantic_type_iri = EXCLUDED.semantic_type_iri;

INSERT INTO rulebook_fields (rulebook_field_id, target_table, field_name, field_type, datatype, formula, invented_for_question, semantic_type_iri)
VALUES ('OntologyProfiles.Name', 'OntologyProfiles', 'Name', 'calculated', 'string', '={{Label}} & " " & {{Version}}', NULL, 'urn:effortless:pko-extension#RulebookField') ON CONFLICT (rulebook_field_id) DO UPDATE SET target_table = EXCLUDED.target_table, field_name = EXCLUDED.field_name, field_type = EXCLUDED.field_type, datatype = EXCLUDED.datatype, formula = EXCLUDED.formula, invented_for_question = EXCLUDED.invented_for_question, semantic_type_iri = EXCLUDED.semantic_type_iri;

INSERT INTO rulebook_fields (rulebook_field_id, target_table, field_name, field_type, datatype, formula, invented_for_question, semantic_type_iri)
VALUES ('OntologyProfiles.Label', 'OntologyProfiles', 'Label', 'raw', 'string', NULL, NULL, 'urn:effortless:pko-extension#RulebookField') ON CONFLICT (rulebook_field_id) DO UPDATE SET target_table = EXCLUDED.target_table, field_name = EXCLUDED.field_name, field_type = EXCLUDED.field_type, datatype = EXCLUDED.datatype, formula = EXCLUDED.formula, invented_for_question = EXCLUDED.invented_for_question, semantic_type_iri = EXCLUDED.semantic_type_iri;

INSERT INTO rulebook_fields (rulebook_field_id, target_table, field_name, field_type, datatype, formula, invented_for_question, semantic_type_iri)
VALUES ('OntologyProfiles.Version', 'OntologyProfiles', 'Version', 'raw', 'string', NULL, NULL, 'urn:effortless:pko-extension#RulebookField') ON CONFLICT (rulebook_field_id) DO UPDATE SET target_table = EXCLUDED.target_table, field_name = EXCLUDED.field_name, field_type = EXCLUDED.field_type, datatype = EXCLUDED.datatype, formula = EXCLUDED.formula, invented_for_question = EXCLUDED.invented_for_question, semantic_type_iri = EXCLUDED.semantic_type_iri;

INSERT INTO rulebook_fields (rulebook_field_id, target_table, field_name, field_type, datatype, formula, invented_for_question, semantic_type_iri)
VALUES ('OntologyProfiles.VersionIri', 'OntologyProfiles', 'VersionIri', 'raw', 'string', NULL, NULL, 'urn:effortless:pko-extension#RulebookField') ON CONFLICT (rulebook_field_id) DO UPDATE SET target_table = EXCLUDED.target_table, field_name = EXCLUDED.field_name, field_type = EXCLUDED.field_type, datatype = EXCLUDED.datatype, formula = EXCLUDED.formula, invented_for_question = EXCLUDED.invented_for_question, semantic_type_iri = EXCLUDED.semantic_type_iri;

INSERT INTO rulebook_fields (rulebook_field_id, target_table, field_name, field_type, datatype, formula, invented_for_question, semantic_type_iri)
VALUES ('OntologyProfiles.NamespaceIri', 'OntologyProfiles', 'NamespaceIri', 'raw', 'string', NULL, NULL, 'urn:effortless:pko-extension#RulebookField') ON CONFLICT (rulebook_field_id) DO UPDATE SET target_table = EXCLUDED.target_table, field_name = EXCLUDED.field_name, field_type = EXCLUDED.field_type, datatype = EXCLUDED.datatype, formula = EXCLUDED.formula, invented_for_question = EXCLUDED.invented_for_question, semantic_type_iri = EXCLUDED.semantic_type_iri;

INSERT INTO rulebook_fields (rulebook_field_id, target_table, field_name, field_type, datatype, formula, invented_for_question, semantic_type_iri)
VALUES ('OntologyProfiles.License', 'OntologyProfiles', 'License', 'raw', 'string', NULL, NULL, 'urn:effortless:pko-extension#RulebookField') ON CONFLICT (rulebook_field_id) DO UPDATE SET target_table = EXCLUDED.target_table, field_name = EXCLUDED.field_name, field_type = EXCLUDED.field_type, datatype = EXCLUDED.datatype, formula = EXCLUDED.formula, invented_for_question = EXCLUDED.invented_for_question, semantic_type_iri = EXCLUDED.semantic_type_iri;

INSERT INTO rulebook_fields (rulebook_field_id, target_table, field_name, field_type, datatype, formula, invented_for_question, semantic_type_iri)
VALUES ('OntologyProfiles.Scope', 'OntologyProfiles', 'Scope', 'raw', 'string', NULL, NULL, 'urn:effortless:pko-extension#RulebookField') ON CONFLICT (rulebook_field_id) DO UPDATE SET target_table = EXCLUDED.target_table, field_name = EXCLUDED.field_name, field_type = EXCLUDED.field_type, datatype = EXCLUDED.datatype, formula = EXCLUDED.formula, invented_for_question = EXCLUDED.invented_for_question, semantic_type_iri = EXCLUDED.semantic_type_iri;

INSERT INTO rulebook_fields (rulebook_field_id, target_table, field_name, field_type, datatype, formula, invented_for_question, semantic_type_iri)
VALUES ('EvaluationContexts.EvaluationContextId', 'EvaluationContexts', 'EvaluationContextId', 'raw', 'string', NULL, NULL, 'urn:effortless:pko-extension#RulebookField') ON CONFLICT (rulebook_field_id) DO UPDATE SET target_table = EXCLUDED.target_table, field_name = EXCLUDED.field_name, field_type = EXCLUDED.field_type, datatype = EXCLUDED.datatype, formula = EXCLUDED.formula, invented_for_question = EXCLUDED.invented_for_question, semantic_type_iri = EXCLUDED.semantic_type_iri;

INSERT INTO rulebook_fields (rulebook_field_id, target_table, field_name, field_type, datatype, formula, invented_for_question, semantic_type_iri)
VALUES ('EvaluationContexts.Name', 'EvaluationContexts', 'Name', 'calculated', 'string', '={{Label}} & " @ " & {{AsOfInstant}}', NULL, 'urn:effortless:pko-extension#RulebookField') ON CONFLICT (rulebook_field_id) DO UPDATE SET target_table = EXCLUDED.target_table, field_name = EXCLUDED.field_name, field_type = EXCLUDED.field_type, datatype = EXCLUDED.datatype, formula = EXCLUDED.formula, invented_for_question = EXCLUDED.invented_for_question, semantic_type_iri = EXCLUDED.semantic_type_iri;

INSERT INTO rulebook_fields (rulebook_field_id, target_table, field_name, field_type, datatype, formula, invented_for_question, semantic_type_iri)
VALUES ('EvaluationContexts.Label', 'EvaluationContexts', 'Label', 'raw', 'string', NULL, NULL, 'urn:effortless:pko-extension#RulebookField') ON CONFLICT (rulebook_field_id) DO UPDATE SET target_table = EXCLUDED.target_table, field_name = EXCLUDED.field_name, field_type = EXCLUDED.field_type, datatype = EXCLUDED.datatype, formula = EXCLUDED.formula, invented_for_question = EXCLUDED.invented_for_question, semantic_type_iri = EXCLUDED.semantic_type_iri;

INSERT INTO rulebook_fields (rulebook_field_id, target_table, field_name, field_type, datatype, formula, invented_for_question, semantic_type_iri)
VALUES ('EvaluationContexts.AsOfInstant', 'EvaluationContexts', 'AsOfInstant', 'raw', 'datetime', NULL, NULL, 'urn:effortless:pko-extension#RulebookField') ON CONFLICT (rulebook_field_id) DO UPDATE SET target_table = EXCLUDED.target_table, field_name = EXCLUDED.field_name, field_type = EXCLUDED.field_type, datatype = EXCLUDED.datatype, formula = EXCLUDED.formula, invented_for_question = EXCLUDED.invented_for_question, semantic_type_iri = EXCLUDED.semantic_type_iri;

INSERT INTO rulebook_fields (rulebook_field_id, target_table, field_name, field_type, datatype, formula, invented_for_question, semantic_type_iri)
VALUES ('EvaluationContexts.IsCurrent', 'EvaluationContexts', 'IsCurrent', 'raw', 'boolean', NULL, NULL, 'urn:effortless:pko-extension#RulebookField') ON CONFLICT (rulebook_field_id) DO UPDATE SET target_table = EXCLUDED.target_table, field_name = EXCLUDED.field_name, field_type = EXCLUDED.field_type, datatype = EXCLUDED.datatype, formula = EXCLUDED.formula, invented_for_question = EXCLUDED.invented_for_question, semantic_type_iri = EXCLUDED.semantic_type_iri;

INSERT INTO rulebook_fields (rulebook_field_id, target_table, field_name, field_type, datatype, formula, invented_for_question, semantic_type_iri)
VALUES ('EvaluationContexts.Rationale', 'EvaluationContexts', 'Rationale', 'raw', 'string', NULL, NULL, 'urn:effortless:pko-extension#RulebookField') ON CONFLICT (rulebook_field_id) DO UPDATE SET target_table = EXCLUDED.target_table, field_name = EXCLUDED.field_name, field_type = EXCLUDED.field_type, datatype = EXCLUDED.datatype, formula = EXCLUDED.formula, invented_for_question = EXCLUDED.invented_for_question, semantic_type_iri = EXCLUDED.semantic_type_iri;

INSERT INTO rulebook_fields (rulebook_field_id, target_table, field_name, field_type, datatype, formula, invented_for_question, semantic_type_iri)
VALUES ('EvaluationContexts.SemanticTypeIri', 'EvaluationContexts', 'SemanticTypeIri', 'raw', 'string', NULL, NULL, 'urn:effortless:pko-extension#RulebookField') ON CONFLICT (rulebook_field_id) DO UPDATE SET target_table = EXCLUDED.target_table, field_name = EXCLUDED.field_name, field_type = EXCLUDED.field_type, datatype = EXCLUDED.datatype, formula = EXCLUDED.formula, invented_for_question = EXCLUDED.invented_for_question, semantic_type_iri = EXCLUDED.semantic_type_iri;

INSERT INTO rulebook_fields (rulebook_field_id, target_table, field_name, field_type, datatype, formula, invented_for_question, semantic_type_iri)
VALUES ('Organizations.OrganizationId', 'Organizations', 'OrganizationId', 'raw', 'string', NULL, NULL, 'urn:effortless:pko-extension#RulebookField') ON CONFLICT (rulebook_field_id) DO UPDATE SET target_table = EXCLUDED.target_table, field_name = EXCLUDED.field_name, field_type = EXCLUDED.field_type, datatype = EXCLUDED.datatype, formula = EXCLUDED.formula, invented_for_question = EXCLUDED.invented_for_question, semantic_type_iri = EXCLUDED.semantic_type_iri;

INSERT INTO rulebook_fields (rulebook_field_id, target_table, field_name, field_type, datatype, formula, invented_for_question, semantic_type_iri)
VALUES ('Organizations.Name', 'Organizations', 'Name', 'calculated', 'string', '={{DisplayName}}', NULL, 'urn:effortless:pko-extension#RulebookField') ON CONFLICT (rulebook_field_id) DO UPDATE SET target_table = EXCLUDED.target_table, field_name = EXCLUDED.field_name, field_type = EXCLUDED.field_type, datatype = EXCLUDED.datatype, formula = EXCLUDED.formula, invented_for_question = EXCLUDED.invented_for_question, semantic_type_iri = EXCLUDED.semantic_type_iri;

INSERT INTO rulebook_fields (rulebook_field_id, target_table, field_name, field_type, datatype, formula, invented_for_question, semantic_type_iri)
VALUES ('Organizations.DisplayName', 'Organizations', 'DisplayName', 'raw', 'string', NULL, NULL, 'urn:effortless:pko-extension#RulebookField') ON CONFLICT (rulebook_field_id) DO UPDATE SET target_table = EXCLUDED.target_table, field_name = EXCLUDED.field_name, field_type = EXCLUDED.field_type, datatype = EXCLUDED.datatype, formula = EXCLUDED.formula, invented_for_question = EXCLUDED.invented_for_question, semantic_type_iri = EXCLUDED.semantic_type_iri;

INSERT INTO rulebook_fields (rulebook_field_id, target_table, field_name, field_type, datatype, formula, invented_for_question, semantic_type_iri)
VALUES ('Organizations.OrganizationType', 'Organizations', 'OrganizationType', 'raw', 'string', NULL, NULL, 'urn:effortless:pko-extension#RulebookField') ON CONFLICT (rulebook_field_id) DO UPDATE SET target_table = EXCLUDED.target_table, field_name = EXCLUDED.field_name, field_type = EXCLUDED.field_type, datatype = EXCLUDED.datatype, formula = EXCLUDED.formula, invented_for_question = EXCLUDED.invented_for_question, semantic_type_iri = EXCLUDED.semantic_type_iri;

INSERT INTO rulebook_fields (rulebook_field_id, target_table, field_name, field_type, datatype, formula, invented_for_question, semantic_type_iri)
VALUES ('Organizations.ExternalIdentifier', 'Organizations', 'ExternalIdentifier', 'raw', 'string', NULL, NULL, 'urn:effortless:pko-extension#RulebookField') ON CONFLICT (rulebook_field_id) DO UPDATE SET target_table = EXCLUDED.target_table, field_name = EXCLUDED.field_name, field_type = EXCLUDED.field_type, datatype = EXCLUDED.datatype, formula = EXCLUDED.formula, invented_for_question = EXCLUDED.invented_for_question, semantic_type_iri = EXCLUDED.semantic_type_iri;

INSERT INTO rulebook_fields (rulebook_field_id, target_table, field_name, field_type, datatype, formula, invented_for_question, semantic_type_iri)
VALUES ('Organizations.SemanticTypeIri', 'Organizations', 'SemanticTypeIri', 'raw', 'string', NULL, NULL, 'urn:effortless:pko-extension#RulebookField') ON CONFLICT (rulebook_field_id) DO UPDATE SET target_table = EXCLUDED.target_table, field_name = EXCLUDED.field_name, field_type = EXCLUDED.field_type, datatype = EXCLUDED.datatype, formula = EXCLUDED.formula, invented_for_question = EXCLUDED.invented_for_question, semantic_type_iri = EXCLUDED.semantic_type_iri;

INSERT INTO rulebook_fields (rulebook_field_id, target_table, field_name, field_type, datatype, formula, invented_for_question, semantic_type_iri)
VALUES ('Agents.AgentId', 'Agents', 'AgentId', 'raw', 'string', NULL, NULL, 'urn:effortless:pko-extension#RulebookField') ON CONFLICT (rulebook_field_id) DO UPDATE SET target_table = EXCLUDED.target_table, field_name = EXCLUDED.field_name, field_type = EXCLUDED.field_type, datatype = EXCLUDED.datatype, formula = EXCLUDED.formula, invented_for_question = EXCLUDED.invented_for_question, semantic_type_iri = EXCLUDED.semantic_type_iri;

INSERT INTO rulebook_fields (rulebook_field_id, target_table, field_name, field_type, datatype, formula, invented_for_question, semantic_type_iri)
VALUES ('Agents.Name', 'Agents', 'Name', 'calculated', 'string', '={{DisplayName}}', NULL, 'urn:effortless:pko-extension#RulebookField') ON CONFLICT (rulebook_field_id) DO UPDATE SET target_table = EXCLUDED.target_table, field_name = EXCLUDED.field_name, field_type = EXCLUDED.field_type, datatype = EXCLUDED.datatype, formula = EXCLUDED.formula, invented_for_question = EXCLUDED.invented_for_question, semantic_type_iri = EXCLUDED.semantic_type_iri;

INSERT INTO rulebook_fields (rulebook_field_id, target_table, field_name, field_type, datatype, formula, invented_for_question, semantic_type_iri)
VALUES ('Agents.DisplayName', 'Agents', 'DisplayName', 'raw', 'string', NULL, NULL, 'urn:effortless:pko-extension#RulebookField') ON CONFLICT (rulebook_field_id) DO UPDATE SET target_table = EXCLUDED.target_table, field_name = EXCLUDED.field_name, field_type = EXCLUDED.field_type, datatype = EXCLUDED.datatype, formula = EXCLUDED.formula, invented_for_question = EXCLUDED.invented_for_question, semantic_type_iri = EXCLUDED.semantic_type_iri;

INSERT INTO rulebook_fields (rulebook_field_id, target_table, field_name, field_type, datatype, formula, invented_for_question, semantic_type_iri)
VALUES ('Agents.AgentKind', 'Agents', 'AgentKind', 'raw', 'string', NULL, NULL, 'urn:effortless:pko-extension#RulebookField') ON CONFLICT (rulebook_field_id) DO UPDATE SET target_table = EXCLUDED.target_table, field_name = EXCLUDED.field_name, field_type = EXCLUDED.field_type, datatype = EXCLUDED.datatype, formula = EXCLUDED.formula, invented_for_question = EXCLUDED.invented_for_question, semantic_type_iri = EXCLUDED.semantic_type_iri;

INSERT INTO rulebook_fields (rulebook_field_id, target_table, field_name, field_type, datatype, formula, invented_for_question, semantic_type_iri)
VALUES ('Agents.Organization', 'Agents', 'Organization', 'relationship', 'string', NULL, NULL, 'urn:effortless:pko-extension#RulebookField') ON CONFLICT (rulebook_field_id) DO UPDATE SET target_table = EXCLUDED.target_table, field_name = EXCLUDED.field_name, field_type = EXCLUDED.field_type, datatype = EXCLUDED.datatype, formula = EXCLUDED.formula, invented_for_question = EXCLUDED.invented_for_question, semantic_type_iri = EXCLUDED.semantic_type_iri;

INSERT INTO rulebook_fields (rulebook_field_id, target_table, field_name, field_type, datatype, formula, invented_for_question, semantic_type_iri)
VALUES ('Agents.ContactAddress', 'Agents', 'ContactAddress', 'raw', 'string', NULL, NULL, 'urn:effortless:pko-extension#RulebookField') ON CONFLICT (rulebook_field_id) DO UPDATE SET target_table = EXCLUDED.target_table, field_name = EXCLUDED.field_name, field_type = EXCLUDED.field_type, datatype = EXCLUDED.datatype, formula = EXCLUDED.formula, invented_for_question = EXCLUDED.invented_for_question, semantic_type_iri = EXCLUDED.semantic_type_iri;

INSERT INTO rulebook_fields (rulebook_field_id, target_table, field_name, field_type, datatype, formula, invented_for_question, semantic_type_iri)
VALUES ('Agents.VersionOrEmploymentKey', 'Agents', 'VersionOrEmploymentKey', 'raw', 'string', NULL, NULL, 'urn:effortless:pko-extension#RulebookField') ON CONFLICT (rulebook_field_id) DO UPDATE SET target_table = EXCLUDED.target_table, field_name = EXCLUDED.field_name, field_type = EXCLUDED.field_type, datatype = EXCLUDED.datatype, formula = EXCLUDED.formula, invented_for_question = EXCLUDED.invented_for_question, semantic_type_iri = EXCLUDED.semantic_type_iri;

INSERT INTO rulebook_fields (rulebook_field_id, target_table, field_name, field_type, datatype, formula, invented_for_question, semantic_type_iri)
VALUES ('Agents.SemanticTypeIri', 'Agents', 'SemanticTypeIri', 'raw', 'string', NULL, NULL, 'urn:effortless:pko-extension#RulebookField') ON CONFLICT (rulebook_field_id) DO UPDATE SET target_table = EXCLUDED.target_table, field_name = EXCLUDED.field_name, field_type = EXCLUDED.field_type, datatype = EXCLUDED.datatype, formula = EXCLUDED.formula, invented_for_question = EXCLUDED.invented_for_question, semantic_type_iri = EXCLUDED.semantic_type_iri;

INSERT INTO rulebook_fields (rulebook_field_id, target_table, field_name, field_type, datatype, formula, invented_for_question, semantic_type_iri)
VALUES ('Roles.RoleId', 'Roles', 'RoleId', 'raw', 'string', NULL, NULL, 'urn:effortless:pko-extension#RulebookField') ON CONFLICT (rulebook_field_id) DO UPDATE SET target_table = EXCLUDED.target_table, field_name = EXCLUDED.field_name, field_type = EXCLUDED.field_type, datatype = EXCLUDED.datatype, formula = EXCLUDED.formula, invented_for_question = EXCLUDED.invented_for_question, semantic_type_iri = EXCLUDED.semantic_type_iri;

INSERT INTO rulebook_fields (rulebook_field_id, target_table, field_name, field_type, datatype, formula, invented_for_question, semantic_type_iri)
VALUES ('Roles.Name', 'Roles', 'Name', 'calculated', 'string', '={{Label}}', NULL, 'urn:effortless:pko-extension#RulebookField') ON CONFLICT (rulebook_field_id) DO UPDATE SET target_table = EXCLUDED.target_table, field_name = EXCLUDED.field_name, field_type = EXCLUDED.field_type, datatype = EXCLUDED.datatype, formula = EXCLUDED.formula, invented_for_question = EXCLUDED.invented_for_question, semantic_type_iri = EXCLUDED.semantic_type_iri;

INSERT INTO rulebook_fields (rulebook_field_id, target_table, field_name, field_type, datatype, formula, invented_for_question, semantic_type_iri)
VALUES ('Roles.Label', 'Roles', 'Label', 'raw', 'string', NULL, NULL, 'urn:effortless:pko-extension#RulebookField') ON CONFLICT (rulebook_field_id) DO UPDATE SET target_table = EXCLUDED.target_table, field_name = EXCLUDED.field_name, field_type = EXCLUDED.field_type, datatype = EXCLUDED.datatype, formula = EXCLUDED.formula, invented_for_question = EXCLUDED.invented_for_question, semantic_type_iri = EXCLUDED.semantic_type_iri;

INSERT INTO rulebook_fields (rulebook_field_id, target_table, field_name, field_type, datatype, formula, invented_for_question, semantic_type_iri)
VALUES ('Roles.Organization', 'Roles', 'Organization', 'relationship', 'string', NULL, NULL, 'urn:effortless:pko-extension#RulebookField') ON CONFLICT (rulebook_field_id) DO UPDATE SET target_table = EXCLUDED.target_table, field_name = EXCLUDED.field_name, field_type = EXCLUDED.field_type, datatype = EXCLUDED.datatype, formula = EXCLUDED.formula, invented_for_question = EXCLUDED.invented_for_question, semantic_type_iri = EXCLUDED.semantic_type_iri;

INSERT INTO rulebook_fields (rulebook_field_id, target_table, field_name, field_type, datatype, formula, invented_for_question, semantic_type_iri)
VALUES ('Roles.CurrentAgent', 'Roles', 'CurrentAgent', 'relationship', 'string', NULL, NULL, 'urn:effortless:pko-extension#RulebookField') ON CONFLICT (rulebook_field_id) DO UPDATE SET target_table = EXCLUDED.target_table, field_name = EXCLUDED.field_name, field_type = EXCLUDED.field_type, datatype = EXCLUDED.datatype, formula = EXCLUDED.formula, invented_for_question = EXCLUDED.invented_for_question, semantic_type_iri = EXCLUDED.semantic_type_iri;

INSERT INTO rulebook_fields (rulebook_field_id, target_table, field_name, field_type, datatype, formula, invented_for_question, semantic_type_iri)
VALUES ('Roles.CurrentAgentKind', 'Roles', 'CurrentAgentKind', 'lookup', 'string', '=INDEX(Agents!{{AgentKind}}, MATCH({{CurrentAgent}}, Agents!{{AgentId}}, 0))', NULL, 'urn:effortless:pko-extension#RulebookField') ON CONFLICT (rulebook_field_id) DO UPDATE SET target_table = EXCLUDED.target_table, field_name = EXCLUDED.field_name, field_type = EXCLUDED.field_type, datatype = EXCLUDED.datatype, formula = EXCLUDED.formula, invented_for_question = EXCLUDED.invented_for_question, semantic_type_iri = EXCLUDED.semantic_type_iri;

INSERT INTO rulebook_fields (rulebook_field_id, target_table, field_name, field_type, datatype, formula, invented_for_question, semantic_type_iri)
VALUES ('Roles.Responsibility', 'Roles', 'Responsibility', 'raw', 'string', NULL, NULL, 'urn:effortless:pko-extension#RulebookField') ON CONFLICT (rulebook_field_id) DO UPDATE SET target_table = EXCLUDED.target_table, field_name = EXCLUDED.field_name, field_type = EXCLUDED.field_type, datatype = EXCLUDED.datatype, formula = EXCLUDED.formula, invented_for_question = EXCLUDED.invented_for_question, semantic_type_iri = EXCLUDED.semantic_type_iri;

INSERT INTO rulebook_fields (rulebook_field_id, target_table, field_name, field_type, datatype, formula, invented_for_question, semantic_type_iri)
VALUES ('Roles.SemanticTypeIri', 'Roles', 'SemanticTypeIri', 'raw', 'string', NULL, NULL, 'urn:effortless:pko-extension#RulebookField') ON CONFLICT (rulebook_field_id) DO UPDATE SET target_table = EXCLUDED.target_table, field_name = EXCLUDED.field_name, field_type = EXCLUDED.field_type, datatype = EXCLUDED.datatype, formula = EXCLUDED.formula, invented_for_question = EXCLUDED.invented_for_question, semantic_type_iri = EXCLUDED.semantic_type_iri;

INSERT INTO rulebook_fields (rulebook_field_id, target_table, field_name, field_type, datatype, formula, invented_for_question, semantic_type_iri)
VALUES ('RoleAssignments.RoleAssignmentId', 'RoleAssignments', 'RoleAssignmentId', 'raw', 'string', NULL, NULL, 'urn:effortless:pko-extension#RulebookField') ON CONFLICT (rulebook_field_id) DO UPDATE SET target_table = EXCLUDED.target_table, field_name = EXCLUDED.field_name, field_type = EXCLUDED.field_type, datatype = EXCLUDED.datatype, formula = EXCLUDED.formula, invented_for_question = EXCLUDED.invented_for_question, semantic_type_iri = EXCLUDED.semantic_type_iri;

INSERT INTO rulebook_fields (rulebook_field_id, target_table, field_name, field_type, datatype, formula, invented_for_question, semantic_type_iri)
VALUES ('RoleAssignments.Name', 'RoleAssignments', 'Name', 'calculated', 'string', '={{Role}} & " @ " & {{ValidFrom}}', NULL, 'urn:effortless:pko-extension#RulebookField') ON CONFLICT (rulebook_field_id) DO UPDATE SET target_table = EXCLUDED.target_table, field_name = EXCLUDED.field_name, field_type = EXCLUDED.field_type, datatype = EXCLUDED.datatype, formula = EXCLUDED.formula, invented_for_question = EXCLUDED.invented_for_question, semantic_type_iri = EXCLUDED.semantic_type_iri;

INSERT INTO rulebook_fields (rulebook_field_id, target_table, field_name, field_type, datatype, formula, invented_for_question, semantic_type_iri)
VALUES ('RoleAssignments.Role', 'RoleAssignments', 'Role', 'relationship', 'string', NULL, NULL, 'urn:effortless:pko-extension#RulebookField') ON CONFLICT (rulebook_field_id) DO UPDATE SET target_table = EXCLUDED.target_table, field_name = EXCLUDED.field_name, field_type = EXCLUDED.field_type, datatype = EXCLUDED.datatype, formula = EXCLUDED.formula, invented_for_question = EXCLUDED.invented_for_question, semantic_type_iri = EXCLUDED.semantic_type_iri;

INSERT INTO rulebook_fields (rulebook_field_id, target_table, field_name, field_type, datatype, formula, invented_for_question, semantic_type_iri)
VALUES ('RoleAssignments.Agent', 'RoleAssignments', 'Agent', 'relationship', 'string', NULL, NULL, 'urn:effortless:pko-extension#RulebookField') ON CONFLICT (rulebook_field_id) DO UPDATE SET target_table = EXCLUDED.target_table, field_name = EXCLUDED.field_name, field_type = EXCLUDED.field_type, datatype = EXCLUDED.datatype, formula = EXCLUDED.formula, invented_for_question = EXCLUDED.invented_for_question, semantic_type_iri = EXCLUDED.semantic_type_iri;

INSERT INTO rulebook_fields (rulebook_field_id, target_table, field_name, field_type, datatype, formula, invented_for_question, semantic_type_iri)
VALUES ('RoleAssignments.ValidFrom', 'RoleAssignments', 'ValidFrom', 'raw', 'datetime', NULL, NULL, 'urn:effortless:pko-extension#RulebookField') ON CONFLICT (rulebook_field_id) DO UPDATE SET target_table = EXCLUDED.target_table, field_name = EXCLUDED.field_name, field_type = EXCLUDED.field_type, datatype = EXCLUDED.datatype, formula = EXCLUDED.formula, invented_for_question = EXCLUDED.invented_for_question, semantic_type_iri = EXCLUDED.semantic_type_iri;

INSERT INTO rulebook_fields (rulebook_field_id, target_table, field_name, field_type, datatype, formula, invented_for_question, semantic_type_iri)
VALUES ('RoleAssignments.ValidTo', 'RoleAssignments', 'ValidTo', 'raw', 'datetime', NULL, NULL, 'urn:effortless:pko-extension#RulebookField') ON CONFLICT (rulebook_field_id) DO UPDATE SET target_table = EXCLUDED.target_table, field_name = EXCLUDED.field_name, field_type = EXCLUDED.field_type, datatype = EXCLUDED.datatype, formula = EXCLUDED.formula, invented_for_question = EXCLUDED.invented_for_question, semantic_type_iri = EXCLUDED.semantic_type_iri;

INSERT INTO rulebook_fields (rulebook_field_id, target_table, field_name, field_type, datatype, formula, invented_for_question, semantic_type_iri)
VALUES ('RoleAssignments.Reason', 'RoleAssignments', 'Reason', 'raw', 'string', NULL, NULL, 'urn:effortless:pko-extension#RulebookField') ON CONFLICT (rulebook_field_id) DO UPDATE SET target_table = EXCLUDED.target_table, field_name = EXCLUDED.field_name, field_type = EXCLUDED.field_type, datatype = EXCLUDED.datatype, formula = EXCLUDED.formula, invented_for_question = EXCLUDED.invented_for_question, semantic_type_iri = EXCLUDED.semantic_type_iri;

INSERT INTO rulebook_fields (rulebook_field_id, target_table, field_name, field_type, datatype, formula, invented_for_question, semantic_type_iri)
VALUES ('RoleAssignments.Status', 'RoleAssignments', 'Status', 'raw', 'string', NULL, NULL, 'urn:effortless:pko-extension#RulebookField') ON CONFLICT (rulebook_field_id) DO UPDATE SET target_table = EXCLUDED.target_table, field_name = EXCLUDED.field_name, field_type = EXCLUDED.field_type, datatype = EXCLUDED.datatype, formula = EXCLUDED.formula, invented_for_question = EXCLUDED.invented_for_question, semantic_type_iri = EXCLUDED.semantic_type_iri;

INSERT INTO rulebook_fields (rulebook_field_id, target_table, field_name, field_type, datatype, formula, invented_for_question, semantic_type_iri)
VALUES ('RoleAssignments.EvaluationContext', 'RoleAssignments', 'EvaluationContext', 'relationship', 'string', NULL, NULL, 'urn:effortless:pko-extension#RulebookField') ON CONFLICT (rulebook_field_id) DO UPDATE SET target_table = EXCLUDED.target_table, field_name = EXCLUDED.field_name, field_type = EXCLUDED.field_type, datatype = EXCLUDED.datatype, formula = EXCLUDED.formula, invented_for_question = EXCLUDED.invented_for_question, semantic_type_iri = EXCLUDED.semantic_type_iri;

INSERT INTO rulebook_fields (rulebook_field_id, target_table, field_name, field_type, datatype, formula, invented_for_question, semantic_type_iri)
VALUES ('RoleAssignments.AsOfInstant', 'RoleAssignments', 'AsOfInstant', 'lookup', 'datetime', '=INDEX(EvaluationContexts!{{AsOfInstant}}, MATCH({{EvaluationContext}}, EvaluationContexts!{{EvaluationContextId}}, 0))', NULL, 'urn:effortless:pko-extension#RulebookField') ON CONFLICT (rulebook_field_id) DO UPDATE SET target_table = EXCLUDED.target_table, field_name = EXCLUDED.field_name, field_type = EXCLUDED.field_type, datatype = EXCLUDED.datatype, formula = EXCLUDED.formula, invented_for_question = EXCLUDED.invented_for_question, semantic_type_iri = EXCLUDED.semantic_type_iri;

INSERT INTO rulebook_fields (rulebook_field_id, target_table, field_name, field_type, datatype, formula, invented_for_question, semantic_type_iri)
VALUES ('RoleAssignments.IsCurrent', 'RoleAssignments', 'IsCurrent', 'calculated', 'boolean', '=AND({{ValidFrom}} <= {{AsOfInstant}}, OR({{ValidTo}} = "", {{ValidTo}} > {{AsOfInstant}}))', NULL, 'urn:effortless:pko-extension#RulebookField') ON CONFLICT (rulebook_field_id) DO UPDATE SET target_table = EXCLUDED.target_table, field_name = EXCLUDED.field_name, field_type = EXCLUDED.field_type, datatype = EXCLUDED.datatype, formula = EXCLUDED.formula, invented_for_question = EXCLUDED.invented_for_question, semantic_type_iri = EXCLUDED.semantic_type_iri;

INSERT INTO rulebook_fields (rulebook_field_id, target_table, field_name, field_type, datatype, formula, invented_for_question, semantic_type_iri)
VALUES ('RoleAssignments.CurrentAgentKey', 'RoleAssignments', 'CurrentAgentKey', 'calculated', 'string', '=IF({{IsCurrent}}, {{Agent}}, "")', NULL, 'urn:effortless:pko-extension#RulebookField') ON CONFLICT (rulebook_field_id) DO UPDATE SET target_table = EXCLUDED.target_table, field_name = EXCLUDED.field_name, field_type = EXCLUDED.field_type, datatype = EXCLUDED.datatype, formula = EXCLUDED.formula, invented_for_question = EXCLUDED.invented_for_question, semantic_type_iri = EXCLUDED.semantic_type_iri;

INSERT INTO rulebook_fields (rulebook_field_id, target_table, field_name, field_type, datatype, formula, invented_for_question, semantic_type_iri)
VALUES ('RoleAssignments.IsCurrentlyValid', 'RoleAssignments', 'IsCurrentlyValid', 'calculated', 'boolean', '=AND({{Status}} = "Active", OR({{ValidTo}} = "", {{ValidTo}} > NOW()))', 'q-controller-approval-authority-valid', 'urn:effortless:pko-extension#RulebookField') ON CONFLICT (rulebook_field_id) DO UPDATE SET target_table = EXCLUDED.target_table, field_name = EXCLUDED.field_name, field_type = EXCLUDED.field_type, datatype = EXCLUDED.datatype, formula = EXCLUDED.formula, invented_for_question = EXCLUDED.invented_for_question, semantic_type_iri = EXCLUDED.semantic_type_iri;

INSERT INTO rulebook_fields (rulebook_field_id, target_table, field_name, field_type, datatype, formula, invented_for_question, semantic_type_iri)
VALUES ('RoleAssignments.AgentRoleKey', 'RoleAssignments', 'AgentRoleKey', 'calculated', 'string', '=IF({{IsCurrentlyValid}}, {{Agent}} & "|" & {{Role}}, "")', 'q-controller-approval-authority-valid', 'urn:effortless:pko-extension#RulebookField') ON CONFLICT (rulebook_field_id) DO UPDATE SET target_table = EXCLUDED.target_table, field_name = EXCLUDED.field_name, field_type = EXCLUDED.field_type, datatype = EXCLUDED.datatype, formula = EXCLUDED.formula, invented_for_question = EXCLUDED.invented_for_question, semantic_type_iri = EXCLUDED.semantic_type_iri;

INSERT INTO rulebook_fields (rulebook_field_id, target_table, field_name, field_type, datatype, formula, invented_for_question, semantic_type_iri)
VALUES ('RoleAssignments.SemanticTypeIri', 'RoleAssignments', 'SemanticTypeIri', 'raw', 'string', NULL, NULL, 'urn:effortless:pko-extension#RulebookField') ON CONFLICT (rulebook_field_id) DO UPDATE SET target_table = EXCLUDED.target_table, field_name = EXCLUDED.field_name, field_type = EXCLUDED.field_type, datatype = EXCLUDED.datatype, formula = EXCLUDED.formula, invented_for_question = EXCLUDED.invented_for_question, semantic_type_iri = EXCLUDED.semantic_type_iri;

INSERT INTO rulebook_fields (rulebook_field_id, target_table, field_name, field_type, datatype, formula, invented_for_question, semantic_type_iri)
VALUES ('CommunitiesOfPractice.CommunityOfPracticeId', 'CommunitiesOfPractice', 'CommunityOfPracticeId', 'raw', 'string', NULL, NULL, 'urn:effortless:pko-extension#RulebookField') ON CONFLICT (rulebook_field_id) DO UPDATE SET target_table = EXCLUDED.target_table, field_name = EXCLUDED.field_name, field_type = EXCLUDED.field_type, datatype = EXCLUDED.datatype, formula = EXCLUDED.formula, invented_for_question = EXCLUDED.invented_for_question, semantic_type_iri = EXCLUDED.semantic_type_iri;

INSERT INTO rulebook_fields (rulebook_field_id, target_table, field_name, field_type, datatype, formula, invented_for_question, semantic_type_iri)
VALUES ('CommunitiesOfPractice.Name', 'CommunitiesOfPractice', 'Name', 'calculated', 'string', '={{Label}}', NULL, 'urn:effortless:pko-extension#RulebookField') ON CONFLICT (rulebook_field_id) DO UPDATE SET target_table = EXCLUDED.target_table, field_name = EXCLUDED.field_name, field_type = EXCLUDED.field_type, datatype = EXCLUDED.datatype, formula = EXCLUDED.formula, invented_for_question = EXCLUDED.invented_for_question, semantic_type_iri = EXCLUDED.semantic_type_iri;

INSERT INTO rulebook_fields (rulebook_field_id, target_table, field_name, field_type, datatype, formula, invented_for_question, semantic_type_iri)
VALUES ('CommunitiesOfPractice.Label', 'CommunitiesOfPractice', 'Label', 'raw', 'string', NULL, NULL, 'urn:effortless:pko-extension#RulebookField') ON CONFLICT (rulebook_field_id) DO UPDATE SET target_table = EXCLUDED.target_table, field_name = EXCLUDED.field_name, field_type = EXCLUDED.field_type, datatype = EXCLUDED.datatype, formula = EXCLUDED.formula, invented_for_question = EXCLUDED.invented_for_question, semantic_type_iri = EXCLUDED.semantic_type_iri;

INSERT INTO rulebook_fields (rulebook_field_id, target_table, field_name, field_type, datatype, formula, invented_for_question, semantic_type_iri)
VALUES ('CommunitiesOfPractice.Organization', 'CommunitiesOfPractice', 'Organization', 'relationship', 'string', NULL, NULL, 'urn:effortless:pko-extension#RulebookField') ON CONFLICT (rulebook_field_id) DO UPDATE SET target_table = EXCLUDED.target_table, field_name = EXCLUDED.field_name, field_type = EXCLUDED.field_type, datatype = EXCLUDED.datatype, formula = EXCLUDED.formula, invented_for_question = EXCLUDED.invented_for_question, semantic_type_iri = EXCLUDED.semantic_type_iri;

INSERT INTO rulebook_fields (rulebook_field_id, target_table, field_name, field_type, datatype, formula, invented_for_question, semantic_type_iri)
VALUES ('CommunitiesOfPractice.StewardRole', 'CommunitiesOfPractice', 'StewardRole', 'relationship', 'string', NULL, NULL, 'urn:effortless:pko-extension#RulebookField') ON CONFLICT (rulebook_field_id) DO UPDATE SET target_table = EXCLUDED.target_table, field_name = EXCLUDED.field_name, field_type = EXCLUDED.field_type, datatype = EXCLUDED.datatype, formula = EXCLUDED.formula, invented_for_question = EXCLUDED.invented_for_question, semantic_type_iri = EXCLUDED.semantic_type_iri;

INSERT INTO rulebook_fields (rulebook_field_id, target_table, field_name, field_type, datatype, formula, invented_for_question, semantic_type_iri)
VALUES ('CommunitiesOfPractice.Purpose', 'CommunitiesOfPractice', 'Purpose', 'raw', 'string', NULL, NULL, 'urn:effortless:pko-extension#RulebookField') ON CONFLICT (rulebook_field_id) DO UPDATE SET target_table = EXCLUDED.target_table, field_name = EXCLUDED.field_name, field_type = EXCLUDED.field_type, datatype = EXCLUDED.datatype, formula = EXCLUDED.formula, invented_for_question = EXCLUDED.invented_for_question, semantic_type_iri = EXCLUDED.semantic_type_iri;

INSERT INTO rulebook_fields (rulebook_field_id, target_table, field_name, field_type, datatype, formula, invented_for_question, semantic_type_iri)
VALUES ('CommunitiesOfPractice.Cadence', 'CommunitiesOfPractice', 'Cadence', 'raw', 'string', NULL, NULL, 'urn:effortless:pko-extension#RulebookField') ON CONFLICT (rulebook_field_id) DO UPDATE SET target_table = EXCLUDED.target_table, field_name = EXCLUDED.field_name, field_type = EXCLUDED.field_type, datatype = EXCLUDED.datatype, formula = EXCLUDED.formula, invented_for_question = EXCLUDED.invented_for_question, semantic_type_iri = EXCLUDED.semantic_type_iri;

INSERT INTO rulebook_fields (rulebook_field_id, target_table, field_name, field_type, datatype, formula, invented_for_question, semantic_type_iri)
VALUES ('CommunitiesOfPractice.SemanticTypeIri', 'CommunitiesOfPractice', 'SemanticTypeIri', 'raw', 'string', NULL, NULL, 'urn:effortless:pko-extension#RulebookField') ON CONFLICT (rulebook_field_id) DO UPDATE SET target_table = EXCLUDED.target_table, field_name = EXCLUDED.field_name, field_type = EXCLUDED.field_type, datatype = EXCLUDED.datatype, formula = EXCLUDED.formula, invented_for_question = EXCLUDED.invented_for_question, semantic_type_iri = EXCLUDED.semantic_type_iri;

INSERT INTO rulebook_fields (rulebook_field_id, target_table, field_name, field_type, datatype, formula, invented_for_question, semantic_type_iri)
VALUES ('Mentorships.MentorshipId', 'Mentorships', 'MentorshipId', 'raw', 'string', NULL, NULL, 'urn:effortless:pko-extension#RulebookField') ON CONFLICT (rulebook_field_id) DO UPDATE SET target_table = EXCLUDED.target_table, field_name = EXCLUDED.field_name, field_type = EXCLUDED.field_type, datatype = EXCLUDED.datatype, formula = EXCLUDED.formula, invented_for_question = EXCLUDED.invented_for_question, semantic_type_iri = EXCLUDED.semantic_type_iri;

INSERT INTO rulebook_fields (rulebook_field_id, target_table, field_name, field_type, datatype, formula, invented_for_question, semantic_type_iri)
VALUES ('Mentorships.Name', 'Mentorships', 'Name', 'calculated', 'string', '={{MentorAgent}} & " -> " & {{LearnerAgent}}', NULL, 'urn:effortless:pko-extension#RulebookField') ON CONFLICT (rulebook_field_id) DO UPDATE SET target_table = EXCLUDED.target_table, field_name = EXCLUDED.field_name, field_type = EXCLUDED.field_type, datatype = EXCLUDED.datatype, formula = EXCLUDED.formula, invented_for_question = EXCLUDED.invented_for_question, semantic_type_iri = EXCLUDED.semantic_type_iri;

INSERT INTO rulebook_fields (rulebook_field_id, target_table, field_name, field_type, datatype, formula, invented_for_question, semantic_type_iri)
VALUES ('Mentorships.CommunityOfPractice', 'Mentorships', 'CommunityOfPractice', 'relationship', 'string', NULL, NULL, 'urn:effortless:pko-extension#RulebookField') ON CONFLICT (rulebook_field_id) DO UPDATE SET target_table = EXCLUDED.target_table, field_name = EXCLUDED.field_name, field_type = EXCLUDED.field_type, datatype = EXCLUDED.datatype, formula = EXCLUDED.formula, invented_for_question = EXCLUDED.invented_for_question, semantic_type_iri = EXCLUDED.semantic_type_iri;

INSERT INTO rulebook_fields (rulebook_field_id, target_table, field_name, field_type, datatype, formula, invented_for_question, semantic_type_iri)
VALUES ('Mentorships.MentorAgent', 'Mentorships', 'MentorAgent', 'relationship', 'string', NULL, NULL, 'urn:effortless:pko-extension#RulebookField') ON CONFLICT (rulebook_field_id) DO UPDATE SET target_table = EXCLUDED.target_table, field_name = EXCLUDED.field_name, field_type = EXCLUDED.field_type, datatype = EXCLUDED.datatype, formula = EXCLUDED.formula, invented_for_question = EXCLUDED.invented_for_question, semantic_type_iri = EXCLUDED.semantic_type_iri;

INSERT INTO rulebook_fields (rulebook_field_id, target_table, field_name, field_type, datatype, formula, invented_for_question, semantic_type_iri)
VALUES ('Mentorships.LearnerAgent', 'Mentorships', 'LearnerAgent', 'relationship', 'string', NULL, NULL, 'urn:effortless:pko-extension#RulebookField') ON CONFLICT (rulebook_field_id) DO UPDATE SET target_table = EXCLUDED.target_table, field_name = EXCLUDED.field_name, field_type = EXCLUDED.field_type, datatype = EXCLUDED.datatype, formula = EXCLUDED.formula, invented_for_question = EXCLUDED.invented_for_question, semantic_type_iri = EXCLUDED.semantic_type_iri;

INSERT INTO rulebook_fields (rulebook_field_id, target_table, field_name, field_type, datatype, formula, invented_for_question, semantic_type_iri)
VALUES ('Mentorships.ValidFrom', 'Mentorships', 'ValidFrom', 'raw', 'datetime', NULL, NULL, 'urn:effortless:pko-extension#RulebookField') ON CONFLICT (rulebook_field_id) DO UPDATE SET target_table = EXCLUDED.target_table, field_name = EXCLUDED.field_name, field_type = EXCLUDED.field_type, datatype = EXCLUDED.datatype, formula = EXCLUDED.formula, invented_for_question = EXCLUDED.invented_for_question, semantic_type_iri = EXCLUDED.semantic_type_iri;

INSERT INTO rulebook_fields (rulebook_field_id, target_table, field_name, field_type, datatype, formula, invented_for_question, semantic_type_iri)
VALUES ('Mentorships.ValidTo', 'Mentorships', 'ValidTo', 'raw', 'datetime', NULL, NULL, 'urn:effortless:pko-extension#RulebookField') ON CONFLICT (rulebook_field_id) DO UPDATE SET target_table = EXCLUDED.target_table, field_name = EXCLUDED.field_name, field_type = EXCLUDED.field_type, datatype = EXCLUDED.datatype, formula = EXCLUDED.formula, invented_for_question = EXCLUDED.invented_for_question, semantic_type_iri = EXCLUDED.semantic_type_iri;

INSERT INTO rulebook_fields (rulebook_field_id, target_table, field_name, field_type, datatype, formula, invented_for_question, semantic_type_iri)
VALUES ('Mentorships.LearningObjective', 'Mentorships', 'LearningObjective', 'raw', 'string', NULL, NULL, 'urn:effortless:pko-extension#RulebookField') ON CONFLICT (rulebook_field_id) DO UPDATE SET target_table = EXCLUDED.target_table, field_name = EXCLUDED.field_name, field_type = EXCLUDED.field_type, datatype = EXCLUDED.datatype, formula = EXCLUDED.formula, invented_for_question = EXCLUDED.invented_for_question, semantic_type_iri = EXCLUDED.semantic_type_iri;

INSERT INTO rulebook_fields (rulebook_field_id, target_table, field_name, field_type, datatype, formula, invented_for_question, semantic_type_iri)
VALUES ('Mentorships.EvidenceOfCompletion', 'Mentorships', 'EvidenceOfCompletion', 'raw', 'string', NULL, NULL, 'urn:effortless:pko-extension#RulebookField') ON CONFLICT (rulebook_field_id) DO UPDATE SET target_table = EXCLUDED.target_table, field_name = EXCLUDED.field_name, field_type = EXCLUDED.field_type, datatype = EXCLUDED.datatype, formula = EXCLUDED.formula, invented_for_question = EXCLUDED.invented_for_question, semantic_type_iri = EXCLUDED.semantic_type_iri;

INSERT INTO rulebook_fields (rulebook_field_id, target_table, field_name, field_type, datatype, formula, invented_for_question, semantic_type_iri)
VALUES ('Mentorships.SemanticTypeIri', 'Mentorships', 'SemanticTypeIri', 'raw', 'string', NULL, NULL, 'urn:effortless:pko-extension#RulebookField') ON CONFLICT (rulebook_field_id) DO UPDATE SET target_table = EXCLUDED.target_table, field_name = EXCLUDED.field_name, field_type = EXCLUDED.field_type, datatype = EXCLUDED.datatype, formula = EXCLUDED.formula, invented_for_question = EXCLUDED.invented_for_question, semantic_type_iri = EXCLUDED.semantic_type_iri;

INSERT INTO rulebook_fields (rulebook_field_id, target_table, field_name, field_type, datatype, formula, invented_for_question, semantic_type_iri)
VALUES ('ProcedureTypes.ProcedureTypeId', 'ProcedureTypes', 'ProcedureTypeId', 'raw', 'string', NULL, NULL, 'urn:effortless:pko-extension#RulebookField') ON CONFLICT (rulebook_field_id) DO UPDATE SET target_table = EXCLUDED.target_table, field_name = EXCLUDED.field_name, field_type = EXCLUDED.field_type, datatype = EXCLUDED.datatype, formula = EXCLUDED.formula, invented_for_question = EXCLUDED.invented_for_question, semantic_type_iri = EXCLUDED.semantic_type_iri;

INSERT INTO rulebook_fields (rulebook_field_id, target_table, field_name, field_type, datatype, formula, invented_for_question, semantic_type_iri)
VALUES ('ProcedureTypes.Name', 'ProcedureTypes', 'Name', 'calculated', 'string', '={{Label}}', NULL, 'urn:effortless:pko-extension#RulebookField') ON CONFLICT (rulebook_field_id) DO UPDATE SET target_table = EXCLUDED.target_table, field_name = EXCLUDED.field_name, field_type = EXCLUDED.field_type, datatype = EXCLUDED.datatype, formula = EXCLUDED.formula, invented_for_question = EXCLUDED.invented_for_question, semantic_type_iri = EXCLUDED.semantic_type_iri;

INSERT INTO rulebook_fields (rulebook_field_id, target_table, field_name, field_type, datatype, formula, invented_for_question, semantic_type_iri)
VALUES ('ProcedureTypes.Label', 'ProcedureTypes', 'Label', 'raw', 'string', NULL, NULL, 'urn:effortless:pko-extension#RulebookField') ON CONFLICT (rulebook_field_id) DO UPDATE SET target_table = EXCLUDED.target_table, field_name = EXCLUDED.field_name, field_type = EXCLUDED.field_type, datatype = EXCLUDED.datatype, formula = EXCLUDED.formula, invented_for_question = EXCLUDED.invented_for_question, semantic_type_iri = EXCLUDED.semantic_type_iri;

INSERT INTO rulebook_fields (rulebook_field_id, target_table, field_name, field_type, datatype, formula, invented_for_question, semantic_type_iri)
VALUES ('ProcedureTypes.Definition', 'ProcedureTypes', 'Definition', 'raw', 'string', NULL, NULL, 'urn:effortless:pko-extension#RulebookField') ON CONFLICT (rulebook_field_id) DO UPDATE SET target_table = EXCLUDED.target_table, field_name = EXCLUDED.field_name, field_type = EXCLUDED.field_type, datatype = EXCLUDED.datatype, formula = EXCLUDED.formula, invented_for_question = EXCLUDED.invented_for_question, semantic_type_iri = EXCLUDED.semantic_type_iri;

INSERT INTO rulebook_fields (rulebook_field_id, target_table, field_name, field_type, datatype, formula, invented_for_question, semantic_type_iri)
VALUES ('ProcedureTypes.SemanticTypeIri', 'ProcedureTypes', 'SemanticTypeIri', 'raw', 'string', NULL, NULL, 'urn:effortless:pko-extension#RulebookField') ON CONFLICT (rulebook_field_id) DO UPDATE SET target_table = EXCLUDED.target_table, field_name = EXCLUDED.field_name, field_type = EXCLUDED.field_type, datatype = EXCLUDED.datatype, formula = EXCLUDED.formula, invented_for_question = EXCLUDED.invented_for_question, semantic_type_iri = EXCLUDED.semantic_type_iri;

INSERT INTO rulebook_fields (rulebook_field_id, target_table, field_name, field_type, datatype, formula, invented_for_question, semantic_type_iri)
VALUES ('Procedures.ProcedureId', 'Procedures', 'ProcedureId', 'raw', 'string', NULL, NULL, 'urn:effortless:pko-extension#RulebookField') ON CONFLICT (rulebook_field_id) DO UPDATE SET target_table = EXCLUDED.target_table, field_name = EXCLUDED.field_name, field_type = EXCLUDED.field_type, datatype = EXCLUDED.datatype, formula = EXCLUDED.formula, invented_for_question = EXCLUDED.invented_for_question, semantic_type_iri = EXCLUDED.semantic_type_iri;

INSERT INTO rulebook_fields (rulebook_field_id, target_table, field_name, field_type, datatype, formula, invented_for_question, semantic_type_iri)
VALUES ('Procedures.Name', 'Procedures', 'Name', 'calculated', 'string', '={{Title}}', NULL, 'urn:effortless:pko-extension#RulebookField') ON CONFLICT (rulebook_field_id) DO UPDATE SET target_table = EXCLUDED.target_table, field_name = EXCLUDED.field_name, field_type = EXCLUDED.field_type, datatype = EXCLUDED.datatype, formula = EXCLUDED.formula, invented_for_question = EXCLUDED.invented_for_question, semantic_type_iri = EXCLUDED.semantic_type_iri;

INSERT INTO rulebook_fields (rulebook_field_id, target_table, field_name, field_type, datatype, formula, invented_for_question, semantic_type_iri)
VALUES ('Procedures.Title', 'Procedures', 'Title', 'raw', 'string', NULL, NULL, 'urn:effortless:pko-extension#RulebookField') ON CONFLICT (rulebook_field_id) DO UPDATE SET target_table = EXCLUDED.target_table, field_name = EXCLUDED.field_name, field_type = EXCLUDED.field_type, datatype = EXCLUDED.datatype, formula = EXCLUDED.formula, invented_for_question = EXCLUDED.invented_for_question, semantic_type_iri = EXCLUDED.semantic_type_iri;

INSERT INTO rulebook_fields (rulebook_field_id, target_table, field_name, field_type, datatype, formula, invented_for_question, semantic_type_iri)
VALUES ('Procedures.ProcedureType', 'Procedures', 'ProcedureType', 'relationship', 'string', NULL, NULL, 'urn:effortless:pko-extension#RulebookField') ON CONFLICT (rulebook_field_id) DO UPDATE SET target_table = EXCLUDED.target_table, field_name = EXCLUDED.field_name, field_type = EXCLUDED.field_type, datatype = EXCLUDED.datatype, formula = EXCLUDED.formula, invented_for_question = EXCLUDED.invented_for_question, semantic_type_iri = EXCLUDED.semantic_type_iri;

INSERT INTO rulebook_fields (rulebook_field_id, target_table, field_name, field_type, datatype, formula, invented_for_question, semantic_type_iri)
VALUES ('Procedures.OwnerOrganization', 'Procedures', 'OwnerOrganization', 'relationship', 'string', NULL, NULL, 'urn:effortless:pko-extension#RulebookField') ON CONFLICT (rulebook_field_id) DO UPDATE SET target_table = EXCLUDED.target_table, field_name = EXCLUDED.field_name, field_type = EXCLUDED.field_type, datatype = EXCLUDED.datatype, formula = EXCLUDED.formula, invented_for_question = EXCLUDED.invented_for_question, semantic_type_iri = EXCLUDED.semantic_type_iri;

INSERT INTO rulebook_fields (rulebook_field_id, target_table, field_name, field_type, datatype, formula, invented_for_question, semantic_type_iri)
VALUES ('Procedures.AdoptedByOrganization', 'Procedures', 'AdoptedByOrganization', 'relationship', 'string', NULL, NULL, 'urn:effortless:pko-extension#RulebookField') ON CONFLICT (rulebook_field_id) DO UPDATE SET target_table = EXCLUDED.target_table, field_name = EXCLUDED.field_name, field_type = EXCLUDED.field_type, datatype = EXCLUDED.datatype, formula = EXCLUDED.formula, invented_for_question = EXCLUDED.invented_for_question, semantic_type_iri = EXCLUDED.semantic_type_iri;

INSERT INTO rulebook_fields (rulebook_field_id, target_table, field_name, field_type, datatype, formula, invented_for_question, semantic_type_iri)
VALUES ('Procedures.Purpose', 'Procedures', 'Purpose', 'raw', 'string', NULL, NULL, 'urn:effortless:pko-extension#RulebookField') ON CONFLICT (rulebook_field_id) DO UPDATE SET target_table = EXCLUDED.target_table, field_name = EXCLUDED.field_name, field_type = EXCLUDED.field_type, datatype = EXCLUDED.datatype, formula = EXCLUDED.formula, invented_for_question = EXCLUDED.invented_for_question, semantic_type_iri = EXCLUDED.semantic_type_iri;

INSERT INTO rulebook_fields (rulebook_field_id, target_table, field_name, field_type, datatype, formula, invented_for_question, semantic_type_iri)
VALUES ('Procedures.Target', 'Procedures', 'Target', 'raw', 'string', NULL, NULL, 'urn:effortless:pko-extension#RulebookField') ON CONFLICT (rulebook_field_id) DO UPDATE SET target_table = EXCLUDED.target_table, field_name = EXCLUDED.field_name, field_type = EXCLUDED.field_type, datatype = EXCLUDED.datatype, formula = EXCLUDED.formula, invented_for_question = EXCLUDED.invented_for_question, semantic_type_iri = EXCLUDED.semantic_type_iri;

INSERT INTO rulebook_fields (rulebook_field_id, target_table, field_name, field_type, datatype, formula, invented_for_question, semantic_type_iri)
VALUES ('Procedures.IsTemplate', 'Procedures', 'IsTemplate', 'raw', 'boolean', NULL, NULL, 'urn:effortless:pko-extension#RulebookField') ON CONFLICT (rulebook_field_id) DO UPDATE SET target_table = EXCLUDED.target_table, field_name = EXCLUDED.field_name, field_type = EXCLUDED.field_type, datatype = EXCLUDED.datatype, formula = EXCLUDED.formula, invented_for_question = EXCLUDED.invented_for_question, semantic_type_iri = EXCLUDED.semantic_type_iri;

INSERT INTO rulebook_fields (rulebook_field_id, target_table, field_name, field_type, datatype, formula, invented_for_question, semantic_type_iri)
VALUES ('Procedures.CurrentVersionKey', 'Procedures', 'CurrentVersionKey', 'raw', 'string', NULL, NULL, 'urn:effortless:pko-extension#RulebookField') ON CONFLICT (rulebook_field_id) DO UPDATE SET target_table = EXCLUDED.target_table, field_name = EXCLUDED.field_name, field_type = EXCLUDED.field_type, datatype = EXCLUDED.datatype, formula = EXCLUDED.formula, invented_for_question = EXCLUDED.invented_for_question, semantic_type_iri = EXCLUDED.semantic_type_iri;

INSERT INTO rulebook_fields (rulebook_field_id, target_table, field_name, field_type, datatype, formula, invented_for_question, semantic_type_iri)
VALUES ('Procedures.SemanticTypeIri', 'Procedures', 'SemanticTypeIri', 'raw', 'string', NULL, NULL, 'urn:effortless:pko-extension#RulebookField') ON CONFLICT (rulebook_field_id) DO UPDATE SET target_table = EXCLUDED.target_table, field_name = EXCLUDED.field_name, field_type = EXCLUDED.field_type, datatype = EXCLUDED.datatype, formula = EXCLUDED.formula, invented_for_question = EXCLUDED.invented_for_question, semantic_type_iri = EXCLUDED.semantic_type_iri;

INSERT INTO rulebook_fields (rulebook_field_id, target_table, field_name, field_type, datatype, formula, invented_for_question, semantic_type_iri)
VALUES ('ProcedureVersions.ProcedureVersionId', 'ProcedureVersions', 'ProcedureVersionId', 'raw', 'string', NULL, NULL, 'urn:effortless:pko-extension#RulebookField') ON CONFLICT (rulebook_field_id) DO UPDATE SET target_table = EXCLUDED.target_table, field_name = EXCLUDED.field_name, field_type = EXCLUDED.field_type, datatype = EXCLUDED.datatype, formula = EXCLUDED.formula, invented_for_question = EXCLUDED.invented_for_question, semantic_type_iri = EXCLUDED.semantic_type_iri;

INSERT INTO rulebook_fields (rulebook_field_id, target_table, field_name, field_type, datatype, formula, invented_for_question, semantic_type_iri)
VALUES ('ProcedureVersions.Name', 'ProcedureVersions', 'Name', 'calculated', 'string', '={{Title}}', NULL, 'urn:effortless:pko-extension#RulebookField') ON CONFLICT (rulebook_field_id) DO UPDATE SET target_table = EXCLUDED.target_table, field_name = EXCLUDED.field_name, field_type = EXCLUDED.field_type, datatype = EXCLUDED.datatype, formula = EXCLUDED.formula, invented_for_question = EXCLUDED.invented_for_question, semantic_type_iri = EXCLUDED.semantic_type_iri;

INSERT INTO rulebook_fields (rulebook_field_id, target_table, field_name, field_type, datatype, formula, invented_for_question, semantic_type_iri)
VALUES ('ProcedureVersions.Procedure', 'ProcedureVersions', 'Procedure', 'relationship', 'string', NULL, NULL, 'urn:effortless:pko-extension#RulebookField') ON CONFLICT (rulebook_field_id) DO UPDATE SET target_table = EXCLUDED.target_table, field_name = EXCLUDED.field_name, field_type = EXCLUDED.field_type, datatype = EXCLUDED.datatype, formula = EXCLUDED.formula, invented_for_question = EXCLUDED.invented_for_question, semantic_type_iri = EXCLUDED.semantic_type_iri;

INSERT INTO rulebook_fields (rulebook_field_id, target_table, field_name, field_type, datatype, formula, invented_for_question, semantic_type_iri)
VALUES ('ProcedureVersions.VersionNumber', 'ProcedureVersions', 'VersionNumber', 'raw', 'string', NULL, NULL, 'urn:effortless:pko-extension#RulebookField') ON CONFLICT (rulebook_field_id) DO UPDATE SET target_table = EXCLUDED.target_table, field_name = EXCLUDED.field_name, field_type = EXCLUDED.field_type, datatype = EXCLUDED.datatype, formula = EXCLUDED.formula, invented_for_question = EXCLUDED.invented_for_question, semantic_type_iri = EXCLUDED.semantic_type_iri;

INSERT INTO rulebook_fields (rulebook_field_id, target_table, field_name, field_type, datatype, formula, invented_for_question, semantic_type_iri)
VALUES ('ProcedureVersions.Title', 'ProcedureVersions', 'Title', 'raw', 'string', NULL, NULL, 'urn:effortless:pko-extension#RulebookField') ON CONFLICT (rulebook_field_id) DO UPDATE SET target_table = EXCLUDED.target_table, field_name = EXCLUDED.field_name, field_type = EXCLUDED.field_type, datatype = EXCLUDED.datatype, formula = EXCLUDED.formula, invented_for_question = EXCLUDED.invented_for_question, semantic_type_iri = EXCLUDED.semantic_type_iri;

INSERT INTO rulebook_fields (rulebook_field_id, target_table, field_name, field_type, datatype, formula, invented_for_question, semantic_type_iri)
VALUES ('ProcedureVersions.Status', 'ProcedureVersions', 'Status', 'raw', 'string', NULL, NULL, 'urn:effortless:pko-extension#RulebookField') ON CONFLICT (rulebook_field_id) DO UPDATE SET target_table = EXCLUDED.target_table, field_name = EXCLUDED.field_name, field_type = EXCLUDED.field_type, datatype = EXCLUDED.datatype, formula = EXCLUDED.formula, invented_for_question = EXCLUDED.invented_for_question, semantic_type_iri = EXCLUDED.semantic_type_iri;

INSERT INTO rulebook_fields (rulebook_field_id, target_table, field_name, field_type, datatype, formula, invented_for_question, semantic_type_iri)
VALUES ('ProcedureVersions.IssuedAt', 'ProcedureVersions', 'IssuedAt', 'raw', 'datetime', NULL, NULL, 'urn:effortless:pko-extension#RulebookField') ON CONFLICT (rulebook_field_id) DO UPDATE SET target_table = EXCLUDED.target_table, field_name = EXCLUDED.field_name, field_type = EXCLUDED.field_type, datatype = EXCLUDED.datatype, formula = EXCLUDED.formula, invented_for_question = EXCLUDED.invented_for_question, semantic_type_iri = EXCLUDED.semantic_type_iri;

INSERT INTO rulebook_fields (rulebook_field_id, target_table, field_name, field_type, datatype, formula, invented_for_question, semantic_type_iri)
VALUES ('ProcedureVersions.ModifiedAt', 'ProcedureVersions', 'ModifiedAt', 'raw', 'datetime', NULL, NULL, 'urn:effortless:pko-extension#RulebookField') ON CONFLICT (rulebook_field_id) DO UPDATE SET target_table = EXCLUDED.target_table, field_name = EXCLUDED.field_name, field_type = EXCLUDED.field_type, datatype = EXCLUDED.datatype, formula = EXCLUDED.formula, invented_for_question = EXCLUDED.invented_for_question, semantic_type_iri = EXCLUDED.semantic_type_iri;

INSERT INTO rulebook_fields (rulebook_field_id, target_table, field_name, field_type, datatype, formula, invented_for_question, semantic_type_iri)
VALUES ('ProcedureVersions.CreatedByAgent', 'ProcedureVersions', 'CreatedByAgent', 'relationship', 'string', NULL, NULL, 'urn:effortless:pko-extension#RulebookField') ON CONFLICT (rulebook_field_id) DO UPDATE SET target_table = EXCLUDED.target_table, field_name = EXCLUDED.field_name, field_type = EXCLUDED.field_type, datatype = EXCLUDED.datatype, formula = EXCLUDED.formula, invented_for_question = EXCLUDED.invented_for_question, semantic_type_iri = EXCLUDED.semantic_type_iri;

INSERT INTO rulebook_fields (rulebook_field_id, target_table, field_name, field_type, datatype, formula, invented_for_question, semantic_type_iri)
VALUES ('ProcedureVersions.ModifiedByAgent', 'ProcedureVersions', 'ModifiedByAgent', 'relationship', 'string', NULL, NULL, 'urn:effortless:pko-extension#RulebookField') ON CONFLICT (rulebook_field_id) DO UPDATE SET target_table = EXCLUDED.target_table, field_name = EXCLUDED.field_name, field_type = EXCLUDED.field_type, datatype = EXCLUDED.datatype, formula = EXCLUDED.formula, invented_for_question = EXCLUDED.invented_for_question, semantic_type_iri = EXCLUDED.semantic_type_iri;

INSERT INTO rulebook_fields (rulebook_field_id, target_table, field_name, field_type, datatype, formula, invented_for_question, semantic_type_iri)
VALUES ('ProcedureVersions.NewVersionMotivation', 'ProcedureVersions', 'NewVersionMotivation', 'raw', 'string', NULL, NULL, 'urn:effortless:pko-extension#RulebookField') ON CONFLICT (rulebook_field_id) DO UPDATE SET target_table = EXCLUDED.target_table, field_name = EXCLUDED.field_name, field_type = EXCLUDED.field_type, datatype = EXCLUDED.datatype, formula = EXCLUDED.formula, invented_for_question = EXCLUDED.invented_for_question, semantic_type_iri = EXCLUDED.semantic_type_iri;

INSERT INTO rulebook_fields (rulebook_field_id, target_table, field_name, field_type, datatype, formula, invented_for_question, semantic_type_iri)
VALUES ('ProcedureVersions.ChangelogDescription', 'ProcedureVersions', 'ChangelogDescription', 'raw', 'string', NULL, NULL, 'urn:effortless:pko-extension#RulebookField') ON CONFLICT (rulebook_field_id) DO UPDATE SET target_table = EXCLUDED.target_table, field_name = EXCLUDED.field_name, field_type = EXCLUDED.field_type, datatype = EXCLUDED.datatype, formula = EXCLUDED.formula, invented_for_question = EXCLUDED.invented_for_question, semantic_type_iri = EXCLUDED.semantic_type_iri;

INSERT INTO rulebook_fields (rulebook_field_id, target_table, field_name, field_type, datatype, formula, invented_for_question, semantic_type_iri)
VALUES ('ProcedureVersions.IsCurrent', 'ProcedureVersions', 'IsCurrent', 'raw', 'boolean', NULL, NULL, 'urn:effortless:pko-extension#RulebookField') ON CONFLICT (rulebook_field_id) DO UPDATE SET target_table = EXCLUDED.target_table, field_name = EXCLUDED.field_name, field_type = EXCLUDED.field_type, datatype = EXCLUDED.datatype, formula = EXCLUDED.formula, invented_for_question = EXCLUDED.invented_for_question, semantic_type_iri = EXCLUDED.semantic_type_iri;

INSERT INTO rulebook_fields (rulebook_field_id, target_table, field_name, field_type, datatype, formula, invented_for_question, semantic_type_iri)
VALUES ('ProcedureVersions.CountOfSteps', 'ProcedureVersions', 'CountOfSteps', 'aggregation', 'integer', '=COUNTIFS(Steps!{{ProcedureVersion}}, ProcedureVersions!{{ProcedureVersionId}})', NULL, 'urn:effortless:pko-extension#RulebookField') ON CONFLICT (rulebook_field_id) DO UPDATE SET target_table = EXCLUDED.target_table, field_name = EXCLUDED.field_name, field_type = EXCLUDED.field_type, datatype = EXCLUDED.datatype, formula = EXCLUDED.formula, invented_for_question = EXCLUDED.invented_for_question, semantic_type_iri = EXCLUDED.semantic_type_iri;

INSERT INTO rulebook_fields (rulebook_field_id, target_table, field_name, field_type, datatype, formula, invented_for_question, semantic_type_iri)
VALUES ('ProcedureVersions.CountOfOpenKnowledgeGaps', 'ProcedureVersions', 'CountOfOpenKnowledgeGaps', 'aggregation', 'integer', '=COUNTIFS(KnowledgeGaps!{{ProcedureVersion}}, ProcedureVersions!{{ProcedureVersionId}}, KnowledgeGaps!{{Status}}, "Open")', NULL, 'urn:effortless:pko-extension#RulebookField') ON CONFLICT (rulebook_field_id) DO UPDATE SET target_table = EXCLUDED.target_table, field_name = EXCLUDED.field_name, field_type = EXCLUDED.field_type, datatype = EXCLUDED.datatype, formula = EXCLUDED.formula, invented_for_question = EXCLUDED.invented_for_question, semantic_type_iri = EXCLUDED.semantic_type_iri;

INSERT INTO rulebook_fields (rulebook_field_id, target_table, field_name, field_type, datatype, formula, invented_for_question, semantic_type_iri)
VALUES ('ProcedureVersions.IsReadyForExecution', 'ProcedureVersions', 'IsReadyForExecution', 'calculated', 'boolean', '=AND({{Status}} = "Approved", {{CountOfSteps}} > 0, {{CountOfOpenKnowledgeGaps}} = 0)', NULL, 'urn:effortless:pko-extension#RulebookField') ON CONFLICT (rulebook_field_id) DO UPDATE SET target_table = EXCLUDED.target_table, field_name = EXCLUDED.field_name, field_type = EXCLUDED.field_type, datatype = EXCLUDED.datatype, formula = EXCLUDED.formula, invented_for_question = EXCLUDED.invented_for_question, semantic_type_iri = EXCLUDED.semantic_type_iri;

INSERT INTO rulebook_fields (rulebook_field_id, target_table, field_name, field_type, datatype, formula, invented_for_question, semantic_type_iri)
VALUES ('ProcedureVersions.SpecifiedStepCount', 'ProcedureVersions', 'SpecifiedStepCount', 'aggregation', 'number', '=COUNTIFS(Steps!{{ProcedureVersion}}, {{ProcedureVersionId}})', 'q-controller-execution-diverged-from-spec', 'urn:effortless:pko-extension#RulebookField') ON CONFLICT (rulebook_field_id) DO UPDATE SET target_table = EXCLUDED.target_table, field_name = EXCLUDED.field_name, field_type = EXCLUDED.field_type, datatype = EXCLUDED.datatype, formula = EXCLUDED.formula, invented_for_question = EXCLUDED.invented_for_question, semantic_type_iri = EXCLUDED.semantic_type_iri;

INSERT INTO rulebook_fields (rulebook_field_id, target_table, field_name, field_type, datatype, formula, invented_for_question, semantic_type_iri)
VALUES ('ProcedureVersions.SemanticTypeIri', 'ProcedureVersions', 'SemanticTypeIri', 'raw', 'string', NULL, NULL, 'urn:effortless:pko-extension#RulebookField') ON CONFLICT (rulebook_field_id) DO UPDATE SET target_table = EXCLUDED.target_table, field_name = EXCLUDED.field_name, field_type = EXCLUDED.field_type, datatype = EXCLUDED.datatype, formula = EXCLUDED.formula, invented_for_question = EXCLUDED.invented_for_question, semantic_type_iri = EXCLUDED.semantic_type_iri;

INSERT INTO rulebook_fields (rulebook_field_id, target_table, field_name, field_type, datatype, formula, invented_for_question, semantic_type_iri)
VALUES ('ProcedureVersionLinks.ProcedureVersionLinkId', 'ProcedureVersionLinks', 'ProcedureVersionLinkId', 'raw', 'string', NULL, NULL, 'urn:effortless:pko-extension#RulebookField') ON CONFLICT (rulebook_field_id) DO UPDATE SET target_table = EXCLUDED.target_table, field_name = EXCLUDED.field_name, field_type = EXCLUDED.field_type, datatype = EXCLUDED.datatype, formula = EXCLUDED.formula, invented_for_question = EXCLUDED.invented_for_question, semantic_type_iri = EXCLUDED.semantic_type_iri;

INSERT INTO rulebook_fields (rulebook_field_id, target_table, field_name, field_type, datatype, formula, invented_for_question, semantic_type_iri)
VALUES ('ProcedureVersionLinks.Name', 'ProcedureVersionLinks', 'Name', 'calculated', 'string', '={{PreviousProcedureVersion}} & " -> " & {{NextProcedureVersion}}', NULL, 'urn:effortless:pko-extension#RulebookField') ON CONFLICT (rulebook_field_id) DO UPDATE SET target_table = EXCLUDED.target_table, field_name = EXCLUDED.field_name, field_type = EXCLUDED.field_type, datatype = EXCLUDED.datatype, formula = EXCLUDED.formula, invented_for_question = EXCLUDED.invented_for_question, semantic_type_iri = EXCLUDED.semantic_type_iri;

INSERT INTO rulebook_fields (rulebook_field_id, target_table, field_name, field_type, datatype, formula, invented_for_question, semantic_type_iri)
VALUES ('ProcedureVersionLinks.PreviousProcedureVersion', 'ProcedureVersionLinks', 'PreviousProcedureVersion', 'relationship', 'string', NULL, NULL, 'urn:effortless:pko-extension#RulebookField') ON CONFLICT (rulebook_field_id) DO UPDATE SET target_table = EXCLUDED.target_table, field_name = EXCLUDED.field_name, field_type = EXCLUDED.field_type, datatype = EXCLUDED.datatype, formula = EXCLUDED.formula, invented_for_question = EXCLUDED.invented_for_question, semantic_type_iri = EXCLUDED.semantic_type_iri;

INSERT INTO rulebook_fields (rulebook_field_id, target_table, field_name, field_type, datatype, formula, invented_for_question, semantic_type_iri)
VALUES ('ProcedureVersionLinks.NextProcedureVersion', 'ProcedureVersionLinks', 'NextProcedureVersion', 'relationship', 'string', NULL, NULL, 'urn:effortless:pko-extension#RulebookField') ON CONFLICT (rulebook_field_id) DO UPDATE SET target_table = EXCLUDED.target_table, field_name = EXCLUDED.field_name, field_type = EXCLUDED.field_type, datatype = EXCLUDED.datatype, formula = EXCLUDED.formula, invented_for_question = EXCLUDED.invented_for_question, semantic_type_iri = EXCLUDED.semantic_type_iri;

INSERT INTO rulebook_fields (rulebook_field_id, target_table, field_name, field_type, datatype, formula, invented_for_question, semantic_type_iri)
VALUES ('ProcedureVersionLinks.RelationIri', 'ProcedureVersionLinks', 'RelationIri', 'raw', 'string', NULL, NULL, 'urn:effortless:pko-extension#RulebookField') ON CONFLICT (rulebook_field_id) DO UPDATE SET target_table = EXCLUDED.target_table, field_name = EXCLUDED.field_name, field_type = EXCLUDED.field_type, datatype = EXCLUDED.datatype, formula = EXCLUDED.formula, invented_for_question = EXCLUDED.invented_for_question, semantic_type_iri = EXCLUDED.semantic_type_iri;

INSERT INTO rulebook_fields (rulebook_field_id, target_table, field_name, field_type, datatype, formula, invented_for_question, semantic_type_iri)
VALUES ('ProcedureVersionLinks.ChangeSummary', 'ProcedureVersionLinks', 'ChangeSummary', 'raw', 'string', NULL, NULL, 'urn:effortless:pko-extension#RulebookField') ON CONFLICT (rulebook_field_id) DO UPDATE SET target_table = EXCLUDED.target_table, field_name = EXCLUDED.field_name, field_type = EXCLUDED.field_type, datatype = EXCLUDED.datatype, formula = EXCLUDED.formula, invented_for_question = EXCLUDED.invented_for_question, semantic_type_iri = EXCLUDED.semantic_type_iri;

INSERT INTO rulebook_fields (rulebook_field_id, target_table, field_name, field_type, datatype, formula, invented_for_question, semantic_type_iri)
VALUES ('ProcedureStatusChanges.ProcedureStatusChangeId', 'ProcedureStatusChanges', 'ProcedureStatusChangeId', 'raw', 'string', NULL, NULL, 'urn:effortless:pko-extension#RulebookField') ON CONFLICT (rulebook_field_id) DO UPDATE SET target_table = EXCLUDED.target_table, field_name = EXCLUDED.field_name, field_type = EXCLUDED.field_type, datatype = EXCLUDED.datatype, formula = EXCLUDED.formula, invented_for_question = EXCLUDED.invented_for_question, semantic_type_iri = EXCLUDED.semantic_type_iri;

INSERT INTO rulebook_fields (rulebook_field_id, target_table, field_name, field_type, datatype, formula, invented_for_question, semantic_type_iri)
VALUES ('ProcedureStatusChanges.Name', 'ProcedureStatusChanges', 'Name', 'calculated', 'string', '={{ProcedureVersion}} & ": " & {{FromStatus}} & " -> " & {{ToStatus}}', NULL, 'urn:effortless:pko-extension#RulebookField') ON CONFLICT (rulebook_field_id) DO UPDATE SET target_table = EXCLUDED.target_table, field_name = EXCLUDED.field_name, field_type = EXCLUDED.field_type, datatype = EXCLUDED.datatype, formula = EXCLUDED.formula, invented_for_question = EXCLUDED.invented_for_question, semantic_type_iri = EXCLUDED.semantic_type_iri;

INSERT INTO rulebook_fields (rulebook_field_id, target_table, field_name, field_type, datatype, formula, invented_for_question, semantic_type_iri)
VALUES ('ProcedureStatusChanges.ProcedureVersion', 'ProcedureStatusChanges', 'ProcedureVersion', 'relationship', 'string', NULL, NULL, 'urn:effortless:pko-extension#RulebookField') ON CONFLICT (rulebook_field_id) DO UPDATE SET target_table = EXCLUDED.target_table, field_name = EXCLUDED.field_name, field_type = EXCLUDED.field_type, datatype = EXCLUDED.datatype, formula = EXCLUDED.formula, invented_for_question = EXCLUDED.invented_for_question, semantic_type_iri = EXCLUDED.semantic_type_iri;

INSERT INTO rulebook_fields (rulebook_field_id, target_table, field_name, field_type, datatype, formula, invented_for_question, semantic_type_iri)
VALUES ('ProcedureStatusChanges.FromStatus', 'ProcedureStatusChanges', 'FromStatus', 'raw', 'string', NULL, NULL, 'urn:effortless:pko-extension#RulebookField') ON CONFLICT (rulebook_field_id) DO UPDATE SET target_table = EXCLUDED.target_table, field_name = EXCLUDED.field_name, field_type = EXCLUDED.field_type, datatype = EXCLUDED.datatype, formula = EXCLUDED.formula, invented_for_question = EXCLUDED.invented_for_question, semantic_type_iri = EXCLUDED.semantic_type_iri;

INSERT INTO rulebook_fields (rulebook_field_id, target_table, field_name, field_type, datatype, formula, invented_for_question, semantic_type_iri)
VALUES ('ProcedureStatusChanges.ToStatus', 'ProcedureStatusChanges', 'ToStatus', 'raw', 'string', NULL, NULL, 'urn:effortless:pko-extension#RulebookField') ON CONFLICT (rulebook_field_id) DO UPDATE SET target_table = EXCLUDED.target_table, field_name = EXCLUDED.field_name, field_type = EXCLUDED.field_type, datatype = EXCLUDED.datatype, formula = EXCLUDED.formula, invented_for_question = EXCLUDED.invented_for_question, semantic_type_iri = EXCLUDED.semantic_type_iri;

INSERT INTO rulebook_fields (rulebook_field_id, target_table, field_name, field_type, datatype, formula, invented_for_question, semantic_type_iri)
VALUES ('ProcedureStatusChanges.ChangedAt', 'ProcedureStatusChanges', 'ChangedAt', 'raw', 'datetime', NULL, NULL, 'urn:effortless:pko-extension#RulebookField') ON CONFLICT (rulebook_field_id) DO UPDATE SET target_table = EXCLUDED.target_table, field_name = EXCLUDED.field_name, field_type = EXCLUDED.field_type, datatype = EXCLUDED.datatype, formula = EXCLUDED.formula, invented_for_question = EXCLUDED.invented_for_question, semantic_type_iri = EXCLUDED.semantic_type_iri;

INSERT INTO rulebook_fields (rulebook_field_id, target_table, field_name, field_type, datatype, formula, invented_for_question, semantic_type_iri)
VALUES ('ProcedureStatusChanges.ChangedByAgent', 'ProcedureStatusChanges', 'ChangedByAgent', 'relationship', 'string', NULL, NULL, 'urn:effortless:pko-extension#RulebookField') ON CONFLICT (rulebook_field_id) DO UPDATE SET target_table = EXCLUDED.target_table, field_name = EXCLUDED.field_name, field_type = EXCLUDED.field_type, datatype = EXCLUDED.datatype, formula = EXCLUDED.formula, invented_for_question = EXCLUDED.invented_for_question, semantic_type_iri = EXCLUDED.semantic_type_iri;

INSERT INTO rulebook_fields (rulebook_field_id, target_table, field_name, field_type, datatype, formula, invented_for_question, semantic_type_iri)
VALUES ('ProcedureStatusChanges.Motivation', 'ProcedureStatusChanges', 'Motivation', 'raw', 'string', NULL, NULL, 'urn:effortless:pko-extension#RulebookField') ON CONFLICT (rulebook_field_id) DO UPDATE SET target_table = EXCLUDED.target_table, field_name = EXCLUDED.field_name, field_type = EXCLUDED.field_type, datatype = EXCLUDED.datatype, formula = EXCLUDED.formula, invented_for_question = EXCLUDED.invented_for_question, semantic_type_iri = EXCLUDED.semantic_type_iri;

INSERT INTO rulebook_fields (rulebook_field_id, target_table, field_name, field_type, datatype, formula, invented_for_question, semantic_type_iri)
VALUES ('ProcedureStatusChanges.SemanticTypeIri', 'ProcedureStatusChanges', 'SemanticTypeIri', 'raw', 'string', NULL, NULL, 'urn:effortless:pko-extension#RulebookField') ON CONFLICT (rulebook_field_id) DO UPDATE SET target_table = EXCLUDED.target_table, field_name = EXCLUDED.field_name, field_type = EXCLUDED.field_type, datatype = EXCLUDED.datatype, formula = EXCLUDED.formula, invented_for_question = EXCLUDED.invented_for_question, semantic_type_iri = EXCLUDED.semantic_type_iri;

INSERT INTO rulebook_fields (rulebook_field_id, target_table, field_name, field_type, datatype, formula, invented_for_question, semantic_type_iri)
VALUES ('Steps.StepId', 'Steps', 'StepId', 'raw', 'string', NULL, NULL, 'urn:effortless:pko-extension#RulebookField') ON CONFLICT (rulebook_field_id) DO UPDATE SET target_table = EXCLUDED.target_table, field_name = EXCLUDED.field_name, field_type = EXCLUDED.field_type, datatype = EXCLUDED.datatype, formula = EXCLUDED.formula, invented_for_question = EXCLUDED.invented_for_question, semantic_type_iri = EXCLUDED.semantic_type_iri;

INSERT INTO rulebook_fields (rulebook_field_id, target_table, field_name, field_type, datatype, formula, invented_for_question, semantic_type_iri)
VALUES ('Steps.Name', 'Steps', 'Name', 'calculated', 'string', '={{StepNumber}} & ". " & {{Title}}', NULL, 'urn:effortless:pko-extension#RulebookField') ON CONFLICT (rulebook_field_id) DO UPDATE SET target_table = EXCLUDED.target_table, field_name = EXCLUDED.field_name, field_type = EXCLUDED.field_type, datatype = EXCLUDED.datatype, formula = EXCLUDED.formula, invented_for_question = EXCLUDED.invented_for_question, semantic_type_iri = EXCLUDED.semantic_type_iri;

INSERT INTO rulebook_fields (rulebook_field_id, target_table, field_name, field_type, datatype, formula, invented_for_question, semantic_type_iri)
VALUES ('Steps.ProcedureVersion', 'Steps', 'ProcedureVersion', 'relationship', 'string', NULL, NULL, 'urn:effortless:pko-extension#RulebookField') ON CONFLICT (rulebook_field_id) DO UPDATE SET target_table = EXCLUDED.target_table, field_name = EXCLUDED.field_name, field_type = EXCLUDED.field_type, datatype = EXCLUDED.datatype, formula = EXCLUDED.formula, invented_for_question = EXCLUDED.invented_for_question, semantic_type_iri = EXCLUDED.semantic_type_iri;

INSERT INTO rulebook_fields (rulebook_field_id, target_table, field_name, field_type, datatype, formula, invented_for_question, semantic_type_iri)
VALUES ('Steps.StepNumber', 'Steps', 'StepNumber', 'raw', 'string', NULL, NULL, 'urn:effortless:pko-extension#RulebookField') ON CONFLICT (rulebook_field_id) DO UPDATE SET target_table = EXCLUDED.target_table, field_name = EXCLUDED.field_name, field_type = EXCLUDED.field_type, datatype = EXCLUDED.datatype, formula = EXCLUDED.formula, invented_for_question = EXCLUDED.invented_for_question, semantic_type_iri = EXCLUDED.semantic_type_iri;

INSERT INTO rulebook_fields (rulebook_field_id, target_table, field_name, field_type, datatype, formula, invented_for_question, semantic_type_iri)
VALUES ('Steps.Title', 'Steps', 'Title', 'raw', 'string', NULL, NULL, 'urn:effortless:pko-extension#RulebookField') ON CONFLICT (rulebook_field_id) DO UPDATE SET target_table = EXCLUDED.target_table, field_name = EXCLUDED.field_name, field_type = EXCLUDED.field_type, datatype = EXCLUDED.datatype, formula = EXCLUDED.formula, invented_for_question = EXCLUDED.invented_for_question, semantic_type_iri = EXCLUDED.semantic_type_iri;

INSERT INTO rulebook_fields (rulebook_field_id, target_table, field_name, field_type, datatype, formula, invented_for_question, semantic_type_iri)
VALUES ('Steps.StepKind', 'Steps', 'StepKind', 'raw', 'string', NULL, NULL, 'urn:effortless:pko-extension#RulebookField') ON CONFLICT (rulebook_field_id) DO UPDATE SET target_table = EXCLUDED.target_table, field_name = EXCLUDED.field_name, field_type = EXCLUDED.field_type, datatype = EXCLUDED.datatype, formula = EXCLUDED.formula, invented_for_question = EXCLUDED.invented_for_question, semantic_type_iri = EXCLUDED.semantic_type_iri;

INSERT INTO rulebook_fields (rulebook_field_id, target_table, field_name, field_type, datatype, formula, invented_for_question, semantic_type_iri)
VALUES ('Steps.AssignedRole', 'Steps', 'AssignedRole', 'relationship', 'string', NULL, NULL, 'urn:effortless:pko-extension#RulebookField') ON CONFLICT (rulebook_field_id) DO UPDATE SET target_table = EXCLUDED.target_table, field_name = EXCLUDED.field_name, field_type = EXCLUDED.field_type, datatype = EXCLUDED.datatype, formula = EXCLUDED.formula, invented_for_question = EXCLUDED.invented_for_question, semantic_type_iri = EXCLUDED.semantic_type_iri;

INSERT INTO rulebook_fields (rulebook_field_id, target_table, field_name, field_type, datatype, formula, invented_for_question, semantic_type_iri)
VALUES ('Steps.AssignedRoleLabel', 'Steps', 'AssignedRoleLabel', 'lookup', 'string', '=INDEX(Roles!{{Label}}, MATCH({{AssignedRole}}, Roles!{{RoleId}}, 0))', NULL, 'urn:effortless:pko-extension#RulebookField') ON CONFLICT (rulebook_field_id) DO UPDATE SET target_table = EXCLUDED.target_table, field_name = EXCLUDED.field_name, field_type = EXCLUDED.field_type, datatype = EXCLUDED.datatype, formula = EXCLUDED.formula, invented_for_question = EXCLUDED.invented_for_question, semantic_type_iri = EXCLUDED.semantic_type_iri;

INSERT INTO rulebook_fields (rulebook_field_id, target_table, field_name, field_type, datatype, formula, invented_for_question, semantic_type_iri)
VALUES ('Steps.AssignedAgentKind', 'Steps', 'AssignedAgentKind', 'lookup', 'string', '=INDEX(Roles!{{CurrentAgentKind}}, MATCH({{AssignedRole}}, Roles!{{RoleId}}, 0))', NULL, 'urn:effortless:pko-extension#RulebookField') ON CONFLICT (rulebook_field_id) DO UPDATE SET target_table = EXCLUDED.target_table, field_name = EXCLUDED.field_name, field_type = EXCLUDED.field_type, datatype = EXCLUDED.datatype, formula = EXCLUDED.formula, invented_for_question = EXCLUDED.invented_for_question, semantic_type_iri = EXCLUDED.semantic_type_iri;

INSERT INTO rulebook_fields (rulebook_field_id, target_table, field_name, field_type, datatype, formula, invented_for_question, semantic_type_iri)
VALUES ('Steps.Instruction', 'Steps', 'Instruction', 'raw', 'string', NULL, NULL, 'urn:effortless:pko-extension#RulebookField') ON CONFLICT (rulebook_field_id) DO UPDATE SET target_table = EXCLUDED.target_table, field_name = EXCLUDED.field_name, field_type = EXCLUDED.field_type, datatype = EXCLUDED.datatype, formula = EXCLUDED.formula, invented_for_question = EXCLUDED.invented_for_question, semantic_type_iri = EXCLUDED.semantic_type_iri;

INSERT INTO rulebook_fields (rulebook_field_id, target_table, field_name, field_type, datatype, formula, invented_for_question, semantic_type_iri)
VALUES ('Steps.ExpectedDurationMinutes', 'Steps', 'ExpectedDurationMinutes', 'raw', 'integer', NULL, NULL, 'urn:effortless:pko-extension#RulebookField') ON CONFLICT (rulebook_field_id) DO UPDATE SET target_table = EXCLUDED.target_table, field_name = EXCLUDED.field_name, field_type = EXCLUDED.field_type, datatype = EXCLUDED.datatype, formula = EXCLUDED.formula, invented_for_question = EXCLUDED.invented_for_question, semantic_type_iri = EXCLUDED.semantic_type_iri;

INSERT INTO rulebook_fields (rulebook_field_id, target_table, field_name, field_type, datatype, formula, invented_for_question, semantic_type_iri)
VALUES ('Steps.ExpertiseLevel', 'Steps', 'ExpertiseLevel', 'raw', 'string', NULL, NULL, 'urn:effortless:pko-extension#RulebookField') ON CONFLICT (rulebook_field_id) DO UPDATE SET target_table = EXCLUDED.target_table, field_name = EXCLUDED.field_name, field_type = EXCLUDED.field_type, datatype = EXCLUDED.datatype, formula = EXCLUDED.formula, invented_for_question = EXCLUDED.invented_for_question, semantic_type_iri = EXCLUDED.semantic_type_iri;

INSERT INTO rulebook_fields (rulebook_field_id, target_table, field_name, field_type, datatype, formula, invented_for_question, semantic_type_iri)
VALUES ('Steps.RequiresHumanConfirmation', 'Steps', 'RequiresHumanConfirmation', 'raw', 'boolean', NULL, NULL, 'urn:effortless:pko-extension#RulebookField') ON CONFLICT (rulebook_field_id) DO UPDATE SET target_table = EXCLUDED.target_table, field_name = EXCLUDED.field_name, field_type = EXCLUDED.field_type, datatype = EXCLUDED.datatype, formula = EXCLUDED.formula, invented_for_question = EXCLUDED.invented_for_question, semantic_type_iri = EXCLUDED.semantic_type_iri;

INSERT INTO rulebook_fields (rulebook_field_id, target_table, field_name, field_type, datatype, formula, invented_for_question, semantic_type_iri)
VALUES ('Steps.BlockingRequirementCount', 'Steps', 'BlockingRequirementCount', 'aggregation', 'number', '=COUNTIFS(StepRequirements!{{BlockingStepKey}}, {{StepId}})', 'q-analyst-blocking-never-evaluated', 'urn:effortless:pko-extension#RulebookField') ON CONFLICT (rulebook_field_id) DO UPDATE SET target_table = EXCLUDED.target_table, field_name = EXCLUDED.field_name, field_type = EXCLUDED.field_type, datatype = EXCLUDED.datatype, formula = EXCLUDED.formula, invented_for_question = EXCLUDED.invented_for_question, semantic_type_iri = EXCLUDED.semantic_type_iri;

INSERT INTO rulebook_fields (rulebook_field_id, target_table, field_name, field_type, datatype, formula, invented_for_question, semantic_type_iri)
VALUES ('Steps.StaleBindingCount', 'Steps', 'StaleBindingCount', 'aggregation', 'number', '=COUNTIFS(OperationalBindings!{{StaleBindingStepKey}}, {{StepId}})', 'q-analyst-evidence-binding-stale', 'urn:effortless:pko-extension#RulebookField') ON CONFLICT (rulebook_field_id) DO UPDATE SET target_table = EXCLUDED.target_table, field_name = EXCLUDED.field_name, field_type = EXCLUDED.field_type, datatype = EXCLUDED.datatype, formula = EXCLUDED.formula, invented_for_question = EXCLUDED.invented_for_question, semantic_type_iri = EXCLUDED.semantic_type_iri;

INSERT INTO rulebook_fields (rulebook_field_id, target_table, field_name, field_type, datatype, formula, invented_for_question, semantic_type_iri)
VALUES ('Steps.AuthoritativeStaleCount', 'Steps', 'AuthoritativeStaleCount', 'aggregation', 'number', '=COUNTIFS(OperationalBindings!{{AuthoritativeStaleStepKey}}, {{StepId}})', 'q-analyst-evidence-binding-stale', 'urn:effortless:pko-extension#RulebookField') ON CONFLICT (rulebook_field_id) DO UPDATE SET target_table = EXCLUDED.target_table, field_name = EXCLUDED.field_name, field_type = EXCLUDED.field_type, datatype = EXCLUDED.datatype, formula = EXCLUDED.formula, invented_for_question = EXCLUDED.invented_for_question, semantic_type_iri = EXCLUDED.semantic_type_iri;

INSERT INTO rulebook_fields (rulebook_field_id, target_table, field_name, field_type, datatype, formula, invented_for_question, semantic_type_iri)
VALUES ('Steps.AvailableExceptionCount', 'Steps', 'AvailableExceptionCount', 'aggregation', 'number', '=COUNTIFS(Exceptions!{{ActiveExceptionStepKey}}, {{StepId}})', 'q-analyst-my-late-steps-unexplained', 'urn:effortless:pko-extension#RulebookField') ON CONFLICT (rulebook_field_id) DO UPDATE SET target_table = EXCLUDED.target_table, field_name = EXCLUDED.field_name, field_type = EXCLUDED.field_type, datatype = EXCLUDED.datatype, formula = EXCLUDED.formula, invented_for_question = EXCLUDED.invented_for_question, semantic_type_iri = EXCLUDED.semantic_type_iri;

INSERT INTO rulebook_fields (rulebook_field_id, target_table, field_name, field_type, datatype, formula, invented_for_question, semantic_type_iri)
VALUES ('Steps.DeclaredVerificationCount', 'Steps', 'DeclaredVerificationCount', 'aggregation', 'number', '=COUNTIFS(StepVerifications!{{Step}}, {{StepId}})', 'q-analyst-verification-declared-never-performed', 'urn:effortless:pko-extension#RulebookField') ON CONFLICT (rulebook_field_id) DO UPDATE SET target_table = EXCLUDED.target_table, field_name = EXCLUDED.field_name, field_type = EXCLUDED.field_type, datatype = EXCLUDED.datatype, formula = EXCLUDED.formula, invented_for_question = EXCLUDED.invented_for_question, semantic_type_iri = EXCLUDED.semantic_type_iri;

INSERT INTO rulebook_fields (rulebook_field_id, target_table, field_name, field_type, datatype, formula, invented_for_question, semantic_type_iri)
VALUES ('Steps.IsPreparationStep', 'Steps', 'IsPreparationStep', 'calculated', 'boolean', '=OR({{AssignedRole}} = "finance-analyst", {{AssignedRole}} = "variance-review-agent")', 'q-controller-separation-of-duties', 'urn:effortless:pko-extension#RulebookField') ON CONFLICT (rulebook_field_id) DO UPDATE SET target_table = EXCLUDED.target_table, field_name = EXCLUDED.field_name, field_type = EXCLUDED.field_type, datatype = EXCLUDED.datatype, formula = EXCLUDED.formula, invented_for_question = EXCLUDED.invented_for_question, semantic_type_iri = EXCLUDED.semantic_type_iri;

INSERT INTO rulebook_fields (rulebook_field_id, target_table, field_name, field_type, datatype, formula, invented_for_question, semantic_type_iri)
VALUES ('Steps.IsApprovalStep', 'Steps', 'IsApprovalStep', 'calculated', 'boolean', '=OR({{AssignedRole}} = "controller", {{AssignedRole}} = "cfo")', 'q-controller-separation-of-duties', 'urn:effortless:pko-extension#RulebookField') ON CONFLICT (rulebook_field_id) DO UPDATE SET target_table = EXCLUDED.target_table, field_name = EXCLUDED.field_name, field_type = EXCLUDED.field_type, datatype = EXCLUDED.datatype, formula = EXCLUDED.formula, invented_for_question = EXCLUDED.invented_for_question, semantic_type_iri = EXCLUDED.semantic_type_iri;

INSERT INTO rulebook_fields (rulebook_field_id, target_table, field_name, field_type, datatype, formula, invented_for_question, semantic_type_iri)
VALUES ('Steps.SemanticTypeIri', 'Steps', 'SemanticTypeIri', 'raw', 'string', NULL, NULL, 'urn:effortless:pko-extension#RulebookField') ON CONFLICT (rulebook_field_id) DO UPDATE SET target_table = EXCLUDED.target_table, field_name = EXCLUDED.field_name, field_type = EXCLUDED.field_type, datatype = EXCLUDED.datatype, formula = EXCLUDED.formula, invented_for_question = EXCLUDED.invented_for_question, semantic_type_iri = EXCLUDED.semantic_type_iri;

INSERT INTO rulebook_fields (rulebook_field_id, target_table, field_name, field_type, datatype, formula, invented_for_question, semantic_type_iri)
VALUES ('StepTransitions.StepTransitionId', 'StepTransitions', 'StepTransitionId', 'raw', 'string', NULL, NULL, 'urn:effortless:pko-extension#RulebookField') ON CONFLICT (rulebook_field_id) DO UPDATE SET target_table = EXCLUDED.target_table, field_name = EXCLUDED.field_name, field_type = EXCLUDED.field_type, datatype = EXCLUDED.datatype, formula = EXCLUDED.formula, invented_for_question = EXCLUDED.invented_for_question, semantic_type_iri = EXCLUDED.semantic_type_iri;

INSERT INTO rulebook_fields (rulebook_field_id, target_table, field_name, field_type, datatype, formula, invented_for_question, semantic_type_iri)
VALUES ('StepTransitions.Name', 'StepTransitions', 'Name', 'calculated', 'string', '={{FromStep}} & " -> " & {{ToStep}}', NULL, 'urn:effortless:pko-extension#RulebookField') ON CONFLICT (rulebook_field_id) DO UPDATE SET target_table = EXCLUDED.target_table, field_name = EXCLUDED.field_name, field_type = EXCLUDED.field_type, datatype = EXCLUDED.datatype, formula = EXCLUDED.formula, invented_for_question = EXCLUDED.invented_for_question, semantic_type_iri = EXCLUDED.semantic_type_iri;

INSERT INTO rulebook_fields (rulebook_field_id, target_table, field_name, field_type, datatype, formula, invented_for_question, semantic_type_iri)
VALUES ('StepTransitions.ProcedureVersion', 'StepTransitions', 'ProcedureVersion', 'relationship', 'string', NULL, NULL, 'urn:effortless:pko-extension#RulebookField') ON CONFLICT (rulebook_field_id) DO UPDATE SET target_table = EXCLUDED.target_table, field_name = EXCLUDED.field_name, field_type = EXCLUDED.field_type, datatype = EXCLUDED.datatype, formula = EXCLUDED.formula, invented_for_question = EXCLUDED.invented_for_question, semantic_type_iri = EXCLUDED.semantic_type_iri;

INSERT INTO rulebook_fields (rulebook_field_id, target_table, field_name, field_type, datatype, formula, invented_for_question, semantic_type_iri)
VALUES ('StepTransitions.FromStep', 'StepTransitions', 'FromStep', 'relationship', 'string', NULL, NULL, 'urn:effortless:pko-extension#RulebookField') ON CONFLICT (rulebook_field_id) DO UPDATE SET target_table = EXCLUDED.target_table, field_name = EXCLUDED.field_name, field_type = EXCLUDED.field_type, datatype = EXCLUDED.datatype, formula = EXCLUDED.formula, invented_for_question = EXCLUDED.invented_for_question, semantic_type_iri = EXCLUDED.semantic_type_iri;

INSERT INTO rulebook_fields (rulebook_field_id, target_table, field_name, field_type, datatype, formula, invented_for_question, semantic_type_iri)
VALUES ('StepTransitions.ToStep', 'StepTransitions', 'ToStep', 'relationship', 'string', NULL, NULL, 'urn:effortless:pko-extension#RulebookField') ON CONFLICT (rulebook_field_id) DO UPDATE SET target_table = EXCLUDED.target_table, field_name = EXCLUDED.field_name, field_type = EXCLUDED.field_type, datatype = EXCLUDED.datatype, formula = EXCLUDED.formula, invented_for_question = EXCLUDED.invented_for_question, semantic_type_iri = EXCLUDED.semantic_type_iri;

INSERT INTO rulebook_fields (rulebook_field_id, target_table, field_name, field_type, datatype, formula, invented_for_question, semantic_type_iri)
VALUES ('StepTransitions.TransitionKind', 'StepTransitions', 'TransitionKind', 'raw', 'string', NULL, NULL, 'urn:effortless:pko-extension#RulebookField') ON CONFLICT (rulebook_field_id) DO UPDATE SET target_table = EXCLUDED.target_table, field_name = EXCLUDED.field_name, field_type = EXCLUDED.field_type, datatype = EXCLUDED.datatype, formula = EXCLUDED.formula, invented_for_question = EXCLUDED.invented_for_question, semantic_type_iri = EXCLUDED.semantic_type_iri;

INSERT INTO rulebook_fields (rulebook_field_id, target_table, field_name, field_type, datatype, formula, invented_for_question, semantic_type_iri)
VALUES ('StepTransitions.Condition', 'StepTransitions', 'Condition', 'raw', 'string', NULL, NULL, 'urn:effortless:pko-extension#RulebookField') ON CONFLICT (rulebook_field_id) DO UPDATE SET target_table = EXCLUDED.target_table, field_name = EXCLUDED.field_name, field_type = EXCLUDED.field_type, datatype = EXCLUDED.datatype, formula = EXCLUDED.formula, invented_for_question = EXCLUDED.invented_for_question, semantic_type_iri = EXCLUDED.semantic_type_iri;

INSERT INTO rulebook_fields (rulebook_field_id, target_table, field_name, field_type, datatype, formula, invented_for_question, semantic_type_iri)
VALUES ('StepTransitions.Priority', 'StepTransitions', 'Priority', 'raw', 'integer', NULL, NULL, 'urn:effortless:pko-extension#RulebookField') ON CONFLICT (rulebook_field_id) DO UPDATE SET target_table = EXCLUDED.target_table, field_name = EXCLUDED.field_name, field_type = EXCLUDED.field_type, datatype = EXCLUDED.datatype, formula = EXCLUDED.formula, invented_for_question = EXCLUDED.invented_for_question, semantic_type_iri = EXCLUDED.semantic_type_iri;

INSERT INTO rulebook_fields (rulebook_field_id, target_table, field_name, field_type, datatype, formula, invented_for_question, semantic_type_iri)
VALUES ('StepTransitions.SemanticTypeIri', 'StepTransitions', 'SemanticTypeIri', 'raw', 'string', NULL, NULL, 'urn:effortless:pko-extension#RulebookField') ON CONFLICT (rulebook_field_id) DO UPDATE SET target_table = EXCLUDED.target_table, field_name = EXCLUDED.field_name, field_type = EXCLUDED.field_type, datatype = EXCLUDED.datatype, formula = EXCLUDED.formula, invented_for_question = EXCLUDED.invented_for_question, semantic_type_iri = EXCLUDED.semantic_type_iri;

INSERT INTO rulebook_fields (rulebook_field_id, target_table, field_name, field_type, datatype, formula, invented_for_question, semantic_type_iri)
VALUES ('Actions.ActionId', 'Actions', 'ActionId', 'raw', 'string', NULL, NULL, 'urn:effortless:pko-extension#RulebookField') ON CONFLICT (rulebook_field_id) DO UPDATE SET target_table = EXCLUDED.target_table, field_name = EXCLUDED.field_name, field_type = EXCLUDED.field_type, datatype = EXCLUDED.datatype, formula = EXCLUDED.formula, invented_for_question = EXCLUDED.invented_for_question, semantic_type_iri = EXCLUDED.semantic_type_iri;

INSERT INTO rulebook_fields (rulebook_field_id, target_table, field_name, field_type, datatype, formula, invented_for_question, semantic_type_iri)
VALUES ('Actions.Name', 'Actions', 'Name', 'calculated', 'string', '={{Label}}', NULL, 'urn:effortless:pko-extension#RulebookField') ON CONFLICT (rulebook_field_id) DO UPDATE SET target_table = EXCLUDED.target_table, field_name = EXCLUDED.field_name, field_type = EXCLUDED.field_type, datatype = EXCLUDED.datatype, formula = EXCLUDED.formula, invented_for_question = EXCLUDED.invented_for_question, semantic_type_iri = EXCLUDED.semantic_type_iri;

INSERT INTO rulebook_fields (rulebook_field_id, target_table, field_name, field_type, datatype, formula, invented_for_question, semantic_type_iri)
VALUES ('Actions.Label', 'Actions', 'Label', 'raw', 'string', NULL, NULL, 'urn:effortless:pko-extension#RulebookField') ON CONFLICT (rulebook_field_id) DO UPDATE SET target_table = EXCLUDED.target_table, field_name = EXCLUDED.field_name, field_type = EXCLUDED.field_type, datatype = EXCLUDED.datatype, formula = EXCLUDED.formula, invented_for_question = EXCLUDED.invented_for_question, semantic_type_iri = EXCLUDED.semantic_type_iri;

INSERT INTO rulebook_fields (rulebook_field_id, target_table, field_name, field_type, datatype, formula, invented_for_question, semantic_type_iri)
VALUES ('Actions.Definition', 'Actions', 'Definition', 'raw', 'string', NULL, NULL, 'urn:effortless:pko-extension#RulebookField') ON CONFLICT (rulebook_field_id) DO UPDATE SET target_table = EXCLUDED.target_table, field_name = EXCLUDED.field_name, field_type = EXCLUDED.field_type, datatype = EXCLUDED.datatype, formula = EXCLUDED.formula, invented_for_question = EXCLUDED.invented_for_question, semantic_type_iri = EXCLUDED.semantic_type_iri;

INSERT INTO rulebook_fields (rulebook_field_id, target_table, field_name, field_type, datatype, formula, invented_for_question, semantic_type_iri)
VALUES ('Actions.SemanticTypeIri', 'Actions', 'SemanticTypeIri', 'raw', 'string', NULL, NULL, 'urn:effortless:pko-extension#RulebookField') ON CONFLICT (rulebook_field_id) DO UPDATE SET target_table = EXCLUDED.target_table, field_name = EXCLUDED.field_name, field_type = EXCLUDED.field_type, datatype = EXCLUDED.datatype, formula = EXCLUDED.formula, invented_for_question = EXCLUDED.invented_for_question, semantic_type_iri = EXCLUDED.semantic_type_iri;

INSERT INTO rulebook_fields (rulebook_field_id, target_table, field_name, field_type, datatype, formula, invented_for_question, semantic_type_iri)
VALUES ('Functions.FunctionId', 'Functions', 'FunctionId', 'raw', 'string', NULL, NULL, 'urn:effortless:pko-extension#RulebookField') ON CONFLICT (rulebook_field_id) DO UPDATE SET target_table = EXCLUDED.target_table, field_name = EXCLUDED.field_name, field_type = EXCLUDED.field_type, datatype = EXCLUDED.datatype, formula = EXCLUDED.formula, invented_for_question = EXCLUDED.invented_for_question, semantic_type_iri = EXCLUDED.semantic_type_iri;

INSERT INTO rulebook_fields (rulebook_field_id, target_table, field_name, field_type, datatype, formula, invented_for_question, semantic_type_iri)
VALUES ('Functions.Name', 'Functions', 'Name', 'calculated', 'string', '={{Label}}', NULL, 'urn:effortless:pko-extension#RulebookField') ON CONFLICT (rulebook_field_id) DO UPDATE SET target_table = EXCLUDED.target_table, field_name = EXCLUDED.field_name, field_type = EXCLUDED.field_type, datatype = EXCLUDED.datatype, formula = EXCLUDED.formula, invented_for_question = EXCLUDED.invented_for_question, semantic_type_iri = EXCLUDED.semantic_type_iri;

INSERT INTO rulebook_fields (rulebook_field_id, target_table, field_name, field_type, datatype, formula, invented_for_question, semantic_type_iri)
VALUES ('Functions.Label', 'Functions', 'Label', 'raw', 'string', NULL, NULL, 'urn:effortless:pko-extension#RulebookField') ON CONFLICT (rulebook_field_id) DO UPDATE SET target_table = EXCLUDED.target_table, field_name = EXCLUDED.field_name, field_type = EXCLUDED.field_type, datatype = EXCLUDED.datatype, formula = EXCLUDED.formula, invented_for_question = EXCLUDED.invented_for_question, semantic_type_iri = EXCLUDED.semantic_type_iri;

INSERT INTO rulebook_fields (rulebook_field_id, target_table, field_name, field_type, datatype, formula, invented_for_question, semantic_type_iri)
VALUES ('Functions.Definition', 'Functions', 'Definition', 'raw', 'string', NULL, NULL, 'urn:effortless:pko-extension#RulebookField') ON CONFLICT (rulebook_field_id) DO UPDATE SET target_table = EXCLUDED.target_table, field_name = EXCLUDED.field_name, field_type = EXCLUDED.field_type, datatype = EXCLUDED.datatype, formula = EXCLUDED.formula, invented_for_question = EXCLUDED.invented_for_question, semantic_type_iri = EXCLUDED.semantic_type_iri;

INSERT INTO rulebook_fields (rulebook_field_id, target_table, field_name, field_type, datatype, formula, invented_for_question, semantic_type_iri)
VALUES ('Functions.ImplementationKey', 'Functions', 'ImplementationKey', 'raw', 'string', NULL, NULL, 'urn:effortless:pko-extension#RulebookField') ON CONFLICT (rulebook_field_id) DO UPDATE SET target_table = EXCLUDED.target_table, field_name = EXCLUDED.field_name, field_type = EXCLUDED.field_type, datatype = EXCLUDED.datatype, formula = EXCLUDED.formula, invented_for_question = EXCLUDED.invented_for_question, semantic_type_iri = EXCLUDED.semantic_type_iri;

INSERT INTO rulebook_fields (rulebook_field_id, target_table, field_name, field_type, datatype, formula, invented_for_question, semantic_type_iri)
VALUES ('Functions.SemanticTypeIri', 'Functions', 'SemanticTypeIri', 'raw', 'string', NULL, NULL, 'urn:effortless:pko-extension#RulebookField') ON CONFLICT (rulebook_field_id) DO UPDATE SET target_table = EXCLUDED.target_table, field_name = EXCLUDED.field_name, field_type = EXCLUDED.field_type, datatype = EXCLUDED.datatype, formula = EXCLUDED.formula, invented_for_question = EXCLUDED.invented_for_question, semantic_type_iri = EXCLUDED.semantic_type_iri;

INSERT INTO rulebook_fields (rulebook_field_id, target_table, field_name, field_type, datatype, formula, invented_for_question, semantic_type_iri)
VALUES ('Tools.ToolId', 'Tools', 'ToolId', 'raw', 'string', NULL, NULL, 'urn:effortless:pko-extension#RulebookField') ON CONFLICT (rulebook_field_id) DO UPDATE SET target_table = EXCLUDED.target_table, field_name = EXCLUDED.field_name, field_type = EXCLUDED.field_type, datatype = EXCLUDED.datatype, formula = EXCLUDED.formula, invented_for_question = EXCLUDED.invented_for_question, semantic_type_iri = EXCLUDED.semantic_type_iri;

INSERT INTO rulebook_fields (rulebook_field_id, target_table, field_name, field_type, datatype, formula, invented_for_question, semantic_type_iri)
VALUES ('Tools.Name', 'Tools', 'Name', 'calculated', 'string', '={{Label}}', NULL, 'urn:effortless:pko-extension#RulebookField') ON CONFLICT (rulebook_field_id) DO UPDATE SET target_table = EXCLUDED.target_table, field_name = EXCLUDED.field_name, field_type = EXCLUDED.field_type, datatype = EXCLUDED.datatype, formula = EXCLUDED.formula, invented_for_question = EXCLUDED.invented_for_question, semantic_type_iri = EXCLUDED.semantic_type_iri;

INSERT INTO rulebook_fields (rulebook_field_id, target_table, field_name, field_type, datatype, formula, invented_for_question, semantic_type_iri)
VALUES ('Tools.Label', 'Tools', 'Label', 'raw', 'string', NULL, NULL, 'urn:effortless:pko-extension#RulebookField') ON CONFLICT (rulebook_field_id) DO UPDATE SET target_table = EXCLUDED.target_table, field_name = EXCLUDED.field_name, field_type = EXCLUDED.field_type, datatype = EXCLUDED.datatype, formula = EXCLUDED.formula, invented_for_question = EXCLUDED.invented_for_question, semantic_type_iri = EXCLUDED.semantic_type_iri;

INSERT INTO rulebook_fields (rulebook_field_id, target_table, field_name, field_type, datatype, formula, invented_for_question, semantic_type_iri)
VALUES ('Tools.Purpose', 'Tools', 'Purpose', 'raw', 'string', NULL, NULL, 'urn:effortless:pko-extension#RulebookField') ON CONFLICT (rulebook_field_id) DO UPDATE SET target_table = EXCLUDED.target_table, field_name = EXCLUDED.field_name, field_type = EXCLUDED.field_type, datatype = EXCLUDED.datatype, formula = EXCLUDED.formula, invented_for_question = EXCLUDED.invented_for_question, semantic_type_iri = EXCLUDED.semantic_type_iri;

INSERT INTO rulebook_fields (rulebook_field_id, target_table, field_name, field_type, datatype, formula, invented_for_question, semantic_type_iri)
VALUES ('Tools.SemanticTypeIri', 'Tools', 'SemanticTypeIri', 'raw', 'string', NULL, NULL, 'urn:effortless:pko-extension#RulebookField') ON CONFLICT (rulebook_field_id) DO UPDATE SET target_table = EXCLUDED.target_table, field_name = EXCLUDED.field_name, field_type = EXCLUDED.field_type, datatype = EXCLUDED.datatype, formula = EXCLUDED.formula, invented_for_question = EXCLUDED.invented_for_question, semantic_type_iri = EXCLUDED.semantic_type_iri;

INSERT INTO rulebook_fields (rulebook_field_id, target_table, field_name, field_type, datatype, formula, invented_for_question, semantic_type_iri)
VALUES ('StepActions.StepActionId', 'StepActions', 'StepActionId', 'raw', 'string', NULL, NULL, 'urn:effortless:pko-extension#RulebookField') ON CONFLICT (rulebook_field_id) DO UPDATE SET target_table = EXCLUDED.target_table, field_name = EXCLUDED.field_name, field_type = EXCLUDED.field_type, datatype = EXCLUDED.datatype, formula = EXCLUDED.formula, invented_for_question = EXCLUDED.invented_for_question, semantic_type_iri = EXCLUDED.semantic_type_iri;

INSERT INTO rulebook_fields (rulebook_field_id, target_table, field_name, field_type, datatype, formula, invented_for_question, semantic_type_iri)
VALUES ('StepActions.Name', 'StepActions', 'Name', 'calculated', 'string', '={{Step}} & " / " & {{Action}}', NULL, 'urn:effortless:pko-extension#RulebookField') ON CONFLICT (rulebook_field_id) DO UPDATE SET target_table = EXCLUDED.target_table, field_name = EXCLUDED.field_name, field_type = EXCLUDED.field_type, datatype = EXCLUDED.datatype, formula = EXCLUDED.formula, invented_for_question = EXCLUDED.invented_for_question, semantic_type_iri = EXCLUDED.semantic_type_iri;

INSERT INTO rulebook_fields (rulebook_field_id, target_table, field_name, field_type, datatype, formula, invented_for_question, semantic_type_iri)
VALUES ('StepActions.Step', 'StepActions', 'Step', 'relationship', 'string', NULL, NULL, 'urn:effortless:pko-extension#RulebookField') ON CONFLICT (rulebook_field_id) DO UPDATE SET target_table = EXCLUDED.target_table, field_name = EXCLUDED.field_name, field_type = EXCLUDED.field_type, datatype = EXCLUDED.datatype, formula = EXCLUDED.formula, invented_for_question = EXCLUDED.invented_for_question, semantic_type_iri = EXCLUDED.semantic_type_iri;

INSERT INTO rulebook_fields (rulebook_field_id, target_table, field_name, field_type, datatype, formula, invented_for_question, semantic_type_iri)
VALUES ('StepActions.Action', 'StepActions', 'Action', 'relationship', 'string', NULL, NULL, 'urn:effortless:pko-extension#RulebookField') ON CONFLICT (rulebook_field_id) DO UPDATE SET target_table = EXCLUDED.target_table, field_name = EXCLUDED.field_name, field_type = EXCLUDED.field_type, datatype = EXCLUDED.datatype, formula = EXCLUDED.formula, invented_for_question = EXCLUDED.invented_for_question, semantic_type_iri = EXCLUDED.semantic_type_iri;

INSERT INTO rulebook_fields (rulebook_field_id, target_table, field_name, field_type, datatype, formula, invented_for_question, semantic_type_iri)
VALUES ('StepFunctions.StepFunctionId', 'StepFunctions', 'StepFunctionId', 'raw', 'string', NULL, NULL, 'urn:effortless:pko-extension#RulebookField') ON CONFLICT (rulebook_field_id) DO UPDATE SET target_table = EXCLUDED.target_table, field_name = EXCLUDED.field_name, field_type = EXCLUDED.field_type, datatype = EXCLUDED.datatype, formula = EXCLUDED.formula, invented_for_question = EXCLUDED.invented_for_question, semantic_type_iri = EXCLUDED.semantic_type_iri;

INSERT INTO rulebook_fields (rulebook_field_id, target_table, field_name, field_type, datatype, formula, invented_for_question, semantic_type_iri)
VALUES ('StepFunctions.Name', 'StepFunctions', 'Name', 'calculated', 'string', '={{Step}} & " / " & {{Function}}', NULL, 'urn:effortless:pko-extension#RulebookField') ON CONFLICT (rulebook_field_id) DO UPDATE SET target_table = EXCLUDED.target_table, field_name = EXCLUDED.field_name, field_type = EXCLUDED.field_type, datatype = EXCLUDED.datatype, formula = EXCLUDED.formula, invented_for_question = EXCLUDED.invented_for_question, semantic_type_iri = EXCLUDED.semantic_type_iri;

INSERT INTO rulebook_fields (rulebook_field_id, target_table, field_name, field_type, datatype, formula, invented_for_question, semantic_type_iri)
VALUES ('StepFunctions.Step', 'StepFunctions', 'Step', 'relationship', 'string', NULL, NULL, 'urn:effortless:pko-extension#RulebookField') ON CONFLICT (rulebook_field_id) DO UPDATE SET target_table = EXCLUDED.target_table, field_name = EXCLUDED.field_name, field_type = EXCLUDED.field_type, datatype = EXCLUDED.datatype, formula = EXCLUDED.formula, invented_for_question = EXCLUDED.invented_for_question, semantic_type_iri = EXCLUDED.semantic_type_iri;

INSERT INTO rulebook_fields (rulebook_field_id, target_table, field_name, field_type, datatype, formula, invented_for_question, semantic_type_iri)
VALUES ('StepFunctions.Function', 'StepFunctions', 'Function', 'relationship', 'string', NULL, NULL, 'urn:effortless:pko-extension#RulebookField') ON CONFLICT (rulebook_field_id) DO UPDATE SET target_table = EXCLUDED.target_table, field_name = EXCLUDED.field_name, field_type = EXCLUDED.field_type, datatype = EXCLUDED.datatype, formula = EXCLUDED.formula, invented_for_question = EXCLUDED.invented_for_question, semantic_type_iri = EXCLUDED.semantic_type_iri;

INSERT INTO rulebook_fields (rulebook_field_id, target_table, field_name, field_type, datatype, formula, invented_for_question, semantic_type_iri)
VALUES ('StepTools.StepToolId', 'StepTools', 'StepToolId', 'raw', 'string', NULL, NULL, 'urn:effortless:pko-extension#RulebookField') ON CONFLICT (rulebook_field_id) DO UPDATE SET target_table = EXCLUDED.target_table, field_name = EXCLUDED.field_name, field_type = EXCLUDED.field_type, datatype = EXCLUDED.datatype, formula = EXCLUDED.formula, invented_for_question = EXCLUDED.invented_for_question, semantic_type_iri = EXCLUDED.semantic_type_iri;

INSERT INTO rulebook_fields (rulebook_field_id, target_table, field_name, field_type, datatype, formula, invented_for_question, semantic_type_iri)
VALUES ('StepTools.Name', 'StepTools', 'Name', 'calculated', 'string', '={{Step}} & " / " & {{Tool}}', NULL, 'urn:effortless:pko-extension#RulebookField') ON CONFLICT (rulebook_field_id) DO UPDATE SET target_table = EXCLUDED.target_table, field_name = EXCLUDED.field_name, field_type = EXCLUDED.field_type, datatype = EXCLUDED.datatype, formula = EXCLUDED.formula, invented_for_question = EXCLUDED.invented_for_question, semantic_type_iri = EXCLUDED.semantic_type_iri;

INSERT INTO rulebook_fields (rulebook_field_id, target_table, field_name, field_type, datatype, formula, invented_for_question, semantic_type_iri)
VALUES ('StepTools.Step', 'StepTools', 'Step', 'relationship', 'string', NULL, NULL, 'urn:effortless:pko-extension#RulebookField') ON CONFLICT (rulebook_field_id) DO UPDATE SET target_table = EXCLUDED.target_table, field_name = EXCLUDED.field_name, field_type = EXCLUDED.field_type, datatype = EXCLUDED.datatype, formula = EXCLUDED.formula, invented_for_question = EXCLUDED.invented_for_question, semantic_type_iri = EXCLUDED.semantic_type_iri;

INSERT INTO rulebook_fields (rulebook_field_id, target_table, field_name, field_type, datatype, formula, invented_for_question, semantic_type_iri)
VALUES ('StepTools.Tool', 'StepTools', 'Tool', 'relationship', 'string', NULL, NULL, 'urn:effortless:pko-extension#RulebookField') ON CONFLICT (rulebook_field_id) DO UPDATE SET target_table = EXCLUDED.target_table, field_name = EXCLUDED.field_name, field_type = EXCLUDED.field_type, datatype = EXCLUDED.datatype, formula = EXCLUDED.formula, invented_for_question = EXCLUDED.invented_for_question, semantic_type_iri = EXCLUDED.semantic_type_iri;

INSERT INTO rulebook_fields (rulebook_field_id, target_table, field_name, field_type, datatype, formula, invented_for_question, semantic_type_iri)
VALUES ('Requirements.RequirementId', 'Requirements', 'RequirementId', 'raw', 'string', NULL, NULL, 'urn:effortless:pko-extension#RulebookField') ON CONFLICT (rulebook_field_id) DO UPDATE SET target_table = EXCLUDED.target_table, field_name = EXCLUDED.field_name, field_type = EXCLUDED.field_type, datatype = EXCLUDED.datatype, formula = EXCLUDED.formula, invented_for_question = EXCLUDED.invented_for_question, semantic_type_iri = EXCLUDED.semantic_type_iri;

INSERT INTO rulebook_fields (rulebook_field_id, target_table, field_name, field_type, datatype, formula, invented_for_question, semantic_type_iri)
VALUES ('Requirements.Name', 'Requirements', 'Name', 'calculated', 'string', '={{Label}}', NULL, 'urn:effortless:pko-extension#RulebookField') ON CONFLICT (rulebook_field_id) DO UPDATE SET target_table = EXCLUDED.target_table, field_name = EXCLUDED.field_name, field_type = EXCLUDED.field_type, datatype = EXCLUDED.datatype, formula = EXCLUDED.formula, invented_for_question = EXCLUDED.invented_for_question, semantic_type_iri = EXCLUDED.semantic_type_iri;

INSERT INTO rulebook_fields (rulebook_field_id, target_table, field_name, field_type, datatype, formula, invented_for_question, semantic_type_iri)
VALUES ('Requirements.Label', 'Requirements', 'Label', 'raw', 'string', NULL, NULL, 'urn:effortless:pko-extension#RulebookField') ON CONFLICT (rulebook_field_id) DO UPDATE SET target_table = EXCLUDED.target_table, field_name = EXCLUDED.field_name, field_type = EXCLUDED.field_type, datatype = EXCLUDED.datatype, formula = EXCLUDED.formula, invented_for_question = EXCLUDED.invented_for_question, semantic_type_iri = EXCLUDED.semantic_type_iri;

INSERT INTO rulebook_fields (rulebook_field_id, target_table, field_name, field_type, datatype, formula, invented_for_question, semantic_type_iri)
VALUES ('Requirements.RequirementType', 'Requirements', 'RequirementType', 'raw', 'string', NULL, NULL, 'urn:effortless:pko-extension#RulebookField') ON CONFLICT (rulebook_field_id) DO UPDATE SET target_table = EXCLUDED.target_table, field_name = EXCLUDED.field_name, field_type = EXCLUDED.field_type, datatype = EXCLUDED.datatype, formula = EXCLUDED.formula, invented_for_question = EXCLUDED.invented_for_question, semantic_type_iri = EXCLUDED.semantic_type_iri;

INSERT INTO rulebook_fields (rulebook_field_id, target_table, field_name, field_type, datatype, formula, invented_for_question, semantic_type_iri)
VALUES ('Requirements.Statement', 'Requirements', 'Statement', 'raw', 'string', NULL, NULL, 'urn:effortless:pko-extension#RulebookField') ON CONFLICT (rulebook_field_id) DO UPDATE SET target_table = EXCLUDED.target_table, field_name = EXCLUDED.field_name, field_type = EXCLUDED.field_type, datatype = EXCLUDED.datatype, formula = EXCLUDED.formula, invented_for_question = EXCLUDED.invented_for_question, semantic_type_iri = EXCLUDED.semantic_type_iri;

INSERT INTO rulebook_fields (rulebook_field_id, target_table, field_name, field_type, datatype, formula, invented_for_question, semantic_type_iri)
VALUES ('Requirements.Rationale', 'Requirements', 'Rationale', 'raw', 'string', NULL, NULL, 'urn:effortless:pko-extension#RulebookField') ON CONFLICT (rulebook_field_id) DO UPDATE SET target_table = EXCLUDED.target_table, field_name = EXCLUDED.field_name, field_type = EXCLUDED.field_type, datatype = EXCLUDED.datatype, formula = EXCLUDED.formula, invented_for_question = EXCLUDED.invented_for_question, semantic_type_iri = EXCLUDED.semantic_type_iri;

INSERT INTO rulebook_fields (rulebook_field_id, target_table, field_name, field_type, datatype, formula, invented_for_question, semantic_type_iri)
VALUES ('Requirements.IsBlocking', 'Requirements', 'IsBlocking', 'raw', 'boolean', NULL, NULL, 'urn:effortless:pko-extension#RulebookField') ON CONFLICT (rulebook_field_id) DO UPDATE SET target_table = EXCLUDED.target_table, field_name = EXCLUDED.field_name, field_type = EXCLUDED.field_type, datatype = EXCLUDED.datatype, formula = EXCLUDED.formula, invented_for_question = EXCLUDED.invented_for_question, semantic_type_iri = EXCLUDED.semantic_type_iri;

INSERT INTO rulebook_fields (rulebook_field_id, target_table, field_name, field_type, datatype, formula, invented_for_question, semantic_type_iri)
VALUES ('Requirements.SatisfactionRecordCount', 'Requirements', 'SatisfactionRecordCount', 'aggregation', 'number', '=COUNTIFS(RequirementSatisfactions!{{Requirement}}, {{RequirementId}})', 'q-controller-blocking-control-inoperative', 'urn:effortless:pko-extension#RulebookField') ON CONFLICT (rulebook_field_id) DO UPDATE SET target_table = EXCLUDED.target_table, field_name = EXCLUDED.field_name, field_type = EXCLUDED.field_type, datatype = EXCLUDED.datatype, formula = EXCLUDED.formula, invented_for_question = EXCLUDED.invented_for_question, semantic_type_iri = EXCLUDED.semantic_type_iri;

INSERT INTO rulebook_fields (rulebook_field_id, target_table, field_name, field_type, datatype, formula, invented_for_question, semantic_type_iri)
VALUES ('Requirements.StepBindingCount', 'Requirements', 'StepBindingCount', 'aggregation', 'number', '=COUNTIFS(StepRequirements!{{Requirement}}, {{RequirementId}})', 'q-controller-blocking-control-inoperative', 'urn:effortless:pko-extension#RulebookField') ON CONFLICT (rulebook_field_id) DO UPDATE SET target_table = EXCLUDED.target_table, field_name = EXCLUDED.field_name, field_type = EXCLUDED.field_type, datatype = EXCLUDED.datatype, formula = EXCLUDED.formula, invented_for_question = EXCLUDED.invented_for_question, semantic_type_iri = EXCLUDED.semantic_type_iri;

INSERT INTO rulebook_fields (rulebook_field_id, target_table, field_name, field_type, datatype, formula, invented_for_question, semantic_type_iri)
VALUES ('Requirements.IsBoundToAnyStep', 'Requirements', 'IsBoundToAnyStep', 'calculated', 'boolean', '={{StepBindingCount}} > 0', 'q-controller-blocking-control-inoperative', 'urn:effortless:pko-extension#RulebookField') ON CONFLICT (rulebook_field_id) DO UPDATE SET target_table = EXCLUDED.target_table, field_name = EXCLUDED.field_name, field_type = EXCLUDED.field_type, datatype = EXCLUDED.datatype, formula = EXCLUDED.formula, invented_for_question = EXCLUDED.invented_for_question, semantic_type_iri = EXCLUDED.semantic_type_iri;

INSERT INTO rulebook_fields (rulebook_field_id, target_table, field_name, field_type, datatype, formula, invented_for_question, semantic_type_iri)
VALUES ('Requirements.HasEverBeenEvaluated', 'Requirements', 'HasEverBeenEvaluated', 'calculated', 'boolean', '={{SatisfactionRecordCount}} > 0', 'q-controller-blocking-control-inoperative', 'urn:effortless:pko-extension#RulebookField') ON CONFLICT (rulebook_field_id) DO UPDATE SET target_table = EXCLUDED.target_table, field_name = EXCLUDED.field_name, field_type = EXCLUDED.field_type, datatype = EXCLUDED.datatype, formula = EXCLUDED.formula, invented_for_question = EXCLUDED.invented_for_question, semantic_type_iri = EXCLUDED.semantic_type_iri;

INSERT INTO rulebook_fields (rulebook_field_id, target_table, field_name, field_type, datatype, formula, invented_for_question, semantic_type_iri)
VALUES ('Requirements.NegativeOutcomeCount', 'Requirements', 'NegativeOutcomeCount', 'aggregation', 'number', '=COUNTIFS(RequirementSatisfactions!{{NegativeOutcomeRequirementKey}}, {{RequirementId}})', 'q-controller-blocking-control-inoperative', 'urn:effortless:pko-extension#RulebookField') ON CONFLICT (rulebook_field_id) DO UPDATE SET target_table = EXCLUDED.target_table, field_name = EXCLUDED.field_name, field_type = EXCLUDED.field_type, datatype = EXCLUDED.datatype, formula = EXCLUDED.formula, invented_for_question = EXCLUDED.invented_for_question, semantic_type_iri = EXCLUDED.semantic_type_iri;

INSERT INTO rulebook_fields (rulebook_field_id, target_table, field_name, field_type, datatype, formula, invented_for_question, semantic_type_iri)
VALUES ('Requirements.IsInoperativeControl', 'Requirements', 'IsInoperativeControl', 'calculated', 'boolean', '=AND({{IsBlocking}}, {{IsBoundToAnyStep}}, NOT({{HasEverBeenEvaluated}}))', 'q-controller-blocking-control-inoperative', 'urn:effortless:pko-extension#RulebookField') ON CONFLICT (rulebook_field_id) DO UPDATE SET target_table = EXCLUDED.target_table, field_name = EXCLUDED.field_name, field_type = EXCLUDED.field_type, datatype = EXCLUDED.datatype, formula = EXCLUDED.formula, invented_for_question = EXCLUDED.invented_for_question, semantic_type_iri = EXCLUDED.semantic_type_iri;

INSERT INTO rulebook_fields (rulebook_field_id, target_table, field_name, field_type, datatype, formula, invented_for_question, semantic_type_iri)
VALUES ('Requirements.IsDecorativeControl', 'Requirements', 'IsDecorativeControl', 'calculated', 'boolean', '=AND({{IsBlocking}}, NOT({{IsBoundToAnyStep}}))', 'q-controller-blocking-control-inoperative', 'urn:effortless:pko-extension#RulebookField') ON CONFLICT (rulebook_field_id) DO UPDATE SET target_table = EXCLUDED.target_table, field_name = EXCLUDED.field_name, field_type = EXCLUDED.field_type, datatype = EXCLUDED.datatype, formula = EXCLUDED.formula, invented_for_question = EXCLUDED.invented_for_question, semantic_type_iri = EXCLUDED.semantic_type_iri;

INSERT INTO rulebook_fields (rulebook_field_id, target_table, field_name, field_type, datatype, formula, invented_for_question, semantic_type_iri)
VALUES ('Requirements.SemanticTypeIri', 'Requirements', 'SemanticTypeIri', 'raw', 'string', NULL, NULL, 'urn:effortless:pko-extension#RulebookField') ON CONFLICT (rulebook_field_id) DO UPDATE SET target_table = EXCLUDED.target_table, field_name = EXCLUDED.field_name, field_type = EXCLUDED.field_type, datatype = EXCLUDED.datatype, formula = EXCLUDED.formula, invented_for_question = EXCLUDED.invented_for_question, semantic_type_iri = EXCLUDED.semantic_type_iri;

INSERT INTO rulebook_fields (rulebook_field_id, target_table, field_name, field_type, datatype, formula, invented_for_question, semantic_type_iri)
VALUES ('StepRequirements.StepRequirementId', 'StepRequirements', 'StepRequirementId', 'raw', 'string', NULL, NULL, 'urn:effortless:pko-extension#RulebookField') ON CONFLICT (rulebook_field_id) DO UPDATE SET target_table = EXCLUDED.target_table, field_name = EXCLUDED.field_name, field_type = EXCLUDED.field_type, datatype = EXCLUDED.datatype, formula = EXCLUDED.formula, invented_for_question = EXCLUDED.invented_for_question, semantic_type_iri = EXCLUDED.semantic_type_iri;

INSERT INTO rulebook_fields (rulebook_field_id, target_table, field_name, field_type, datatype, formula, invented_for_question, semantic_type_iri)
VALUES ('StepRequirements.Name', 'StepRequirements', 'Name', 'calculated', 'string', '={{Step}} & " / " & {{Requirement}}', NULL, 'urn:effortless:pko-extension#RulebookField') ON CONFLICT (rulebook_field_id) DO UPDATE SET target_table = EXCLUDED.target_table, field_name = EXCLUDED.field_name, field_type = EXCLUDED.field_type, datatype = EXCLUDED.datatype, formula = EXCLUDED.formula, invented_for_question = EXCLUDED.invented_for_question, semantic_type_iri = EXCLUDED.semantic_type_iri;

INSERT INTO rulebook_fields (rulebook_field_id, target_table, field_name, field_type, datatype, formula, invented_for_question, semantic_type_iri)
VALUES ('StepRequirements.Step', 'StepRequirements', 'Step', 'relationship', 'string', NULL, NULL, 'urn:effortless:pko-extension#RulebookField') ON CONFLICT (rulebook_field_id) DO UPDATE SET target_table = EXCLUDED.target_table, field_name = EXCLUDED.field_name, field_type = EXCLUDED.field_type, datatype = EXCLUDED.datatype, formula = EXCLUDED.formula, invented_for_question = EXCLUDED.invented_for_question, semantic_type_iri = EXCLUDED.semantic_type_iri;

INSERT INTO rulebook_fields (rulebook_field_id, target_table, field_name, field_type, datatype, formula, invented_for_question, semantic_type_iri)
VALUES ('StepRequirements.Requirement', 'StepRequirements', 'Requirement', 'relationship', 'string', NULL, NULL, 'urn:effortless:pko-extension#RulebookField') ON CONFLICT (rulebook_field_id) DO UPDATE SET target_table = EXCLUDED.target_table, field_name = EXCLUDED.field_name, field_type = EXCLUDED.field_type, datatype = EXCLUDED.datatype, formula = EXCLUDED.formula, invented_for_question = EXCLUDED.invented_for_question, semantic_type_iri = EXCLUDED.semantic_type_iri;

INSERT INTO rulebook_fields (rulebook_field_id, target_table, field_name, field_type, datatype, formula, invented_for_question, semantic_type_iri)
VALUES ('StepRequirements.RequirementIsBlocking', 'StepRequirements', 'RequirementIsBlocking', 'lookup', 'boolean', '=INDEX(Requirements!{{IsBlocking}}, MATCH({{Requirement}}, Requirements!{{RequirementId}}, 0))', 'q-analyst-blocking-never-evaluated', 'urn:effortless:pko-extension#RulebookField') ON CONFLICT (rulebook_field_id) DO UPDATE SET target_table = EXCLUDED.target_table, field_name = EXCLUDED.field_name, field_type = EXCLUDED.field_type, datatype = EXCLUDED.datatype, formula = EXCLUDED.formula, invented_for_question = EXCLUDED.invented_for_question, semantic_type_iri = EXCLUDED.semantic_type_iri;

INSERT INTO rulebook_fields (rulebook_field_id, target_table, field_name, field_type, datatype, formula, invented_for_question, semantic_type_iri)
VALUES ('StepRequirements.BlockingStepKey', 'StepRequirements', 'BlockingStepKey', 'calculated', 'string', '=IF({{RequirementIsBlocking}}, {{Step}}, "")', 'q-analyst-blocking-never-evaluated', 'urn:effortless:pko-extension#RulebookField') ON CONFLICT (rulebook_field_id) DO UPDATE SET target_table = EXCLUDED.target_table, field_name = EXCLUDED.field_name, field_type = EXCLUDED.field_type, datatype = EXCLUDED.datatype, formula = EXCLUDED.formula, invented_for_question = EXCLUDED.invented_for_question, semantic_type_iri = EXCLUDED.semantic_type_iri;

INSERT INTO rulebook_fields (rulebook_field_id, target_table, field_name, field_type, datatype, formula, invented_for_question, semantic_type_iri)
VALUES ('StepVerifications.StepVerificationId', 'StepVerifications', 'StepVerificationId', 'raw', 'string', NULL, NULL, 'urn:effortless:pko-extension#RulebookField') ON CONFLICT (rulebook_field_id) DO UPDATE SET target_table = EXCLUDED.target_table, field_name = EXCLUDED.field_name, field_type = EXCLUDED.field_type, datatype = EXCLUDED.datatype, formula = EXCLUDED.formula, invented_for_question = EXCLUDED.invented_for_question, semantic_type_iri = EXCLUDED.semantic_type_iri;

INSERT INTO rulebook_fields (rulebook_field_id, target_table, field_name, field_type, datatype, formula, invented_for_question, semantic_type_iri)
VALUES ('StepVerifications.Name', 'StepVerifications', 'Name', 'calculated', 'string', '={{Step}} & " / " & {{VerificationKind}}', NULL, 'urn:effortless:pko-extension#RulebookField') ON CONFLICT (rulebook_field_id) DO UPDATE SET target_table = EXCLUDED.target_table, field_name = EXCLUDED.field_name, field_type = EXCLUDED.field_type, datatype = EXCLUDED.datatype, formula = EXCLUDED.formula, invented_for_question = EXCLUDED.invented_for_question, semantic_type_iri = EXCLUDED.semantic_type_iri;

INSERT INTO rulebook_fields (rulebook_field_id, target_table, field_name, field_type, datatype, formula, invented_for_question, semantic_type_iri)
VALUES ('StepVerifications.Step', 'StepVerifications', 'Step', 'relationship', 'string', NULL, NULL, 'urn:effortless:pko-extension#RulebookField') ON CONFLICT (rulebook_field_id) DO UPDATE SET target_table = EXCLUDED.target_table, field_name = EXCLUDED.field_name, field_type = EXCLUDED.field_type, datatype = EXCLUDED.datatype, formula = EXCLUDED.formula, invented_for_question = EXCLUDED.invented_for_question, semantic_type_iri = EXCLUDED.semantic_type_iri;

INSERT INTO rulebook_fields (rulebook_field_id, target_table, field_name, field_type, datatype, formula, invented_for_question, semantic_type_iri)
VALUES ('StepVerifications.VerificationKind', 'StepVerifications', 'VerificationKind', 'raw', 'string', NULL, NULL, 'urn:effortless:pko-extension#RulebookField') ON CONFLICT (rulebook_field_id) DO UPDATE SET target_table = EXCLUDED.target_table, field_name = EXCLUDED.field_name, field_type = EXCLUDED.field_type, datatype = EXCLUDED.datatype, formula = EXCLUDED.formula, invented_for_question = EXCLUDED.invented_for_question, semantic_type_iri = EXCLUDED.semantic_type_iri;

INSERT INTO rulebook_fields (rulebook_field_id, target_table, field_name, field_type, datatype, formula, invented_for_question, semantic_type_iri)
VALUES ('StepVerifications.SignalIdentifier', 'StepVerifications', 'SignalIdentifier', 'raw', 'string', NULL, NULL, 'urn:effortless:pko-extension#RulebookField') ON CONFLICT (rulebook_field_id) DO UPDATE SET target_table = EXCLUDED.target_table, field_name = EXCLUDED.field_name, field_type = EXCLUDED.field_type, datatype = EXCLUDED.datatype, formula = EXCLUDED.formula, invented_for_question = EXCLUDED.invented_for_question, semantic_type_iri = EXCLUDED.semantic_type_iri;

INSERT INTO rulebook_fields (rulebook_field_id, target_table, field_name, field_type, datatype, formula, invented_for_question, semantic_type_iri)
VALUES ('StepVerifications.ExpectedSignalValue', 'StepVerifications', 'ExpectedSignalValue', 'raw', 'string', NULL, NULL, 'urn:effortless:pko-extension#RulebookField') ON CONFLICT (rulebook_field_id) DO UPDATE SET target_table = EXCLUDED.target_table, field_name = EXCLUDED.field_name, field_type = EXCLUDED.field_type, datatype = EXCLUDED.datatype, formula = EXCLUDED.formula, invented_for_question = EXCLUDED.invented_for_question, semantic_type_iri = EXCLUDED.semantic_type_iri;

INSERT INTO rulebook_fields (rulebook_field_id, target_table, field_name, field_type, datatype, formula, invented_for_question, semantic_type_iri)
VALUES ('StepVerifications.Instruction', 'StepVerifications', 'Instruction', 'raw', 'string', NULL, NULL, 'urn:effortless:pko-extension#RulebookField') ON CONFLICT (rulebook_field_id) DO UPDATE SET target_table = EXCLUDED.target_table, field_name = EXCLUDED.field_name, field_type = EXCLUDED.field_type, datatype = EXCLUDED.datatype, formula = EXCLUDED.formula, invented_for_question = EXCLUDED.invented_for_question, semantic_type_iri = EXCLUDED.semantic_type_iri;

INSERT INTO rulebook_fields (rulebook_field_id, target_table, field_name, field_type, datatype, formula, invented_for_question, semantic_type_iri)
VALUES ('StepVerifications.SemanticTypeIri', 'StepVerifications', 'SemanticTypeIri', 'raw', 'string', NULL, NULL, 'urn:effortless:pko-extension#RulebookField') ON CONFLICT (rulebook_field_id) DO UPDATE SET target_table = EXCLUDED.target_table, field_name = EXCLUDED.field_name, field_type = EXCLUDED.field_type, datatype = EXCLUDED.datatype, formula = EXCLUDED.formula, invented_for_question = EXCLUDED.invented_for_question, semantic_type_iri = EXCLUDED.semantic_type_iri;

INSERT INTO rulebook_fields (rulebook_field_id, target_table, field_name, field_type, datatype, formula, invented_for_question, semantic_type_iri)
VALUES ('Rationales.RationaleId', 'Rationales', 'RationaleId', 'raw', 'string', NULL, NULL, 'urn:effortless:pko-extension#RulebookField') ON CONFLICT (rulebook_field_id) DO UPDATE SET target_table = EXCLUDED.target_table, field_name = EXCLUDED.field_name, field_type = EXCLUDED.field_type, datatype = EXCLUDED.datatype, formula = EXCLUDED.formula, invented_for_question = EXCLUDED.invented_for_question, semantic_type_iri = EXCLUDED.semantic_type_iri;

INSERT INTO rulebook_fields (rulebook_field_id, target_table, field_name, field_type, datatype, formula, invented_for_question, semantic_type_iri)
VALUES ('Rationales.Name', 'Rationales', 'Name', 'calculated', 'string', '={{Title}}', NULL, 'urn:effortless:pko-extension#RulebookField') ON CONFLICT (rulebook_field_id) DO UPDATE SET target_table = EXCLUDED.target_table, field_name = EXCLUDED.field_name, field_type = EXCLUDED.field_type, datatype = EXCLUDED.datatype, formula = EXCLUDED.formula, invented_for_question = EXCLUDED.invented_for_question, semantic_type_iri = EXCLUDED.semantic_type_iri;

INSERT INTO rulebook_fields (rulebook_field_id, target_table, field_name, field_type, datatype, formula, invented_for_question, semantic_type_iri)
VALUES ('Rationales.ProcedureVersion', 'Rationales', 'ProcedureVersion', 'relationship', 'string', NULL, NULL, 'urn:effortless:pko-extension#RulebookField') ON CONFLICT (rulebook_field_id) DO UPDATE SET target_table = EXCLUDED.target_table, field_name = EXCLUDED.field_name, field_type = EXCLUDED.field_type, datatype = EXCLUDED.datatype, formula = EXCLUDED.formula, invented_for_question = EXCLUDED.invented_for_question, semantic_type_iri = EXCLUDED.semantic_type_iri;

INSERT INTO rulebook_fields (rulebook_field_id, target_table, field_name, field_type, datatype, formula, invented_for_question, semantic_type_iri)
VALUES ('Rationales.Step', 'Rationales', 'Step', 'relationship', 'string', NULL, NULL, 'urn:effortless:pko-extension#RulebookField') ON CONFLICT (rulebook_field_id) DO UPDATE SET target_table = EXCLUDED.target_table, field_name = EXCLUDED.field_name, field_type = EXCLUDED.field_type, datatype = EXCLUDED.datatype, formula = EXCLUDED.formula, invented_for_question = EXCLUDED.invented_for_question, semantic_type_iri = EXCLUDED.semantic_type_iri;

INSERT INTO rulebook_fields (rulebook_field_id, target_table, field_name, field_type, datatype, formula, invented_for_question, semantic_type_iri)
VALUES ('Rationales.Title', 'Rationales', 'Title', 'raw', 'string', NULL, NULL, 'urn:effortless:pko-extension#RulebookField') ON CONFLICT (rulebook_field_id) DO UPDATE SET target_table = EXCLUDED.target_table, field_name = EXCLUDED.field_name, field_type = EXCLUDED.field_type, datatype = EXCLUDED.datatype, formula = EXCLUDED.formula, invented_for_question = EXCLUDED.invented_for_question, semantic_type_iri = EXCLUDED.semantic_type_iri;

INSERT INTO rulebook_fields (rulebook_field_id, target_table, field_name, field_type, datatype, formula, invented_for_question, semantic_type_iri)
VALUES ('Rationales.Statement', 'Rationales', 'Statement', 'raw', 'string', NULL, NULL, 'urn:effortless:pko-extension#RulebookField') ON CONFLICT (rulebook_field_id) DO UPDATE SET target_table = EXCLUDED.target_table, field_name = EXCLUDED.field_name, field_type = EXCLUDED.field_type, datatype = EXCLUDED.datatype, formula = EXCLUDED.formula, invented_for_question = EXCLUDED.invented_for_question, semantic_type_iri = EXCLUDED.semantic_type_iri;

INSERT INTO rulebook_fields (rulebook_field_id, target_table, field_name, field_type, datatype, formula, invented_for_question, semantic_type_iri)
VALUES ('Rationales.Status', 'Rationales', 'Status', 'raw', 'string', NULL, NULL, 'urn:effortless:pko-extension#RulebookField') ON CONFLICT (rulebook_field_id) DO UPDATE SET target_table = EXCLUDED.target_table, field_name = EXCLUDED.field_name, field_type = EXCLUDED.field_type, datatype = EXCLUDED.datatype, formula = EXCLUDED.formula, invented_for_question = EXCLUDED.invented_for_question, semantic_type_iri = EXCLUDED.semantic_type_iri;

INSERT INTO rulebook_fields (rulebook_field_id, target_table, field_name, field_type, datatype, formula, invented_for_question, semantic_type_iri)
VALUES ('Rationales.AuthorityRole', 'Rationales', 'AuthorityRole', 'relationship', 'string', NULL, NULL, 'urn:effortless:pko-extension#RulebookField') ON CONFLICT (rulebook_field_id) DO UPDATE SET target_table = EXCLUDED.target_table, field_name = EXCLUDED.field_name, field_type = EXCLUDED.field_type, datatype = EXCLUDED.datatype, formula = EXCLUDED.formula, invented_for_question = EXCLUDED.invented_for_question, semantic_type_iri = EXCLUDED.semantic_type_iri;

INSERT INTO rulebook_fields (rulebook_field_id, target_table, field_name, field_type, datatype, formula, invented_for_question, semantic_type_iri)
VALUES ('Rationales.SemanticTypeIri', 'Rationales', 'SemanticTypeIri', 'raw', 'string', NULL, NULL, 'urn:effortless:pko-extension#RulebookField') ON CONFLICT (rulebook_field_id) DO UPDATE SET target_table = EXCLUDED.target_table, field_name = EXCLUDED.field_name, field_type = EXCLUDED.field_type, datatype = EXCLUDED.datatype, formula = EXCLUDED.formula, invented_for_question = EXCLUDED.invented_for_question, semantic_type_iri = EXCLUDED.semantic_type_iri;

INSERT INTO rulebook_fields (rulebook_field_id, target_table, field_name, field_type, datatype, formula, invented_for_question, semantic_type_iri)
VALUES ('Exceptions.ExceptionId', 'Exceptions', 'ExceptionId', 'raw', 'string', NULL, NULL, 'urn:effortless:pko-extension#RulebookField') ON CONFLICT (rulebook_field_id) DO UPDATE SET target_table = EXCLUDED.target_table, field_name = EXCLUDED.field_name, field_type = EXCLUDED.field_type, datatype = EXCLUDED.datatype, formula = EXCLUDED.formula, invented_for_question = EXCLUDED.invented_for_question, semantic_type_iri = EXCLUDED.semantic_type_iri;

INSERT INTO rulebook_fields (rulebook_field_id, target_table, field_name, field_type, datatype, formula, invented_for_question, semantic_type_iri)
VALUES ('Exceptions.Name', 'Exceptions', 'Name', 'calculated', 'string', '={{Condition}}', NULL, 'urn:effortless:pko-extension#RulebookField') ON CONFLICT (rulebook_field_id) DO UPDATE SET target_table = EXCLUDED.target_table, field_name = EXCLUDED.field_name, field_type = EXCLUDED.field_type, datatype = EXCLUDED.datatype, formula = EXCLUDED.formula, invented_for_question = EXCLUDED.invented_for_question, semantic_type_iri = EXCLUDED.semantic_type_iri;

INSERT INTO rulebook_fields (rulebook_field_id, target_table, field_name, field_type, datatype, formula, invented_for_question, semantic_type_iri)
VALUES ('Exceptions.ProcedureVersion', 'Exceptions', 'ProcedureVersion', 'relationship', 'string', NULL, NULL, 'urn:effortless:pko-extension#RulebookField') ON CONFLICT (rulebook_field_id) DO UPDATE SET target_table = EXCLUDED.target_table, field_name = EXCLUDED.field_name, field_type = EXCLUDED.field_type, datatype = EXCLUDED.datatype, formula = EXCLUDED.formula, invented_for_question = EXCLUDED.invented_for_question, semantic_type_iri = EXCLUDED.semantic_type_iri;

INSERT INTO rulebook_fields (rulebook_field_id, target_table, field_name, field_type, datatype, formula, invented_for_question, semantic_type_iri)
VALUES ('Exceptions.TriggerStep', 'Exceptions', 'TriggerStep', 'relationship', 'string', NULL, NULL, 'urn:effortless:pko-extension#RulebookField') ON CONFLICT (rulebook_field_id) DO UPDATE SET target_table = EXCLUDED.target_table, field_name = EXCLUDED.field_name, field_type = EXCLUDED.field_type, datatype = EXCLUDED.datatype, formula = EXCLUDED.formula, invented_for_question = EXCLUDED.invented_for_question, semantic_type_iri = EXCLUDED.semantic_type_iri;

INSERT INTO rulebook_fields (rulebook_field_id, target_table, field_name, field_type, datatype, formula, invented_for_question, semantic_type_iri)
VALUES ('Exceptions.Condition', 'Exceptions', 'Condition', 'raw', 'string', NULL, NULL, 'urn:effortless:pko-extension#RulebookField') ON CONFLICT (rulebook_field_id) DO UPDATE SET target_table = EXCLUDED.target_table, field_name = EXCLUDED.field_name, field_type = EXCLUDED.field_type, datatype = EXCLUDED.datatype, formula = EXCLUDED.formula, invented_for_question = EXCLUDED.invented_for_question, semantic_type_iri = EXCLUDED.semantic_type_iri;

INSERT INTO rulebook_fields (rulebook_field_id, target_table, field_name, field_type, datatype, formula, invented_for_question, semantic_type_iri)
VALUES ('Exceptions.Handling', 'Exceptions', 'Handling', 'raw', 'string', NULL, NULL, 'urn:effortless:pko-extension#RulebookField') ON CONFLICT (rulebook_field_id) DO UPDATE SET target_table = EXCLUDED.target_table, field_name = EXCLUDED.field_name, field_type = EXCLUDED.field_type, datatype = EXCLUDED.datatype, formula = EXCLUDED.formula, invented_for_question = EXCLUDED.invented_for_question, semantic_type_iri = EXCLUDED.semantic_type_iri;

INSERT INTO rulebook_fields (rulebook_field_id, target_table, field_name, field_type, datatype, formula, invented_for_question, semantic_type_iri)
VALUES ('Exceptions.ApprovalRole', 'Exceptions', 'ApprovalRole', 'relationship', 'string', NULL, NULL, 'urn:effortless:pko-extension#RulebookField') ON CONFLICT (rulebook_field_id) DO UPDATE SET target_table = EXCLUDED.target_table, field_name = EXCLUDED.field_name, field_type = EXCLUDED.field_type, datatype = EXCLUDED.datatype, formula = EXCLUDED.formula, invented_for_question = EXCLUDED.invented_for_question, semantic_type_iri = EXCLUDED.semantic_type_iri;

INSERT INTO rulebook_fields (rulebook_field_id, target_table, field_name, field_type, datatype, formula, invented_for_question, semantic_type_iri)
VALUES ('Exceptions.FallbackRole', 'Exceptions', 'FallbackRole', 'relationship', 'string', NULL, NULL, 'urn:effortless:pko-extension#RulebookField') ON CONFLICT (rulebook_field_id) DO UPDATE SET target_table = EXCLUDED.target_table, field_name = EXCLUDED.field_name, field_type = EXCLUDED.field_type, datatype = EXCLUDED.datatype, formula = EXCLUDED.formula, invented_for_question = EXCLUDED.invented_for_question, semantic_type_iri = EXCLUDED.semantic_type_iri;

INSERT INTO rulebook_fields (rulebook_field_id, target_table, field_name, field_type, datatype, formula, invented_for_question, semantic_type_iri)
VALUES ('Exceptions.Status', 'Exceptions', 'Status', 'raw', 'string', NULL, NULL, 'urn:effortless:pko-extension#RulebookField') ON CONFLICT (rulebook_field_id) DO UPDATE SET target_table = EXCLUDED.target_table, field_name = EXCLUDED.field_name, field_type = EXCLUDED.field_type, datatype = EXCLUDED.datatype, formula = EXCLUDED.formula, invented_for_question = EXCLUDED.invented_for_question, semantic_type_iri = EXCLUDED.semantic_type_iri;

INSERT INTO rulebook_fields (rulebook_field_id, target_table, field_name, field_type, datatype, formula, invented_for_question, semantic_type_iri)
VALUES ('Exceptions.ActiveExceptionStepKey', 'Exceptions', 'ActiveExceptionStepKey', 'calculated', 'string', '=IF({{Status}} = "Active", {{TriggerStep}}, "")', 'q-analyst-my-late-steps-unexplained', 'urn:effortless:pko-extension#RulebookField') ON CONFLICT (rulebook_field_id) DO UPDATE SET target_table = EXCLUDED.target_table, field_name = EXCLUDED.field_name, field_type = EXCLUDED.field_type, datatype = EXCLUDED.datatype, formula = EXCLUDED.formula, invented_for_question = EXCLUDED.invented_for_question, semantic_type_iri = EXCLUDED.semantic_type_iri;

INSERT INTO rulebook_fields (rulebook_field_id, target_table, field_name, field_type, datatype, formula, invented_for_question, semantic_type_iri)
VALUES ('Exceptions.SemanticTypeIri', 'Exceptions', 'SemanticTypeIri', 'raw', 'string', NULL, NULL, 'urn:effortless:pko-extension#RulebookField') ON CONFLICT (rulebook_field_id) DO UPDATE SET target_table = EXCLUDED.target_table, field_name = EXCLUDED.field_name, field_type = EXCLUDED.field_type, datatype = EXCLUDED.datatype, formula = EXCLUDED.formula, invented_for_question = EXCLUDED.invented_for_question, semantic_type_iri = EXCLUDED.semantic_type_iri;

INSERT INTO rulebook_fields (rulebook_field_id, target_table, field_name, field_type, datatype, formula, invented_for_question, semantic_type_iri)
VALUES ('Resources.ResourceId', 'Resources', 'ResourceId', 'raw', 'string', NULL, NULL, 'urn:effortless:pko-extension#RulebookField') ON CONFLICT (rulebook_field_id) DO UPDATE SET target_table = EXCLUDED.target_table, field_name = EXCLUDED.field_name, field_type = EXCLUDED.field_type, datatype = EXCLUDED.datatype, formula = EXCLUDED.formula, invented_for_question = EXCLUDED.invented_for_question, semantic_type_iri = EXCLUDED.semantic_type_iri;

INSERT INTO rulebook_fields (rulebook_field_id, target_table, field_name, field_type, datatype, formula, invented_for_question, semantic_type_iri)
VALUES ('Resources.Name', 'Resources', 'Name', 'calculated', 'string', '={{Title}}', NULL, 'urn:effortless:pko-extension#RulebookField') ON CONFLICT (rulebook_field_id) DO UPDATE SET target_table = EXCLUDED.target_table, field_name = EXCLUDED.field_name, field_type = EXCLUDED.field_type, datatype = EXCLUDED.datatype, formula = EXCLUDED.formula, invented_for_question = EXCLUDED.invented_for_question, semantic_type_iri = EXCLUDED.semantic_type_iri;

INSERT INTO rulebook_fields (rulebook_field_id, target_table, field_name, field_type, datatype, formula, invented_for_question, semantic_type_iri)
VALUES ('Resources.Title', 'Resources', 'Title', 'raw', 'string', NULL, NULL, 'urn:effortless:pko-extension#RulebookField') ON CONFLICT (rulebook_field_id) DO UPDATE SET target_table = EXCLUDED.target_table, field_name = EXCLUDED.field_name, field_type = EXCLUDED.field_type, datatype = EXCLUDED.datatype, formula = EXCLUDED.formula, invented_for_question = EXCLUDED.invented_for_question, semantic_type_iri = EXCLUDED.semantic_type_iri;

INSERT INTO rulebook_fields (rulebook_field_id, target_table, field_name, field_type, datatype, formula, invented_for_question, semantic_type_iri)
VALUES ('Resources.ResourceKind', 'Resources', 'ResourceKind', 'raw', 'string', NULL, NULL, 'urn:effortless:pko-extension#RulebookField') ON CONFLICT (rulebook_field_id) DO UPDATE SET target_table = EXCLUDED.target_table, field_name = EXCLUDED.field_name, field_type = EXCLUDED.field_type, datatype = EXCLUDED.datatype, formula = EXCLUDED.formula, invented_for_question = EXCLUDED.invented_for_question, semantic_type_iri = EXCLUDED.semantic_type_iri;

INSERT INTO rulebook_fields (rulebook_field_id, target_table, field_name, field_type, datatype, formula, invented_for_question, semantic_type_iri)
VALUES ('Resources.ExternalUri', 'Resources', 'ExternalUri', 'raw', 'string', NULL, NULL, 'urn:effortless:pko-extension#RulebookField') ON CONFLICT (rulebook_field_id) DO UPDATE SET target_table = EXCLUDED.target_table, field_name = EXCLUDED.field_name, field_type = EXCLUDED.field_type, datatype = EXCLUDED.datatype, formula = EXCLUDED.formula, invented_for_question = EXCLUDED.invented_for_question, semantic_type_iri = EXCLUDED.semantic_type_iri;

INSERT INTO rulebook_fields (rulebook_field_id, target_table, field_name, field_type, datatype, formula, invented_for_question, semantic_type_iri)
VALUES ('Resources.CreatedAt', 'Resources', 'CreatedAt', 'raw', 'datetime', NULL, NULL, 'urn:effortless:pko-extension#RulebookField') ON CONFLICT (rulebook_field_id) DO UPDATE SET target_table = EXCLUDED.target_table, field_name = EXCLUDED.field_name, field_type = EXCLUDED.field_type, datatype = EXCLUDED.datatype, formula = EXCLUDED.formula, invented_for_question = EXCLUDED.invented_for_question, semantic_type_iri = EXCLUDED.semantic_type_iri;

INSERT INTO rulebook_fields (rulebook_field_id, target_table, field_name, field_type, datatype, formula, invented_for_question, semantic_type_iri)
VALUES ('Resources.ModifiedAt', 'Resources', 'ModifiedAt', 'raw', 'datetime', NULL, NULL, 'urn:effortless:pko-extension#RulebookField') ON CONFLICT (rulebook_field_id) DO UPDATE SET target_table = EXCLUDED.target_table, field_name = EXCLUDED.field_name, field_type = EXCLUDED.field_type, datatype = EXCLUDED.datatype, formula = EXCLUDED.formula, invented_for_question = EXCLUDED.invented_for_question, semantic_type_iri = EXCLUDED.semantic_type_iri;

INSERT INTO rulebook_fields (rulebook_field_id, target_table, field_name, field_type, datatype, formula, invented_for_question, semantic_type_iri)
VALUES ('Resources.Description', 'Resources', 'Description', 'raw', 'string', NULL, NULL, 'urn:effortless:pko-extension#RulebookField') ON CONFLICT (rulebook_field_id) DO UPDATE SET target_table = EXCLUDED.target_table, field_name = EXCLUDED.field_name, field_type = EXCLUDED.field_type, datatype = EXCLUDED.datatype, formula = EXCLUDED.formula, invented_for_question = EXCLUDED.invented_for_question, semantic_type_iri = EXCLUDED.semantic_type_iri;

INSERT INTO rulebook_fields (rulebook_field_id, target_table, field_name, field_type, datatype, formula, invented_for_question, semantic_type_iri)
VALUES ('Resources.SemanticTypeIri', 'Resources', 'SemanticTypeIri', 'raw', 'string', NULL, NULL, 'urn:effortless:pko-extension#RulebookField') ON CONFLICT (rulebook_field_id) DO UPDATE SET target_table = EXCLUDED.target_table, field_name = EXCLUDED.field_name, field_type = EXCLUDED.field_type, datatype = EXCLUDED.datatype, formula = EXCLUDED.formula, invented_for_question = EXCLUDED.invented_for_question, semantic_type_iri = EXCLUDED.semantic_type_iri;

INSERT INTO rulebook_fields (rulebook_field_id, target_table, field_name, field_type, datatype, formula, invented_for_question, semantic_type_iri)
VALUES ('ProcedureResources.ProcedureResourceId', 'ProcedureResources', 'ProcedureResourceId', 'raw', 'string', NULL, NULL, 'urn:effortless:pko-extension#RulebookField') ON CONFLICT (rulebook_field_id) DO UPDATE SET target_table = EXCLUDED.target_table, field_name = EXCLUDED.field_name, field_type = EXCLUDED.field_type, datatype = EXCLUDED.datatype, formula = EXCLUDED.formula, invented_for_question = EXCLUDED.invented_for_question, semantic_type_iri = EXCLUDED.semantic_type_iri;

INSERT INTO rulebook_fields (rulebook_field_id, target_table, field_name, field_type, datatype, formula, invented_for_question, semantic_type_iri)
VALUES ('ProcedureResources.Name', 'ProcedureResources', 'Name', 'calculated', 'string', '={{ProcedureVersion}} & " / " & {{Resource}}', NULL, 'urn:effortless:pko-extension#RulebookField') ON CONFLICT (rulebook_field_id) DO UPDATE SET target_table = EXCLUDED.target_table, field_name = EXCLUDED.field_name, field_type = EXCLUDED.field_type, datatype = EXCLUDED.datatype, formula = EXCLUDED.formula, invented_for_question = EXCLUDED.invented_for_question, semantic_type_iri = EXCLUDED.semantic_type_iri;

INSERT INTO rulebook_fields (rulebook_field_id, target_table, field_name, field_type, datatype, formula, invented_for_question, semantic_type_iri)
VALUES ('ProcedureResources.ProcedureVersion', 'ProcedureResources', 'ProcedureVersion', 'relationship', 'string', NULL, NULL, 'urn:effortless:pko-extension#RulebookField') ON CONFLICT (rulebook_field_id) DO UPDATE SET target_table = EXCLUDED.target_table, field_name = EXCLUDED.field_name, field_type = EXCLUDED.field_type, datatype = EXCLUDED.datatype, formula = EXCLUDED.formula, invented_for_question = EXCLUDED.invented_for_question, semantic_type_iri = EXCLUDED.semantic_type_iri;

INSERT INTO rulebook_fields (rulebook_field_id, target_table, field_name, field_type, datatype, formula, invented_for_question, semantic_type_iri)
VALUES ('ProcedureResources.Resource', 'ProcedureResources', 'Resource', 'relationship', 'string', NULL, NULL, 'urn:effortless:pko-extension#RulebookField') ON CONFLICT (rulebook_field_id) DO UPDATE SET target_table = EXCLUDED.target_table, field_name = EXCLUDED.field_name, field_type = EXCLUDED.field_type, datatype = EXCLUDED.datatype, formula = EXCLUDED.formula, invented_for_question = EXCLUDED.invented_for_question, semantic_type_iri = EXCLUDED.semantic_type_iri;

INSERT INTO rulebook_fields (rulebook_field_id, target_table, field_name, field_type, datatype, formula, invented_for_question, semantic_type_iri)
VALUES ('ProcedureResources.Relation', 'ProcedureResources', 'Relation', 'raw', 'string', NULL, NULL, 'urn:effortless:pko-extension#RulebookField') ON CONFLICT (rulebook_field_id) DO UPDATE SET target_table = EXCLUDED.target_table, field_name = EXCLUDED.field_name, field_type = EXCLUDED.field_type, datatype = EXCLUDED.datatype, formula = EXCLUDED.formula, invented_for_question = EXCLUDED.invented_for_question, semantic_type_iri = EXCLUDED.semantic_type_iri;

INSERT INTO rulebook_fields (rulebook_field_id, target_table, field_name, field_type, datatype, formula, invented_for_question, semantic_type_iri)
VALUES ('ProcedureResources.RelationIri', 'ProcedureResources', 'RelationIri', 'calculated', 'string', '=IF({{Relation}} = "wasExtractedFrom", "https://w3id.org/pko#wasExtractedFrom", "http://purl.org/dc/terms/references")', NULL, 'urn:effortless:pko-extension#RulebookField') ON CONFLICT (rulebook_field_id) DO UPDATE SET target_table = EXCLUDED.target_table, field_name = EXCLUDED.field_name, field_type = EXCLUDED.field_type, datatype = EXCLUDED.datatype, formula = EXCLUDED.formula, invented_for_question = EXCLUDED.invented_for_question, semantic_type_iri = EXCLUDED.semantic_type_iri;

INSERT INTO rulebook_fields (rulebook_field_id, target_table, field_name, field_type, datatype, formula, invented_for_question, semantic_type_iri)
VALUES ('ElicitationSessions.ElicitationSessionId', 'ElicitationSessions', 'ElicitationSessionId', 'raw', 'string', NULL, NULL, 'urn:effortless:pko-extension#RulebookField') ON CONFLICT (rulebook_field_id) DO UPDATE SET target_table = EXCLUDED.target_table, field_name = EXCLUDED.field_name, field_type = EXCLUDED.field_type, datatype = EXCLUDED.datatype, formula = EXCLUDED.formula, invented_for_question = EXCLUDED.invented_for_question, semantic_type_iri = EXCLUDED.semantic_type_iri;

INSERT INTO rulebook_fields (rulebook_field_id, target_table, field_name, field_type, datatype, formula, invented_for_question, semantic_type_iri)
VALUES ('ElicitationSessions.Name', 'ElicitationSessions', 'Name', 'calculated', 'string', '={{Method}} & " / " & {{StartedAt}}', NULL, 'urn:effortless:pko-extension#RulebookField') ON CONFLICT (rulebook_field_id) DO UPDATE SET target_table = EXCLUDED.target_table, field_name = EXCLUDED.field_name, field_type = EXCLUDED.field_type, datatype = EXCLUDED.datatype, formula = EXCLUDED.formula, invented_for_question = EXCLUDED.invented_for_question, semantic_type_iri = EXCLUDED.semantic_type_iri;

INSERT INTO rulebook_fields (rulebook_field_id, target_table, field_name, field_type, datatype, formula, invented_for_question, semantic_type_iri)
VALUES ('ElicitationSessions.ProcedureVersion', 'ElicitationSessions', 'ProcedureVersion', 'relationship', 'string', NULL, NULL, 'urn:effortless:pko-extension#RulebookField') ON CONFLICT (rulebook_field_id) DO UPDATE SET target_table = EXCLUDED.target_table, field_name = EXCLUDED.field_name, field_type = EXCLUDED.field_type, datatype = EXCLUDED.datatype, formula = EXCLUDED.formula, invented_for_question = EXCLUDED.invented_for_question, semantic_type_iri = EXCLUDED.semantic_type_iri;

INSERT INTO rulebook_fields (rulebook_field_id, target_table, field_name, field_type, datatype, formula, invented_for_question, semantic_type_iri)
VALUES ('ElicitationSessions.Method', 'ElicitationSessions', 'Method', 'raw', 'string', NULL, NULL, 'urn:effortless:pko-extension#RulebookField') ON CONFLICT (rulebook_field_id) DO UPDATE SET target_table = EXCLUDED.target_table, field_name = EXCLUDED.field_name, field_type = EXCLUDED.field_type, datatype = EXCLUDED.datatype, formula = EXCLUDED.formula, invented_for_question = EXCLUDED.invented_for_question, semantic_type_iri = EXCLUDED.semantic_type_iri;

INSERT INTO rulebook_fields (rulebook_field_id, target_table, field_name, field_type, datatype, formula, invented_for_question, semantic_type_iri)
VALUES ('ElicitationSessions.StartedAt', 'ElicitationSessions', 'StartedAt', 'raw', 'datetime', NULL, NULL, 'urn:effortless:pko-extension#RulebookField') ON CONFLICT (rulebook_field_id) DO UPDATE SET target_table = EXCLUDED.target_table, field_name = EXCLUDED.field_name, field_type = EXCLUDED.field_type, datatype = EXCLUDED.datatype, formula = EXCLUDED.formula, invented_for_question = EXCLUDED.invented_for_question, semantic_type_iri = EXCLUDED.semantic_type_iri;

INSERT INTO rulebook_fields (rulebook_field_id, target_table, field_name, field_type, datatype, formula, invented_for_question, semantic_type_iri)
VALUES ('ElicitationSessions.EndedAt', 'ElicitationSessions', 'EndedAt', 'raw', 'datetime', NULL, NULL, 'urn:effortless:pko-extension#RulebookField') ON CONFLICT (rulebook_field_id) DO UPDATE SET target_table = EXCLUDED.target_table, field_name = EXCLUDED.field_name, field_type = EXCLUDED.field_type, datatype = EXCLUDED.datatype, formula = EXCLUDED.formula, invented_for_question = EXCLUDED.invented_for_question, semantic_type_iri = EXCLUDED.semantic_type_iri;

INSERT INTO rulebook_fields (rulebook_field_id, target_table, field_name, field_type, datatype, formula, invented_for_question, semantic_type_iri)
VALUES ('ElicitationSessions.PractitionerAgent', 'ElicitationSessions', 'PractitionerAgent', 'relationship', 'string', NULL, NULL, 'urn:effortless:pko-extension#RulebookField') ON CONFLICT (rulebook_field_id) DO UPDATE SET target_table = EXCLUDED.target_table, field_name = EXCLUDED.field_name, field_type = EXCLUDED.field_type, datatype = EXCLUDED.datatype, formula = EXCLUDED.formula, invented_for_question = EXCLUDED.invented_for_question, semantic_type_iri = EXCLUDED.semantic_type_iri;

INSERT INTO rulebook_fields (rulebook_field_id, target_table, field_name, field_type, datatype, formula, invented_for_question, semantic_type_iri)
VALUES ('ElicitationSessions.FacilitatorAgent', 'ElicitationSessions', 'FacilitatorAgent', 'relationship', 'string', NULL, NULL, 'urn:effortless:pko-extension#RulebookField') ON CONFLICT (rulebook_field_id) DO UPDATE SET target_table = EXCLUDED.target_table, field_name = EXCLUDED.field_name, field_type = EXCLUDED.field_type, datatype = EXCLUDED.datatype, formula = EXCLUDED.formula, invented_for_question = EXCLUDED.invented_for_question, semantic_type_iri = EXCLUDED.semantic_type_iri;

INSERT INTO rulebook_fields (rulebook_field_id, target_table, field_name, field_type, datatype, formula, invented_for_question, semantic_type_iri)
VALUES ('ElicitationSessions.Summary', 'ElicitationSessions', 'Summary', 'raw', 'string', NULL, NULL, 'urn:effortless:pko-extension#RulebookField') ON CONFLICT (rulebook_field_id) DO UPDATE SET target_table = EXCLUDED.target_table, field_name = EXCLUDED.field_name, field_type = EXCLUDED.field_type, datatype = EXCLUDED.datatype, formula = EXCLUDED.formula, invented_for_question = EXCLUDED.invented_for_question, semantic_type_iri = EXCLUDED.semantic_type_iri;

INSERT INTO rulebook_fields (rulebook_field_id, target_table, field_name, field_type, datatype, formula, invented_for_question, semantic_type_iri)
VALUES ('ElicitationSessions.Status', 'ElicitationSessions', 'Status', 'raw', 'string', NULL, NULL, 'urn:effortless:pko-extension#RulebookField') ON CONFLICT (rulebook_field_id) DO UPDATE SET target_table = EXCLUDED.target_table, field_name = EXCLUDED.field_name, field_type = EXCLUDED.field_type, datatype = EXCLUDED.datatype, formula = EXCLUDED.formula, invented_for_question = EXCLUDED.invented_for_question, semantic_type_iri = EXCLUDED.semantic_type_iri;

INSERT INTO rulebook_fields (rulebook_field_id, target_table, field_name, field_type, datatype, formula, invented_for_question, semantic_type_iri)
VALUES ('ElicitationSessions.SemanticTypeIri', 'ElicitationSessions', 'SemanticTypeIri', 'raw', 'string', NULL, NULL, 'urn:effortless:pko-extension#RulebookField') ON CONFLICT (rulebook_field_id) DO UPDATE SET target_table = EXCLUDED.target_table, field_name = EXCLUDED.field_name, field_type = EXCLUDED.field_type, datatype = EXCLUDED.datatype, formula = EXCLUDED.formula, invented_for_question = EXCLUDED.invented_for_question, semantic_type_iri = EXCLUDED.semantic_type_iri;

INSERT INTO rulebook_fields (rulebook_field_id, target_table, field_name, field_type, datatype, formula, invented_for_question, semantic_type_iri)
VALUES ('KnowledgeFragments.KnowledgeFragmentId', 'KnowledgeFragments', 'KnowledgeFragmentId', 'raw', 'string', NULL, NULL, 'urn:effortless:pko-extension#RulebookField') ON CONFLICT (rulebook_field_id) DO UPDATE SET target_table = EXCLUDED.target_table, field_name = EXCLUDED.field_name, field_type = EXCLUDED.field_type, datatype = EXCLUDED.datatype, formula = EXCLUDED.formula, invented_for_question = EXCLUDED.invented_for_question, semantic_type_iri = EXCLUDED.semantic_type_iri;

INSERT INTO rulebook_fields (rulebook_field_id, target_table, field_name, field_type, datatype, formula, invented_for_question, semantic_type_iri)
VALUES ('KnowledgeFragments.Name', 'KnowledgeFragments', 'Name', 'calculated', 'string', '={{KnowledgeForm}} & ": " & LEFT({{Statement}}, 60)', NULL, 'urn:effortless:pko-extension#RulebookField') ON CONFLICT (rulebook_field_id) DO UPDATE SET target_table = EXCLUDED.target_table, field_name = EXCLUDED.field_name, field_type = EXCLUDED.field_type, datatype = EXCLUDED.datatype, formula = EXCLUDED.formula, invented_for_question = EXCLUDED.invented_for_question, semantic_type_iri = EXCLUDED.semantic_type_iri;

INSERT INTO rulebook_fields (rulebook_field_id, target_table, field_name, field_type, datatype, formula, invented_for_question, semantic_type_iri)
VALUES ('KnowledgeFragments.ProcedureVersion', 'KnowledgeFragments', 'ProcedureVersion', 'relationship', 'string', NULL, NULL, 'urn:effortless:pko-extension#RulebookField') ON CONFLICT (rulebook_field_id) DO UPDATE SET target_table = EXCLUDED.target_table, field_name = EXCLUDED.field_name, field_type = EXCLUDED.field_type, datatype = EXCLUDED.datatype, formula = EXCLUDED.formula, invented_for_question = EXCLUDED.invented_for_question, semantic_type_iri = EXCLUDED.semantic_type_iri;

INSERT INTO rulebook_fields (rulebook_field_id, target_table, field_name, field_type, datatype, formula, invented_for_question, semantic_type_iri)
VALUES ('KnowledgeFragments.Step', 'KnowledgeFragments', 'Step', 'relationship', 'string', NULL, NULL, 'urn:effortless:pko-extension#RulebookField') ON CONFLICT (rulebook_field_id) DO UPDATE SET target_table = EXCLUDED.target_table, field_name = EXCLUDED.field_name, field_type = EXCLUDED.field_type, datatype = EXCLUDED.datatype, formula = EXCLUDED.formula, invented_for_question = EXCLUDED.invented_for_question, semantic_type_iri = EXCLUDED.semantic_type_iri;

INSERT INTO rulebook_fields (rulebook_field_id, target_table, field_name, field_type, datatype, formula, invented_for_question, semantic_type_iri)
VALUES ('KnowledgeFragments.KnowledgeForm', 'KnowledgeFragments', 'KnowledgeForm', 'raw', 'string', NULL, NULL, 'urn:effortless:pko-extension#RulebookField') ON CONFLICT (rulebook_field_id) DO UPDATE SET target_table = EXCLUDED.target_table, field_name = EXCLUDED.field_name, field_type = EXCLUDED.field_type, datatype = EXCLUDED.datatype, formula = EXCLUDED.formula, invented_for_question = EXCLUDED.invented_for_question, semantic_type_iri = EXCLUDED.semantic_type_iri;

INSERT INTO rulebook_fields (rulebook_field_id, target_table, field_name, field_type, datatype, formula, invented_for_question, semantic_type_iri)
VALUES ('KnowledgeFragments.Statement', 'KnowledgeFragments', 'Statement', 'raw', 'string', NULL, NULL, 'urn:effortless:pko-extension#RulebookField') ON CONFLICT (rulebook_field_id) DO UPDATE SET target_table = EXCLUDED.target_table, field_name = EXCLUDED.field_name, field_type = EXCLUDED.field_type, datatype = EXCLUDED.datatype, formula = EXCLUDED.formula, invented_for_question = EXCLUDED.invented_for_question, semantic_type_iri = EXCLUDED.semantic_type_iri;

INSERT INTO rulebook_fields (rulebook_field_id, target_table, field_name, field_type, datatype, formula, invented_for_question, semantic_type_iri)
VALUES ('KnowledgeFragments.ElicitationSession', 'KnowledgeFragments', 'ElicitationSession', 'relationship', 'string', NULL, NULL, 'urn:effortless:pko-extension#RulebookField') ON CONFLICT (rulebook_field_id) DO UPDATE SET target_table = EXCLUDED.target_table, field_name = EXCLUDED.field_name, field_type = EXCLUDED.field_type, datatype = EXCLUDED.datatype, formula = EXCLUDED.formula, invented_for_question = EXCLUDED.invented_for_question, semantic_type_iri = EXCLUDED.semantic_type_iri;

INSERT INTO rulebook_fields (rulebook_field_id, target_table, field_name, field_type, datatype, formula, invented_for_question, semantic_type_iri)
VALUES ('KnowledgeFragments.SourceAgent', 'KnowledgeFragments', 'SourceAgent', 'relationship', 'string', NULL, NULL, 'urn:effortless:pko-extension#RulebookField') ON CONFLICT (rulebook_field_id) DO UPDATE SET target_table = EXCLUDED.target_table, field_name = EXCLUDED.field_name, field_type = EXCLUDED.field_type, datatype = EXCLUDED.datatype, formula = EXCLUDED.formula, invented_for_question = EXCLUDED.invented_for_question, semantic_type_iri = EXCLUDED.semantic_type_iri;

INSERT INTO rulebook_fields (rulebook_field_id, target_table, field_name, field_type, datatype, formula, invented_for_question, semantic_type_iri)
VALUES ('KnowledgeFragments.Confidence', 'KnowledgeFragments', 'Confidence', 'raw', 'string', NULL, NULL, 'urn:effortless:pko-extension#RulebookField') ON CONFLICT (rulebook_field_id) DO UPDATE SET target_table = EXCLUDED.target_table, field_name = EXCLUDED.field_name, field_type = EXCLUDED.field_type, datatype = EXCLUDED.datatype, formula = EXCLUDED.formula, invented_for_question = EXCLUDED.invented_for_question, semantic_type_iri = EXCLUDED.semantic_type_iri;

INSERT INTO rulebook_fields (rulebook_field_id, target_table, field_name, field_type, datatype, formula, invented_for_question, semantic_type_iri)
VALUES ('KnowledgeFragments.ValidFrom', 'KnowledgeFragments', 'ValidFrom', 'raw', 'datetime', NULL, NULL, 'urn:effortless:pko-extension#RulebookField') ON CONFLICT (rulebook_field_id) DO UPDATE SET target_table = EXCLUDED.target_table, field_name = EXCLUDED.field_name, field_type = EXCLUDED.field_type, datatype = EXCLUDED.datatype, formula = EXCLUDED.formula, invented_for_question = EXCLUDED.invented_for_question, semantic_type_iri = EXCLUDED.semantic_type_iri;

INSERT INTO rulebook_fields (rulebook_field_id, target_table, field_name, field_type, datatype, formula, invented_for_question, semantic_type_iri)
VALUES ('KnowledgeFragments.ValidTo', 'KnowledgeFragments', 'ValidTo', 'raw', 'datetime', NULL, NULL, 'urn:effortless:pko-extension#RulebookField') ON CONFLICT (rulebook_field_id) DO UPDATE SET target_table = EXCLUDED.target_table, field_name = EXCLUDED.field_name, field_type = EXCLUDED.field_type, datatype = EXCLUDED.datatype, formula = EXCLUDED.formula, invented_for_question = EXCLUDED.invented_for_question, semantic_type_iri = EXCLUDED.semantic_type_iri;

INSERT INTO rulebook_fields (rulebook_field_id, target_table, field_name, field_type, datatype, formula, invented_for_question, semantic_type_iri)
VALUES ('KnowledgeFragments.Status', 'KnowledgeFragments', 'Status', 'raw', 'string', NULL, NULL, 'urn:effortless:pko-extension#RulebookField') ON CONFLICT (rulebook_field_id) DO UPDATE SET target_table = EXCLUDED.target_table, field_name = EXCLUDED.field_name, field_type = EXCLUDED.field_type, datatype = EXCLUDED.datatype, formula = EXCLUDED.formula, invented_for_question = EXCLUDED.invented_for_question, semantic_type_iri = EXCLUDED.semantic_type_iri;

INSERT INTO rulebook_fields (rulebook_field_id, target_table, field_name, field_type, datatype, formula, invented_for_question, semantic_type_iri)
VALUES ('KnowledgeFragments.OwnerRole', 'KnowledgeFragments', 'OwnerRole', 'relationship', 'string', NULL, NULL, 'urn:effortless:pko-extension#RulebookField') ON CONFLICT (rulebook_field_id) DO UPDATE SET target_table = EXCLUDED.target_table, field_name = EXCLUDED.field_name, field_type = EXCLUDED.field_type, datatype = EXCLUDED.datatype, formula = EXCLUDED.formula, invented_for_question = EXCLUDED.invented_for_question, semantic_type_iri = EXCLUDED.semantic_type_iri;

INSERT INTO rulebook_fields (rulebook_field_id, target_table, field_name, field_type, datatype, formula, invented_for_question, semantic_type_iri)
VALUES ('KnowledgeFragments.EvaluationContext', 'KnowledgeFragments', 'EvaluationContext', 'relationship', 'string', NULL, NULL, 'urn:effortless:pko-extension#RulebookField') ON CONFLICT (rulebook_field_id) DO UPDATE SET target_table = EXCLUDED.target_table, field_name = EXCLUDED.field_name, field_type = EXCLUDED.field_type, datatype = EXCLUDED.datatype, formula = EXCLUDED.formula, invented_for_question = EXCLUDED.invented_for_question, semantic_type_iri = EXCLUDED.semantic_type_iri;

INSERT INTO rulebook_fields (rulebook_field_id, target_table, field_name, field_type, datatype, formula, invented_for_question, semantic_type_iri)
VALUES ('KnowledgeFragments.AsOfInstant', 'KnowledgeFragments', 'AsOfInstant', 'lookup', 'datetime', '=INDEX(EvaluationContexts!{{AsOfInstant}}, MATCH({{EvaluationContext}}, EvaluationContexts!{{EvaluationContextId}}, 0))', NULL, 'urn:effortless:pko-extension#RulebookField') ON CONFLICT (rulebook_field_id) DO UPDATE SET target_table = EXCLUDED.target_table, field_name = EXCLUDED.field_name, field_type = EXCLUDED.field_type, datatype = EXCLUDED.datatype, formula = EXCLUDED.formula, invented_for_question = EXCLUDED.invented_for_question, semantic_type_iri = EXCLUDED.semantic_type_iri;

INSERT INTO rulebook_fields (rulebook_field_id, target_table, field_name, field_type, datatype, formula, invented_for_question, semantic_type_iri)
VALUES ('KnowledgeFragments.IsCurrentlyValid', 'KnowledgeFragments', 'IsCurrentlyValid', 'calculated', 'boolean', '=AND({{ValidFrom}} <= {{AsOfInstant}}, OR({{ValidTo}} = "", {{ValidTo}} > {{AsOfInstant}}), {{Status}} = "Approved")', NULL, 'urn:effortless:pko-extension#RulebookField') ON CONFLICT (rulebook_field_id) DO UPDATE SET target_table = EXCLUDED.target_table, field_name = EXCLUDED.field_name, field_type = EXCLUDED.field_type, datatype = EXCLUDED.datatype, formula = EXCLUDED.formula, invented_for_question = EXCLUDED.invented_for_question, semantic_type_iri = EXCLUDED.semantic_type_iri;

INSERT INTO rulebook_fields (rulebook_field_id, target_table, field_name, field_type, datatype, formula, invented_for_question, semantic_type_iri)
VALUES ('KnowledgeFragments.SemanticTypeIri', 'KnowledgeFragments', 'SemanticTypeIri', 'raw', 'string', NULL, NULL, 'urn:effortless:pko-extension#RulebookField') ON CONFLICT (rulebook_field_id) DO UPDATE SET target_table = EXCLUDED.target_table, field_name = EXCLUDED.field_name, field_type = EXCLUDED.field_type, datatype = EXCLUDED.datatype, formula = EXCLUDED.formula, invented_for_question = EXCLUDED.invented_for_question, semantic_type_iri = EXCLUDED.semantic_type_iri;

INSERT INTO rulebook_fields (rulebook_field_id, target_table, field_name, field_type, datatype, formula, invented_for_question, semantic_type_iri)
VALUES ('KnowledgeGaps.KnowledgeGapId', 'KnowledgeGaps', 'KnowledgeGapId', 'raw', 'string', NULL, NULL, 'urn:effortless:pko-extension#RulebookField') ON CONFLICT (rulebook_field_id) DO UPDATE SET target_table = EXCLUDED.target_table, field_name = EXCLUDED.field_name, field_type = EXCLUDED.field_type, datatype = EXCLUDED.datatype, formula = EXCLUDED.formula, invented_for_question = EXCLUDED.invented_for_question, semantic_type_iri = EXCLUDED.semantic_type_iri;

INSERT INTO rulebook_fields (rulebook_field_id, target_table, field_name, field_type, datatype, formula, invented_for_question, semantic_type_iri)
VALUES ('KnowledgeGaps.Name', 'KnowledgeGaps', 'Name', 'calculated', 'string', '={{Severity}} & ": " & LEFT({{Statement}}, 60)', NULL, 'urn:effortless:pko-extension#RulebookField') ON CONFLICT (rulebook_field_id) DO UPDATE SET target_table = EXCLUDED.target_table, field_name = EXCLUDED.field_name, field_type = EXCLUDED.field_type, datatype = EXCLUDED.datatype, formula = EXCLUDED.formula, invented_for_question = EXCLUDED.invented_for_question, semantic_type_iri = EXCLUDED.semantic_type_iri;

INSERT INTO rulebook_fields (rulebook_field_id, target_table, field_name, field_type, datatype, formula, invented_for_question, semantic_type_iri)
VALUES ('KnowledgeGaps.ProcedureVersion', 'KnowledgeGaps', 'ProcedureVersion', 'relationship', 'string', NULL, NULL, 'urn:effortless:pko-extension#RulebookField') ON CONFLICT (rulebook_field_id) DO UPDATE SET target_table = EXCLUDED.target_table, field_name = EXCLUDED.field_name, field_type = EXCLUDED.field_type, datatype = EXCLUDED.datatype, formula = EXCLUDED.formula, invented_for_question = EXCLUDED.invented_for_question, semantic_type_iri = EXCLUDED.semantic_type_iri;

INSERT INTO rulebook_fields (rulebook_field_id, target_table, field_name, field_type, datatype, formula, invented_for_question, semantic_type_iri)
VALUES ('KnowledgeGaps.Step', 'KnowledgeGaps', 'Step', 'relationship', 'string', NULL, NULL, 'urn:effortless:pko-extension#RulebookField') ON CONFLICT (rulebook_field_id) DO UPDATE SET target_table = EXCLUDED.target_table, field_name = EXCLUDED.field_name, field_type = EXCLUDED.field_type, datatype = EXCLUDED.datatype, formula = EXCLUDED.formula, invented_for_question = EXCLUDED.invented_for_question, semantic_type_iri = EXCLUDED.semantic_type_iri;

INSERT INTO rulebook_fields (rulebook_field_id, target_table, field_name, field_type, datatype, formula, invented_for_question, semantic_type_iri)
VALUES ('KnowledgeGaps.Statement', 'KnowledgeGaps', 'Statement', 'raw', 'string', NULL, NULL, 'urn:effortless:pko-extension#RulebookField') ON CONFLICT (rulebook_field_id) DO UPDATE SET target_table = EXCLUDED.target_table, field_name = EXCLUDED.field_name, field_type = EXCLUDED.field_type, datatype = EXCLUDED.datatype, formula = EXCLUDED.formula, invented_for_question = EXCLUDED.invented_for_question, semantic_type_iri = EXCLUDED.semantic_type_iri;

INSERT INTO rulebook_fields (rulebook_field_id, target_table, field_name, field_type, datatype, formula, invented_for_question, semantic_type_iri)
VALUES ('KnowledgeGaps.Severity', 'KnowledgeGaps', 'Severity', 'raw', 'string', NULL, NULL, 'urn:effortless:pko-extension#RulebookField') ON CONFLICT (rulebook_field_id) DO UPDATE SET target_table = EXCLUDED.target_table, field_name = EXCLUDED.field_name, field_type = EXCLUDED.field_type, datatype = EXCLUDED.datatype, formula = EXCLUDED.formula, invented_for_question = EXCLUDED.invented_for_question, semantic_type_iri = EXCLUDED.semantic_type_iri;

INSERT INTO rulebook_fields (rulebook_field_id, target_table, field_name, field_type, datatype, formula, invented_for_question, semantic_type_iri)
VALUES ('KnowledgeGaps.BlockingKind', 'KnowledgeGaps', 'BlockingKind', 'raw', 'string', NULL, NULL, 'urn:effortless:pko-extension#RulebookField') ON CONFLICT (rulebook_field_id) DO UPDATE SET target_table = EXCLUDED.target_table, field_name = EXCLUDED.field_name, field_type = EXCLUDED.field_type, datatype = EXCLUDED.datatype, formula = EXCLUDED.formula, invented_for_question = EXCLUDED.invented_for_question, semantic_type_iri = EXCLUDED.semantic_type_iri;

INSERT INTO rulebook_fields (rulebook_field_id, target_table, field_name, field_type, datatype, formula, invented_for_question, semantic_type_iri)
VALUES ('KnowledgeGaps.Status', 'KnowledgeGaps', 'Status', 'raw', 'string', NULL, NULL, 'urn:effortless:pko-extension#RulebookField') ON CONFLICT (rulebook_field_id) DO UPDATE SET target_table = EXCLUDED.target_table, field_name = EXCLUDED.field_name, field_type = EXCLUDED.field_type, datatype = EXCLUDED.datatype, formula = EXCLUDED.formula, invented_for_question = EXCLUDED.invented_for_question, semantic_type_iri = EXCLUDED.semantic_type_iri;

INSERT INTO rulebook_fields (rulebook_field_id, target_table, field_name, field_type, datatype, formula, invented_for_question, semantic_type_iri)
VALUES ('KnowledgeGaps.OwnerRole', 'KnowledgeGaps', 'OwnerRole', 'relationship', 'string', NULL, NULL, 'urn:effortless:pko-extension#RulebookField') ON CONFLICT (rulebook_field_id) DO UPDATE SET target_table = EXCLUDED.target_table, field_name = EXCLUDED.field_name, field_type = EXCLUDED.field_type, datatype = EXCLUDED.datatype, formula = EXCLUDED.formula, invented_for_question = EXCLUDED.invented_for_question, semantic_type_iri = EXCLUDED.semantic_type_iri;

INSERT INTO rulebook_fields (rulebook_field_id, target_table, field_name, field_type, datatype, formula, invented_for_question, semantic_type_iri)
VALUES ('KnowledgeGaps.IdentifiedAt', 'KnowledgeGaps', 'IdentifiedAt', 'raw', 'datetime', NULL, NULL, 'urn:effortless:pko-extension#RulebookField') ON CONFLICT (rulebook_field_id) DO UPDATE SET target_table = EXCLUDED.target_table, field_name = EXCLUDED.field_name, field_type = EXCLUDED.field_type, datatype = EXCLUDED.datatype, formula = EXCLUDED.formula, invented_for_question = EXCLUDED.invented_for_question, semantic_type_iri = EXCLUDED.semantic_type_iri;

INSERT INTO rulebook_fields (rulebook_field_id, target_table, field_name, field_type, datatype, formula, invented_for_question, semantic_type_iri)
VALUES ('KnowledgeGaps.ResolutionPlan', 'KnowledgeGaps', 'ResolutionPlan', 'raw', 'string', NULL, NULL, 'urn:effortless:pko-extension#RulebookField') ON CONFLICT (rulebook_field_id) DO UPDATE SET target_table = EXCLUDED.target_table, field_name = EXCLUDED.field_name, field_type = EXCLUDED.field_type, datatype = EXCLUDED.datatype, formula = EXCLUDED.formula, invented_for_question = EXCLUDED.invented_for_question, semantic_type_iri = EXCLUDED.semantic_type_iri;

INSERT INTO rulebook_fields (rulebook_field_id, target_table, field_name, field_type, datatype, formula, invented_for_question, semantic_type_iri)
VALUES ('KnowledgeGaps.IsOpen', 'KnowledgeGaps', 'IsOpen', 'calculated', 'boolean', '=OR({{Status}} = "Open", {{Status}} = "Investigating")', NULL, 'urn:effortless:pko-extension#RulebookField') ON CONFLICT (rulebook_field_id) DO UPDATE SET target_table = EXCLUDED.target_table, field_name = EXCLUDED.field_name, field_type = EXCLUDED.field_type, datatype = EXCLUDED.datatype, formula = EXCLUDED.formula, invented_for_question = EXCLUDED.invented_for_question, semantic_type_iri = EXCLUDED.semantic_type_iri;

INSERT INTO rulebook_fields (rulebook_field_id, target_table, field_name, field_type, datatype, formula, invented_for_question, semantic_type_iri)
VALUES ('KnowledgeGaps.SemanticTypeIri', 'KnowledgeGaps', 'SemanticTypeIri', 'raw', 'string', NULL, NULL, 'urn:effortless:pko-extension#RulebookField') ON CONFLICT (rulebook_field_id) DO UPDATE SET target_table = EXCLUDED.target_table, field_name = EXCLUDED.field_name, field_type = EXCLUDED.field_type, datatype = EXCLUDED.datatype, formula = EXCLUDED.formula, invented_for_question = EXCLUDED.invented_for_question, semantic_type_iri = EXCLUDED.semantic_type_iri;

INSERT INTO rulebook_fields (rulebook_field_id, target_table, field_name, field_type, datatype, formula, invented_for_question, semantic_type_iri)
VALUES ('FAQs.FaqId', 'FAQs', 'FaqId', 'raw', 'string', NULL, NULL, 'urn:effortless:pko-extension#RulebookField') ON CONFLICT (rulebook_field_id) DO UPDATE SET target_table = EXCLUDED.target_table, field_name = EXCLUDED.field_name, field_type = EXCLUDED.field_type, datatype = EXCLUDED.datatype, formula = EXCLUDED.formula, invented_for_question = EXCLUDED.invented_for_question, semantic_type_iri = EXCLUDED.semantic_type_iri;

INSERT INTO rulebook_fields (rulebook_field_id, target_table, field_name, field_type, datatype, formula, invented_for_question, semantic_type_iri)
VALUES ('FAQs.Name', 'FAQs', 'Name', 'calculated', 'string', '={{Question}}', NULL, 'urn:effortless:pko-extension#RulebookField') ON CONFLICT (rulebook_field_id) DO UPDATE SET target_table = EXCLUDED.target_table, field_name = EXCLUDED.field_name, field_type = EXCLUDED.field_type, datatype = EXCLUDED.datatype, formula = EXCLUDED.formula, invented_for_question = EXCLUDED.invented_for_question, semantic_type_iri = EXCLUDED.semantic_type_iri;

INSERT INTO rulebook_fields (rulebook_field_id, target_table, field_name, field_type, datatype, formula, invented_for_question, semantic_type_iri)
VALUES ('FAQs.ProcedureVersion', 'FAQs', 'ProcedureVersion', 'relationship', 'string', NULL, NULL, 'urn:effortless:pko-extension#RulebookField') ON CONFLICT (rulebook_field_id) DO UPDATE SET target_table = EXCLUDED.target_table, field_name = EXCLUDED.field_name, field_type = EXCLUDED.field_type, datatype = EXCLUDED.datatype, formula = EXCLUDED.formula, invented_for_question = EXCLUDED.invented_for_question, semantic_type_iri = EXCLUDED.semantic_type_iri;

INSERT INTO rulebook_fields (rulebook_field_id, target_table, field_name, field_type, datatype, formula, invented_for_question, semantic_type_iri)
VALUES ('FAQs.Step', 'FAQs', 'Step', 'relationship', 'string', NULL, NULL, 'urn:effortless:pko-extension#RulebookField') ON CONFLICT (rulebook_field_id) DO UPDATE SET target_table = EXCLUDED.target_table, field_name = EXCLUDED.field_name, field_type = EXCLUDED.field_type, datatype = EXCLUDED.datatype, formula = EXCLUDED.formula, invented_for_question = EXCLUDED.invented_for_question, semantic_type_iri = EXCLUDED.semantic_type_iri;

INSERT INTO rulebook_fields (rulebook_field_id, target_table, field_name, field_type, datatype, formula, invented_for_question, semantic_type_iri)
VALUES ('FAQs.Category', 'FAQs', 'Category', 'raw', 'string', NULL, NULL, 'urn:effortless:pko-extension#RulebookField') ON CONFLICT (rulebook_field_id) DO UPDATE SET target_table = EXCLUDED.target_table, field_name = EXCLUDED.field_name, field_type = EXCLUDED.field_type, datatype = EXCLUDED.datatype, formula = EXCLUDED.formula, invented_for_question = EXCLUDED.invented_for_question, semantic_type_iri = EXCLUDED.semantic_type_iri;

INSERT INTO rulebook_fields (rulebook_field_id, target_table, field_name, field_type, datatype, formula, invented_for_question, semantic_type_iri)
VALUES ('FAQs.TargetKind', 'FAQs', 'TargetKind', 'raw', 'string', NULL, NULL, 'urn:effortless:pko-extension#RulebookField') ON CONFLICT (rulebook_field_id) DO UPDATE SET target_table = EXCLUDED.target_table, field_name = EXCLUDED.field_name, field_type = EXCLUDED.field_type, datatype = EXCLUDED.datatype, formula = EXCLUDED.formula, invented_for_question = EXCLUDED.invented_for_question, semantic_type_iri = EXCLUDED.semantic_type_iri;

INSERT INTO rulebook_fields (rulebook_field_id, target_table, field_name, field_type, datatype, formula, invented_for_question, semantic_type_iri)
VALUES ('FAQs.Question', 'FAQs', 'Question', 'raw', 'string', NULL, NULL, 'urn:effortless:pko-extension#RulebookField') ON CONFLICT (rulebook_field_id) DO UPDATE SET target_table = EXCLUDED.target_table, field_name = EXCLUDED.field_name, field_type = EXCLUDED.field_type, datatype = EXCLUDED.datatype, formula = EXCLUDED.formula, invented_for_question = EXCLUDED.invented_for_question, semantic_type_iri = EXCLUDED.semantic_type_iri;

INSERT INTO rulebook_fields (rulebook_field_id, target_table, field_name, field_type, datatype, formula, invented_for_question, semantic_type_iri)
VALUES ('FAQs.Answer', 'FAQs', 'Answer', 'raw', 'string', NULL, NULL, 'urn:effortless:pko-extension#RulebookField') ON CONFLICT (rulebook_field_id) DO UPDATE SET target_table = EXCLUDED.target_table, field_name = EXCLUDED.field_name, field_type = EXCLUDED.field_type, datatype = EXCLUDED.datatype, formula = EXCLUDED.formula, invented_for_question = EXCLUDED.invented_for_question, semantic_type_iri = EXCLUDED.semantic_type_iri;

INSERT INTO rulebook_fields (rulebook_field_id, target_table, field_name, field_type, datatype, formula, invented_for_question, semantic_type_iri)
VALUES ('FAQs.SemanticTypeIri', 'FAQs', 'SemanticTypeIri', 'raw', 'string', NULL, NULL, 'urn:effortless:pko-extension#RulebookField') ON CONFLICT (rulebook_field_id) DO UPDATE SET target_table = EXCLUDED.target_table, field_name = EXCLUDED.field_name, field_type = EXCLUDED.field_type, datatype = EXCLUDED.datatype, formula = EXCLUDED.formula, invented_for_question = EXCLUDED.invented_for_question, semantic_type_iri = EXCLUDED.semantic_type_iri;

INSERT INTO rulebook_fields (rulebook_field_id, target_table, field_name, field_type, datatype, formula, invented_for_question, semantic_type_iri)
VALUES ('Explanations.ExplanationId', 'Explanations', 'ExplanationId', 'raw', 'string', NULL, NULL, 'urn:effortless:pko-extension#RulebookField') ON CONFLICT (rulebook_field_id) DO UPDATE SET target_table = EXCLUDED.target_table, field_name = EXCLUDED.field_name, field_type = EXCLUDED.field_type, datatype = EXCLUDED.datatype, formula = EXCLUDED.formula, invented_for_question = EXCLUDED.invented_for_question, semantic_type_iri = EXCLUDED.semantic_type_iri;

INSERT INTO rulebook_fields (rulebook_field_id, target_table, field_name, field_type, datatype, formula, invented_for_question, semantic_type_iri)
VALUES ('Explanations.Name', 'Explanations', 'Name', 'calculated', 'string', '={{Title}}', NULL, 'urn:effortless:pko-extension#RulebookField') ON CONFLICT (rulebook_field_id) DO UPDATE SET target_table = EXCLUDED.target_table, field_name = EXCLUDED.field_name, field_type = EXCLUDED.field_type, datatype = EXCLUDED.datatype, formula = EXCLUDED.formula, invented_for_question = EXCLUDED.invented_for_question, semantic_type_iri = EXCLUDED.semantic_type_iri;

INSERT INTO rulebook_fields (rulebook_field_id, target_table, field_name, field_type, datatype, formula, invented_for_question, semantic_type_iri)
VALUES ('Explanations.ProcedureVersion', 'Explanations', 'ProcedureVersion', 'relationship', 'string', NULL, NULL, 'urn:effortless:pko-extension#RulebookField') ON CONFLICT (rulebook_field_id) DO UPDATE SET target_table = EXCLUDED.target_table, field_name = EXCLUDED.field_name, field_type = EXCLUDED.field_type, datatype = EXCLUDED.datatype, formula = EXCLUDED.formula, invented_for_question = EXCLUDED.invented_for_question, semantic_type_iri = EXCLUDED.semantic_type_iri;

INSERT INTO rulebook_fields (rulebook_field_id, target_table, field_name, field_type, datatype, formula, invented_for_question, semantic_type_iri)
VALUES ('Explanations.Step', 'Explanations', 'Step', 'relationship', 'string', NULL, NULL, 'urn:effortless:pko-extension#RulebookField') ON CONFLICT (rulebook_field_id) DO UPDATE SET target_table = EXCLUDED.target_table, field_name = EXCLUDED.field_name, field_type = EXCLUDED.field_type, datatype = EXCLUDED.datatype, formula = EXCLUDED.formula, invented_for_question = EXCLUDED.invented_for_question, semantic_type_iri = EXCLUDED.semantic_type_iri;

INSERT INTO rulebook_fields (rulebook_field_id, target_table, field_name, field_type, datatype, formula, invented_for_question, semantic_type_iri)
VALUES ('Explanations.Title', 'Explanations', 'Title', 'raw', 'string', NULL, NULL, 'urn:effortless:pko-extension#RulebookField') ON CONFLICT (rulebook_field_id) DO UPDATE SET target_table = EXCLUDED.target_table, field_name = EXCLUDED.field_name, field_type = EXCLUDED.field_type, datatype = EXCLUDED.datatype, formula = EXCLUDED.formula, invented_for_question = EXCLUDED.invented_for_question, semantic_type_iri = EXCLUDED.semantic_type_iri;

INSERT INTO rulebook_fields (rulebook_field_id, target_table, field_name, field_type, datatype, formula, invented_for_question, semantic_type_iri)
VALUES ('Explanations.Description', 'Explanations', 'Description', 'raw', 'string', NULL, NULL, 'urn:effortless:pko-extension#RulebookField') ON CONFLICT (rulebook_field_id) DO UPDATE SET target_table = EXCLUDED.target_table, field_name = EXCLUDED.field_name, field_type = EXCLUDED.field_type, datatype = EXCLUDED.datatype, formula = EXCLUDED.formula, invented_for_question = EXCLUDED.invented_for_question, semantic_type_iri = EXCLUDED.semantic_type_iri;

INSERT INTO rulebook_fields (rulebook_field_id, target_table, field_name, field_type, datatype, formula, invented_for_question, semantic_type_iri)
VALUES ('Explanations.SemanticTypeIri', 'Explanations', 'SemanticTypeIri', 'raw', 'string', NULL, NULL, 'urn:effortless:pko-extension#RulebookField') ON CONFLICT (rulebook_field_id) DO UPDATE SET target_table = EXCLUDED.target_table, field_name = EXCLUDED.field_name, field_type = EXCLUDED.field_type, datatype = EXCLUDED.datatype, formula = EXCLUDED.formula, invented_for_question = EXCLUDED.invented_for_question, semantic_type_iri = EXCLUDED.semantic_type_iri;

INSERT INTO rulebook_fields (rulebook_field_id, target_table, field_name, field_type, datatype, formula, invented_for_question, semantic_type_iri)
VALUES ('ProcedureExecutions.ProcedureExecutionId', 'ProcedureExecutions', 'ProcedureExecutionId', 'raw', 'string', NULL, NULL, 'urn:effortless:pko-extension#RulebookField') ON CONFLICT (rulebook_field_id) DO UPDATE SET target_table = EXCLUDED.target_table, field_name = EXCLUDED.field_name, field_type = EXCLUDED.field_type, datatype = EXCLUDED.datatype, formula = EXCLUDED.formula, invented_for_question = EXCLUDED.invented_for_question, semantic_type_iri = EXCLUDED.semantic_type_iri;

INSERT INTO rulebook_fields (rulebook_field_id, target_table, field_name, field_type, datatype, formula, invented_for_question, semantic_type_iri)
VALUES ('ProcedureExecutions.Name', 'ProcedureExecutions', 'Name', 'calculated', 'string', '={{ProcedureVersion}} & " / " & {{Context}}', NULL, 'urn:effortless:pko-extension#RulebookField') ON CONFLICT (rulebook_field_id) DO UPDATE SET target_table = EXCLUDED.target_table, field_name = EXCLUDED.field_name, field_type = EXCLUDED.field_type, datatype = EXCLUDED.datatype, formula = EXCLUDED.formula, invented_for_question = EXCLUDED.invented_for_question, semantic_type_iri = EXCLUDED.semantic_type_iri;

INSERT INTO rulebook_fields (rulebook_field_id, target_table, field_name, field_type, datatype, formula, invented_for_question, semantic_type_iri)
VALUES ('ProcedureExecutions.ProcedureVersion', 'ProcedureExecutions', 'ProcedureVersion', 'relationship', 'string', NULL, NULL, 'urn:effortless:pko-extension#RulebookField') ON CONFLICT (rulebook_field_id) DO UPDATE SET target_table = EXCLUDED.target_table, field_name = EXCLUDED.field_name, field_type = EXCLUDED.field_type, datatype = EXCLUDED.datatype, formula = EXCLUDED.formula, invented_for_question = EXCLUDED.invented_for_question, semantic_type_iri = EXCLUDED.semantic_type_iri;

INSERT INTO rulebook_fields (rulebook_field_id, target_table, field_name, field_type, datatype, formula, invented_for_question, semantic_type_iri)
VALUES ('ProcedureExecutions.ExecutionStatus', 'ProcedureExecutions', 'ExecutionStatus', 'raw', 'string', NULL, NULL, 'urn:effortless:pko-extension#RulebookField') ON CONFLICT (rulebook_field_id) DO UPDATE SET target_table = EXCLUDED.target_table, field_name = EXCLUDED.field_name, field_type = EXCLUDED.field_type, datatype = EXCLUDED.datatype, formula = EXCLUDED.formula, invented_for_question = EXCLUDED.invented_for_question, semantic_type_iri = EXCLUDED.semantic_type_iri;

INSERT INTO rulebook_fields (rulebook_field_id, target_table, field_name, field_type, datatype, formula, invented_for_question, semantic_type_iri)
VALUES ('ProcedureExecutions.StartedAt', 'ProcedureExecutions', 'StartedAt', 'raw', 'datetime', NULL, NULL, 'urn:effortless:pko-extension#RulebookField') ON CONFLICT (rulebook_field_id) DO UPDATE SET target_table = EXCLUDED.target_table, field_name = EXCLUDED.field_name, field_type = EXCLUDED.field_type, datatype = EXCLUDED.datatype, formula = EXCLUDED.formula, invented_for_question = EXCLUDED.invented_for_question, semantic_type_iri = EXCLUDED.semantic_type_iri;

INSERT INTO rulebook_fields (rulebook_field_id, target_table, field_name, field_type, datatype, formula, invented_for_question, semantic_type_iri)
VALUES ('ProcedureExecutions.EndedAt', 'ProcedureExecutions', 'EndedAt', 'raw', 'datetime', NULL, NULL, 'urn:effortless:pko-extension#RulebookField') ON CONFLICT (rulebook_field_id) DO UPDATE SET target_table = EXCLUDED.target_table, field_name = EXCLUDED.field_name, field_type = EXCLUDED.field_type, datatype = EXCLUDED.datatype, formula = EXCLUDED.formula, invented_for_question = EXCLUDED.invented_for_question, semantic_type_iri = EXCLUDED.semantic_type_iri;

INSERT INTO rulebook_fields (rulebook_field_id, target_table, field_name, field_type, datatype, formula, invented_for_question, semantic_type_iri)
VALUES ('ProcedureExecutions.ExecutedByAgent', 'ProcedureExecutions', 'ExecutedByAgent', 'relationship', 'string', NULL, NULL, 'urn:effortless:pko-extension#RulebookField') ON CONFLICT (rulebook_field_id) DO UPDATE SET target_table = EXCLUDED.target_table, field_name = EXCLUDED.field_name, field_type = EXCLUDED.field_type, datatype = EXCLUDED.datatype, formula = EXCLUDED.formula, invented_for_question = EXCLUDED.invented_for_question, semantic_type_iri = EXCLUDED.semantic_type_iri;

INSERT INTO rulebook_fields (rulebook_field_id, target_table, field_name, field_type, datatype, formula, invented_for_question, semantic_type_iri)
VALUES ('ProcedureExecutions.Context', 'ProcedureExecutions', 'Context', 'raw', 'string', NULL, NULL, 'urn:effortless:pko-extension#RulebookField') ON CONFLICT (rulebook_field_id) DO UPDATE SET target_table = EXCLUDED.target_table, field_name = EXCLUDED.field_name, field_type = EXCLUDED.field_type, datatype = EXCLUDED.datatype, formula = EXCLUDED.formula, invented_for_question = EXCLUDED.invented_for_question, semantic_type_iri = EXCLUDED.semantic_type_iri;

INSERT INTO rulebook_fields (rulebook_field_id, target_table, field_name, field_type, datatype, formula, invented_for_question, semantic_type_iri)
VALUES ('ProcedureExecutions.OperationalRecordUri', 'ProcedureExecutions', 'OperationalRecordUri', 'raw', 'string', NULL, NULL, 'urn:effortless:pko-extension#RulebookField') ON CONFLICT (rulebook_field_id) DO UPDATE SET target_table = EXCLUDED.target_table, field_name = EXCLUDED.field_name, field_type = EXCLUDED.field_type, datatype = EXCLUDED.datatype, formula = EXCLUDED.formula, invented_for_question = EXCLUDED.invented_for_question, semantic_type_iri = EXCLUDED.semantic_type_iri;

INSERT INTO rulebook_fields (rulebook_field_id, target_table, field_name, field_type, datatype, formula, invented_for_question, semantic_type_iri)
VALUES ('ProcedureExecutions.ExpectedStepCount', 'ProcedureExecutions', 'ExpectedStepCount', 'lookup', 'number', '=INDEX(ProcedureVersions!{{SpecifiedStepCount}}, MATCH({{ProcedureVersion}}, ProcedureVersions!{{ProcedureVersionId}}, 0))', 'q-controller-execution-diverged-from-spec', 'urn:effortless:pko-extension#RulebookField') ON CONFLICT (rulebook_field_id) DO UPDATE SET target_table = EXCLUDED.target_table, field_name = EXCLUDED.field_name, field_type = EXCLUDED.field_type, datatype = EXCLUDED.datatype, formula = EXCLUDED.formula, invented_for_question = EXCLUDED.invented_for_question, semantic_type_iri = EXCLUDED.semantic_type_iri;

INSERT INTO rulebook_fields (rulebook_field_id, target_table, field_name, field_type, datatype, formula, invented_for_question, semantic_type_iri)
VALUES ('ProcedureExecutions.CompletedStepCount', 'ProcedureExecutions', 'CompletedStepCount', 'aggregation', 'number', '=COUNTIFS(StepExecutions!{{CompletedExecutionKey}}, {{ProcedureExecutionId}})', 'q-controller-execution-diverged-from-spec', 'urn:effortless:pko-extension#RulebookField') ON CONFLICT (rulebook_field_id) DO UPDATE SET target_table = EXCLUDED.target_table, field_name = EXCLUDED.field_name, field_type = EXCLUDED.field_type, datatype = EXCLUDED.datatype, formula = EXCLUDED.formula, invented_for_question = EXCLUDED.invented_for_question, semantic_type_iri = EXCLUDED.semantic_type_iri;

INSERT INTO rulebook_fields (rulebook_field_id, target_table, field_name, field_type, datatype, formula, invented_for_question, semantic_type_iri)
VALUES ('ProcedureExecutions.ControlBreachCount', 'ProcedureExecutions', 'ControlBreachCount', 'aggregation', 'number', '=COUNTIFS(StepExecutions!{{ControlBreachExecutionKey}}, {{ProcedureExecutionId}})', 'q-controller-execution-diverged-from-spec', 'urn:effortless:pko-extension#RulebookField') ON CONFLICT (rulebook_field_id) DO UPDATE SET target_table = EXCLUDED.target_table, field_name = EXCLUDED.field_name, field_type = EXCLUDED.field_type, datatype = EXCLUDED.datatype, formula = EXCLUDED.formula, invented_for_question = EXCLUDED.invented_for_question, semantic_type_iri = EXCLUDED.semantic_type_iri;

INSERT INTO rulebook_fields (rulebook_field_id, target_table, field_name, field_type, datatype, formula, invented_for_question, semantic_type_iri)
VALUES ('ProcedureExecutions.LateStepCount', 'ProcedureExecutions', 'LateStepCount', 'aggregation', 'number', '=COUNTIFS(StepExecutions!{{LateExecutionKey}}, {{ProcedureExecutionId}})', 'q-controller-execution-diverged-from-spec', 'urn:effortless:pko-extension#RulebookField') ON CONFLICT (rulebook_field_id) DO UPDATE SET target_table = EXCLUDED.target_table, field_name = EXCLUDED.field_name, field_type = EXCLUDED.field_type, datatype = EXCLUDED.datatype, formula = EXCLUDED.formula, invented_for_question = EXCLUDED.invented_for_question, semantic_type_iri = EXCLUDED.semantic_type_iri;

INSERT INTO rulebook_fields (rulebook_field_id, target_table, field_name, field_type, datatype, formula, invented_for_question, semantic_type_iri)
VALUES ('ProcedureExecutions.IsStructurallyComplete', 'ProcedureExecutions', 'IsStructurallyComplete', 'calculated', 'boolean', '={{CompletedStepCount}} >= {{ExpectedStepCount}}', 'q-controller-execution-diverged-from-spec', 'urn:effortless:pko-extension#RulebookField') ON CONFLICT (rulebook_field_id) DO UPDATE SET target_table = EXCLUDED.target_table, field_name = EXCLUDED.field_name, field_type = EXCLUDED.field_type, datatype = EXCLUDED.datatype, formula = EXCLUDED.formula, invented_for_question = EXCLUDED.invented_for_question, semantic_type_iri = EXCLUDED.semantic_type_iri;

INSERT INTO rulebook_fields (rulebook_field_id, target_table, field_name, field_type, datatype, formula, invented_for_question, semantic_type_iri)
VALUES ('ProcedureExecutions.DivergedFromSpecification', 'ProcedureExecutions', 'DivergedFromSpecification', 'calculated', 'boolean', '=OR(NOT({{IsStructurallyComplete}}), {{ControlBreachCount}} > 0)', 'q-controller-execution-diverged-from-spec', 'urn:effortless:pko-extension#RulebookField') ON CONFLICT (rulebook_field_id) DO UPDATE SET target_table = EXCLUDED.target_table, field_name = EXCLUDED.field_name, field_type = EXCLUDED.field_type, datatype = EXCLUDED.datatype, formula = EXCLUDED.formula, invented_for_question = EXCLUDED.invented_for_question, semantic_type_iri = EXCLUDED.semantic_type_iri;

INSERT INTO rulebook_fields (rulebook_field_id, target_table, field_name, field_type, datatype, formula, invented_for_question, semantic_type_iri)
VALUES ('ProcedureExecutions.SemanticTypeIri', 'ProcedureExecutions', 'SemanticTypeIri', 'raw', 'string', NULL, NULL, 'urn:effortless:pko-extension#RulebookField') ON CONFLICT (rulebook_field_id) DO UPDATE SET target_table = EXCLUDED.target_table, field_name = EXCLUDED.field_name, field_type = EXCLUDED.field_type, datatype = EXCLUDED.datatype, formula = EXCLUDED.formula, invented_for_question = EXCLUDED.invented_for_question, semantic_type_iri = EXCLUDED.semantic_type_iri;

INSERT INTO rulebook_fields (rulebook_field_id, target_table, field_name, field_type, datatype, formula, invented_for_question, semantic_type_iri)
VALUES ('StepExecutions.StepExecutionId', 'StepExecutions', 'StepExecutionId', 'raw', 'string', NULL, NULL, 'urn:effortless:pko-extension#RulebookField') ON CONFLICT (rulebook_field_id) DO UPDATE SET target_table = EXCLUDED.target_table, field_name = EXCLUDED.field_name, field_type = EXCLUDED.field_type, datatype = EXCLUDED.datatype, formula = EXCLUDED.formula, invented_for_question = EXCLUDED.invented_for_question, semantic_type_iri = EXCLUDED.semantic_type_iri;

INSERT INTO rulebook_fields (rulebook_field_id, target_table, field_name, field_type, datatype, formula, invented_for_question, semantic_type_iri)
VALUES ('StepExecutions.Name', 'StepExecutions', 'Name', 'calculated', 'string', '={{ProcedureExecution}} & " / " & {{Step}}', NULL, 'urn:effortless:pko-extension#RulebookField') ON CONFLICT (rulebook_field_id) DO UPDATE SET target_table = EXCLUDED.target_table, field_name = EXCLUDED.field_name, field_type = EXCLUDED.field_type, datatype = EXCLUDED.datatype, formula = EXCLUDED.formula, invented_for_question = EXCLUDED.invented_for_question, semantic_type_iri = EXCLUDED.semantic_type_iri;

INSERT INTO rulebook_fields (rulebook_field_id, target_table, field_name, field_type, datatype, formula, invented_for_question, semantic_type_iri)
VALUES ('StepExecutions.ProcedureExecution', 'StepExecutions', 'ProcedureExecution', 'relationship', 'string', NULL, NULL, 'urn:effortless:pko-extension#RulebookField') ON CONFLICT (rulebook_field_id) DO UPDATE SET target_table = EXCLUDED.target_table, field_name = EXCLUDED.field_name, field_type = EXCLUDED.field_type, datatype = EXCLUDED.datatype, formula = EXCLUDED.formula, invented_for_question = EXCLUDED.invented_for_question, semantic_type_iri = EXCLUDED.semantic_type_iri;

INSERT INTO rulebook_fields (rulebook_field_id, target_table, field_name, field_type, datatype, formula, invented_for_question, semantic_type_iri)
VALUES ('StepExecutions.Step', 'StepExecutions', 'Step', 'relationship', 'string', NULL, NULL, 'urn:effortless:pko-extension#RulebookField') ON CONFLICT (rulebook_field_id) DO UPDATE SET target_table = EXCLUDED.target_table, field_name = EXCLUDED.field_name, field_type = EXCLUDED.field_type, datatype = EXCLUDED.datatype, formula = EXCLUDED.formula, invented_for_question = EXCLUDED.invented_for_question, semantic_type_iri = EXCLUDED.semantic_type_iri;

INSERT INTO rulebook_fields (rulebook_field_id, target_table, field_name, field_type, datatype, formula, invented_for_question, semantic_type_iri)
VALUES ('StepExecutions.ExecutedByAgent', 'StepExecutions', 'ExecutedByAgent', 'relationship', 'string', NULL, NULL, 'urn:effortless:pko-extension#RulebookField') ON CONFLICT (rulebook_field_id) DO UPDATE SET target_table = EXCLUDED.target_table, field_name = EXCLUDED.field_name, field_type = EXCLUDED.field_type, datatype = EXCLUDED.datatype, formula = EXCLUDED.formula, invented_for_question = EXCLUDED.invented_for_question, semantic_type_iri = EXCLUDED.semantic_type_iri;

INSERT INTO rulebook_fields (rulebook_field_id, target_table, field_name, field_type, datatype, formula, invented_for_question, semantic_type_iri)
VALUES ('StepExecutions.ExecutionStatus', 'StepExecutions', 'ExecutionStatus', 'raw', 'string', NULL, NULL, 'urn:effortless:pko-extension#RulebookField') ON CONFLICT (rulebook_field_id) DO UPDATE SET target_table = EXCLUDED.target_table, field_name = EXCLUDED.field_name, field_type = EXCLUDED.field_type, datatype = EXCLUDED.datatype, formula = EXCLUDED.formula, invented_for_question = EXCLUDED.invented_for_question, semantic_type_iri = EXCLUDED.semantic_type_iri;

INSERT INTO rulebook_fields (rulebook_field_id, target_table, field_name, field_type, datatype, formula, invented_for_question, semantic_type_iri)
VALUES ('StepExecutions.StartedAt', 'StepExecutions', 'StartedAt', 'raw', 'datetime', NULL, NULL, 'urn:effortless:pko-extension#RulebookField') ON CONFLICT (rulebook_field_id) DO UPDATE SET target_table = EXCLUDED.target_table, field_name = EXCLUDED.field_name, field_type = EXCLUDED.field_type, datatype = EXCLUDED.datatype, formula = EXCLUDED.formula, invented_for_question = EXCLUDED.invented_for_question, semantic_type_iri = EXCLUDED.semantic_type_iri;

INSERT INTO rulebook_fields (rulebook_field_id, target_table, field_name, field_type, datatype, formula, invented_for_question, semantic_type_iri)
VALUES ('StepExecutions.EndedAt', 'StepExecutions', 'EndedAt', 'raw', 'datetime', NULL, NULL, 'urn:effortless:pko-extension#RulebookField') ON CONFLICT (rulebook_field_id) DO UPDATE SET target_table = EXCLUDED.target_table, field_name = EXCLUDED.field_name, field_type = EXCLUDED.field_type, datatype = EXCLUDED.datatype, formula = EXCLUDED.formula, invented_for_question = EXCLUDED.invented_for_question, semantic_type_iri = EXCLUDED.semantic_type_iri;

INSERT INTO rulebook_fields (rulebook_field_id, target_table, field_name, field_type, datatype, formula, invented_for_question, semantic_type_iri)
VALUES ('StepExecutions.VerificationResult', 'StepExecutions', 'VerificationResult', 'raw', 'string', NULL, NULL, 'urn:effortless:pko-extension#RulebookField') ON CONFLICT (rulebook_field_id) DO UPDATE SET target_table = EXCLUDED.target_table, field_name = EXCLUDED.field_name, field_type = EXCLUDED.field_type, datatype = EXCLUDED.datatype, formula = EXCLUDED.formula, invented_for_question = EXCLUDED.invented_for_question, semantic_type_iri = EXCLUDED.semantic_type_iri;

INSERT INTO rulebook_fields (rulebook_field_id, target_table, field_name, field_type, datatype, formula, invented_for_question, semantic_type_iri)
VALUES ('StepExecutions.Deviation', 'StepExecutions', 'Deviation', 'raw', 'string', NULL, NULL, 'urn:effortless:pko-extension#RulebookField') ON CONFLICT (rulebook_field_id) DO UPDATE SET target_table = EXCLUDED.target_table, field_name = EXCLUDED.field_name, field_type = EXCLUDED.field_type, datatype = EXCLUDED.datatype, formula = EXCLUDED.formula, invented_for_question = EXCLUDED.invented_for_question, semantic_type_iri = EXCLUDED.semantic_type_iri;

INSERT INTO rulebook_fields (rulebook_field_id, target_table, field_name, field_type, datatype, formula, invented_for_question, semantic_type_iri)
VALUES ('StepExecutions.ActualDurationMinutes', 'StepExecutions', 'ActualDurationMinutes', 'calculated', 'integer', '=IF({{EndedAt}} = "", 0, DATETIME_DIFF({{EndedAt}}, {{StartedAt}}, "minutes"))', NULL, 'urn:effortless:pko-extension#RulebookField') ON CONFLICT (rulebook_field_id) DO UPDATE SET target_table = EXCLUDED.target_table, field_name = EXCLUDED.field_name, field_type = EXCLUDED.field_type, datatype = EXCLUDED.datatype, formula = EXCLUDED.formula, invented_for_question = EXCLUDED.invented_for_question, semantic_type_iri = EXCLUDED.semantic_type_iri;

INSERT INTO rulebook_fields (rulebook_field_id, target_table, field_name, field_type, datatype, formula, invented_for_question, semantic_type_iri)
VALUES ('StepExecutions.ExpectedDurationMinutes', 'StepExecutions', 'ExpectedDurationMinutes', 'lookup', 'integer', '=INDEX(Steps!{{ExpectedDurationMinutes}}, MATCH({{Step}}, Steps!{{StepId}}, 0))', NULL, 'urn:effortless:pko-extension#RulebookField') ON CONFLICT (rulebook_field_id) DO UPDATE SET target_table = EXCLUDED.target_table, field_name = EXCLUDED.field_name, field_type = EXCLUDED.field_type, datatype = EXCLUDED.datatype, formula = EXCLUDED.formula, invented_for_question = EXCLUDED.invented_for_question, semantic_type_iri = EXCLUDED.semantic_type_iri;

INSERT INTO rulebook_fields (rulebook_field_id, target_table, field_name, field_type, datatype, formula, invented_for_question, semantic_type_iri)
VALUES ('StepExecutions.IsLate', 'StepExecutions', 'IsLate', 'calculated', 'boolean', '={{ActualDurationMinutes}} > {{ExpectedDurationMinutes}}', NULL, 'urn:effortless:pko-extension#RulebookField') ON CONFLICT (rulebook_field_id) DO UPDATE SET target_table = EXCLUDED.target_table, field_name = EXCLUDED.field_name, field_type = EXCLUDED.field_type, datatype = EXCLUDED.datatype, formula = EXCLUDED.formula, invented_for_question = EXCLUDED.invented_for_question, semantic_type_iri = EXCLUDED.semantic_type_iri;

INSERT INTO rulebook_fields (rulebook_field_id, target_table, field_name, field_type, datatype, formula, invented_for_question, semantic_type_iri)
VALUES ('StepExecutions.BlockingUnmetCount', 'StepExecutions', 'BlockingUnmetCount', 'aggregation', 'number', '=COUNTIFS(RequirementSatisfactions!{{StepExecution}}, {{StepExecutionId}}, RequirementSatisfactions!{{IsBlockingAndUnmet}}, TRUE)', 'q-analyst-blocking-unmet-on-my-step', 'urn:effortless:pko-extension#RulebookField') ON CONFLICT (rulebook_field_id) DO UPDATE SET target_table = EXCLUDED.target_table, field_name = EXCLUDED.field_name, field_type = EXCLUDED.field_type, datatype = EXCLUDED.datatype, formula = EXCLUDED.formula, invented_for_question = EXCLUDED.invented_for_question, semantic_type_iri = EXCLUDED.semantic_type_iri;

INSERT INTO rulebook_fields (rulebook_field_id, target_table, field_name, field_type, datatype, formula, invented_for_question, semantic_type_iri)
VALUES ('StepExecutions.BlockingUnmetCountSafe', 'StepExecutions', 'BlockingUnmetCountSafe', 'aggregation', 'number', '=COUNTIFS(RequirementSatisfactions!{{BlockingUnmetStepKey}}, {{StepExecutionId}})', 'q-analyst-blocking-unmet-on-my-step', 'urn:effortless:pko-extension#RulebookField') ON CONFLICT (rulebook_field_id) DO UPDATE SET target_table = EXCLUDED.target_table, field_name = EXCLUDED.field_name, field_type = EXCLUDED.field_type, datatype = EXCLUDED.datatype, formula = EXCLUDED.formula, invented_for_question = EXCLUDED.invented_for_question, semantic_type_iri = EXCLUDED.semantic_type_iri;

INSERT INTO rulebook_fields (rulebook_field_id, target_table, field_name, field_type, datatype, formula, invented_for_question, semantic_type_iri)
VALUES ('StepExecutions.ProceededPastBlockingControl', 'StepExecutions', 'ProceededPastBlockingControl', 'calculated', 'boolean', '=AND({{ExecutionStatus}} = "Completed", {{BlockingUnmetCountSafe}} > 0)', 'q-analyst-blocking-unmet-on-my-step', 'urn:effortless:pko-extension#RulebookField') ON CONFLICT (rulebook_field_id) DO UPDATE SET target_table = EXCLUDED.target_table, field_name = EXCLUDED.field_name, field_type = EXCLUDED.field_type, datatype = EXCLUDED.datatype, formula = EXCLUDED.formula, invented_for_question = EXCLUDED.invented_for_question, semantic_type_iri = EXCLUDED.semantic_type_iri;

INSERT INTO rulebook_fields (rulebook_field_id, target_table, field_name, field_type, datatype, formula, invented_for_question, semantic_type_iri)
VALUES ('StepExecutions.ExpectedBlockingCount', 'StepExecutions', 'ExpectedBlockingCount', 'lookup', 'number', '=INDEX(Steps!{{BlockingRequirementCount}}, MATCH({{Step}}, Steps!{{StepId}}, 0))', 'q-analyst-blocking-never-evaluated', 'urn:effortless:pko-extension#RulebookField') ON CONFLICT (rulebook_field_id) DO UPDATE SET target_table = EXCLUDED.target_table, field_name = EXCLUDED.field_name, field_type = EXCLUDED.field_type, datatype = EXCLUDED.datatype, formula = EXCLUDED.formula, invented_for_question = EXCLUDED.invented_for_question, semantic_type_iri = EXCLUDED.semantic_type_iri;

INSERT INTO rulebook_fields (rulebook_field_id, target_table, field_name, field_type, datatype, formula, invented_for_question, semantic_type_iri)
VALUES ('StepExecutions.EvaluatedBlockingCount', 'StepExecutions', 'EvaluatedBlockingCount', 'aggregation', 'number', '=COUNTIFS(RequirementSatisfactions!{{BlockingSatisfactionStepKey}}, {{StepExecutionId}})', 'q-analyst-blocking-never-evaluated', 'urn:effortless:pko-extension#RulebookField') ON CONFLICT (rulebook_field_id) DO UPDATE SET target_table = EXCLUDED.target_table, field_name = EXCLUDED.field_name, field_type = EXCLUDED.field_type, datatype = EXCLUDED.datatype, formula = EXCLUDED.formula, invented_for_question = EXCLUDED.invented_for_question, semantic_type_iri = EXCLUDED.semantic_type_iri;

INSERT INTO rulebook_fields (rulebook_field_id, target_table, field_name, field_type, datatype, formula, invented_for_question, semantic_type_iri)
VALUES ('StepExecutions.UnevaluatedBlockingCount', 'StepExecutions', 'UnevaluatedBlockingCount', 'calculated', 'number', '={{ExpectedBlockingCount}} - {{EvaluatedBlockingCount}}', 'q-analyst-blocking-never-evaluated', 'urn:effortless:pko-extension#RulebookField') ON CONFLICT (rulebook_field_id) DO UPDATE SET target_table = EXCLUDED.target_table, field_name = EXCLUDED.field_name, field_type = EXCLUDED.field_type, datatype = EXCLUDED.datatype, formula = EXCLUDED.formula, invented_for_question = EXCLUDED.invented_for_question, semantic_type_iri = EXCLUDED.semantic_type_iri;

INSERT INTO rulebook_fields (rulebook_field_id, target_table, field_name, field_type, datatype, formula, invented_for_question, semantic_type_iri)
VALUES ('StepExecutions.HasUnevaluatedBlockingControl', 'StepExecutions', 'HasUnevaluatedBlockingControl', 'calculated', 'boolean', '={{UnevaluatedBlockingCount}} > 0', 'q-analyst-blocking-never-evaluated', 'urn:effortless:pko-extension#RulebookField') ON CONFLICT (rulebook_field_id) DO UPDATE SET target_table = EXCLUDED.target_table, field_name = EXCLUDED.field_name, field_type = EXCLUDED.field_type, datatype = EXCLUDED.datatype, formula = EXCLUDED.formula, invented_for_question = EXCLUDED.invented_for_question, semantic_type_iri = EXCLUDED.semantic_type_iri;

INSERT INTO rulebook_fields (rulebook_field_id, target_table, field_name, field_type, datatype, formula, invented_for_question, semantic_type_iri)
VALUES ('StepExecutions.StaleAuthoritativeSourceCount', 'StepExecutions', 'StaleAuthoritativeSourceCount', 'lookup', 'number', '=INDEX(Steps!{{AuthoritativeStaleCount}}, MATCH({{Step}}, Steps!{{StepId}}, 0))', 'q-analyst-evidence-binding-stale', 'urn:effortless:pko-extension#RulebookField') ON CONFLICT (rulebook_field_id) DO UPDATE SET target_table = EXCLUDED.target_table, field_name = EXCLUDED.field_name, field_type = EXCLUDED.field_type, datatype = EXCLUDED.datatype, formula = EXCLUDED.formula, invented_for_question = EXCLUDED.invented_for_question, semantic_type_iri = EXCLUDED.semantic_type_iri;

INSERT INTO rulebook_fields (rulebook_field_id, target_table, field_name, field_type, datatype, formula, invented_for_question, semantic_type_iri)
VALUES ('StepExecutions.RanOnStaleAuthoritativeSource', 'StepExecutions', 'RanOnStaleAuthoritativeSource', 'calculated', 'boolean', '={{StaleAuthoritativeSourceCount}} > 0', 'q-analyst-evidence-binding-stale', 'urn:effortless:pko-extension#RulebookField') ON CONFLICT (rulebook_field_id) DO UPDATE SET target_table = EXCLUDED.target_table, field_name = EXCLUDED.field_name, field_type = EXCLUDED.field_type, datatype = EXCLUDED.datatype, formula = EXCLUDED.formula, invented_for_question = EXCLUDED.invented_for_question, semantic_type_iri = EXCLUDED.semantic_type_iri;

INSERT INTO rulebook_fields (rulebook_field_id, target_table, field_name, field_type, datatype, formula, invented_for_question, semantic_type_iri)
VALUES ('StepExecutions.HasDeviationNote', 'StepExecutions', 'HasDeviationNote', 'calculated', 'boolean', '={{Deviation}} <> ""', 'q-analyst-my-late-steps-unexplained', 'urn:effortless:pko-extension#RulebookField') ON CONFLICT (rulebook_field_id) DO UPDATE SET target_table = EXCLUDED.target_table, field_name = EXCLUDED.field_name, field_type = EXCLUDED.field_type, datatype = EXCLUDED.datatype, formula = EXCLUDED.formula, invented_for_question = EXCLUDED.invented_for_question, semantic_type_iri = EXCLUDED.semantic_type_iri;

INSERT INTO rulebook_fields (rulebook_field_id, target_table, field_name, field_type, datatype, formula, invented_for_question, semantic_type_iri)
VALUES ('StepExecutions.IsLateAndUnexplained', 'StepExecutions', 'IsLateAndUnexplained', 'calculated', 'boolean', '=AND({{IsLate}}, NOT({{HasDeviationNote}}))', 'q-analyst-my-late-steps-unexplained', 'urn:effortless:pko-extension#RulebookField') ON CONFLICT (rulebook_field_id) DO UPDATE SET target_table = EXCLUDED.target_table, field_name = EXCLUDED.field_name, field_type = EXCLUDED.field_type, datatype = EXCLUDED.datatype, formula = EXCLUDED.formula, invented_for_question = EXCLUDED.invented_for_question, semantic_type_iri = EXCLUDED.semantic_type_iri;

INSERT INTO rulebook_fields (rulebook_field_id, target_table, field_name, field_type, datatype, formula, invented_for_question, semantic_type_iri)
VALUES ('StepExecutions.AvailableExceptionCountForStep', 'StepExecutions', 'AvailableExceptionCountForStep', 'lookup', 'number', '=INDEX(Steps!{{AvailableExceptionCount}}, MATCH({{Step}}, Steps!{{StepId}}, 0))', 'q-analyst-my-late-steps-unexplained', 'urn:effortless:pko-extension#RulebookField') ON CONFLICT (rulebook_field_id) DO UPDATE SET target_table = EXCLUDED.target_table, field_name = EXCLUDED.field_name, field_type = EXCLUDED.field_type, datatype = EXCLUDED.datatype, formula = EXCLUDED.formula, invented_for_question = EXCLUDED.invented_for_question, semantic_type_iri = EXCLUDED.semantic_type_iri;

INSERT INTO rulebook_fields (rulebook_field_id, target_table, field_name, field_type, datatype, formula, invented_for_question, semantic_type_iri)
VALUES ('StepExecutions.HadUninvokedExceptionAvailable', 'StepExecutions', 'HadUninvokedExceptionAvailable', 'calculated', 'boolean', '=AND({{IsLateAndUnexplained}}, {{AvailableExceptionCountForStep}} > 0)', 'q-analyst-my-late-steps-unexplained', 'urn:effortless:pko-extension#RulebookField') ON CONFLICT (rulebook_field_id) DO UPDATE SET target_table = EXCLUDED.target_table, field_name = EXCLUDED.field_name, field_type = EXCLUDED.field_type, datatype = EXCLUDED.datatype, formula = EXCLUDED.formula, invented_for_question = EXCLUDED.invented_for_question, semantic_type_iri = EXCLUDED.semantic_type_iri;

INSERT INTO rulebook_fields (rulebook_field_id, target_table, field_name, field_type, datatype, formula, invented_for_question, semantic_type_iri)
VALUES ('StepExecutions.ExpectedVerificationCount', 'StepExecutions', 'ExpectedVerificationCount', 'lookup', 'number', '=INDEX(Steps!{{DeclaredVerificationCount}}, MATCH({{Step}}, Steps!{{StepId}}, 0))', 'q-analyst-verification-declared-never-performed', 'urn:effortless:pko-extension#RulebookField') ON CONFLICT (rulebook_field_id) DO UPDATE SET target_table = EXCLUDED.target_table, field_name = EXCLUDED.field_name, field_type = EXCLUDED.field_type, datatype = EXCLUDED.datatype, formula = EXCLUDED.formula, invented_for_question = EXCLUDED.invented_for_question, semantic_type_iri = EXCLUDED.semantic_type_iri;

INSERT INTO rulebook_fields (rulebook_field_id, target_table, field_name, field_type, datatype, formula, invented_for_question, semantic_type_iri)
VALUES ('StepExecutions.PerformedVerificationCount', 'StepExecutions', 'PerformedVerificationCount', 'aggregation', 'number', '=COUNTIFS(VerificationOutcomes!{{StepExecution}}, {{StepExecutionId}})', 'q-analyst-verification-declared-never-performed', 'urn:effortless:pko-extension#RulebookField') ON CONFLICT (rulebook_field_id) DO UPDATE SET target_table = EXCLUDED.target_table, field_name = EXCLUDED.field_name, field_type = EXCLUDED.field_type, datatype = EXCLUDED.datatype, formula = EXCLUDED.formula, invented_for_question = EXCLUDED.invented_for_question, semantic_type_iri = EXCLUDED.semantic_type_iri;

INSERT INTO rulebook_fields (rulebook_field_id, target_table, field_name, field_type, datatype, formula, invented_for_question, semantic_type_iri)
VALUES ('StepExecutions.SkippedVerificationCount', 'StepExecutions', 'SkippedVerificationCount', 'calculated', 'number', '={{ExpectedVerificationCount}} - {{PerformedVerificationCount}}', 'q-analyst-verification-declared-never-performed', 'urn:effortless:pko-extension#RulebookField') ON CONFLICT (rulebook_field_id) DO UPDATE SET target_table = EXCLUDED.target_table, field_name = EXCLUDED.field_name, field_type = EXCLUDED.field_type, datatype = EXCLUDED.datatype, formula = EXCLUDED.formula, invented_for_question = EXCLUDED.invented_for_question, semantic_type_iri = EXCLUDED.semantic_type_iri;

INSERT INTO rulebook_fields (rulebook_field_id, target_table, field_name, field_type, datatype, formula, invented_for_question, semantic_type_iri)
VALUES ('StepExecutions.HasSkippedVerification', 'StepExecutions', 'HasSkippedVerification', 'calculated', 'boolean', '={{SkippedVerificationCount}} > 0', 'q-analyst-verification-declared-never-performed', 'urn:effortless:pko-extension#RulebookField') ON CONFLICT (rulebook_field_id) DO UPDATE SET target_table = EXCLUDED.target_table, field_name = EXCLUDED.field_name, field_type = EXCLUDED.field_type, datatype = EXCLUDED.datatype, formula = EXCLUDED.formula, invented_for_question = EXCLUDED.invented_for_question, semantic_type_iri = EXCLUDED.semantic_type_iri;

INSERT INTO rulebook_fields (rulebook_field_id, target_table, field_name, field_type, datatype, formula, invented_for_question, semantic_type_iri)
VALUES ('StepExecutions.ClaimsPassWithoutEvidence', 'StepExecutions', 'ClaimsPassWithoutEvidence', 'calculated', 'boolean', '=AND({{VerificationResult}} = "PASS", {{HasSkippedVerification}})', 'q-analyst-verification-declared-never-performed', 'urn:effortless:pko-extension#RulebookField') ON CONFLICT (rulebook_field_id) DO UPDATE SET target_table = EXCLUDED.target_table, field_name = EXCLUDED.field_name, field_type = EXCLUDED.field_type, datatype = EXCLUDED.datatype, formula = EXCLUDED.formula, invented_for_question = EXCLUDED.invented_for_question, semantic_type_iri = EXCLUDED.semantic_type_iri;

INSERT INTO rulebook_fields (rulebook_field_id, target_table, field_name, field_type, datatype, formula, invented_for_question, semantic_type_iri)
VALUES ('StepExecutions.StepIsPreparation', 'StepExecutions', 'StepIsPreparation', 'lookup', 'boolean', '=INDEX(Steps!{{IsPreparationStep}}, MATCH({{Step}}, Steps!{{StepId}}, 0))', 'q-controller-separation-of-duties', 'urn:effortless:pko-extension#RulebookField') ON CONFLICT (rulebook_field_id) DO UPDATE SET target_table = EXCLUDED.target_table, field_name = EXCLUDED.field_name, field_type = EXCLUDED.field_type, datatype = EXCLUDED.datatype, formula = EXCLUDED.formula, invented_for_question = EXCLUDED.invented_for_question, semantic_type_iri = EXCLUDED.semantic_type_iri;

INSERT INTO rulebook_fields (rulebook_field_id, target_table, field_name, field_type, datatype, formula, invented_for_question, semantic_type_iri)
VALUES ('StepExecutions.StepIsApproval', 'StepExecutions', 'StepIsApproval', 'lookup', 'boolean', '=INDEX(Steps!{{IsApprovalStep}}, MATCH({{Step}}, Steps!{{StepId}}, 0))', 'q-controller-separation-of-duties', 'urn:effortless:pko-extension#RulebookField') ON CONFLICT (rulebook_field_id) DO UPDATE SET target_table = EXCLUDED.target_table, field_name = EXCLUDED.field_name, field_type = EXCLUDED.field_type, datatype = EXCLUDED.datatype, formula = EXCLUDED.formula, invented_for_question = EXCLUDED.invented_for_question, semantic_type_iri = EXCLUDED.semantic_type_iri;

INSERT INTO rulebook_fields (rulebook_field_id, target_table, field_name, field_type, datatype, formula, invented_for_question, semantic_type_iri)
VALUES ('StepExecutions.PreparerAgentKey', 'StepExecutions', 'PreparerAgentKey', 'calculated', 'string', '=IF({{StepIsPreparation}}, {{ProcedureExecution}} & "|" & {{ExecutedByAgent}}, "")', 'q-controller-separation-of-duties', 'urn:effortless:pko-extension#RulebookField') ON CONFLICT (rulebook_field_id) DO UPDATE SET target_table = EXCLUDED.target_table, field_name = EXCLUDED.field_name, field_type = EXCLUDED.field_type, datatype = EXCLUDED.datatype, formula = EXCLUDED.formula, invented_for_question = EXCLUDED.invented_for_question, semantic_type_iri = EXCLUDED.semantic_type_iri;

INSERT INTO rulebook_fields (rulebook_field_id, target_table, field_name, field_type, datatype, formula, invented_for_question, semantic_type_iri)
VALUES ('StepExecutions.ApproverAgentKey', 'StepExecutions', 'ApproverAgentKey', 'calculated', 'string', '=IF({{StepIsApproval}}, {{ProcedureExecution}} & "|" & {{ExecutedByAgent}}, "")', 'q-controller-separation-of-duties', 'urn:effortless:pko-extension#RulebookField') ON CONFLICT (rulebook_field_id) DO UPDATE SET target_table = EXCLUDED.target_table, field_name = EXCLUDED.field_name, field_type = EXCLUDED.field_type, datatype = EXCLUDED.datatype, formula = EXCLUDED.formula, invented_for_question = EXCLUDED.invented_for_question, semantic_type_iri = EXCLUDED.semantic_type_iri;

INSERT INTO rulebook_fields (rulebook_field_id, target_table, field_name, field_type, datatype, formula, invented_for_question, semantic_type_iri)
VALUES ('StepExecutions.PreparedByThisAgentCount', 'StepExecutions', 'PreparedByThisAgentCount', 'aggregation', 'number', '=COUNTIFS(StepExecutions!{{PreparerAgentKey}}, {{ApproverAgentKey}})', 'q-controller-separation-of-duties', 'urn:effortless:pko-extension#RulebookField') ON CONFLICT (rulebook_field_id) DO UPDATE SET target_table = EXCLUDED.target_table, field_name = EXCLUDED.field_name, field_type = EXCLUDED.field_type, datatype = EXCLUDED.datatype, formula = EXCLUDED.formula, invented_for_question = EXCLUDED.invented_for_question, semantic_type_iri = EXCLUDED.semantic_type_iri;

INSERT INTO rulebook_fields (rulebook_field_id, target_table, field_name, field_type, datatype, formula, invented_for_question, semantic_type_iri)
VALUES ('StepExecutions.ViolatesSeparationOfDuties', 'StepExecutions', 'ViolatesSeparationOfDuties', 'calculated', 'boolean', '=AND({{StepIsApproval}}, {{PreparedByThisAgentCount}} > 0)', 'q-controller-separation-of-duties', 'urn:effortless:pko-extension#RulebookField') ON CONFLICT (rulebook_field_id) DO UPDATE SET target_table = EXCLUDED.target_table, field_name = EXCLUDED.field_name, field_type = EXCLUDED.field_type, datatype = EXCLUDED.datatype, formula = EXCLUDED.formula, invented_for_question = EXCLUDED.invented_for_question, semantic_type_iri = EXCLUDED.semantic_type_iri;

INSERT INTO rulebook_fields (rulebook_field_id, target_table, field_name, field_type, datatype, formula, invented_for_question, semantic_type_iri)
VALUES ('StepExecutions.RequiredRoleForStep', 'StepExecutions', 'RequiredRoleForStep', 'lookup', 'string', '=INDEX(Steps!{{AssignedRole}}, MATCH({{Step}}, Steps!{{StepId}}, 0))', 'q-controller-approval-authority-valid', 'urn:effortless:pko-extension#RulebookField') ON CONFLICT (rulebook_field_id) DO UPDATE SET target_table = EXCLUDED.target_table, field_name = EXCLUDED.field_name, field_type = EXCLUDED.field_type, datatype = EXCLUDED.datatype, formula = EXCLUDED.formula, invented_for_question = EXCLUDED.invented_for_question, semantic_type_iri = EXCLUDED.semantic_type_iri;

INSERT INTO rulebook_fields (rulebook_field_id, target_table, field_name, field_type, datatype, formula, invented_for_question, semantic_type_iri)
VALUES ('StepExecutions.ExecutorRoleKey', 'StepExecutions', 'ExecutorRoleKey', 'calculated', 'string', '={{ExecutedByAgent}} & "|" & {{RequiredRoleForStep}}', 'q-controller-approval-authority-valid', 'urn:effortless:pko-extension#RulebookField') ON CONFLICT (rulebook_field_id) DO UPDATE SET target_table = EXCLUDED.target_table, field_name = EXCLUDED.field_name, field_type = EXCLUDED.field_type, datatype = EXCLUDED.datatype, formula = EXCLUDED.formula, invented_for_question = EXCLUDED.invented_for_question, semantic_type_iri = EXCLUDED.semantic_type_iri;

INSERT INTO rulebook_fields (rulebook_field_id, target_table, field_name, field_type, datatype, formula, invented_for_question, semantic_type_iri)
VALUES ('StepExecutions.ExecutorAuthorityCount', 'StepExecutions', 'ExecutorAuthorityCount', 'aggregation', 'number', '=COUNTIFS(RoleAssignments!{{AgentRoleKey}}, {{ExecutorRoleKey}})', 'q-controller-approval-authority-valid', 'urn:effortless:pko-extension#RulebookField') ON CONFLICT (rulebook_field_id) DO UPDATE SET target_table = EXCLUDED.target_table, field_name = EXCLUDED.field_name, field_type = EXCLUDED.field_type, datatype = EXCLUDED.datatype, formula = EXCLUDED.formula, invented_for_question = EXCLUDED.invented_for_question, semantic_type_iri = EXCLUDED.semantic_type_iri;

INSERT INTO rulebook_fields (rulebook_field_id, target_table, field_name, field_type, datatype, formula, invented_for_question, semantic_type_iri)
VALUES ('StepExecutions.ExecutorHeldRequiredRole', 'StepExecutions', 'ExecutorHeldRequiredRole', 'calculated', 'boolean', '={{ExecutorAuthorityCount}} > 0', 'q-controller-approval-authority-valid', 'urn:effortless:pko-extension#RulebookField') ON CONFLICT (rulebook_field_id) DO UPDATE SET target_table = EXCLUDED.target_table, field_name = EXCLUDED.field_name, field_type = EXCLUDED.field_type, datatype = EXCLUDED.datatype, formula = EXCLUDED.formula, invented_for_question = EXCLUDED.invented_for_question, semantic_type_iri = EXCLUDED.semantic_type_iri;

INSERT INTO rulebook_fields (rulebook_field_id, target_table, field_name, field_type, datatype, formula, invented_for_question, semantic_type_iri)
VALUES ('StepExecutions.IsUnauthorizedApproval', 'StepExecutions', 'IsUnauthorizedApproval', 'calculated', 'boolean', '=AND({{StepIsApproval}}, NOT({{ExecutorHeldRequiredRole}}))', 'q-controller-approval-authority-valid', 'urn:effortless:pko-extension#RulebookField') ON CONFLICT (rulebook_field_id) DO UPDATE SET target_table = EXCLUDED.target_table, field_name = EXCLUDED.field_name, field_type = EXCLUDED.field_type, datatype = EXCLUDED.datatype, formula = EXCLUDED.formula, invented_for_question = EXCLUDED.invented_for_question, semantic_type_iri = EXCLUDED.semantic_type_iri;

INSERT INTO rulebook_fields (rulebook_field_id, target_table, field_name, field_type, datatype, formula, invented_for_question, semantic_type_iri)
VALUES ('StepExecutions.CompletedExecutionKey', 'StepExecutions', 'CompletedExecutionKey', 'calculated', 'string', '=IF({{ExecutionStatus}} = "Completed", {{ProcedureExecution}}, "")', 'q-controller-execution-diverged-from-spec', 'urn:effortless:pko-extension#RulebookField') ON CONFLICT (rulebook_field_id) DO UPDATE SET target_table = EXCLUDED.target_table, field_name = EXCLUDED.field_name, field_type = EXCLUDED.field_type, datatype = EXCLUDED.datatype, formula = EXCLUDED.formula, invented_for_question = EXCLUDED.invented_for_question, semantic_type_iri = EXCLUDED.semantic_type_iri;

INSERT INTO rulebook_fields (rulebook_field_id, target_table, field_name, field_type, datatype, formula, invented_for_question, semantic_type_iri)
VALUES ('StepExecutions.ControlBreachExecutionKey', 'StepExecutions', 'ControlBreachExecutionKey', 'calculated', 'string', '=IF(OR({{ProceededPastBlockingControl}}, {{ViolatesSeparationOfDuties}}, {{IsUnauthorizedApproval}}, {{ClaimsPassWithoutEvidence}}), {{ProcedureExecution}}, "")', 'q-controller-execution-diverged-from-spec', 'urn:effortless:pko-extension#RulebookField') ON CONFLICT (rulebook_field_id) DO UPDATE SET target_table = EXCLUDED.target_table, field_name = EXCLUDED.field_name, field_type = EXCLUDED.field_type, datatype = EXCLUDED.datatype, formula = EXCLUDED.formula, invented_for_question = EXCLUDED.invented_for_question, semantic_type_iri = EXCLUDED.semantic_type_iri;

INSERT INTO rulebook_fields (rulebook_field_id, target_table, field_name, field_type, datatype, formula, invented_for_question, semantic_type_iri)
VALUES ('StepExecutions.LateExecutionKey', 'StepExecutions', 'LateExecutionKey', 'calculated', 'string', '=IF({{IsLate}}, {{ProcedureExecution}}, "")', 'q-controller-execution-diverged-from-spec', 'urn:effortless:pko-extension#RulebookField') ON CONFLICT (rulebook_field_id) DO UPDATE SET target_table = EXCLUDED.target_table, field_name = EXCLUDED.field_name, field_type = EXCLUDED.field_type, datatype = EXCLUDED.datatype, formula = EXCLUDED.formula, invented_for_question = EXCLUDED.invented_for_question, semantic_type_iri = EXCLUDED.semantic_type_iri;

INSERT INTO rulebook_fields (rulebook_field_id, target_table, field_name, field_type, datatype, formula, invented_for_question, semantic_type_iri)
VALUES ('StepExecutions.ExecutorAgentKind', 'StepExecutions', 'ExecutorAgentKind', 'lookup', 'string', '=INDEX(Agents!{{AgentKind}}, MATCH({{ExecutedByAgent}}, Agents!{{AgentId}}, 0))', 'q-controller-ai-agent-approved-meaning', 'urn:effortless:pko-extension#RulebookField') ON CONFLICT (rulebook_field_id) DO UPDATE SET target_table = EXCLUDED.target_table, field_name = EXCLUDED.field_name, field_type = EXCLUDED.field_type, datatype = EXCLUDED.datatype, formula = EXCLUDED.formula, invented_for_question = EXCLUDED.invented_for_question, semantic_type_iri = EXCLUDED.semantic_type_iri;

INSERT INTO rulebook_fields (rulebook_field_id, target_table, field_name, field_type, datatype, formula, invented_for_question, semantic_type_iri)
VALUES ('StepExecutions.ExecutorIsHuman', 'StepExecutions', 'ExecutorIsHuman', 'calculated', 'boolean', '={{ExecutorAgentKind}} = "Human"', 'q-controller-ai-agent-approved-meaning', 'urn:effortless:pko-extension#RulebookField') ON CONFLICT (rulebook_field_id) DO UPDATE SET target_table = EXCLUDED.target_table, field_name = EXCLUDED.field_name, field_type = EXCLUDED.field_type, datatype = EXCLUDED.datatype, formula = EXCLUDED.formula, invented_for_question = EXCLUDED.invented_for_question, semantic_type_iri = EXCLUDED.semantic_type_iri;

INSERT INTO rulebook_fields (rulebook_field_id, target_table, field_name, field_type, datatype, formula, invented_for_question, semantic_type_iri)
VALUES ('StepExecutions.StepRequiresHumanConfirmation', 'StepExecutions', 'StepRequiresHumanConfirmation', 'lookup', 'boolean', '=INDEX(Steps!{{RequiresHumanConfirmation}}, MATCH({{Step}}, Steps!{{StepId}}, 0))', 'q-controller-ai-agent-approved-meaning', 'urn:effortless:pko-extension#RulebookField') ON CONFLICT (rulebook_field_id) DO UPDATE SET target_table = EXCLUDED.target_table, field_name = EXCLUDED.field_name, field_type = EXCLUDED.field_type, datatype = EXCLUDED.datatype, formula = EXCLUDED.formula, invented_for_question = EXCLUDED.invented_for_question, semantic_type_iri = EXCLUDED.semantic_type_iri;

INSERT INTO rulebook_fields (rulebook_field_id, target_table, field_name, field_type, datatype, formula, invented_for_question, semantic_type_iri)
VALUES ('StepExecutions.NonHumanRanHumanStep', 'StepExecutions', 'NonHumanRanHumanStep', 'calculated', 'boolean', '=AND({{StepRequiresHumanConfirmation}}, NOT({{ExecutorIsHuman}}))', 'q-controller-ai-agent-approved-meaning', 'urn:effortless:pko-extension#RulebookField') ON CONFLICT (rulebook_field_id) DO UPDATE SET target_table = EXCLUDED.target_table, field_name = EXCLUDED.field_name, field_type = EXCLUDED.field_type, datatype = EXCLUDED.datatype, formula = EXCLUDED.formula, invented_for_question = EXCLUDED.invented_for_question, semantic_type_iri = EXCLUDED.semantic_type_iri;

INSERT INTO rulebook_fields (rulebook_field_id, target_table, field_name, field_type, datatype, formula, invented_for_question, semantic_type_iri)
VALUES ('StepExecutions.NonHumanApproval', 'StepExecutions', 'NonHumanApproval', 'calculated', 'boolean', '=AND({{StepIsApproval}}, NOT({{ExecutorIsHuman}}))', 'q-controller-ai-agent-approved-meaning', 'urn:effortless:pko-extension#RulebookField') ON CONFLICT (rulebook_field_id) DO UPDATE SET target_table = EXCLUDED.target_table, field_name = EXCLUDED.field_name, field_type = EXCLUDED.field_type, datatype = EXCLUDED.datatype, formula = EXCLUDED.formula, invented_for_question = EXCLUDED.invented_for_question, semantic_type_iri = EXCLUDED.semantic_type_iri;

INSERT INTO rulebook_fields (rulebook_field_id, target_table, field_name, field_type, datatype, formula, invented_for_question, semantic_type_iri)
VALUES ('StepExecutions.SemanticTypeIri', 'StepExecutions', 'SemanticTypeIri', 'raw', 'string', NULL, NULL, 'urn:effortless:pko-extension#RulebookField') ON CONFLICT (rulebook_field_id) DO UPDATE SET target_table = EXCLUDED.target_table, field_name = EXCLUDED.field_name, field_type = EXCLUDED.field_type, datatype = EXCLUDED.datatype, formula = EXCLUDED.formula, invented_for_question = EXCLUDED.invented_for_question, semantic_type_iri = EXCLUDED.semantic_type_iri;

INSERT INTO rulebook_fields (rulebook_field_id, target_table, field_name, field_type, datatype, formula, invented_for_question, semantic_type_iri)
VALUES ('RequirementSatisfactions.RequirementSatisfactionId', 'RequirementSatisfactions', 'RequirementSatisfactionId', 'raw', 'string', NULL, NULL, 'urn:effortless:pko-extension#RulebookField') ON CONFLICT (rulebook_field_id) DO UPDATE SET target_table = EXCLUDED.target_table, field_name = EXCLUDED.field_name, field_type = EXCLUDED.field_type, datatype = EXCLUDED.datatype, formula = EXCLUDED.formula, invented_for_question = EXCLUDED.invented_for_question, semantic_type_iri = EXCLUDED.semantic_type_iri;

INSERT INTO rulebook_fields (rulebook_field_id, target_table, field_name, field_type, datatype, formula, invented_for_question, semantic_type_iri)
VALUES ('RequirementSatisfactions.Name', 'RequirementSatisfactions', 'Name', 'calculated', 'string', '={{Requirement}} & " / " & {{SatisfactionLevel}}', NULL, 'urn:effortless:pko-extension#RulebookField') ON CONFLICT (rulebook_field_id) DO UPDATE SET target_table = EXCLUDED.target_table, field_name = EXCLUDED.field_name, field_type = EXCLUDED.field_type, datatype = EXCLUDED.datatype, formula = EXCLUDED.formula, invented_for_question = EXCLUDED.invented_for_question, semantic_type_iri = EXCLUDED.semantic_type_iri;

INSERT INTO rulebook_fields (rulebook_field_id, target_table, field_name, field_type, datatype, formula, invented_for_question, semantic_type_iri)
VALUES ('RequirementSatisfactions.StepExecution', 'RequirementSatisfactions', 'StepExecution', 'relationship', 'string', NULL, NULL, 'urn:effortless:pko-extension#RulebookField') ON CONFLICT (rulebook_field_id) DO UPDATE SET target_table = EXCLUDED.target_table, field_name = EXCLUDED.field_name, field_type = EXCLUDED.field_type, datatype = EXCLUDED.datatype, formula = EXCLUDED.formula, invented_for_question = EXCLUDED.invented_for_question, semantic_type_iri = EXCLUDED.semantic_type_iri;

INSERT INTO rulebook_fields (rulebook_field_id, target_table, field_name, field_type, datatype, formula, invented_for_question, semantic_type_iri)
VALUES ('RequirementSatisfactions.Requirement', 'RequirementSatisfactions', 'Requirement', 'relationship', 'string', NULL, NULL, 'urn:effortless:pko-extension#RulebookField') ON CONFLICT (rulebook_field_id) DO UPDATE SET target_table = EXCLUDED.target_table, field_name = EXCLUDED.field_name, field_type = EXCLUDED.field_type, datatype = EXCLUDED.datatype, formula = EXCLUDED.formula, invented_for_question = EXCLUDED.invented_for_question, semantic_type_iri = EXCLUDED.semantic_type_iri;

INSERT INTO rulebook_fields (rulebook_field_id, target_table, field_name, field_type, datatype, formula, invented_for_question, semantic_type_iri)
VALUES ('RequirementSatisfactions.SatisfactionLevel', 'RequirementSatisfactions', 'SatisfactionLevel', 'raw', 'string', NULL, NULL, 'urn:effortless:pko-extension#RulebookField') ON CONFLICT (rulebook_field_id) DO UPDATE SET target_table = EXCLUDED.target_table, field_name = EXCLUDED.field_name, field_type = EXCLUDED.field_type, datatype = EXCLUDED.datatype, formula = EXCLUDED.formula, invented_for_question = EXCLUDED.invented_for_question, semantic_type_iri = EXCLUDED.semantic_type_iri;

INSERT INTO rulebook_fields (rulebook_field_id, target_table, field_name, field_type, datatype, formula, invented_for_question, semantic_type_iri)
VALUES ('RequirementSatisfactions.Evidence', 'RequirementSatisfactions', 'Evidence', 'raw', 'string', NULL, NULL, 'urn:effortless:pko-extension#RulebookField') ON CONFLICT (rulebook_field_id) DO UPDATE SET target_table = EXCLUDED.target_table, field_name = EXCLUDED.field_name, field_type = EXCLUDED.field_type, datatype = EXCLUDED.datatype, formula = EXCLUDED.formula, invented_for_question = EXCLUDED.invented_for_question, semantic_type_iri = EXCLUDED.semantic_type_iri;

INSERT INTO rulebook_fields (rulebook_field_id, target_table, field_name, field_type, datatype, formula, invented_for_question, semantic_type_iri)
VALUES ('RequirementSatisfactions.EvaluatedByAgent', 'RequirementSatisfactions', 'EvaluatedByAgent', 'relationship', 'string', NULL, NULL, 'urn:effortless:pko-extension#RulebookField') ON CONFLICT (rulebook_field_id) DO UPDATE SET target_table = EXCLUDED.target_table, field_name = EXCLUDED.field_name, field_type = EXCLUDED.field_type, datatype = EXCLUDED.datatype, formula = EXCLUDED.formula, invented_for_question = EXCLUDED.invented_for_question, semantic_type_iri = EXCLUDED.semantic_type_iri;

INSERT INTO rulebook_fields (rulebook_field_id, target_table, field_name, field_type, datatype, formula, invented_for_question, semantic_type_iri)
VALUES ('RequirementSatisfactions.EvaluatedAt', 'RequirementSatisfactions', 'EvaluatedAt', 'raw', 'datetime', NULL, NULL, 'urn:effortless:pko-extension#RulebookField') ON CONFLICT (rulebook_field_id) DO UPDATE SET target_table = EXCLUDED.target_table, field_name = EXCLUDED.field_name, field_type = EXCLUDED.field_type, datatype = EXCLUDED.datatype, formula = EXCLUDED.formula, invented_for_question = EXCLUDED.invented_for_question, semantic_type_iri = EXCLUDED.semantic_type_iri;

INSERT INTO rulebook_fields (rulebook_field_id, target_table, field_name, field_type, datatype, formula, invented_for_question, semantic_type_iri)
VALUES ('RequirementSatisfactions.RequirementIsBlocking', 'RequirementSatisfactions', 'RequirementIsBlocking', 'lookup', 'boolean', '=INDEX(Requirements!{{IsBlocking}}, MATCH({{Requirement}}, Requirements!{{RequirementId}}, 0))', 'q-analyst-blocking-unmet-on-my-step', 'urn:effortless:pko-extension#RulebookField') ON CONFLICT (rulebook_field_id) DO UPDATE SET target_table = EXCLUDED.target_table, field_name = EXCLUDED.field_name, field_type = EXCLUDED.field_type, datatype = EXCLUDED.datatype, formula = EXCLUDED.formula, invented_for_question = EXCLUDED.invented_for_question, semantic_type_iri = EXCLUDED.semantic_type_iri;

INSERT INTO rulebook_fields (rulebook_field_id, target_table, field_name, field_type, datatype, formula, invented_for_question, semantic_type_iri)
VALUES ('RequirementSatisfactions.IsFullySatisfied', 'RequirementSatisfactions', 'IsFullySatisfied', 'calculated', 'boolean', '={{SatisfactionLevel}} = "Satisfied"', 'q-analyst-blocking-unmet-on-my-step', 'urn:effortless:pko-extension#RulebookField') ON CONFLICT (rulebook_field_id) DO UPDATE SET target_table = EXCLUDED.target_table, field_name = EXCLUDED.field_name, field_type = EXCLUDED.field_type, datatype = EXCLUDED.datatype, formula = EXCLUDED.formula, invented_for_question = EXCLUDED.invented_for_question, semantic_type_iri = EXCLUDED.semantic_type_iri;

INSERT INTO rulebook_fields (rulebook_field_id, target_table, field_name, field_type, datatype, formula, invented_for_question, semantic_type_iri)
VALUES ('RequirementSatisfactions.IsBlockingAndUnmet', 'RequirementSatisfactions', 'IsBlockingAndUnmet', 'calculated', 'boolean', '=AND({{RequirementIsBlocking}}, NOT({{IsFullySatisfied}}))', 'q-analyst-blocking-unmet-on-my-step', 'urn:effortless:pko-extension#RulebookField') ON CONFLICT (rulebook_field_id) DO UPDATE SET target_table = EXCLUDED.target_table, field_name = EXCLUDED.field_name, field_type = EXCLUDED.field_type, datatype = EXCLUDED.datatype, formula = EXCLUDED.formula, invented_for_question = EXCLUDED.invented_for_question, semantic_type_iri = EXCLUDED.semantic_type_iri;

INSERT INTO rulebook_fields (rulebook_field_id, target_table, field_name, field_type, datatype, formula, invented_for_question, semantic_type_iri)
VALUES ('RequirementSatisfactions.BlockingUnmetStepKey', 'RequirementSatisfactions', 'BlockingUnmetStepKey', 'calculated', 'string', '=IF({{IsBlockingAndUnmet}}, {{StepExecution}}, "")', 'q-analyst-blocking-unmet-on-my-step', 'urn:effortless:pko-extension#RulebookField') ON CONFLICT (rulebook_field_id) DO UPDATE SET target_table = EXCLUDED.target_table, field_name = EXCLUDED.field_name, field_type = EXCLUDED.field_type, datatype = EXCLUDED.datatype, formula = EXCLUDED.formula, invented_for_question = EXCLUDED.invented_for_question, semantic_type_iri = EXCLUDED.semantic_type_iri;

INSERT INTO rulebook_fields (rulebook_field_id, target_table, field_name, field_type, datatype, formula, invented_for_question, semantic_type_iri)
VALUES ('RequirementSatisfactions.BlockingSatisfactionStepKey', 'RequirementSatisfactions', 'BlockingSatisfactionStepKey', 'calculated', 'string', '=IF({{RequirementIsBlocking}}, {{StepExecution}}, "")', 'q-analyst-blocking-never-evaluated', 'urn:effortless:pko-extension#RulebookField') ON CONFLICT (rulebook_field_id) DO UPDATE SET target_table = EXCLUDED.target_table, field_name = EXCLUDED.field_name, field_type = EXCLUDED.field_type, datatype = EXCLUDED.datatype, formula = EXCLUDED.formula, invented_for_question = EXCLUDED.invented_for_question, semantic_type_iri = EXCLUDED.semantic_type_iri;

INSERT INTO rulebook_fields (rulebook_field_id, target_table, field_name, field_type, datatype, formula, invented_for_question, semantic_type_iri)
VALUES ('RequirementSatisfactions.NegativeOutcomeRequirementKey', 'RequirementSatisfactions', 'NegativeOutcomeRequirementKey', 'calculated', 'string', '=IF(NOT({{IsFullySatisfied}}), {{Requirement}}, "")', 'q-controller-blocking-control-inoperative', 'urn:effortless:pko-extension#RulebookField') ON CONFLICT (rulebook_field_id) DO UPDATE SET target_table = EXCLUDED.target_table, field_name = EXCLUDED.field_name, field_type = EXCLUDED.field_type, datatype = EXCLUDED.datatype, formula = EXCLUDED.formula, invented_for_question = EXCLUDED.invented_for_question, semantic_type_iri = EXCLUDED.semantic_type_iri;

INSERT INTO rulebook_fields (rulebook_field_id, target_table, field_name, field_type, datatype, formula, invented_for_question, semantic_type_iri)
VALUES ('RequirementSatisfactions.EvaluatorAgentKind', 'RequirementSatisfactions', 'EvaluatorAgentKind', 'lookup', 'string', '=INDEX(Agents!{{AgentKind}}, MATCH({{EvaluatedByAgent}}, Agents!{{AgentId}}, 0))', 'q-controller-ai-agent-approved-meaning', 'urn:effortless:pko-extension#RulebookField') ON CONFLICT (rulebook_field_id) DO UPDATE SET target_table = EXCLUDED.target_table, field_name = EXCLUDED.field_name, field_type = EXCLUDED.field_type, datatype = EXCLUDED.datatype, formula = EXCLUDED.formula, invented_for_question = EXCLUDED.invented_for_question, semantic_type_iri = EXCLUDED.semantic_type_iri;

INSERT INTO rulebook_fields (rulebook_field_id, target_table, field_name, field_type, datatype, formula, invented_for_question, semantic_type_iri)
VALUES ('RequirementSatisfactions.NonHumanEvaluatedHumanControl', 'RequirementSatisfactions', 'NonHumanEvaluatedHumanControl', 'calculated', 'boolean', '=AND({{RequirementIsBlocking}}, {{EvaluatorAgentKind}} <> "Human")', 'q-controller-ai-agent-approved-meaning', 'urn:effortless:pko-extension#RulebookField') ON CONFLICT (rulebook_field_id) DO UPDATE SET target_table = EXCLUDED.target_table, field_name = EXCLUDED.field_name, field_type = EXCLUDED.field_type, datatype = EXCLUDED.datatype, formula = EXCLUDED.formula, invented_for_question = EXCLUDED.invented_for_question, semantic_type_iri = EXCLUDED.semantic_type_iri;

INSERT INTO rulebook_fields (rulebook_field_id, target_table, field_name, field_type, datatype, formula, invented_for_question, semantic_type_iri)
VALUES ('RequirementSatisfactions.SemanticTypeIri', 'RequirementSatisfactions', 'SemanticTypeIri', 'raw', 'string', NULL, NULL, 'urn:effortless:pko-extension#RulebookField') ON CONFLICT (rulebook_field_id) DO UPDATE SET target_table = EXCLUDED.target_table, field_name = EXCLUDED.field_name, field_type = EXCLUDED.field_type, datatype = EXCLUDED.datatype, formula = EXCLUDED.formula, invented_for_question = EXCLUDED.invented_for_question, semantic_type_iri = EXCLUDED.semantic_type_iri;

INSERT INTO rulebook_fields (rulebook_field_id, target_table, field_name, field_type, datatype, formula, invented_for_question, semantic_type_iri)
VALUES ('Errors.ErrorId', 'Errors', 'ErrorId', 'raw', 'string', NULL, NULL, 'urn:effortless:pko-extension#RulebookField') ON CONFLICT (rulebook_field_id) DO UPDATE SET target_table = EXCLUDED.target_table, field_name = EXCLUDED.field_name, field_type = EXCLUDED.field_type, datatype = EXCLUDED.datatype, formula = EXCLUDED.formula, invented_for_question = EXCLUDED.invented_for_question, semantic_type_iri = EXCLUDED.semantic_type_iri;

INSERT INTO rulebook_fields (rulebook_field_id, target_table, field_name, field_type, datatype, formula, invented_for_question, semantic_type_iri)
VALUES ('Errors.Name', 'Errors', 'Name', 'calculated', 'string', '={{ErrorCode}} & " - " & {{Label}}', NULL, 'urn:effortless:pko-extension#RulebookField') ON CONFLICT (rulebook_field_id) DO UPDATE SET target_table = EXCLUDED.target_table, field_name = EXCLUDED.field_name, field_type = EXCLUDED.field_type, datatype = EXCLUDED.datatype, formula = EXCLUDED.formula, invented_for_question = EXCLUDED.invented_for_question, semantic_type_iri = EXCLUDED.semantic_type_iri;

INSERT INTO rulebook_fields (rulebook_field_id, target_table, field_name, field_type, datatype, formula, invented_for_question, semantic_type_iri)
VALUES ('Errors.Label', 'Errors', 'Label', 'raw', 'string', NULL, NULL, 'urn:effortless:pko-extension#RulebookField') ON CONFLICT (rulebook_field_id) DO UPDATE SET target_table = EXCLUDED.target_table, field_name = EXCLUDED.field_name, field_type = EXCLUDED.field_type, datatype = EXCLUDED.datatype, formula = EXCLUDED.formula, invented_for_question = EXCLUDED.invented_for_question, semantic_type_iri = EXCLUDED.semantic_type_iri;

INSERT INTO rulebook_fields (rulebook_field_id, target_table, field_name, field_type, datatype, formula, invented_for_question, semantic_type_iri)
VALUES ('Errors.ErrorCode', 'Errors', 'ErrorCode', 'raw', 'string', NULL, NULL, 'urn:effortless:pko-extension#RulebookField') ON CONFLICT (rulebook_field_id) DO UPDATE SET target_table = EXCLUDED.target_table, field_name = EXCLUDED.field_name, field_type = EXCLUDED.field_type, datatype = EXCLUDED.datatype, formula = EXCLUDED.formula, invented_for_question = EXCLUDED.invented_for_question, semantic_type_iri = EXCLUDED.semantic_type_iri;

INSERT INTO rulebook_fields (rulebook_field_id, target_table, field_name, field_type, datatype, formula, invented_for_question, semantic_type_iri)
VALUES ('Errors.ErrorCause', 'Errors', 'ErrorCause', 'raw', 'string', NULL, NULL, 'urn:effortless:pko-extension#RulebookField') ON CONFLICT (rulebook_field_id) DO UPDATE SET target_table = EXCLUDED.target_table, field_name = EXCLUDED.field_name, field_type = EXCLUDED.field_type, datatype = EXCLUDED.datatype, formula = EXCLUDED.formula, invented_for_question = EXCLUDED.invented_for_question, semantic_type_iri = EXCLUDED.semantic_type_iri;

INSERT INTO rulebook_fields (rulebook_field_id, target_table, field_name, field_type, datatype, formula, invented_for_question, semantic_type_iri)
VALUES ('Errors.SemanticTypeIri', 'Errors', 'SemanticTypeIri', 'raw', 'string', NULL, NULL, 'urn:effortless:pko-extension#RulebookField') ON CONFLICT (rulebook_field_id) DO UPDATE SET target_table = EXCLUDED.target_table, field_name = EXCLUDED.field_name, field_type = EXCLUDED.field_type, datatype = EXCLUDED.datatype, formula = EXCLUDED.formula, invented_for_question = EXCLUDED.invented_for_question, semantic_type_iri = EXCLUDED.semantic_type_iri;

INSERT INTO rulebook_fields (rulebook_field_id, target_table, field_name, field_type, datatype, formula, invented_for_question, semantic_type_iri)
VALUES ('IssueOccurrences.IssueOccurrenceId', 'IssueOccurrences', 'IssueOccurrenceId', 'raw', 'string', NULL, NULL, 'urn:effortless:pko-extension#RulebookField') ON CONFLICT (rulebook_field_id) DO UPDATE SET target_table = EXCLUDED.target_table, field_name = EXCLUDED.field_name, field_type = EXCLUDED.field_type, datatype = EXCLUDED.datatype, formula = EXCLUDED.formula, invented_for_question = EXCLUDED.invented_for_question, semantic_type_iri = EXCLUDED.semantic_type_iri;

INSERT INTO rulebook_fields (rulebook_field_id, target_table, field_name, field_type, datatype, formula, invented_for_question, semantic_type_iri)
VALUES ('IssueOccurrences.Name', 'IssueOccurrences', 'Name', 'calculated', 'string', '={{Error}} & " @ " & {{OccurredAt}}', NULL, 'urn:effortless:pko-extension#RulebookField') ON CONFLICT (rulebook_field_id) DO UPDATE SET target_table = EXCLUDED.target_table, field_name = EXCLUDED.field_name, field_type = EXCLUDED.field_type, datatype = EXCLUDED.datatype, formula = EXCLUDED.formula, invented_for_question = EXCLUDED.invented_for_question, semantic_type_iri = EXCLUDED.semantic_type_iri;

INSERT INTO rulebook_fields (rulebook_field_id, target_table, field_name, field_type, datatype, formula, invented_for_question, semantic_type_iri)
VALUES ('IssueOccurrences.StepExecution', 'IssueOccurrences', 'StepExecution', 'relationship', 'string', NULL, NULL, 'urn:effortless:pko-extension#RulebookField') ON CONFLICT (rulebook_field_id) DO UPDATE SET target_table = EXCLUDED.target_table, field_name = EXCLUDED.field_name, field_type = EXCLUDED.field_type, datatype = EXCLUDED.datatype, formula = EXCLUDED.formula, invented_for_question = EXCLUDED.invented_for_question, semantic_type_iri = EXCLUDED.semantic_type_iri;

INSERT INTO rulebook_fields (rulebook_field_id, target_table, field_name, field_type, datatype, formula, invented_for_question, semantic_type_iri)
VALUES ('IssueOccurrences.Error', 'IssueOccurrences', 'Error', 'relationship', 'string', NULL, NULL, 'urn:effortless:pko-extension#RulebookField') ON CONFLICT (rulebook_field_id) DO UPDATE SET target_table = EXCLUDED.target_table, field_name = EXCLUDED.field_name, field_type = EXCLUDED.field_type, datatype = EXCLUDED.datatype, formula = EXCLUDED.formula, invented_for_question = EXCLUDED.invented_for_question, semantic_type_iri = EXCLUDED.semantic_type_iri;

INSERT INTO rulebook_fields (rulebook_field_id, target_table, field_name, field_type, datatype, formula, invented_for_question, semantic_type_iri)
VALUES ('IssueOccurrences.EncounteredByAgent', 'IssueOccurrences', 'EncounteredByAgent', 'relationship', 'string', NULL, NULL, 'urn:effortless:pko-extension#RulebookField') ON CONFLICT (rulebook_field_id) DO UPDATE SET target_table = EXCLUDED.target_table, field_name = EXCLUDED.field_name, field_type = EXCLUDED.field_type, datatype = EXCLUDED.datatype, formula = EXCLUDED.formula, invented_for_question = EXCLUDED.invented_for_question, semantic_type_iri = EXCLUDED.semantic_type_iri;

INSERT INTO rulebook_fields (rulebook_field_id, target_table, field_name, field_type, datatype, formula, invented_for_question, semantic_type_iri)
VALUES ('IssueOccurrences.OccurredAt', 'IssueOccurrences', 'OccurredAt', 'raw', 'datetime', NULL, NULL, 'urn:effortless:pko-extension#RulebookField') ON CONFLICT (rulebook_field_id) DO UPDATE SET target_table = EXCLUDED.target_table, field_name = EXCLUDED.field_name, field_type = EXCLUDED.field_type, datatype = EXCLUDED.datatype, formula = EXCLUDED.formula, invented_for_question = EXCLUDED.invented_for_question, semantic_type_iri = EXCLUDED.semantic_type_iri;

INSERT INTO rulebook_fields (rulebook_field_id, target_table, field_name, field_type, datatype, formula, invented_for_question, semantic_type_iri)
VALUES ('IssueOccurrences.IssueCause', 'IssueOccurrences', 'IssueCause', 'raw', 'string', NULL, NULL, 'urn:effortless:pko-extension#RulebookField') ON CONFLICT (rulebook_field_id) DO UPDATE SET target_table = EXCLUDED.target_table, field_name = EXCLUDED.field_name, field_type = EXCLUDED.field_type, datatype = EXCLUDED.datatype, formula = EXCLUDED.formula, invented_for_question = EXCLUDED.invented_for_question, semantic_type_iri = EXCLUDED.semantic_type_iri;

INSERT INTO rulebook_fields (rulebook_field_id, target_table, field_name, field_type, datatype, formula, invented_for_question, semantic_type_iri)
VALUES ('IssueOccurrences.IssueSolution', 'IssueOccurrences', 'IssueSolution', 'raw', 'string', NULL, NULL, 'urn:effortless:pko-extension#RulebookField') ON CONFLICT (rulebook_field_id) DO UPDATE SET target_table = EXCLUDED.target_table, field_name = EXCLUDED.field_name, field_type = EXCLUDED.field_type, datatype = EXCLUDED.datatype, formula = EXCLUDED.formula, invented_for_question = EXCLUDED.invented_for_question, semantic_type_iri = EXCLUDED.semantic_type_iri;

INSERT INTO rulebook_fields (rulebook_field_id, target_table, field_name, field_type, datatype, formula, invented_for_question, semantic_type_iri)
VALUES ('IssueOccurrences.Status', 'IssueOccurrences', 'Status', 'raw', 'string', NULL, NULL, 'urn:effortless:pko-extension#RulebookField') ON CONFLICT (rulebook_field_id) DO UPDATE SET target_table = EXCLUDED.target_table, field_name = EXCLUDED.field_name, field_type = EXCLUDED.field_type, datatype = EXCLUDED.datatype, formula = EXCLUDED.formula, invented_for_question = EXCLUDED.invented_for_question, semantic_type_iri = EXCLUDED.semantic_type_iri;

INSERT INTO rulebook_fields (rulebook_field_id, target_table, field_name, field_type, datatype, formula, invented_for_question, semantic_type_iri)
VALUES ('IssueOccurrences.SemanticTypeIri', 'IssueOccurrences', 'SemanticTypeIri', 'raw', 'string', NULL, NULL, 'urn:effortless:pko-extension#RulebookField') ON CONFLICT (rulebook_field_id) DO UPDATE SET target_table = EXCLUDED.target_table, field_name = EXCLUDED.field_name, field_type = EXCLUDED.field_type, datatype = EXCLUDED.datatype, formula = EXCLUDED.formula, invented_for_question = EXCLUDED.invented_for_question, semantic_type_iri = EXCLUDED.semantic_type_iri;

INSERT INTO rulebook_fields (rulebook_field_id, target_table, field_name, field_type, datatype, formula, invented_for_question, semantic_type_iri)
VALUES ('UserQuestions.UserQuestionId', 'UserQuestions', 'UserQuestionId', 'raw', 'string', NULL, NULL, 'urn:effortless:pko-extension#RulebookField') ON CONFLICT (rulebook_field_id) DO UPDATE SET target_table = EXCLUDED.target_table, field_name = EXCLUDED.field_name, field_type = EXCLUDED.field_type, datatype = EXCLUDED.datatype, formula = EXCLUDED.formula, invented_for_question = EXCLUDED.invented_for_question, semantic_type_iri = EXCLUDED.semantic_type_iri;

INSERT INTO rulebook_fields (rulebook_field_id, target_table, field_name, field_type, datatype, formula, invented_for_question, semantic_type_iri)
VALUES ('UserQuestions.Name', 'UserQuestions', 'Name', 'calculated', 'string', '=LEFT({{QuestionText}}, 70)', NULL, 'urn:effortless:pko-extension#RulebookField') ON CONFLICT (rulebook_field_id) DO UPDATE SET target_table = EXCLUDED.target_table, field_name = EXCLUDED.field_name, field_type = EXCLUDED.field_type, datatype = EXCLUDED.datatype, formula = EXCLUDED.formula, invented_for_question = EXCLUDED.invented_for_question, semantic_type_iri = EXCLUDED.semantic_type_iri;

INSERT INTO rulebook_fields (rulebook_field_id, target_table, field_name, field_type, datatype, formula, invented_for_question, semantic_type_iri)
VALUES ('UserQuestions.StepExecution', 'UserQuestions', 'StepExecution', 'relationship', 'string', NULL, NULL, 'urn:effortless:pko-extension#RulebookField') ON CONFLICT (rulebook_field_id) DO UPDATE SET target_table = EXCLUDED.target_table, field_name = EXCLUDED.field_name, field_type = EXCLUDED.field_type, datatype = EXCLUDED.datatype, formula = EXCLUDED.formula, invented_for_question = EXCLUDED.invented_for_question, semantic_type_iri = EXCLUDED.semantic_type_iri;

INSERT INTO rulebook_fields (rulebook_field_id, target_table, field_name, field_type, datatype, formula, invented_for_question, semantic_type_iri)
VALUES ('UserQuestions.AskedByAgent', 'UserQuestions', 'AskedByAgent', 'relationship', 'string', NULL, NULL, 'urn:effortless:pko-extension#RulebookField') ON CONFLICT (rulebook_field_id) DO UPDATE SET target_table = EXCLUDED.target_table, field_name = EXCLUDED.field_name, field_type = EXCLUDED.field_type, datatype = EXCLUDED.datatype, formula = EXCLUDED.formula, invented_for_question = EXCLUDED.invented_for_question, semantic_type_iri = EXCLUDED.semantic_type_iri;

INSERT INTO rulebook_fields (rulebook_field_id, target_table, field_name, field_type, datatype, formula, invented_for_question, semantic_type_iri)
VALUES ('UserQuestions.AskedAt', 'UserQuestions', 'AskedAt', 'raw', 'datetime', NULL, NULL, 'urn:effortless:pko-extension#RulebookField') ON CONFLICT (rulebook_field_id) DO UPDATE SET target_table = EXCLUDED.target_table, field_name = EXCLUDED.field_name, field_type = EXCLUDED.field_type, datatype = EXCLUDED.datatype, formula = EXCLUDED.formula, invented_for_question = EXCLUDED.invented_for_question, semantic_type_iri = EXCLUDED.semantic_type_iri;

INSERT INTO rulebook_fields (rulebook_field_id, target_table, field_name, field_type, datatype, formula, invented_for_question, semantic_type_iri)
VALUES ('UserQuestions.QuestionText', 'UserQuestions', 'QuestionText', 'raw', 'string', NULL, NULL, 'urn:effortless:pko-extension#RulebookField') ON CONFLICT (rulebook_field_id) DO UPDATE SET target_table = EXCLUDED.target_table, field_name = EXCLUDED.field_name, field_type = EXCLUDED.field_type, datatype = EXCLUDED.datatype, formula = EXCLUDED.formula, invented_for_question = EXCLUDED.invented_for_question, semantic_type_iri = EXCLUDED.semantic_type_iri;

INSERT INTO rulebook_fields (rulebook_field_id, target_table, field_name, field_type, datatype, formula, invented_for_question, semantic_type_iri)
VALUES ('UserQuestions.ResolvedByFaq', 'UserQuestions', 'ResolvedByFaq', 'relationship', 'string', NULL, NULL, 'urn:effortless:pko-extension#RulebookField') ON CONFLICT (rulebook_field_id) DO UPDATE SET target_table = EXCLUDED.target_table, field_name = EXCLUDED.field_name, field_type = EXCLUDED.field_type, datatype = EXCLUDED.datatype, formula = EXCLUDED.formula, invented_for_question = EXCLUDED.invented_for_question, semantic_type_iri = EXCLUDED.semantic_type_iri;

INSERT INTO rulebook_fields (rulebook_field_id, target_table, field_name, field_type, datatype, formula, invented_for_question, semantic_type_iri)
VALUES ('UserQuestions.AddressedByResource', 'UserQuestions', 'AddressedByResource', 'relationship', 'string', NULL, NULL, 'urn:effortless:pko-extension#RulebookField') ON CONFLICT (rulebook_field_id) DO UPDATE SET target_table = EXCLUDED.target_table, field_name = EXCLUDED.field_name, field_type = EXCLUDED.field_type, datatype = EXCLUDED.datatype, formula = EXCLUDED.formula, invented_for_question = EXCLUDED.invented_for_question, semantic_type_iri = EXCLUDED.semantic_type_iri;

INSERT INTO rulebook_fields (rulebook_field_id, target_table, field_name, field_type, datatype, formula, invented_for_question, semantic_type_iri)
VALUES ('UserQuestions.Status', 'UserQuestions', 'Status', 'raw', 'string', NULL, NULL, 'urn:effortless:pko-extension#RulebookField') ON CONFLICT (rulebook_field_id) DO UPDATE SET target_table = EXCLUDED.target_table, field_name = EXCLUDED.field_name, field_type = EXCLUDED.field_type, datatype = EXCLUDED.datatype, formula = EXCLUDED.formula, invented_for_question = EXCLUDED.invented_for_question, semantic_type_iri = EXCLUDED.semantic_type_iri;

INSERT INTO rulebook_fields (rulebook_field_id, target_table, field_name, field_type, datatype, formula, invented_for_question, semantic_type_iri)
VALUES ('UserQuestions.SemanticTypeIri', 'UserQuestions', 'SemanticTypeIri', 'raw', 'string', NULL, NULL, 'urn:effortless:pko-extension#RulebookField') ON CONFLICT (rulebook_field_id) DO UPDATE SET target_table = EXCLUDED.target_table, field_name = EXCLUDED.field_name, field_type = EXCLUDED.field_type, datatype = EXCLUDED.datatype, formula = EXCLUDED.formula, invented_for_question = EXCLUDED.invented_for_question, semantic_type_iri = EXCLUDED.semantic_type_iri;

INSERT INTO rulebook_fields (rulebook_field_id, target_table, field_name, field_type, datatype, formula, invented_for_question, semantic_type_iri)
VALUES ('UserFeedback.UserFeedbackId', 'UserFeedback', 'UserFeedbackId', 'raw', 'string', NULL, NULL, 'urn:effortless:pko-extension#RulebookField') ON CONFLICT (rulebook_field_id) DO UPDATE SET target_table = EXCLUDED.target_table, field_name = EXCLUDED.field_name, field_type = EXCLUDED.field_type, datatype = EXCLUDED.datatype, formula = EXCLUDED.formula, invented_for_question = EXCLUDED.invented_for_question, semantic_type_iri = EXCLUDED.semantic_type_iri;

INSERT INTO rulebook_fields (rulebook_field_id, target_table, field_name, field_type, datatype, formula, invented_for_question, semantic_type_iri)
VALUES ('UserFeedback.Name', 'UserFeedback', 'Name', 'calculated', 'string', '={{Disposition}} & ": " & LEFT({{FeedbackText}}, 60)', NULL, 'urn:effortless:pko-extension#RulebookField') ON CONFLICT (rulebook_field_id) DO UPDATE SET target_table = EXCLUDED.target_table, field_name = EXCLUDED.field_name, field_type = EXCLUDED.field_type, datatype = EXCLUDED.datatype, formula = EXCLUDED.formula, invented_for_question = EXCLUDED.invented_for_question, semantic_type_iri = EXCLUDED.semantic_type_iri;

INSERT INTO rulebook_fields (rulebook_field_id, target_table, field_name, field_type, datatype, formula, invented_for_question, semantic_type_iri)
VALUES ('UserFeedback.ProcedureExecution', 'UserFeedback', 'ProcedureExecution', 'relationship', 'string', NULL, NULL, 'urn:effortless:pko-extension#RulebookField') ON CONFLICT (rulebook_field_id) DO UPDATE SET target_table = EXCLUDED.target_table, field_name = EXCLUDED.field_name, field_type = EXCLUDED.field_type, datatype = EXCLUDED.datatype, formula = EXCLUDED.formula, invented_for_question = EXCLUDED.invented_for_question, semantic_type_iri = EXCLUDED.semantic_type_iri;

INSERT INTO rulebook_fields (rulebook_field_id, target_table, field_name, field_type, datatype, formula, invented_for_question, semantic_type_iri)
VALUES ('UserFeedback.ProvidedByAgent', 'UserFeedback', 'ProvidedByAgent', 'relationship', 'string', NULL, NULL, 'urn:effortless:pko-extension#RulebookField') ON CONFLICT (rulebook_field_id) DO UPDATE SET target_table = EXCLUDED.target_table, field_name = EXCLUDED.field_name, field_type = EXCLUDED.field_type, datatype = EXCLUDED.datatype, formula = EXCLUDED.formula, invented_for_question = EXCLUDED.invented_for_question, semantic_type_iri = EXCLUDED.semantic_type_iri;

INSERT INTO rulebook_fields (rulebook_field_id, target_table, field_name, field_type, datatype, formula, invented_for_question, semantic_type_iri)
VALUES ('UserFeedback.ProvidedAt', 'UserFeedback', 'ProvidedAt', 'raw', 'datetime', NULL, NULL, 'urn:effortless:pko-extension#RulebookField') ON CONFLICT (rulebook_field_id) DO UPDATE SET target_table = EXCLUDED.target_table, field_name = EXCLUDED.field_name, field_type = EXCLUDED.field_type, datatype = EXCLUDED.datatype, formula = EXCLUDED.formula, invented_for_question = EXCLUDED.invented_for_question, semantic_type_iri = EXCLUDED.semantic_type_iri;

INSERT INTO rulebook_fields (rulebook_field_id, target_table, field_name, field_type, datatype, formula, invented_for_question, semantic_type_iri)
VALUES ('UserFeedback.FeedbackText', 'UserFeedback', 'FeedbackText', 'raw', 'string', NULL, NULL, 'urn:effortless:pko-extension#RulebookField') ON CONFLICT (rulebook_field_id) DO UPDATE SET target_table = EXCLUDED.target_table, field_name = EXCLUDED.field_name, field_type = EXCLUDED.field_type, datatype = EXCLUDED.datatype, formula = EXCLUDED.formula, invented_for_question = EXCLUDED.invented_for_question, semantic_type_iri = EXCLUDED.semantic_type_iri;

INSERT INTO rulebook_fields (rulebook_field_id, target_table, field_name, field_type, datatype, formula, invented_for_question, semantic_type_iri)
VALUES ('UserFeedback.Disposition', 'UserFeedback', 'Disposition', 'raw', 'string', NULL, NULL, 'urn:effortless:pko-extension#RulebookField') ON CONFLICT (rulebook_field_id) DO UPDATE SET target_table = EXCLUDED.target_table, field_name = EXCLUDED.field_name, field_type = EXCLUDED.field_type, datatype = EXCLUDED.datatype, formula = EXCLUDED.formula, invented_for_question = EXCLUDED.invented_for_question, semantic_type_iri = EXCLUDED.semantic_type_iri;

INSERT INTO rulebook_fields (rulebook_field_id, target_table, field_name, field_type, datatype, formula, invented_for_question, semantic_type_iri)
VALUES ('UserFeedback.ChangeRequestKey', 'UserFeedback', 'ChangeRequestKey', 'raw', 'string', NULL, NULL, 'urn:effortless:pko-extension#RulebookField') ON CONFLICT (rulebook_field_id) DO UPDATE SET target_table = EXCLUDED.target_table, field_name = EXCLUDED.field_name, field_type = EXCLUDED.field_type, datatype = EXCLUDED.datatype, formula = EXCLUDED.formula, invented_for_question = EXCLUDED.invented_for_question, semantic_type_iri = EXCLUDED.semantic_type_iri;

INSERT INTO rulebook_fields (rulebook_field_id, target_table, field_name, field_type, datatype, formula, invented_for_question, semantic_type_iri)
VALUES ('UserFeedback.SemanticTypeIri', 'UserFeedback', 'SemanticTypeIri', 'raw', 'string', NULL, NULL, 'urn:effortless:pko-extension#RulebookField') ON CONFLICT (rulebook_field_id) DO UPDATE SET target_table = EXCLUDED.target_table, field_name = EXCLUDED.field_name, field_type = EXCLUDED.field_type, datatype = EXCLUDED.datatype, formula = EXCLUDED.formula, invented_for_question = EXCLUDED.invented_for_question, semantic_type_iri = EXCLUDED.semantic_type_iri;

INSERT INTO rulebook_fields (rulebook_field_id, target_table, field_name, field_type, datatype, formula, invented_for_question, semantic_type_iri)
VALUES ('StewardshipAssignments.StewardshipAssignmentId', 'StewardshipAssignments', 'StewardshipAssignmentId', 'raw', 'string', NULL, NULL, 'urn:effortless:pko-extension#RulebookField') ON CONFLICT (rulebook_field_id) DO UPDATE SET target_table = EXCLUDED.target_table, field_name = EXCLUDED.field_name, field_type = EXCLUDED.field_type, datatype = EXCLUDED.datatype, formula = EXCLUDED.formula, invented_for_question = EXCLUDED.invented_for_question, semantic_type_iri = EXCLUDED.semantic_type_iri;

INSERT INTO rulebook_fields (rulebook_field_id, target_table, field_name, field_type, datatype, formula, invented_for_question, semantic_type_iri)
VALUES ('StewardshipAssignments.Name', 'StewardshipAssignments', 'Name', 'calculated', 'string', '={{ProcedureVersion}} & " / steward=" & {{StewardRole}}', NULL, 'urn:effortless:pko-extension#RulebookField') ON CONFLICT (rulebook_field_id) DO UPDATE SET target_table = EXCLUDED.target_table, field_name = EXCLUDED.field_name, field_type = EXCLUDED.field_type, datatype = EXCLUDED.datatype, formula = EXCLUDED.formula, invented_for_question = EXCLUDED.invented_for_question, semantic_type_iri = EXCLUDED.semantic_type_iri;

INSERT INTO rulebook_fields (rulebook_field_id, target_table, field_name, field_type, datatype, formula, invented_for_question, semantic_type_iri)
VALUES ('StewardshipAssignments.ProcedureVersion', 'StewardshipAssignments', 'ProcedureVersion', 'relationship', 'string', NULL, NULL, 'urn:effortless:pko-extension#RulebookField') ON CONFLICT (rulebook_field_id) DO UPDATE SET target_table = EXCLUDED.target_table, field_name = EXCLUDED.field_name, field_type = EXCLUDED.field_type, datatype = EXCLUDED.datatype, formula = EXCLUDED.formula, invented_for_question = EXCLUDED.invented_for_question, semantic_type_iri = EXCLUDED.semantic_type_iri;

INSERT INTO rulebook_fields (rulebook_field_id, target_table, field_name, field_type, datatype, formula, invented_for_question, semantic_type_iri)
VALUES ('StewardshipAssignments.StewardRole', 'StewardshipAssignments', 'StewardRole', 'relationship', 'string', NULL, NULL, 'urn:effortless:pko-extension#RulebookField') ON CONFLICT (rulebook_field_id) DO UPDATE SET target_table = EXCLUDED.target_table, field_name = EXCLUDED.field_name, field_type = EXCLUDED.field_type, datatype = EXCLUDED.datatype, formula = EXCLUDED.formula, invented_for_question = EXCLUDED.invented_for_question, semantic_type_iri = EXCLUDED.semantic_type_iri;

INSERT INTO rulebook_fields (rulebook_field_id, target_table, field_name, field_type, datatype, formula, invented_for_question, semantic_type_iri)
VALUES ('StewardshipAssignments.AuthorityRole', 'StewardshipAssignments', 'AuthorityRole', 'relationship', 'string', NULL, NULL, 'urn:effortless:pko-extension#RulebookField') ON CONFLICT (rulebook_field_id) DO UPDATE SET target_table = EXCLUDED.target_table, field_name = EXCLUDED.field_name, field_type = EXCLUDED.field_type, datatype = EXCLUDED.datatype, formula = EXCLUDED.formula, invented_for_question = EXCLUDED.invented_for_question, semantic_type_iri = EXCLUDED.semantic_type_iri;

INSERT INTO rulebook_fields (rulebook_field_id, target_table, field_name, field_type, datatype, formula, invented_for_question, semantic_type_iri)
VALUES ('StewardshipAssignments.ValidFrom', 'StewardshipAssignments', 'ValidFrom', 'raw', 'datetime', NULL, NULL, 'urn:effortless:pko-extension#RulebookField') ON CONFLICT (rulebook_field_id) DO UPDATE SET target_table = EXCLUDED.target_table, field_name = EXCLUDED.field_name, field_type = EXCLUDED.field_type, datatype = EXCLUDED.datatype, formula = EXCLUDED.formula, invented_for_question = EXCLUDED.invented_for_question, semantic_type_iri = EXCLUDED.semantic_type_iri;

INSERT INTO rulebook_fields (rulebook_field_id, target_table, field_name, field_type, datatype, formula, invented_for_question, semantic_type_iri)
VALUES ('StewardshipAssignments.ValidTo', 'StewardshipAssignments', 'ValidTo', 'raw', 'datetime', NULL, NULL, 'urn:effortless:pko-extension#RulebookField') ON CONFLICT (rulebook_field_id) DO UPDATE SET target_table = EXCLUDED.target_table, field_name = EXCLUDED.field_name, field_type = EXCLUDED.field_type, datatype = EXCLUDED.datatype, formula = EXCLUDED.formula, invented_for_question = EXCLUDED.invented_for_question, semantic_type_iri = EXCLUDED.semantic_type_iri;

INSERT INTO rulebook_fields (rulebook_field_id, target_table, field_name, field_type, datatype, formula, invented_for_question, semantic_type_iri)
VALUES ('StewardshipAssignments.ReviewCadenceDays', 'StewardshipAssignments', 'ReviewCadenceDays', 'raw', 'integer', NULL, NULL, 'urn:effortless:pko-extension#RulebookField') ON CONFLICT (rulebook_field_id) DO UPDATE SET target_table = EXCLUDED.target_table, field_name = EXCLUDED.field_name, field_type = EXCLUDED.field_type, datatype = EXCLUDED.datatype, formula = EXCLUDED.formula, invented_for_question = EXCLUDED.invented_for_question, semantic_type_iri = EXCLUDED.semantic_type_iri;

INSERT INTO rulebook_fields (rulebook_field_id, target_table, field_name, field_type, datatype, formula, invented_for_question, semantic_type_iri)
VALUES ('StewardshipAssignments.SemanticTypeIri', 'StewardshipAssignments', 'SemanticTypeIri', 'raw', 'string', NULL, NULL, 'urn:effortless:pko-extension#RulebookField') ON CONFLICT (rulebook_field_id) DO UPDATE SET target_table = EXCLUDED.target_table, field_name = EXCLUDED.field_name, field_type = EXCLUDED.field_type, datatype = EXCLUDED.datatype, formula = EXCLUDED.formula, invented_for_question = EXCLUDED.invented_for_question, semantic_type_iri = EXCLUDED.semantic_type_iri;

INSERT INTO rulebook_fields (rulebook_field_id, target_table, field_name, field_type, datatype, formula, invented_for_question, semantic_type_iri)
VALUES ('ChangeRequests.ChangeRequestId', 'ChangeRequests', 'ChangeRequestId', 'raw', 'string', NULL, NULL, 'urn:effortless:pko-extension#RulebookField') ON CONFLICT (rulebook_field_id) DO UPDATE SET target_table = EXCLUDED.target_table, field_name = EXCLUDED.field_name, field_type = EXCLUDED.field_type, datatype = EXCLUDED.datatype, formula = EXCLUDED.formula, invented_for_question = EXCLUDED.invented_for_question, semantic_type_iri = EXCLUDED.semantic_type_iri;

INSERT INTO rulebook_fields (rulebook_field_id, target_table, field_name, field_type, datatype, formula, invented_for_question, semantic_type_iri)
VALUES ('ChangeRequests.Name', 'ChangeRequests', 'Name', 'calculated', 'string', '={{Title}}', NULL, 'urn:effortless:pko-extension#RulebookField') ON CONFLICT (rulebook_field_id) DO UPDATE SET target_table = EXCLUDED.target_table, field_name = EXCLUDED.field_name, field_type = EXCLUDED.field_type, datatype = EXCLUDED.datatype, formula = EXCLUDED.formula, invented_for_question = EXCLUDED.invented_for_question, semantic_type_iri = EXCLUDED.semantic_type_iri;

INSERT INTO rulebook_fields (rulebook_field_id, target_table, field_name, field_type, datatype, formula, invented_for_question, semantic_type_iri)
VALUES ('ChangeRequests.ProcedureVersion', 'ChangeRequests', 'ProcedureVersion', 'relationship', 'string', NULL, NULL, 'urn:effortless:pko-extension#RulebookField') ON CONFLICT (rulebook_field_id) DO UPDATE SET target_table = EXCLUDED.target_table, field_name = EXCLUDED.field_name, field_type = EXCLUDED.field_type, datatype = EXCLUDED.datatype, formula = EXCLUDED.formula, invented_for_question = EXCLUDED.invented_for_question, semantic_type_iri = EXCLUDED.semantic_type_iri;

INSERT INTO rulebook_fields (rulebook_field_id, target_table, field_name, field_type, datatype, formula, invented_for_question, semantic_type_iri)
VALUES ('ChangeRequests.Title', 'ChangeRequests', 'Title', 'raw', 'string', NULL, NULL, 'urn:effortless:pko-extension#RulebookField') ON CONFLICT (rulebook_field_id) DO UPDATE SET target_table = EXCLUDED.target_table, field_name = EXCLUDED.field_name, field_type = EXCLUDED.field_type, datatype = EXCLUDED.datatype, formula = EXCLUDED.formula, invented_for_question = EXCLUDED.invented_for_question, semantic_type_iri = EXCLUDED.semantic_type_iri;

INSERT INTO rulebook_fields (rulebook_field_id, target_table, field_name, field_type, datatype, formula, invented_for_question, semantic_type_iri)
VALUES ('ChangeRequests.ChangeKind', 'ChangeRequests', 'ChangeKind', 'raw', 'string', NULL, NULL, 'urn:effortless:pko-extension#RulebookField') ON CONFLICT (rulebook_field_id) DO UPDATE SET target_table = EXCLUDED.target_table, field_name = EXCLUDED.field_name, field_type = EXCLUDED.field_type, datatype = EXCLUDED.datatype, formula = EXCLUDED.formula, invented_for_question = EXCLUDED.invented_for_question, semantic_type_iri = EXCLUDED.semantic_type_iri;

INSERT INTO rulebook_fields (rulebook_field_id, target_table, field_name, field_type, datatype, formula, invented_for_question, semantic_type_iri)
VALUES ('ChangeRequests.Status', 'ChangeRequests', 'Status', 'raw', 'string', NULL, NULL, 'urn:effortless:pko-extension#RulebookField') ON CONFLICT (rulebook_field_id) DO UPDATE SET target_table = EXCLUDED.target_table, field_name = EXCLUDED.field_name, field_type = EXCLUDED.field_type, datatype = EXCLUDED.datatype, formula = EXCLUDED.formula, invented_for_question = EXCLUDED.invented_for_question, semantic_type_iri = EXCLUDED.semantic_type_iri;

INSERT INTO rulebook_fields (rulebook_field_id, target_table, field_name, field_type, datatype, formula, invented_for_question, semantic_type_iri)
VALUES ('ChangeRequests.RequestedByAgent', 'ChangeRequests', 'RequestedByAgent', 'relationship', 'string', NULL, NULL, 'urn:effortless:pko-extension#RulebookField') ON CONFLICT (rulebook_field_id) DO UPDATE SET target_table = EXCLUDED.target_table, field_name = EXCLUDED.field_name, field_type = EXCLUDED.field_type, datatype = EXCLUDED.datatype, formula = EXCLUDED.formula, invented_for_question = EXCLUDED.invented_for_question, semantic_type_iri = EXCLUDED.semantic_type_iri;

INSERT INTO rulebook_fields (rulebook_field_id, target_table, field_name, field_type, datatype, formula, invented_for_question, semantic_type_iri)
VALUES ('ChangeRequests.AuthorityRole', 'ChangeRequests', 'AuthorityRole', 'relationship', 'string', NULL, NULL, 'urn:effortless:pko-extension#RulebookField') ON CONFLICT (rulebook_field_id) DO UPDATE SET target_table = EXCLUDED.target_table, field_name = EXCLUDED.field_name, field_type = EXCLUDED.field_type, datatype = EXCLUDED.datatype, formula = EXCLUDED.formula, invented_for_question = EXCLUDED.invented_for_question, semantic_type_iri = EXCLUDED.semantic_type_iri;

INSERT INTO rulebook_fields (rulebook_field_id, target_table, field_name, field_type, datatype, formula, invented_for_question, semantic_type_iri)
VALUES ('ChangeRequests.RequestedAt', 'ChangeRequests', 'RequestedAt', 'raw', 'datetime', NULL, NULL, 'urn:effortless:pko-extension#RulebookField') ON CONFLICT (rulebook_field_id) DO UPDATE SET target_table = EXCLUDED.target_table, field_name = EXCLUDED.field_name, field_type = EXCLUDED.field_type, datatype = EXCLUDED.datatype, formula = EXCLUDED.formula, invented_for_question = EXCLUDED.invented_for_question, semantic_type_iri = EXCLUDED.semantic_type_iri;

INSERT INTO rulebook_fields (rulebook_field_id, target_table, field_name, field_type, datatype, formula, invented_for_question, semantic_type_iri)
VALUES ('ChangeRequests.DecidedAt', 'ChangeRequests', 'DecidedAt', 'raw', 'datetime', NULL, NULL, 'urn:effortless:pko-extension#RulebookField') ON CONFLICT (rulebook_field_id) DO UPDATE SET target_table = EXCLUDED.target_table, field_name = EXCLUDED.field_name, field_type = EXCLUDED.field_type, datatype = EXCLUDED.datatype, formula = EXCLUDED.formula, invented_for_question = EXCLUDED.invented_for_question, semantic_type_iri = EXCLUDED.semantic_type_iri;

INSERT INTO rulebook_fields (rulebook_field_id, target_table, field_name, field_type, datatype, formula, invented_for_question, semantic_type_iri)
VALUES ('ChangeRequests.ImpactAssessment', 'ChangeRequests', 'ImpactAssessment', 'raw', 'string', NULL, NULL, 'urn:effortless:pko-extension#RulebookField') ON CONFLICT (rulebook_field_id) DO UPDATE SET target_table = EXCLUDED.target_table, field_name = EXCLUDED.field_name, field_type = EXCLUDED.field_type, datatype = EXCLUDED.datatype, formula = EXCLUDED.formula, invented_for_question = EXCLUDED.invented_for_question, semantic_type_iri = EXCLUDED.semantic_type_iri;

INSERT INTO rulebook_fields (rulebook_field_id, target_table, field_name, field_type, datatype, formula, invented_for_question, semantic_type_iri)
VALUES ('ChangeRequests.IsOpen', 'ChangeRequests', 'IsOpen', 'calculated', 'boolean', '=OR({{Status}} = "Draft", {{Status}} = "UnderReview", {{Status}} = "Approved")', NULL, 'urn:effortless:pko-extension#RulebookField') ON CONFLICT (rulebook_field_id) DO UPDATE SET target_table = EXCLUDED.target_table, field_name = EXCLUDED.field_name, field_type = EXCLUDED.field_type, datatype = EXCLUDED.datatype, formula = EXCLUDED.formula, invented_for_question = EXCLUDED.invented_for_question, semantic_type_iri = EXCLUDED.semantic_type_iri;

INSERT INTO rulebook_fields (rulebook_field_id, target_table, field_name, field_type, datatype, formula, invented_for_question, semantic_type_iri)
VALUES ('ChangeRequests.SemanticTypeIri', 'ChangeRequests', 'SemanticTypeIri', 'raw', 'string', NULL, NULL, 'urn:effortless:pko-extension#RulebookField') ON CONFLICT (rulebook_field_id) DO UPDATE SET target_table = EXCLUDED.target_table, field_name = EXCLUDED.field_name, field_type = EXCLUDED.field_type, datatype = EXCLUDED.datatype, formula = EXCLUDED.formula, invented_for_question = EXCLUDED.invented_for_question, semantic_type_iri = EXCLUDED.semantic_type_iri;

INSERT INTO rulebook_fields (rulebook_field_id, target_table, field_name, field_type, datatype, formula, invented_for_question, semantic_type_iri)
VALUES ('ReviewEvents.ReviewEventId', 'ReviewEvents', 'ReviewEventId', 'raw', 'string', NULL, NULL, 'urn:effortless:pko-extension#RulebookField') ON CONFLICT (rulebook_field_id) DO UPDATE SET target_table = EXCLUDED.target_table, field_name = EXCLUDED.field_name, field_type = EXCLUDED.field_type, datatype = EXCLUDED.datatype, formula = EXCLUDED.formula, invented_for_question = EXCLUDED.invented_for_question, semantic_type_iri = EXCLUDED.semantic_type_iri;

INSERT INTO rulebook_fields (rulebook_field_id, target_table, field_name, field_type, datatype, formula, invented_for_question, semantic_type_iri)
VALUES ('ReviewEvents.Name', 'ReviewEvents', 'Name', 'calculated', 'string', '={{ProcedureVersion}} & " / " & {{ReviewKind}}', NULL, 'urn:effortless:pko-extension#RulebookField') ON CONFLICT (rulebook_field_id) DO UPDATE SET target_table = EXCLUDED.target_table, field_name = EXCLUDED.field_name, field_type = EXCLUDED.field_type, datatype = EXCLUDED.datatype, formula = EXCLUDED.formula, invented_for_question = EXCLUDED.invented_for_question, semantic_type_iri = EXCLUDED.semantic_type_iri;

INSERT INTO rulebook_fields (rulebook_field_id, target_table, field_name, field_type, datatype, formula, invented_for_question, semantic_type_iri)
VALUES ('ReviewEvents.ProcedureVersion', 'ReviewEvents', 'ProcedureVersion', 'relationship', 'string', NULL, NULL, 'urn:effortless:pko-extension#RulebookField') ON CONFLICT (rulebook_field_id) DO UPDATE SET target_table = EXCLUDED.target_table, field_name = EXCLUDED.field_name, field_type = EXCLUDED.field_type, datatype = EXCLUDED.datatype, formula = EXCLUDED.formula, invented_for_question = EXCLUDED.invented_for_question, semantic_type_iri = EXCLUDED.semantic_type_iri;

INSERT INTO rulebook_fields (rulebook_field_id, target_table, field_name, field_type, datatype, formula, invented_for_question, semantic_type_iri)
VALUES ('ReviewEvents.ReviewKind', 'ReviewEvents', 'ReviewKind', 'raw', 'string', NULL, NULL, 'urn:effortless:pko-extension#RulebookField') ON CONFLICT (rulebook_field_id) DO UPDATE SET target_table = EXCLUDED.target_table, field_name = EXCLUDED.field_name, field_type = EXCLUDED.field_type, datatype = EXCLUDED.datatype, formula = EXCLUDED.formula, invented_for_question = EXCLUDED.invented_for_question, semantic_type_iri = EXCLUDED.semantic_type_iri;

INSERT INTO rulebook_fields (rulebook_field_id, target_table, field_name, field_type, datatype, formula, invented_for_question, semantic_type_iri)
VALUES ('ReviewEvents.ReviewedAt', 'ReviewEvents', 'ReviewedAt', 'raw', 'datetime', NULL, NULL, 'urn:effortless:pko-extension#RulebookField') ON CONFLICT (rulebook_field_id) DO UPDATE SET target_table = EXCLUDED.target_table, field_name = EXCLUDED.field_name, field_type = EXCLUDED.field_type, datatype = EXCLUDED.datatype, formula = EXCLUDED.formula, invented_for_question = EXCLUDED.invented_for_question, semantic_type_iri = EXCLUDED.semantic_type_iri;

INSERT INTO rulebook_fields (rulebook_field_id, target_table, field_name, field_type, datatype, formula, invented_for_question, semantic_type_iri)
VALUES ('ReviewEvents.ReviewedByAgent', 'ReviewEvents', 'ReviewedByAgent', 'relationship', 'string', NULL, NULL, 'urn:effortless:pko-extension#RulebookField') ON CONFLICT (rulebook_field_id) DO UPDATE SET target_table = EXCLUDED.target_table, field_name = EXCLUDED.field_name, field_type = EXCLUDED.field_type, datatype = EXCLUDED.datatype, formula = EXCLUDED.formula, invented_for_question = EXCLUDED.invented_for_question, semantic_type_iri = EXCLUDED.semantic_type_iri;

INSERT INTO rulebook_fields (rulebook_field_id, target_table, field_name, field_type, datatype, formula, invented_for_question, semantic_type_iri)
VALUES ('ReviewEvents.Outcome', 'ReviewEvents', 'Outcome', 'raw', 'string', NULL, NULL, 'urn:effortless:pko-extension#RulebookField') ON CONFLICT (rulebook_field_id) DO UPDATE SET target_table = EXCLUDED.target_table, field_name = EXCLUDED.field_name, field_type = EXCLUDED.field_type, datatype = EXCLUDED.datatype, formula = EXCLUDED.formula, invented_for_question = EXCLUDED.invented_for_question, semantic_type_iri = EXCLUDED.semantic_type_iri;

INSERT INTO rulebook_fields (rulebook_field_id, target_table, field_name, field_type, datatype, formula, invented_for_question, semantic_type_iri)
VALUES ('ReviewEvents.RelatedChangeRequest', 'ReviewEvents', 'RelatedChangeRequest', 'relationship', 'string', NULL, NULL, 'urn:effortless:pko-extension#RulebookField') ON CONFLICT (rulebook_field_id) DO UPDATE SET target_table = EXCLUDED.target_table, field_name = EXCLUDED.field_name, field_type = EXCLUDED.field_type, datatype = EXCLUDED.datatype, formula = EXCLUDED.formula, invented_for_question = EXCLUDED.invented_for_question, semantic_type_iri = EXCLUDED.semantic_type_iri;

INSERT INTO rulebook_fields (rulebook_field_id, target_table, field_name, field_type, datatype, formula, invented_for_question, semantic_type_iri)
VALUES ('ReviewEvents.NextReviewDue', 'ReviewEvents', 'NextReviewDue', 'raw', 'datetime', NULL, NULL, 'urn:effortless:pko-extension#RulebookField') ON CONFLICT (rulebook_field_id) DO UPDATE SET target_table = EXCLUDED.target_table, field_name = EXCLUDED.field_name, field_type = EXCLUDED.field_type, datatype = EXCLUDED.datatype, formula = EXCLUDED.formula, invented_for_question = EXCLUDED.invented_for_question, semantic_type_iri = EXCLUDED.semantic_type_iri;

INSERT INTO rulebook_fields (rulebook_field_id, target_table, field_name, field_type, datatype, formula, invented_for_question, semantic_type_iri)
VALUES ('ReviewEvents.EvaluationContext', 'ReviewEvents', 'EvaluationContext', 'relationship', 'string', NULL, NULL, 'urn:effortless:pko-extension#RulebookField') ON CONFLICT (rulebook_field_id) DO UPDATE SET target_table = EXCLUDED.target_table, field_name = EXCLUDED.field_name, field_type = EXCLUDED.field_type, datatype = EXCLUDED.datatype, formula = EXCLUDED.formula, invented_for_question = EXCLUDED.invented_for_question, semantic_type_iri = EXCLUDED.semantic_type_iri;

INSERT INTO rulebook_fields (rulebook_field_id, target_table, field_name, field_type, datatype, formula, invented_for_question, semantic_type_iri)
VALUES ('ReviewEvents.AsOfInstant', 'ReviewEvents', 'AsOfInstant', 'lookup', 'datetime', '=INDEX(EvaluationContexts!{{AsOfInstant}}, MATCH({{EvaluationContext}}, EvaluationContexts!{{EvaluationContextId}}, 0))', NULL, 'urn:effortless:pko-extension#RulebookField') ON CONFLICT (rulebook_field_id) DO UPDATE SET target_table = EXCLUDED.target_table, field_name = EXCLUDED.field_name, field_type = EXCLUDED.field_type, datatype = EXCLUDED.datatype, formula = EXCLUDED.formula, invented_for_question = EXCLUDED.invented_for_question, semantic_type_iri = EXCLUDED.semantic_type_iri;

INSERT INTO rulebook_fields (rulebook_field_id, target_table, field_name, field_type, datatype, formula, invented_for_question, semantic_type_iri)
VALUES ('ReviewEvents.IsOverdue', 'ReviewEvents', 'IsOverdue', 'calculated', 'boolean', '={{NextReviewDue}} < {{AsOfInstant}}', NULL, 'urn:effortless:pko-extension#RulebookField') ON CONFLICT (rulebook_field_id) DO UPDATE SET target_table = EXCLUDED.target_table, field_name = EXCLUDED.field_name, field_type = EXCLUDED.field_type, datatype = EXCLUDED.datatype, formula = EXCLUDED.formula, invented_for_question = EXCLUDED.invented_for_question, semantic_type_iri = EXCLUDED.semantic_type_iri;

INSERT INTO rulebook_fields (rulebook_field_id, target_table, field_name, field_type, datatype, formula, invented_for_question, semantic_type_iri)
VALUES ('ReviewEvents.SemanticTypeIri', 'ReviewEvents', 'SemanticTypeIri', 'raw', 'string', NULL, NULL, 'urn:effortless:pko-extension#RulebookField') ON CONFLICT (rulebook_field_id) DO UPDATE SET target_table = EXCLUDED.target_table, field_name = EXCLUDED.field_name, field_type = EXCLUDED.field_type, datatype = EXCLUDED.datatype, formula = EXCLUDED.formula, invented_for_question = EXCLUDED.invented_for_question, semantic_type_iri = EXCLUDED.semantic_type_iri;

INSERT INTO rulebook_fields (rulebook_field_id, target_table, field_name, field_type, datatype, formula, invented_for_question, semantic_type_iri)
VALUES ('LearningActivities.LearningActivityId', 'LearningActivities', 'LearningActivityId', 'raw', 'string', NULL, NULL, 'urn:effortless:pko-extension#RulebookField') ON CONFLICT (rulebook_field_id) DO UPDATE SET target_table = EXCLUDED.target_table, field_name = EXCLUDED.field_name, field_type = EXCLUDED.field_type, datatype = EXCLUDED.datatype, formula = EXCLUDED.formula, invented_for_question = EXCLUDED.invented_for_question, semantic_type_iri = EXCLUDED.semantic_type_iri;

INSERT INTO rulebook_fields (rulebook_field_id, target_table, field_name, field_type, datatype, formula, invented_for_question, semantic_type_iri)
VALUES ('LearningActivities.Name', 'LearningActivities', 'Name', 'calculated', 'string', '={{ActivityKind}} & " / " & {{OccurredAt}}', NULL, 'urn:effortless:pko-extension#RulebookField') ON CONFLICT (rulebook_field_id) DO UPDATE SET target_table = EXCLUDED.target_table, field_name = EXCLUDED.field_name, field_type = EXCLUDED.field_type, datatype = EXCLUDED.datatype, formula = EXCLUDED.formula, invented_for_question = EXCLUDED.invented_for_question, semantic_type_iri = EXCLUDED.semantic_type_iri;

INSERT INTO rulebook_fields (rulebook_field_id, target_table, field_name, field_type, datatype, formula, invented_for_question, semantic_type_iri)
VALUES ('LearningActivities.CommunityOfPractice', 'LearningActivities', 'CommunityOfPractice', 'relationship', 'string', NULL, NULL, 'urn:effortless:pko-extension#RulebookField') ON CONFLICT (rulebook_field_id) DO UPDATE SET target_table = EXCLUDED.target_table, field_name = EXCLUDED.field_name, field_type = EXCLUDED.field_type, datatype = EXCLUDED.datatype, formula = EXCLUDED.formula, invented_for_question = EXCLUDED.invented_for_question, semantic_type_iri = EXCLUDED.semantic_type_iri;

INSERT INTO rulebook_fields (rulebook_field_id, target_table, field_name, field_type, datatype, formula, invented_for_question, semantic_type_iri)
VALUES ('LearningActivities.ProcedureVersion', 'LearningActivities', 'ProcedureVersion', 'relationship', 'string', NULL, NULL, 'urn:effortless:pko-extension#RulebookField') ON CONFLICT (rulebook_field_id) DO UPDATE SET target_table = EXCLUDED.target_table, field_name = EXCLUDED.field_name, field_type = EXCLUDED.field_type, datatype = EXCLUDED.datatype, formula = EXCLUDED.formula, invented_for_question = EXCLUDED.invented_for_question, semantic_type_iri = EXCLUDED.semantic_type_iri;

INSERT INTO rulebook_fields (rulebook_field_id, target_table, field_name, field_type, datatype, formula, invented_for_question, semantic_type_iri)
VALUES ('LearningActivities.ActivityKind', 'LearningActivities', 'ActivityKind', 'raw', 'string', NULL, NULL, 'urn:effortless:pko-extension#RulebookField') ON CONFLICT (rulebook_field_id) DO UPDATE SET target_table = EXCLUDED.target_table, field_name = EXCLUDED.field_name, field_type = EXCLUDED.field_type, datatype = EXCLUDED.datatype, formula = EXCLUDED.formula, invented_for_question = EXCLUDED.invented_for_question, semantic_type_iri = EXCLUDED.semantic_type_iri;

INSERT INTO rulebook_fields (rulebook_field_id, target_table, field_name, field_type, datatype, formula, invented_for_question, semantic_type_iri)
VALUES ('LearningActivities.OccurredAt', 'LearningActivities', 'OccurredAt', 'raw', 'datetime', NULL, NULL, 'urn:effortless:pko-extension#RulebookField') ON CONFLICT (rulebook_field_id) DO UPDATE SET target_table = EXCLUDED.target_table, field_name = EXCLUDED.field_name, field_type = EXCLUDED.field_type, datatype = EXCLUDED.datatype, formula = EXCLUDED.formula, invented_for_question = EXCLUDED.invented_for_question, semantic_type_iri = EXCLUDED.semantic_type_iri;

INSERT INTO rulebook_fields (rulebook_field_id, target_table, field_name, field_type, datatype, formula, invented_for_question, semantic_type_iri)
VALUES ('LearningActivities.FacilitatorAgent', 'LearningActivities', 'FacilitatorAgent', 'relationship', 'string', NULL, NULL, 'urn:effortless:pko-extension#RulebookField') ON CONFLICT (rulebook_field_id) DO UPDATE SET target_table = EXCLUDED.target_table, field_name = EXCLUDED.field_name, field_type = EXCLUDED.field_type, datatype = EXCLUDED.datatype, formula = EXCLUDED.formula, invented_for_question = EXCLUDED.invented_for_question, semantic_type_iri = EXCLUDED.semantic_type_iri;

INSERT INTO rulebook_fields (rulebook_field_id, target_table, field_name, field_type, datatype, formula, invented_for_question, semantic_type_iri)
VALUES ('LearningActivities.Outcome', 'LearningActivities', 'Outcome', 'raw', 'string', NULL, NULL, 'urn:effortless:pko-extension#RulebookField') ON CONFLICT (rulebook_field_id) DO UPDATE SET target_table = EXCLUDED.target_table, field_name = EXCLUDED.field_name, field_type = EXCLUDED.field_type, datatype = EXCLUDED.datatype, formula = EXCLUDED.formula, invented_for_question = EXCLUDED.invented_for_question, semantic_type_iri = EXCLUDED.semantic_type_iri;

INSERT INTO rulebook_fields (rulebook_field_id, target_table, field_name, field_type, datatype, formula, invented_for_question, semantic_type_iri)
VALUES ('LearningActivities.EvidenceResource', 'LearningActivities', 'EvidenceResource', 'relationship', 'string', NULL, NULL, 'urn:effortless:pko-extension#RulebookField') ON CONFLICT (rulebook_field_id) DO UPDATE SET target_table = EXCLUDED.target_table, field_name = EXCLUDED.field_name, field_type = EXCLUDED.field_type, datatype = EXCLUDED.datatype, formula = EXCLUDED.formula, invented_for_question = EXCLUDED.invented_for_question, semantic_type_iri = EXCLUDED.semantic_type_iri;

INSERT INTO rulebook_fields (rulebook_field_id, target_table, field_name, field_type, datatype, formula, invented_for_question, semantic_type_iri)
VALUES ('LearningActivities.SemanticTypeIri', 'LearningActivities', 'SemanticTypeIri', 'raw', 'string', NULL, NULL, 'urn:effortless:pko-extension#RulebookField') ON CONFLICT (rulebook_field_id) DO UPDATE SET target_table = EXCLUDED.target_table, field_name = EXCLUDED.field_name, field_type = EXCLUDED.field_type, datatype = EXCLUDED.datatype, formula = EXCLUDED.formula, invented_for_question = EXCLUDED.invented_for_question, semantic_type_iri = EXCLUDED.semantic_type_iri;

INSERT INTO rulebook_fields (rulebook_field_id, target_table, field_name, field_type, datatype, formula, invented_for_question, semantic_type_iri)
VALUES ('OperationalBindings.OperationalBindingId', 'OperationalBindings', 'OperationalBindingId', 'raw', 'string', NULL, NULL, 'urn:effortless:pko-extension#RulebookField') ON CONFLICT (rulebook_field_id) DO UPDATE SET target_table = EXCLUDED.target_table, field_name = EXCLUDED.field_name, field_type = EXCLUDED.field_type, datatype = EXCLUDED.datatype, formula = EXCLUDED.formula, invented_for_question = EXCLUDED.invented_for_question, semantic_type_iri = EXCLUDED.semantic_type_iri;

INSERT INTO rulebook_fields (rulebook_field_id, target_table, field_name, field_type, datatype, formula, invented_for_question, semantic_type_iri)
VALUES ('OperationalBindings.Name', 'OperationalBindings', 'Name', 'calculated', 'string', '={{Step}} & " / " & {{RecordOrSchemaKey}}', NULL, 'urn:effortless:pko-extension#RulebookField') ON CONFLICT (rulebook_field_id) DO UPDATE SET target_table = EXCLUDED.target_table, field_name = EXCLUDED.field_name, field_type = EXCLUDED.field_type, datatype = EXCLUDED.datatype, formula = EXCLUDED.formula, invented_for_question = EXCLUDED.invented_for_question, semantic_type_iri = EXCLUDED.semantic_type_iri;

INSERT INTO rulebook_fields (rulebook_field_id, target_table, field_name, field_type, datatype, formula, invented_for_question, semantic_type_iri)
VALUES ('OperationalBindings.ProcedureVersion', 'OperationalBindings', 'ProcedureVersion', 'relationship', 'string', NULL, NULL, 'urn:effortless:pko-extension#RulebookField') ON CONFLICT (rulebook_field_id) DO UPDATE SET target_table = EXCLUDED.target_table, field_name = EXCLUDED.field_name, field_type = EXCLUDED.field_type, datatype = EXCLUDED.datatype, formula = EXCLUDED.formula, invented_for_question = EXCLUDED.invented_for_question, semantic_type_iri = EXCLUDED.semantic_type_iri;

INSERT INTO rulebook_fields (rulebook_field_id, target_table, field_name, field_type, datatype, formula, invented_for_question, semantic_type_iri)
VALUES ('OperationalBindings.Step', 'OperationalBindings', 'Step', 'relationship', 'string', NULL, NULL, 'urn:effortless:pko-extension#RulebookField') ON CONFLICT (rulebook_field_id) DO UPDATE SET target_table = EXCLUDED.target_table, field_name = EXCLUDED.field_name, field_type = EXCLUDED.field_type, datatype = EXCLUDED.datatype, formula = EXCLUDED.formula, invented_for_question = EXCLUDED.invented_for_question, semantic_type_iri = EXCLUDED.semantic_type_iri;

INSERT INTO rulebook_fields (rulebook_field_id, target_table, field_name, field_type, datatype, formula, invented_for_question, semantic_type_iri)
VALUES ('OperationalBindings.Resource', 'OperationalBindings', 'Resource', 'relationship', 'string', NULL, NULL, 'urn:effortless:pko-extension#RulebookField') ON CONFLICT (rulebook_field_id) DO UPDATE SET target_table = EXCLUDED.target_table, field_name = EXCLUDED.field_name, field_type = EXCLUDED.field_type, datatype = EXCLUDED.datatype, formula = EXCLUDED.formula, invented_for_question = EXCLUDED.invented_for_question, semantic_type_iri = EXCLUDED.semantic_type_iri;

INSERT INTO rulebook_fields (rulebook_field_id, target_table, field_name, field_type, datatype, formula, invented_for_question, semantic_type_iri)
VALUES ('OperationalBindings.AccessMode', 'OperationalBindings', 'AccessMode', 'raw', 'string', NULL, NULL, 'urn:effortless:pko-extension#RulebookField') ON CONFLICT (rulebook_field_id) DO UPDATE SET target_table = EXCLUDED.target_table, field_name = EXCLUDED.field_name, field_type = EXCLUDED.field_type, datatype = EXCLUDED.datatype, formula = EXCLUDED.formula, invented_for_question = EXCLUDED.invented_for_question, semantic_type_iri = EXCLUDED.semantic_type_iri;

INSERT INTO rulebook_fields (rulebook_field_id, target_table, field_name, field_type, datatype, formula, invented_for_question, semantic_type_iri)
VALUES ('OperationalBindings.RecordOrSchemaKey', 'OperationalBindings', 'RecordOrSchemaKey', 'raw', 'string', NULL, NULL, 'urn:effortless:pko-extension#RulebookField') ON CONFLICT (rulebook_field_id) DO UPDATE SET target_table = EXCLUDED.target_table, field_name = EXCLUDED.field_name, field_type = EXCLUDED.field_type, datatype = EXCLUDED.datatype, formula = EXCLUDED.formula, invented_for_question = EXCLUDED.invented_for_question, semantic_type_iri = EXCLUDED.semantic_type_iri;

INSERT INTO rulebook_fields (rulebook_field_id, target_table, field_name, field_type, datatype, formula, invented_for_question, semantic_type_iri)
VALUES ('OperationalBindings.LastObservedAt', 'OperationalBindings', 'LastObservedAt', 'raw', 'datetime', NULL, NULL, 'urn:effortless:pko-extension#RulebookField') ON CONFLICT (rulebook_field_id) DO UPDATE SET target_table = EXCLUDED.target_table, field_name = EXCLUDED.field_name, field_type = EXCLUDED.field_type, datatype = EXCLUDED.datatype, formula = EXCLUDED.formula, invented_for_question = EXCLUDED.invented_for_question, semantic_type_iri = EXCLUDED.semantic_type_iri;

INSERT INTO rulebook_fields (rulebook_field_id, target_table, field_name, field_type, datatype, formula, invented_for_question, semantic_type_iri)
VALUES ('OperationalBindings.FreshnessSlaMinutes', 'OperationalBindings', 'FreshnessSlaMinutes', 'raw', 'integer', NULL, NULL, 'urn:effortless:pko-extension#RulebookField') ON CONFLICT (rulebook_field_id) DO UPDATE SET target_table = EXCLUDED.target_table, field_name = EXCLUDED.field_name, field_type = EXCLUDED.field_type, datatype = EXCLUDED.datatype, formula = EXCLUDED.formula, invented_for_question = EXCLUDED.invented_for_question, semantic_type_iri = EXCLUDED.semantic_type_iri;

INSERT INTO rulebook_fields (rulebook_field_id, target_table, field_name, field_type, datatype, formula, invented_for_question, semantic_type_iri)
VALUES ('OperationalBindings.IsAuthoritative', 'OperationalBindings', 'IsAuthoritative', 'raw', 'boolean', NULL, NULL, 'urn:effortless:pko-extension#RulebookField') ON CONFLICT (rulebook_field_id) DO UPDATE SET target_table = EXCLUDED.target_table, field_name = EXCLUDED.field_name, field_type = EXCLUDED.field_type, datatype = EXCLUDED.datatype, formula = EXCLUDED.formula, invented_for_question = EXCLUDED.invented_for_question, semantic_type_iri = EXCLUDED.semantic_type_iri;

INSERT INTO rulebook_fields (rulebook_field_id, target_table, field_name, field_type, datatype, formula, invented_for_question, semantic_type_iri)
VALUES ('OperationalBindings.EvaluationContext', 'OperationalBindings', 'EvaluationContext', 'relationship', 'string', NULL, NULL, 'urn:effortless:pko-extension#RulebookField') ON CONFLICT (rulebook_field_id) DO UPDATE SET target_table = EXCLUDED.target_table, field_name = EXCLUDED.field_name, field_type = EXCLUDED.field_type, datatype = EXCLUDED.datatype, formula = EXCLUDED.formula, invented_for_question = EXCLUDED.invented_for_question, semantic_type_iri = EXCLUDED.semantic_type_iri;

INSERT INTO rulebook_fields (rulebook_field_id, target_table, field_name, field_type, datatype, formula, invented_for_question, semantic_type_iri)
VALUES ('OperationalBindings.AsOfInstant', 'OperationalBindings', 'AsOfInstant', 'lookup', 'datetime', '=INDEX(EvaluationContexts!{{AsOfInstant}}, MATCH({{EvaluationContext}}, EvaluationContexts!{{EvaluationContextId}}, 0))', NULL, 'urn:effortless:pko-extension#RulebookField') ON CONFLICT (rulebook_field_id) DO UPDATE SET target_table = EXCLUDED.target_table, field_name = EXCLUDED.field_name, field_type = EXCLUDED.field_type, datatype = EXCLUDED.datatype, formula = EXCLUDED.formula, invented_for_question = EXCLUDED.invented_for_question, semantic_type_iri = EXCLUDED.semantic_type_iri;

INSERT INTO rulebook_fields (rulebook_field_id, target_table, field_name, field_type, datatype, formula, invented_for_question, semantic_type_iri)
VALUES ('OperationalBindings.AgeMinutes', 'OperationalBindings', 'AgeMinutes', 'calculated', 'integer', '=DATETIME_DIFF({{AsOfInstant}}, {{LastObservedAt}}, "minutes")', NULL, 'urn:effortless:pko-extension#RulebookField') ON CONFLICT (rulebook_field_id) DO UPDATE SET target_table = EXCLUDED.target_table, field_name = EXCLUDED.field_name, field_type = EXCLUDED.field_type, datatype = EXCLUDED.datatype, formula = EXCLUDED.formula, invented_for_question = EXCLUDED.invented_for_question, semantic_type_iri = EXCLUDED.semantic_type_iri;

INSERT INTO rulebook_fields (rulebook_field_id, target_table, field_name, field_type, datatype, formula, invented_for_question, semantic_type_iri)
VALUES ('OperationalBindings.IsFresh', 'OperationalBindings', 'IsFresh', 'calculated', 'boolean', '={{AgeMinutes}} <= {{FreshnessSlaMinutes}}', NULL, 'urn:effortless:pko-extension#RulebookField') ON CONFLICT (rulebook_field_id) DO UPDATE SET target_table = EXCLUDED.target_table, field_name = EXCLUDED.field_name, field_type = EXCLUDED.field_type, datatype = EXCLUDED.datatype, formula = EXCLUDED.formula, invented_for_question = EXCLUDED.invented_for_question, semantic_type_iri = EXCLUDED.semantic_type_iri;

INSERT INTO rulebook_fields (rulebook_field_id, target_table, field_name, field_type, datatype, formula, invented_for_question, semantic_type_iri)
VALUES ('OperationalBindings.StaleBindingStepKey', 'OperationalBindings', 'StaleBindingStepKey', 'calculated', 'string', '=IF(NOT({{IsFresh}}), {{Step}}, "")', 'q-analyst-evidence-binding-stale', 'urn:effortless:pko-extension#RulebookField') ON CONFLICT (rulebook_field_id) DO UPDATE SET target_table = EXCLUDED.target_table, field_name = EXCLUDED.field_name, field_type = EXCLUDED.field_type, datatype = EXCLUDED.datatype, formula = EXCLUDED.formula, invented_for_question = EXCLUDED.invented_for_question, semantic_type_iri = EXCLUDED.semantic_type_iri;

INSERT INTO rulebook_fields (rulebook_field_id, target_table, field_name, field_type, datatype, formula, invented_for_question, semantic_type_iri)
VALUES ('OperationalBindings.AuthoritativeStaleStepKey', 'OperationalBindings', 'AuthoritativeStaleStepKey', 'calculated', 'string', '=IF(AND(NOT({{IsFresh}}), {{IsAuthoritative}}), {{Step}}, "")', 'q-analyst-evidence-binding-stale', 'urn:effortless:pko-extension#RulebookField') ON CONFLICT (rulebook_field_id) DO UPDATE SET target_table = EXCLUDED.target_table, field_name = EXCLUDED.field_name, field_type = EXCLUDED.field_type, datatype = EXCLUDED.datatype, formula = EXCLUDED.formula, invented_for_question = EXCLUDED.invented_for_question, semantic_type_iri = EXCLUDED.semantic_type_iri;

INSERT INTO rulebook_fields (rulebook_field_id, target_table, field_name, field_type, datatype, formula, invented_for_question, semantic_type_iri)
VALUES ('OperationalBindings.SemanticTypeIri', 'OperationalBindings', 'SemanticTypeIri', 'raw', 'string', NULL, NULL, 'urn:effortless:pko-extension#RulebookField') ON CONFLICT (rulebook_field_id) DO UPDATE SET target_table = EXCLUDED.target_table, field_name = EXCLUDED.field_name, field_type = EXCLUDED.field_type, datatype = EXCLUDED.datatype, formula = EXCLUDED.formula, invented_for_question = EXCLUDED.invented_for_question, semantic_type_iri = EXCLUDED.semantic_type_iri;

INSERT INTO rulebook_fields (rulebook_field_id, target_table, field_name, field_type, datatype, formula, invented_for_question, semantic_type_iri)
VALUES ('CommunicationPolicies.CommunicationPolicyId', 'CommunicationPolicies', 'CommunicationPolicyId', 'raw', 'string', NULL, NULL, 'urn:effortless:pko-extension#RulebookField') ON CONFLICT (rulebook_field_id) DO UPDATE SET target_table = EXCLUDED.target_table, field_name = EXCLUDED.field_name, field_type = EXCLUDED.field_type, datatype = EXCLUDED.datatype, formula = EXCLUDED.formula, invented_for_question = EXCLUDED.invented_for_question, semantic_type_iri = EXCLUDED.semantic_type_iri;

INSERT INTO rulebook_fields (rulebook_field_id, target_table, field_name, field_type, datatype, formula, invented_for_question, semantic_type_iri)
VALUES ('CommunicationPolicies.Name', 'CommunicationPolicies', 'Name', 'calculated', 'string', '={{Channel}} & " policy / " & {{ProcedureVersion}}', NULL, 'urn:effortless:pko-extension#RulebookField') ON CONFLICT (rulebook_field_id) DO UPDATE SET target_table = EXCLUDED.target_table, field_name = EXCLUDED.field_name, field_type = EXCLUDED.field_type, datatype = EXCLUDED.datatype, formula = EXCLUDED.formula, invented_for_question = EXCLUDED.invented_for_question, semantic_type_iri = EXCLUDED.semantic_type_iri;

INSERT INTO rulebook_fields (rulebook_field_id, target_table, field_name, field_type, datatype, formula, invented_for_question, semantic_type_iri)
VALUES ('CommunicationPolicies.ProcedureVersion', 'CommunicationPolicies', 'ProcedureVersion', 'relationship', 'string', NULL, NULL, 'urn:effortless:pko-extension#RulebookField') ON CONFLICT (rulebook_field_id) DO UPDATE SET target_table = EXCLUDED.target_table, field_name = EXCLUDED.field_name, field_type = EXCLUDED.field_type, datatype = EXCLUDED.datatype, formula = EXCLUDED.formula, invented_for_question = EXCLUDED.invented_for_question, semantic_type_iri = EXCLUDED.semantic_type_iri;

INSERT INTO rulebook_fields (rulebook_field_id, target_table, field_name, field_type, datatype, formula, invented_for_question, semantic_type_iri)
VALUES ('CommunicationPolicies.Channel', 'CommunicationPolicies', 'Channel', 'raw', 'string', NULL, NULL, 'urn:effortless:pko-extension#RulebookField') ON CONFLICT (rulebook_field_id) DO UPDATE SET target_table = EXCLUDED.target_table, field_name = EXCLUDED.field_name, field_type = EXCLUDED.field_type, datatype = EXCLUDED.datatype, formula = EXCLUDED.formula, invented_for_question = EXCLUDED.invented_for_question, semantic_type_iri = EXCLUDED.semantic_type_iri;

INSERT INTO rulebook_fields (rulebook_field_id, target_table, field_name, field_type, datatype, formula, invented_for_question, semantic_type_iri)
VALUES ('CommunicationPolicies.AudienceRule', 'CommunicationPolicies', 'AudienceRule', 'raw', 'string', NULL, NULL, 'urn:effortless:pko-extension#RulebookField') ON CONFLICT (rulebook_field_id) DO UPDATE SET target_table = EXCLUDED.target_table, field_name = EXCLUDED.field_name, field_type = EXCLUDED.field_type, datatype = EXCLUDED.datatype, formula = EXCLUDED.formula, invented_for_question = EXCLUDED.invented_for_question, semantic_type_iri = EXCLUDED.semantic_type_iri;

INSERT INTO rulebook_fields (rulebook_field_id, target_table, field_name, field_type, datatype, formula, invented_for_question, semantic_type_iri)
VALUES ('CommunicationPolicies.ConsentRequired', 'CommunicationPolicies', 'ConsentRequired', 'raw', 'boolean', NULL, NULL, 'urn:effortless:pko-extension#RulebookField') ON CONFLICT (rulebook_field_id) DO UPDATE SET target_table = EXCLUDED.target_table, field_name = EXCLUDED.field_name, field_type = EXCLUDED.field_type, datatype = EXCLUDED.datatype, formula = EXCLUDED.formula, invented_for_question = EXCLUDED.invented_for_question, semantic_type_iri = EXCLUDED.semantic_type_iri;

INSERT INTO rulebook_fields (rulebook_field_id, target_table, field_name, field_type, datatype, formula, invented_for_question, semantic_type_iri)
VALUES ('CommunicationPolicies.QuietHoursStart', 'CommunicationPolicies', 'QuietHoursStart', 'raw', 'string', NULL, NULL, 'urn:effortless:pko-extension#RulebookField') ON CONFLICT (rulebook_field_id) DO UPDATE SET target_table = EXCLUDED.target_table, field_name = EXCLUDED.field_name, field_type = EXCLUDED.field_type, datatype = EXCLUDED.datatype, formula = EXCLUDED.formula, invented_for_question = EXCLUDED.invented_for_question, semantic_type_iri = EXCLUDED.semantic_type_iri;

INSERT INTO rulebook_fields (rulebook_field_id, target_table, field_name, field_type, datatype, formula, invented_for_question, semantic_type_iri)
VALUES ('CommunicationPolicies.QuietHoursEnd', 'CommunicationPolicies', 'QuietHoursEnd', 'raw', 'string', NULL, NULL, 'urn:effortless:pko-extension#RulebookField') ON CONFLICT (rulebook_field_id) DO UPDATE SET target_table = EXCLUDED.target_table, field_name = EXCLUDED.field_name, field_type = EXCLUDED.field_type, datatype = EXCLUDED.datatype, formula = EXCLUDED.formula, invented_for_question = EXCLUDED.invented_for_question, semantic_type_iri = EXCLUDED.semantic_type_iri;

INSERT INTO rulebook_fields (rulebook_field_id, target_table, field_name, field_type, datatype, formula, invented_for_question, semantic_type_iri)
VALUES ('CommunicationPolicies.MaxMessageLength', 'CommunicationPolicies', 'MaxMessageLength', 'raw', 'integer', NULL, NULL, 'urn:effortless:pko-extension#RulebookField') ON CONFLICT (rulebook_field_id) DO UPDATE SET target_table = EXCLUDED.target_table, field_name = EXCLUDED.field_name, field_type = EXCLUDED.field_type, datatype = EXCLUDED.datatype, formula = EXCLUDED.formula, invented_for_question = EXCLUDED.invented_for_question, semantic_type_iri = EXCLUDED.semantic_type_iri;

INSERT INTO rulebook_fields (rulebook_field_id, target_table, field_name, field_type, datatype, formula, invented_for_question, semantic_type_iri)
VALUES ('CommunicationPolicies.MaxSegments', 'CommunicationPolicies', 'MaxSegments', 'raw', 'integer', NULL, NULL, 'urn:effortless:pko-extension#RulebookField') ON CONFLICT (rulebook_field_id) DO UPDATE SET target_table = EXCLUDED.target_table, field_name = EXCLUDED.field_name, field_type = EXCLUDED.field_type, datatype = EXCLUDED.datatype, formula = EXCLUDED.formula, invented_for_question = EXCLUDED.invented_for_question, semantic_type_iri = EXCLUDED.semantic_type_iri;

INSERT INTO rulebook_fields (rulebook_field_id, target_table, field_name, field_type, datatype, formula, invented_for_question, semantic_type_iri)
VALUES ('CommunicationPolicies.RetentionDays', 'CommunicationPolicies', 'RetentionDays', 'raw', 'integer', NULL, NULL, 'urn:effortless:pko-extension#RulebookField') ON CONFLICT (rulebook_field_id) DO UPDATE SET target_table = EXCLUDED.target_table, field_name = EXCLUDED.field_name, field_type = EXCLUDED.field_type, datatype = EXCLUDED.datatype, formula = EXCLUDED.formula, invented_for_question = EXCLUDED.invented_for_question, semantic_type_iri = EXCLUDED.semantic_type_iri;

INSERT INTO rulebook_fields (rulebook_field_id, target_table, field_name, field_type, datatype, formula, invented_for_question, semantic_type_iri)
VALUES ('CommunicationPolicies.ApprovalRole', 'CommunicationPolicies', 'ApprovalRole', 'relationship', 'string', NULL, NULL, 'urn:effortless:pko-extension#RulebookField') ON CONFLICT (rulebook_field_id) DO UPDATE SET target_table = EXCLUDED.target_table, field_name = EXCLUDED.field_name, field_type = EXCLUDED.field_type, datatype = EXCLUDED.datatype, formula = EXCLUDED.formula, invented_for_question = EXCLUDED.invented_for_question, semantic_type_iri = EXCLUDED.semantic_type_iri;

INSERT INTO rulebook_fields (rulebook_field_id, target_table, field_name, field_type, datatype, formula, invented_for_question, semantic_type_iri)
VALUES ('CommunicationPolicies.RequiredContent', 'CommunicationPolicies', 'RequiredContent', 'raw', 'string', NULL, NULL, 'urn:effortless:pko-extension#RulebookField') ON CONFLICT (rulebook_field_id) DO UPDATE SET target_table = EXCLUDED.target_table, field_name = EXCLUDED.field_name, field_type = EXCLUDED.field_type, datatype = EXCLUDED.datatype, formula = EXCLUDED.formula, invented_for_question = EXCLUDED.invented_for_question, semantic_type_iri = EXCLUDED.semantic_type_iri;

INSERT INTO rulebook_fields (rulebook_field_id, target_table, field_name, field_type, datatype, formula, invented_for_question, semantic_type_iri)
VALUES ('CommunicationPolicies.AuthorityStatement', 'CommunicationPolicies', 'AuthorityStatement', 'raw', 'string', NULL, NULL, 'urn:effortless:pko-extension#RulebookField') ON CONFLICT (rulebook_field_id) DO UPDATE SET target_table = EXCLUDED.target_table, field_name = EXCLUDED.field_name, field_type = EXCLUDED.field_type, datatype = EXCLUDED.datatype, formula = EXCLUDED.formula, invented_for_question = EXCLUDED.invented_for_question, semantic_type_iri = EXCLUDED.semantic_type_iri;

INSERT INTO rulebook_fields (rulebook_field_id, target_table, field_name, field_type, datatype, formula, invented_for_question, semantic_type_iri)
VALUES ('CommunicationPolicies.Status', 'CommunicationPolicies', 'Status', 'raw', 'string', NULL, NULL, 'urn:effortless:pko-extension#RulebookField') ON CONFLICT (rulebook_field_id) DO UPDATE SET target_table = EXCLUDED.target_table, field_name = EXCLUDED.field_name, field_type = EXCLUDED.field_type, datatype = EXCLUDED.datatype, formula = EXCLUDED.formula, invented_for_question = EXCLUDED.invented_for_question, semantic_type_iri = EXCLUDED.semantic_type_iri;

INSERT INTO rulebook_fields (rulebook_field_id, target_table, field_name, field_type, datatype, formula, invented_for_question, semantic_type_iri)
VALUES ('CommunicationPolicies.SemanticTypeIri', 'CommunicationPolicies', 'SemanticTypeIri', 'raw', 'string', NULL, NULL, 'urn:effortless:pko-extension#RulebookField') ON CONFLICT (rulebook_field_id) DO UPDATE SET target_table = EXCLUDED.target_table, field_name = EXCLUDED.field_name, field_type = EXCLUDED.field_type, datatype = EXCLUDED.datatype, formula = EXCLUDED.formula, invented_for_question = EXCLUDED.invented_for_question, semantic_type_iri = EXCLUDED.semantic_type_iri;

INSERT INTO rulebook_fields (rulebook_field_id, target_table, field_name, field_type, datatype, formula, invented_for_question, semantic_type_iri)
VALUES ('MessageTemplates.MessageTemplateId', 'MessageTemplates', 'MessageTemplateId', 'raw', 'string', NULL, NULL, 'urn:effortless:pko-extension#RulebookField') ON CONFLICT (rulebook_field_id) DO UPDATE SET target_table = EXCLUDED.target_table, field_name = EXCLUDED.field_name, field_type = EXCLUDED.field_type, datatype = EXCLUDED.datatype, formula = EXCLUDED.formula, invented_for_question = EXCLUDED.invented_for_question, semantic_type_iri = EXCLUDED.semantic_type_iri;

INSERT INTO rulebook_fields (rulebook_field_id, target_table, field_name, field_type, datatype, formula, invented_for_question, semantic_type_iri)
VALUES ('MessageTemplates.Name', 'MessageTemplates', 'Name', 'calculated', 'string', '={{CommunicationPolicy}} & " / " & {{Locale}}', NULL, 'urn:effortless:pko-extension#RulebookField') ON CONFLICT (rulebook_field_id) DO UPDATE SET target_table = EXCLUDED.target_table, field_name = EXCLUDED.field_name, field_type = EXCLUDED.field_type, datatype = EXCLUDED.datatype, formula = EXCLUDED.formula, invented_for_question = EXCLUDED.invented_for_question, semantic_type_iri = EXCLUDED.semantic_type_iri;

INSERT INTO rulebook_fields (rulebook_field_id, target_table, field_name, field_type, datatype, formula, invented_for_question, semantic_type_iri)
VALUES ('MessageTemplates.CommunicationPolicy', 'MessageTemplates', 'CommunicationPolicy', 'relationship', 'string', NULL, NULL, 'urn:effortless:pko-extension#RulebookField') ON CONFLICT (rulebook_field_id) DO UPDATE SET target_table = EXCLUDED.target_table, field_name = EXCLUDED.field_name, field_type = EXCLUDED.field_type, datatype = EXCLUDED.datatype, formula = EXCLUDED.formula, invented_for_question = EXCLUDED.invented_for_question, semantic_type_iri = EXCLUDED.semantic_type_iri;

INSERT INTO rulebook_fields (rulebook_field_id, target_table, field_name, field_type, datatype, formula, invented_for_question, semantic_type_iri)
VALUES ('MessageTemplates.Resource', 'MessageTemplates', 'Resource', 'relationship', 'string', NULL, NULL, 'urn:effortless:pko-extension#RulebookField') ON CONFLICT (rulebook_field_id) DO UPDATE SET target_table = EXCLUDED.target_table, field_name = EXCLUDED.field_name, field_type = EXCLUDED.field_type, datatype = EXCLUDED.datatype, formula = EXCLUDED.formula, invented_for_question = EXCLUDED.invented_for_question, semantic_type_iri = EXCLUDED.semantic_type_iri;

INSERT INTO rulebook_fields (rulebook_field_id, target_table, field_name, field_type, datatype, formula, invented_for_question, semantic_type_iri)
VALUES ('MessageTemplates.SubjectTemplate', 'MessageTemplates', 'SubjectTemplate', 'raw', 'string', NULL, NULL, 'urn:effortless:pko-extension#RulebookField') ON CONFLICT (rulebook_field_id) DO UPDATE SET target_table = EXCLUDED.target_table, field_name = EXCLUDED.field_name, field_type = EXCLUDED.field_type, datatype = EXCLUDED.datatype, formula = EXCLUDED.formula, invented_for_question = EXCLUDED.invented_for_question, semantic_type_iri = EXCLUDED.semantic_type_iri;

INSERT INTO rulebook_fields (rulebook_field_id, target_table, field_name, field_type, datatype, formula, invented_for_question, semantic_type_iri)
VALUES ('MessageTemplates.BodyTemplate', 'MessageTemplates', 'BodyTemplate', 'raw', 'string', NULL, NULL, 'urn:effortless:pko-extension#RulebookField') ON CONFLICT (rulebook_field_id) DO UPDATE SET target_table = EXCLUDED.target_table, field_name = EXCLUDED.field_name, field_type = EXCLUDED.field_type, datatype = EXCLUDED.datatype, formula = EXCLUDED.formula, invented_for_question = EXCLUDED.invented_for_question, semantic_type_iri = EXCLUDED.semantic_type_iri;

INSERT INTO rulebook_fields (rulebook_field_id, target_table, field_name, field_type, datatype, formula, invented_for_question, semantic_type_iri)
VALUES ('MessageTemplates.Locale', 'MessageTemplates', 'Locale', 'raw', 'string', NULL, NULL, 'urn:effortless:pko-extension#RulebookField') ON CONFLICT (rulebook_field_id) DO UPDATE SET target_table = EXCLUDED.target_table, field_name = EXCLUDED.field_name, field_type = EXCLUDED.field_type, datatype = EXCLUDED.datatype, formula = EXCLUDED.formula, invented_for_question = EXCLUDED.invented_for_question, semantic_type_iri = EXCLUDED.semantic_type_iri;

INSERT INTO rulebook_fields (rulebook_field_id, target_table, field_name, field_type, datatype, formula, invented_for_question, semantic_type_iri)
VALUES ('MessageTemplates.Status', 'MessageTemplates', 'Status', 'raw', 'string', NULL, NULL, 'urn:effortless:pko-extension#RulebookField') ON CONFLICT (rulebook_field_id) DO UPDATE SET target_table = EXCLUDED.target_table, field_name = EXCLUDED.field_name, field_type = EXCLUDED.field_type, datatype = EXCLUDED.datatype, formula = EXCLUDED.formula, invented_for_question = EXCLUDED.invented_for_question, semantic_type_iri = EXCLUDED.semantic_type_iri;

INSERT INTO rulebook_fields (rulebook_field_id, target_table, field_name, field_type, datatype, formula, invented_for_question, semantic_type_iri)
VALUES ('MessageTemplates.SemanticTypeIri', 'MessageTemplates', 'SemanticTypeIri', 'raw', 'string', NULL, NULL, 'urn:effortless:pko-extension#RulebookField') ON CONFLICT (rulebook_field_id) DO UPDATE SET target_table = EXCLUDED.target_table, field_name = EXCLUDED.field_name, field_type = EXCLUDED.field_type, datatype = EXCLUDED.datatype, formula = EXCLUDED.formula, invented_for_question = EXCLUDED.invented_for_question, semantic_type_iri = EXCLUDED.semantic_type_iri;

INSERT INTO rulebook_fields (rulebook_field_id, target_table, field_name, field_type, datatype, formula, invented_for_question, semantic_type_iri)
VALUES ('SemanticMappings.SemanticMappingId', 'SemanticMappings', 'SemanticMappingId', 'raw', 'string', NULL, NULL, 'urn:effortless:pko-extension#RulebookField') ON CONFLICT (rulebook_field_id) DO UPDATE SET target_table = EXCLUDED.target_table, field_name = EXCLUDED.field_name, field_type = EXCLUDED.field_type, datatype = EXCLUDED.datatype, formula = EXCLUDED.formula, invented_for_question = EXCLUDED.invented_for_question, semantic_type_iri = EXCLUDED.semantic_type_iri;

INSERT INTO rulebook_fields (rulebook_field_id, target_table, field_name, field_type, datatype, formula, invented_for_question, semantic_type_iri)
VALUES ('SemanticMappings.Name', 'SemanticMappings', 'Name', 'calculated', 'string', '={{SourcePath}} & " -> " & {{TargetIri}}', NULL, 'urn:effortless:pko-extension#RulebookField') ON CONFLICT (rulebook_field_id) DO UPDATE SET target_table = EXCLUDED.target_table, field_name = EXCLUDED.field_name, field_type = EXCLUDED.field_type, datatype = EXCLUDED.datatype, formula = EXCLUDED.formula, invented_for_question = EXCLUDED.invented_for_question, semantic_type_iri = EXCLUDED.semantic_type_iri;

INSERT INTO rulebook_fields (rulebook_field_id, target_table, field_name, field_type, datatype, formula, invented_for_question, semantic_type_iri)
VALUES ('SemanticMappings.SourcePath', 'SemanticMappings', 'SourcePath', 'raw', 'string', NULL, NULL, 'urn:effortless:pko-extension#RulebookField') ON CONFLICT (rulebook_field_id) DO UPDATE SET target_table = EXCLUDED.target_table, field_name = EXCLUDED.field_name, field_type = EXCLUDED.field_type, datatype = EXCLUDED.datatype, formula = EXCLUDED.formula, invented_for_question = EXCLUDED.invented_for_question, semantic_type_iri = EXCLUDED.semantic_type_iri;

INSERT INTO rulebook_fields (rulebook_field_id, target_table, field_name, field_type, datatype, formula, invented_for_question, semantic_type_iri)
VALUES ('SemanticMappings.MappingKind', 'SemanticMappings', 'MappingKind', 'raw', 'string', NULL, NULL, 'urn:effortless:pko-extension#RulebookField') ON CONFLICT (rulebook_field_id) DO UPDATE SET target_table = EXCLUDED.target_table, field_name = EXCLUDED.field_name, field_type = EXCLUDED.field_type, datatype = EXCLUDED.datatype, formula = EXCLUDED.formula, invented_for_question = EXCLUDED.invented_for_question, semantic_type_iri = EXCLUDED.semantic_type_iri;

INSERT INTO rulebook_fields (rulebook_field_id, target_table, field_name, field_type, datatype, formula, invented_for_question, semantic_type_iri)
VALUES ('SemanticMappings.TargetIri', 'SemanticMappings', 'TargetIri', 'raw', 'string', NULL, NULL, 'urn:effortless:pko-extension#RulebookField') ON CONFLICT (rulebook_field_id) DO UPDATE SET target_table = EXCLUDED.target_table, field_name = EXCLUDED.field_name, field_type = EXCLUDED.field_type, datatype = EXCLUDED.datatype, formula = EXCLUDED.formula, invented_for_question = EXCLUDED.invented_for_question, semantic_type_iri = EXCLUDED.semantic_type_iri;

INSERT INTO rulebook_fields (rulebook_field_id, target_table, field_name, field_type, datatype, formula, invented_for_question, semantic_type_iri)
VALUES ('SemanticMappings.MappingRelation', 'SemanticMappings', 'MappingRelation', 'raw', 'string', NULL, NULL, 'urn:effortless:pko-extension#RulebookField') ON CONFLICT (rulebook_field_id) DO UPDATE SET target_table = EXCLUDED.target_table, field_name = EXCLUDED.field_name, field_type = EXCLUDED.field_type, datatype = EXCLUDED.datatype, formula = EXCLUDED.formula, invented_for_question = EXCLUDED.invented_for_question, semantic_type_iri = EXCLUDED.semantic_type_iri;

INSERT INTO rulebook_fields (rulebook_field_id, target_table, field_name, field_type, datatype, formula, invented_for_question, semantic_type_iri)
VALUES ('SemanticMappings.OntologyProfile', 'SemanticMappings', 'OntologyProfile', 'relationship', 'string', NULL, NULL, 'urn:effortless:pko-extension#RulebookField') ON CONFLICT (rulebook_field_id) DO UPDATE SET target_table = EXCLUDED.target_table, field_name = EXCLUDED.field_name, field_type = EXCLUDED.field_type, datatype = EXCLUDED.datatype, formula = EXCLUDED.formula, invented_for_question = EXCLUDED.invented_for_question, semantic_type_iri = EXCLUDED.semantic_type_iri;

INSERT INTO rulebook_fields (rulebook_field_id, target_table, field_name, field_type, datatype, formula, invented_for_question, semantic_type_iri)
VALUES ('SemanticMappings.Notes', 'SemanticMappings', 'Notes', 'raw', 'string', NULL, NULL, 'urn:effortless:pko-extension#RulebookField') ON CONFLICT (rulebook_field_id) DO UPDATE SET target_table = EXCLUDED.target_table, field_name = EXCLUDED.field_name, field_type = EXCLUDED.field_type, datatype = EXCLUDED.datatype, formula = EXCLUDED.formula, invented_for_question = EXCLUDED.invented_for_question, semantic_type_iri = EXCLUDED.semantic_type_iri;

INSERT INTO rulebook_fields (rulebook_field_id, target_table, field_name, field_type, datatype, formula, invented_for_question, semantic_type_iri)
VALUES ('WitnessLoops.WitnessLoopId', 'WitnessLoops', 'WitnessLoopId', 'raw', 'string', NULL, NULL, 'urn:effortless:pko-extension#RulebookField') ON CONFLICT (rulebook_field_id) DO UPDATE SET target_table = EXCLUDED.target_table, field_name = EXCLUDED.field_name, field_type = EXCLUDED.field_type, datatype = EXCLUDED.datatype, formula = EXCLUDED.formula, invented_for_question = EXCLUDED.invented_for_question, semantic_type_iri = EXCLUDED.semantic_type_iri;

INSERT INTO rulebook_fields (rulebook_field_id, target_table, field_name, field_type, datatype, formula, invented_for_question, semantic_type_iri)
VALUES ('WitnessLoops.Name', 'WitnessLoops', 'Name', 'calculated', 'string', '="Loop " & {{LoopNumber}} & ": " & {{Title}}', NULL, 'urn:effortless:pko-extension#RulebookField') ON CONFLICT (rulebook_field_id) DO UPDATE SET target_table = EXCLUDED.target_table, field_name = EXCLUDED.field_name, field_type = EXCLUDED.field_type, datatype = EXCLUDED.datatype, formula = EXCLUDED.formula, invented_for_question = EXCLUDED.invented_for_question, semantic_type_iri = EXCLUDED.semantic_type_iri;

INSERT INTO rulebook_fields (rulebook_field_id, target_table, field_name, field_type, datatype, formula, invented_for_question, semantic_type_iri)
VALUES ('WitnessLoops.LoopNumber', 'WitnessLoops', 'LoopNumber', 'raw', 'number', NULL, NULL, 'urn:effortless:pko-extension#RulebookField') ON CONFLICT (rulebook_field_id) DO UPDATE SET target_table = EXCLUDED.target_table, field_name = EXCLUDED.field_name, field_type = EXCLUDED.field_type, datatype = EXCLUDED.datatype, formula = EXCLUDED.formula, invented_for_question = EXCLUDED.invented_for_question, semantic_type_iri = EXCLUDED.semantic_type_iri;

INSERT INTO rulebook_fields (rulebook_field_id, target_table, field_name, field_type, datatype, formula, invented_for_question, semantic_type_iri)
VALUES ('WitnessLoops.Title', 'WitnessLoops', 'Title', 'raw', 'string', NULL, NULL, 'urn:effortless:pko-extension#RulebookField') ON CONFLICT (rulebook_field_id) DO UPDATE SET target_table = EXCLUDED.target_table, field_name = EXCLUDED.field_name, field_type = EXCLUDED.field_type, datatype = EXCLUDED.datatype, formula = EXCLUDED.formula, invented_for_question = EXCLUDED.invented_for_question, semantic_type_iri = EXCLUDED.semantic_type_iri;

INSERT INTO rulebook_fields (rulebook_field_id, target_table, field_name, field_type, datatype, formula, invented_for_question, semantic_type_iri)
VALUES ('WitnessLoops.Premise', 'WitnessLoops', 'Premise', 'raw', 'string', NULL, NULL, 'urn:effortless:pko-extension#RulebookField') ON CONFLICT (rulebook_field_id) DO UPDATE SET target_table = EXCLUDED.target_table, field_name = EXCLUDED.field_name, field_type = EXCLUDED.field_type, datatype = EXCLUDED.datatype, formula = EXCLUDED.formula, invented_for_question = EXCLUDED.invented_for_question, semantic_type_iri = EXCLUDED.semantic_type_iri;

INSERT INTO rulebook_fields (rulebook_field_id, target_table, field_name, field_type, datatype, formula, invented_for_question, semantic_type_iri)
VALUES ('WitnessLoops.StartedAt', 'WitnessLoops', 'StartedAt', 'raw', 'datetime', NULL, NULL, 'urn:effortless:pko-extension#RulebookField') ON CONFLICT (rulebook_field_id) DO UPDATE SET target_table = EXCLUDED.target_table, field_name = EXCLUDED.field_name, field_type = EXCLUDED.field_type, datatype = EXCLUDED.datatype, formula = EXCLUDED.formula, invented_for_question = EXCLUDED.invented_for_question, semantic_type_iri = EXCLUDED.semantic_type_iri;

INSERT INTO rulebook_fields (rulebook_field_id, target_table, field_name, field_type, datatype, formula, invented_for_question, semantic_type_iri)
VALUES ('WitnessLoops.CompletedAt', 'WitnessLoops', 'CompletedAt', 'raw', 'datetime', NULL, NULL, 'urn:effortless:pko-extension#RulebookField') ON CONFLICT (rulebook_field_id) DO UPDATE SET target_table = EXCLUDED.target_table, field_name = EXCLUDED.field_name, field_type = EXCLUDED.field_type, datatype = EXCLUDED.datatype, formula = EXCLUDED.formula, invented_for_question = EXCLUDED.invented_for_question, semantic_type_iri = EXCLUDED.semantic_type_iri;

INSERT INTO rulebook_fields (rulebook_field_id, target_table, field_name, field_type, datatype, formula, invented_for_question, semantic_type_iri)
VALUES ('WitnessLoops.QuestionCount', 'WitnessLoops', 'QuestionCount', 'aggregation', 'number', '=COUNTIFS(RoleQuestions!{{WitnessLoop}}, {{WitnessLoopId}})', NULL, 'urn:effortless:pko-extension#RulebookField') ON CONFLICT (rulebook_field_id) DO UPDATE SET target_table = EXCLUDED.target_table, field_name = EXCLUDED.field_name, field_type = EXCLUDED.field_type, datatype = EXCLUDED.datatype, formula = EXCLUDED.formula, invented_for_question = EXCLUDED.invented_for_question, semantic_type_iri = EXCLUDED.semantic_type_iri;

INSERT INTO rulebook_fields (rulebook_field_id, target_table, field_name, field_type, datatype, formula, invented_for_question, semantic_type_iri)
VALUES ('WitnessLoops.IsComplete', 'WitnessLoops', 'IsComplete', 'calculated', 'boolean', '={{CompletedAt}} <> ""', NULL, 'urn:effortless:pko-extension#RulebookField') ON CONFLICT (rulebook_field_id) DO UPDATE SET target_table = EXCLUDED.target_table, field_name = EXCLUDED.field_name, field_type = EXCLUDED.field_type, datatype = EXCLUDED.datatype, formula = EXCLUDED.formula, invented_for_question = EXCLUDED.invented_for_question, semantic_type_iri = EXCLUDED.semantic_type_iri;

INSERT INTO rulebook_fields (rulebook_field_id, target_table, field_name, field_type, datatype, formula, invented_for_question, semantic_type_iri)
VALUES ('WitnessLoops.SemanticTypeIri', 'WitnessLoops', 'SemanticTypeIri', 'raw', 'string', NULL, NULL, 'urn:effortless:pko-extension#RulebookField') ON CONFLICT (rulebook_field_id) DO UPDATE SET target_table = EXCLUDED.target_table, field_name = EXCLUDED.field_name, field_type = EXCLUDED.field_type, datatype = EXCLUDED.datatype, formula = EXCLUDED.formula, invented_for_question = EXCLUDED.invented_for_question, semantic_type_iri = EXCLUDED.semantic_type_iri;

INSERT INTO rulebook_fields (rulebook_field_id, target_table, field_name, field_type, datatype, formula, invented_for_question, semantic_type_iri)
VALUES ('RoleQuestions.RoleQuestionId', 'RoleQuestions', 'RoleQuestionId', 'raw', 'string', NULL, NULL, 'urn:effortless:pko-extension#RulebookField') ON CONFLICT (rulebook_field_id) DO UPDATE SET target_table = EXCLUDED.target_table, field_name = EXCLUDED.field_name, field_type = EXCLUDED.field_type, datatype = EXCLUDED.datatype, formula = EXCLUDED.formula, invented_for_question = EXCLUDED.invented_for_question, semantic_type_iri = EXCLUDED.semantic_type_iri;

INSERT INTO rulebook_fields (rulebook_field_id, target_table, field_name, field_type, datatype, formula, invented_for_question, semantic_type_iri)
VALUES ('RoleQuestions.Name', 'RoleQuestions', 'Name', 'calculated', 'string', '={{AskingRole}} & ": " & LEFT({{QuestionText}}, 60)', NULL, 'urn:effortless:pko-extension#RulebookField') ON CONFLICT (rulebook_field_id) DO UPDATE SET target_table = EXCLUDED.target_table, field_name = EXCLUDED.field_name, field_type = EXCLUDED.field_type, datatype = EXCLUDED.datatype, formula = EXCLUDED.formula, invented_for_question = EXCLUDED.invented_for_question, semantic_type_iri = EXCLUDED.semantic_type_iri;

INSERT INTO rulebook_fields (rulebook_field_id, target_table, field_name, field_type, datatype, formula, invented_for_question, semantic_type_iri)
VALUES ('RoleQuestions.AskingRole', 'RoleQuestions', 'AskingRole', 'relationship', 'string', NULL, NULL, 'urn:effortless:pko-extension#RulebookField') ON CONFLICT (rulebook_field_id) DO UPDATE SET target_table = EXCLUDED.target_table, field_name = EXCLUDED.field_name, field_type = EXCLUDED.field_type, datatype = EXCLUDED.datatype, formula = EXCLUDED.formula, invented_for_question = EXCLUDED.invented_for_question, semantic_type_iri = EXCLUDED.semantic_type_iri;

INSERT INTO rulebook_fields (rulebook_field_id, target_table, field_name, field_type, datatype, formula, invented_for_question, semantic_type_iri)
VALUES ('RoleQuestions.WitnessLoop', 'RoleQuestions', 'WitnessLoop', 'relationship', 'string', NULL, NULL, 'urn:effortless:pko-extension#RulebookField') ON CONFLICT (rulebook_field_id) DO UPDATE SET target_table = EXCLUDED.target_table, field_name = EXCLUDED.field_name, field_type = EXCLUDED.field_type, datatype = EXCLUDED.datatype, formula = EXCLUDED.formula, invented_for_question = EXCLUDED.invented_for_question, semantic_type_iri = EXCLUDED.semantic_type_iri;

INSERT INTO rulebook_fields (rulebook_field_id, target_table, field_name, field_type, datatype, formula, invented_for_question, semantic_type_iri)
VALUES ('RoleQuestions.QuestionText', 'RoleQuestions', 'QuestionText', 'raw', 'string', NULL, NULL, 'urn:effortless:pko-extension#RulebookField') ON CONFLICT (rulebook_field_id) DO UPDATE SET target_table = EXCLUDED.target_table, field_name = EXCLUDED.field_name, field_type = EXCLUDED.field_type, datatype = EXCLUDED.datatype, formula = EXCLUDED.formula, invented_for_question = EXCLUDED.invented_for_question, semantic_type_iri = EXCLUDED.semantic_type_iri;

INSERT INTO rulebook_fields (rulebook_field_id, target_table, field_name, field_type, datatype, formula, invented_for_question, semantic_type_iri)
VALUES ('RoleQuestions.WhyItMatters', 'RoleQuestions', 'WhyItMatters', 'raw', 'string', NULL, NULL, 'urn:effortless:pko-extension#RulebookField') ON CONFLICT (rulebook_field_id) DO UPDATE SET target_table = EXCLUDED.target_table, field_name = EXCLUDED.field_name, field_type = EXCLUDED.field_type, datatype = EXCLUDED.datatype, formula = EXCLUDED.formula, invented_for_question = EXCLUDED.invented_for_question, semantic_type_iri = EXCLUDED.semantic_type_iri;

INSERT INTO rulebook_fields (rulebook_field_id, target_table, field_name, field_type, datatype, formula, invented_for_question, semantic_type_iri)
VALUES ('RoleQuestions.AnswerableBefore', 'RoleQuestions', 'AnswerableBefore', 'raw', 'boolean', NULL, NULL, 'urn:effortless:pko-extension#RulebookField') ON CONFLICT (rulebook_field_id) DO UPDATE SET target_table = EXCLUDED.target_table, field_name = EXCLUDED.field_name, field_type = EXCLUDED.field_type, datatype = EXCLUDED.datatype, formula = EXCLUDED.formula, invented_for_question = EXCLUDED.invented_for_question, semantic_type_iri = EXCLUDED.semantic_type_iri;

INSERT INTO rulebook_fields (rulebook_field_id, target_table, field_name, field_type, datatype, formula, invented_for_question, semantic_type_iri)
VALUES ('RoleQuestions.PredicateCount', 'RoleQuestions', 'PredicateCount', 'aggregation', 'number', '=COUNTIFS(RulebookFields!{{InventedForQuestion}}, {{RoleQuestionId}})', NULL, 'urn:effortless:pko-extension#RulebookField') ON CONFLICT (rulebook_field_id) DO UPDATE SET target_table = EXCLUDED.target_table, field_name = EXCLUDED.field_name, field_type = EXCLUDED.field_type, datatype = EXCLUDED.datatype, formula = EXCLUDED.formula, invented_for_question = EXCLUDED.invented_for_question, semantic_type_iri = EXCLUDED.semantic_type_iri;

INSERT INTO rulebook_fields (rulebook_field_id, target_table, field_name, field_type, datatype, formula, invented_for_question, semantic_type_iri)
VALUES ('RoleQuestions.IsAnswered', 'RoleQuestions', 'IsAnswered', 'calculated', 'boolean', '={{PredicateCount}} > 0', NULL, 'urn:effortless:pko-extension#RulebookField') ON CONFLICT (rulebook_field_id) DO UPDATE SET target_table = EXCLUDED.target_table, field_name = EXCLUDED.field_name, field_type = EXCLUDED.field_type, datatype = EXCLUDED.datatype, formula = EXCLUDED.formula, invented_for_question = EXCLUDED.invented_for_question, semantic_type_iri = EXCLUDED.semantic_type_iri;

INSERT INTO rulebook_fields (rulebook_field_id, target_table, field_name, field_type, datatype, formula, invented_for_question, semantic_type_iri)
VALUES ('RoleQuestions.SemanticTypeIri', 'RoleQuestions', 'SemanticTypeIri', 'raw', 'string', NULL, NULL, 'urn:effortless:pko-extension#RulebookField') ON CONFLICT (rulebook_field_id) DO UPDATE SET target_table = EXCLUDED.target_table, field_name = EXCLUDED.field_name, field_type = EXCLUDED.field_type, datatype = EXCLUDED.datatype, formula = EXCLUDED.formula, invented_for_question = EXCLUDED.invented_for_question, semantic_type_iri = EXCLUDED.semantic_type_iri;

INSERT INTO rulebook_fields (rulebook_field_id, target_table, field_name, field_type, datatype, formula, invented_for_question, semantic_type_iri)
VALUES ('RulebookFields.RulebookFieldId', 'RulebookFields', 'RulebookFieldId', 'raw', 'string', NULL, NULL, 'urn:effortless:pko-extension#RulebookField') ON CONFLICT (rulebook_field_id) DO UPDATE SET target_table = EXCLUDED.target_table, field_name = EXCLUDED.field_name, field_type = EXCLUDED.field_type, datatype = EXCLUDED.datatype, formula = EXCLUDED.formula, invented_for_question = EXCLUDED.invented_for_question, semantic_type_iri = EXCLUDED.semantic_type_iri;

INSERT INTO rulebook_fields (rulebook_field_id, target_table, field_name, field_type, datatype, formula, invented_for_question, semantic_type_iri)
VALUES ('RulebookFields.Name', 'RulebookFields', 'Name', 'calculated', 'string', '={{TargetTable}} & "." & {{FieldName}}', NULL, 'urn:effortless:pko-extension#RulebookField') ON CONFLICT (rulebook_field_id) DO UPDATE SET target_table = EXCLUDED.target_table, field_name = EXCLUDED.field_name, field_type = EXCLUDED.field_type, datatype = EXCLUDED.datatype, formula = EXCLUDED.formula, invented_for_question = EXCLUDED.invented_for_question, semantic_type_iri = EXCLUDED.semantic_type_iri;

INSERT INTO rulebook_fields (rulebook_field_id, target_table, field_name, field_type, datatype, formula, invented_for_question, semantic_type_iri)
VALUES ('RulebookFields.TargetTable', 'RulebookFields', 'TargetTable', 'raw', 'string', NULL, NULL, 'urn:effortless:pko-extension#RulebookField') ON CONFLICT (rulebook_field_id) DO UPDATE SET target_table = EXCLUDED.target_table, field_name = EXCLUDED.field_name, field_type = EXCLUDED.field_type, datatype = EXCLUDED.datatype, formula = EXCLUDED.formula, invented_for_question = EXCLUDED.invented_for_question, semantic_type_iri = EXCLUDED.semantic_type_iri;

INSERT INTO rulebook_fields (rulebook_field_id, target_table, field_name, field_type, datatype, formula, invented_for_question, semantic_type_iri)
VALUES ('RulebookFields.FieldName', 'RulebookFields', 'FieldName', 'raw', 'string', NULL, NULL, 'urn:effortless:pko-extension#RulebookField') ON CONFLICT (rulebook_field_id) DO UPDATE SET target_table = EXCLUDED.target_table, field_name = EXCLUDED.field_name, field_type = EXCLUDED.field_type, datatype = EXCLUDED.datatype, formula = EXCLUDED.formula, invented_for_question = EXCLUDED.invented_for_question, semantic_type_iri = EXCLUDED.semantic_type_iri;

INSERT INTO rulebook_fields (rulebook_field_id, target_table, field_name, field_type, datatype, formula, invented_for_question, semantic_type_iri)
VALUES ('RulebookFields.FieldType', 'RulebookFields', 'FieldType', 'raw', 'string', NULL, NULL, 'urn:effortless:pko-extension#RulebookField') ON CONFLICT (rulebook_field_id) DO UPDATE SET target_table = EXCLUDED.target_table, field_name = EXCLUDED.field_name, field_type = EXCLUDED.field_type, datatype = EXCLUDED.datatype, formula = EXCLUDED.formula, invented_for_question = EXCLUDED.invented_for_question, semantic_type_iri = EXCLUDED.semantic_type_iri;

INSERT INTO rulebook_fields (rulebook_field_id, target_table, field_name, field_type, datatype, formula, invented_for_question, semantic_type_iri)
VALUES ('RulebookFields.Datatype', 'RulebookFields', 'Datatype', 'raw', 'string', NULL, NULL, 'urn:effortless:pko-extension#RulebookField') ON CONFLICT (rulebook_field_id) DO UPDATE SET target_table = EXCLUDED.target_table, field_name = EXCLUDED.field_name, field_type = EXCLUDED.field_type, datatype = EXCLUDED.datatype, formula = EXCLUDED.formula, invented_for_question = EXCLUDED.invented_for_question, semantic_type_iri = EXCLUDED.semantic_type_iri;

INSERT INTO rulebook_fields (rulebook_field_id, target_table, field_name, field_type, datatype, formula, invented_for_question, semantic_type_iri)
VALUES ('RulebookFields.Formula', 'RulebookFields', 'Formula', 'raw', 'string', NULL, NULL, 'urn:effortless:pko-extension#RulebookField') ON CONFLICT (rulebook_field_id) DO UPDATE SET target_table = EXCLUDED.target_table, field_name = EXCLUDED.field_name, field_type = EXCLUDED.field_type, datatype = EXCLUDED.datatype, formula = EXCLUDED.formula, invented_for_question = EXCLUDED.invented_for_question, semantic_type_iri = EXCLUDED.semantic_type_iri;

INSERT INTO rulebook_fields (rulebook_field_id, target_table, field_name, field_type, datatype, formula, invented_for_question, semantic_type_iri)
VALUES ('RulebookFields.InventedForQuestion', 'RulebookFields', 'InventedForQuestion', 'relationship', 'string', NULL, NULL, 'urn:effortless:pko-extension#RulebookField') ON CONFLICT (rulebook_field_id) DO UPDATE SET target_table = EXCLUDED.target_table, field_name = EXCLUDED.field_name, field_type = EXCLUDED.field_type, datatype = EXCLUDED.datatype, formula = EXCLUDED.formula, invented_for_question = EXCLUDED.invented_for_question, semantic_type_iri = EXCLUDED.semantic_type_iri;

INSERT INTO rulebook_fields (rulebook_field_id, target_table, field_name, field_type, datatype, formula, invented_for_question, semantic_type_iri)
VALUES ('RulebookFields.IsDerived', 'RulebookFields', 'IsDerived', 'calculated', 'boolean', '=OR({{FieldType}} = "calculated", {{FieldType}} = "lookup", {{FieldType}} = "aggregation")', NULL, 'urn:effortless:pko-extension#RulebookField') ON CONFLICT (rulebook_field_id) DO UPDATE SET target_table = EXCLUDED.target_table, field_name = EXCLUDED.field_name, field_type = EXCLUDED.field_type, datatype = EXCLUDED.datatype, formula = EXCLUDED.formula, invented_for_question = EXCLUDED.invented_for_question, semantic_type_iri = EXCLUDED.semantic_type_iri;

INSERT INTO rulebook_fields (rulebook_field_id, target_table, field_name, field_type, datatype, formula, invented_for_question, semantic_type_iri)
VALUES ('RulebookFields.IsWitness', 'RulebookFields', 'IsWitness', 'calculated', 'boolean', '={{InventedForQuestion}} <> ""', NULL, 'urn:effortless:pko-extension#RulebookField') ON CONFLICT (rulebook_field_id) DO UPDATE SET target_table = EXCLUDED.target_table, field_name = EXCLUDED.field_name, field_type = EXCLUDED.field_type, datatype = EXCLUDED.datatype, formula = EXCLUDED.formula, invented_for_question = EXCLUDED.invented_for_question, semantic_type_iri = EXCLUDED.semantic_type_iri;

INSERT INTO rulebook_fields (rulebook_field_id, target_table, field_name, field_type, datatype, formula, invented_for_question, semantic_type_iri)
VALUES ('RulebookFields.SemanticTypeIri', 'RulebookFields', 'SemanticTypeIri', 'raw', 'string', NULL, NULL, 'urn:effortless:pko-extension#RulebookField') ON CONFLICT (rulebook_field_id) DO UPDATE SET target_table = EXCLUDED.target_table, field_name = EXCLUDED.field_name, field_type = EXCLUDED.field_type, datatype = EXCLUDED.datatype, formula = EXCLUDED.formula, invented_for_question = EXCLUDED.invented_for_question, semantic_type_iri = EXCLUDED.semantic_type_iri;

INSERT INTO rulebook_fields (rulebook_field_id, target_table, field_name, field_type, datatype, formula, invented_for_question, semantic_type_iri)
VALUES ('ERBVersions.ERBVersionId', 'ERBVersions', 'ERBVersionId', 'raw', 'string', NULL, NULL, 'urn:effortless:pko-extension#RulebookField') ON CONFLICT (rulebook_field_id) DO UPDATE SET target_table = EXCLUDED.target_table, field_name = EXCLUDED.field_name, field_type = EXCLUDED.field_type, datatype = EXCLUDED.datatype, formula = EXCLUDED.formula, invented_for_question = EXCLUDED.invented_for_question, semantic_type_iri = EXCLUDED.semantic_type_iri;

INSERT INTO rulebook_fields (rulebook_field_id, target_table, field_name, field_type, datatype, formula, invented_for_question, semantic_type_iri)
VALUES ('ERBVersions.BaseId', 'ERBVersions', 'BaseId', 'raw', 'string', NULL, NULL, 'urn:effortless:pko-extension#RulebookField') ON CONFLICT (rulebook_field_id) DO UPDATE SET target_table = EXCLUDED.target_table, field_name = EXCLUDED.field_name, field_type = EXCLUDED.field_type, datatype = EXCLUDED.datatype, formula = EXCLUDED.formula, invented_for_question = EXCLUDED.invented_for_question, semantic_type_iri = EXCLUDED.semantic_type_iri;

INSERT INTO rulebook_fields (rulebook_field_id, target_table, field_name, field_type, datatype, formula, invented_for_question, semantic_type_iri)
VALUES ('ERBVersions.Name', 'ERBVersions', 'Name', 'raw', 'string', NULL, NULL, 'urn:effortless:pko-extension#RulebookField') ON CONFLICT (rulebook_field_id) DO UPDATE SET target_table = EXCLUDED.target_table, field_name = EXCLUDED.field_name, field_type = EXCLUDED.field_type, datatype = EXCLUDED.datatype, formula = EXCLUDED.formula, invented_for_question = EXCLUDED.invented_for_question, semantic_type_iri = EXCLUDED.semantic_type_iri;

INSERT INTO rulebook_fields (rulebook_field_id, target_table, field_name, field_type, datatype, formula, invented_for_question, semantic_type_iri)
VALUES ('ERBVersions.Message', 'ERBVersions', 'Message', 'raw', 'string', NULL, NULL, 'urn:effortless:pko-extension#RulebookField') ON CONFLICT (rulebook_field_id) DO UPDATE SET target_table = EXCLUDED.target_table, field_name = EXCLUDED.field_name, field_type = EXCLUDED.field_type, datatype = EXCLUDED.datatype, formula = EXCLUDED.formula, invented_for_question = EXCLUDED.invented_for_question, semantic_type_iri = EXCLUDED.semantic_type_iri;

INSERT INTO rulebook_fields (rulebook_field_id, target_table, field_name, field_type, datatype, formula, invented_for_question, semantic_type_iri)
VALUES ('ERBVersions.Notes', 'ERBVersions', 'Notes', 'raw', 'string', NULL, NULL, 'urn:effortless:pko-extension#RulebookField') ON CONFLICT (rulebook_field_id) DO UPDATE SET target_table = EXCLUDED.target_table, field_name = EXCLUDED.field_name, field_type = EXCLUDED.field_type, datatype = EXCLUDED.datatype, formula = EXCLUDED.formula, invented_for_question = EXCLUDED.invented_for_question, semantic_type_iri = EXCLUDED.semantic_type_iri;

INSERT INTO rulebook_fields (rulebook_field_id, target_table, field_name, field_type, datatype, formula, invented_for_question, semantic_type_iri)
VALUES ('ERBVersions.CommitDate', 'ERBVersions', 'CommitDate', 'raw', 'datetime', NULL, NULL, 'urn:effortless:pko-extension#RulebookField') ON CONFLICT (rulebook_field_id) DO UPDATE SET target_table = EXCLUDED.target_table, field_name = EXCLUDED.field_name, field_type = EXCLUDED.field_type, datatype = EXCLUDED.datatype, formula = EXCLUDED.formula, invented_for_question = EXCLUDED.invented_for_question, semantic_type_iri = EXCLUDED.semantic_type_iri;

INSERT INTO rulebook_fields (rulebook_field_id, target_table, field_name, field_type, datatype, formula, invented_for_question, semantic_type_iri)
VALUES ('ERBVersions.IsPublished', 'ERBVersions', 'IsPublished', 'raw', 'boolean', NULL, NULL, 'urn:effortless:pko-extension#RulebookField') ON CONFLICT (rulebook_field_id) DO UPDATE SET target_table = EXCLUDED.target_table, field_name = EXCLUDED.field_name, field_type = EXCLUDED.field_type, datatype = EXCLUDED.datatype, formula = EXCLUDED.formula, invented_for_question = EXCLUDED.invented_for_question, semantic_type_iri = EXCLUDED.semantic_type_iri;

INSERT INTO rulebook_fields (rulebook_field_id, target_table, field_name, field_type, datatype, formula, invented_for_question, semantic_type_iri)
VALUES ('ERBCustomizations.ERBCustomizationId', 'ERBCustomizations', 'ERBCustomizationId', 'raw', 'string', NULL, NULL, 'urn:effortless:pko-extension#RulebookField') ON CONFLICT (rulebook_field_id) DO UPDATE SET target_table = EXCLUDED.target_table, field_name = EXCLUDED.field_name, field_type = EXCLUDED.field_type, datatype = EXCLUDED.datatype, formula = EXCLUDED.formula, invented_for_question = EXCLUDED.invented_for_question, semantic_type_iri = EXCLUDED.semantic_type_iri;

INSERT INTO rulebook_fields (rulebook_field_id, target_table, field_name, field_type, datatype, formula, invented_for_question, semantic_type_iri)
VALUES ('ERBCustomizations.Name', 'ERBCustomizations', 'Name', 'raw', 'string', NULL, NULL, 'urn:effortless:pko-extension#RulebookField') ON CONFLICT (rulebook_field_id) DO UPDATE SET target_table = EXCLUDED.target_table, field_name = EXCLUDED.field_name, field_type = EXCLUDED.field_type, datatype = EXCLUDED.datatype, formula = EXCLUDED.formula, invented_for_question = EXCLUDED.invented_for_question, semantic_type_iri = EXCLUDED.semantic_type_iri;

INSERT INTO rulebook_fields (rulebook_field_id, target_table, field_name, field_type, datatype, formula, invented_for_question, semantic_type_iri)
VALUES ('ERBCustomizations.Title', 'ERBCustomizations', 'Title', 'raw', 'string', NULL, NULL, 'urn:effortless:pko-extension#RulebookField') ON CONFLICT (rulebook_field_id) DO UPDATE SET target_table = EXCLUDED.target_table, field_name = EXCLUDED.field_name, field_type = EXCLUDED.field_type, datatype = EXCLUDED.datatype, formula = EXCLUDED.formula, invented_for_question = EXCLUDED.invented_for_question, semantic_type_iri = EXCLUDED.semantic_type_iri;

INSERT INTO rulebook_fields (rulebook_field_id, target_table, field_name, field_type, datatype, formula, invented_for_question, semantic_type_iri)
VALUES ('ERBCustomizations.SQLCode', 'ERBCustomizations', 'SQLCode', 'raw', 'string', NULL, NULL, 'urn:effortless:pko-extension#RulebookField') ON CONFLICT (rulebook_field_id) DO UPDATE SET target_table = EXCLUDED.target_table, field_name = EXCLUDED.field_name, field_type = EXCLUDED.field_type, datatype = EXCLUDED.datatype, formula = EXCLUDED.formula, invented_for_question = EXCLUDED.invented_for_question, semantic_type_iri = EXCLUDED.semantic_type_iri;

INSERT INTO rulebook_fields (rulebook_field_id, target_table, field_name, field_type, datatype, formula, invented_for_question, semantic_type_iri)
VALUES ('ERBCustomizations.SQLTarget', 'ERBCustomizations', 'SQLTarget', 'raw', 'string', NULL, NULL, 'urn:effortless:pko-extension#RulebookField') ON CONFLICT (rulebook_field_id) DO UPDATE SET target_table = EXCLUDED.target_table, field_name = EXCLUDED.field_name, field_type = EXCLUDED.field_type, datatype = EXCLUDED.datatype, formula = EXCLUDED.formula, invented_for_question = EXCLUDED.invented_for_question, semantic_type_iri = EXCLUDED.semantic_type_iri;

INSERT INTO rulebook_fields (rulebook_field_id, target_table, field_name, field_type, datatype, formula, invented_for_question, semantic_type_iri)
VALUES ('ERBCustomizations.CustomizationType', 'ERBCustomizations', 'CustomizationType', 'raw', 'string', NULL, NULL, 'urn:effortless:pko-extension#RulebookField') ON CONFLICT (rulebook_field_id) DO UPDATE SET target_table = EXCLUDED.target_table, field_name = EXCLUDED.field_name, field_type = EXCLUDED.field_type, datatype = EXCLUDED.datatype, formula = EXCLUDED.formula, invented_for_question = EXCLUDED.invented_for_question, semantic_type_iri = EXCLUDED.semantic_type_iri;

INSERT INTO rulebook_fields (rulebook_field_id, target_table, field_name, field_type, datatype, formula, invented_for_question, semantic_type_iri)
VALUES ('__meta__.MetaKey', '__meta__', 'MetaKey', 'raw', 'string', NULL, NULL, 'urn:effortless:pko-extension#RulebookField') ON CONFLICT (rulebook_field_id) DO UPDATE SET target_table = EXCLUDED.target_table, field_name = EXCLUDED.field_name, field_type = EXCLUDED.field_type, datatype = EXCLUDED.datatype, formula = EXCLUDED.formula, invented_for_question = EXCLUDED.invented_for_question, semantic_type_iri = EXCLUDED.semantic_type_iri;

INSERT INTO rulebook_fields (rulebook_field_id, target_table, field_name, field_type, datatype, formula, invented_for_question, semantic_type_iri)
VALUES ('__meta__.Name', '__meta__', 'Name', 'calculated', 'string', '={{MetaKey}}', NULL, 'urn:effortless:pko-extension#RulebookField') ON CONFLICT (rulebook_field_id) DO UPDATE SET target_table = EXCLUDED.target_table, field_name = EXCLUDED.field_name, field_type = EXCLUDED.field_type, datatype = EXCLUDED.datatype, formula = EXCLUDED.formula, invented_for_question = EXCLUDED.invented_for_question, semantic_type_iri = EXCLUDED.semantic_type_iri;

INSERT INTO rulebook_fields (rulebook_field_id, target_table, field_name, field_type, datatype, formula, invented_for_question, semantic_type_iri)
VALUES ('__meta__.ValueType', '__meta__', 'ValueType', 'raw', 'string', NULL, NULL, 'urn:effortless:pko-extension#RulebookField') ON CONFLICT (rulebook_field_id) DO UPDATE SET target_table = EXCLUDED.target_table, field_name = EXCLUDED.field_name, field_type = EXCLUDED.field_type, datatype = EXCLUDED.datatype, formula = EXCLUDED.formula, invented_for_question = EXCLUDED.invented_for_question, semantic_type_iri = EXCLUDED.semantic_type_iri;

INSERT INTO rulebook_fields (rulebook_field_id, target_table, field_name, field_type, datatype, formula, invented_for_question, semantic_type_iri)
VALUES ('__meta__.StringValue', '__meta__', 'StringValue', 'raw', 'string', NULL, NULL, 'urn:effortless:pko-extension#RulebookField') ON CONFLICT (rulebook_field_id) DO UPDATE SET target_table = EXCLUDED.target_table, field_name = EXCLUDED.field_name, field_type = EXCLUDED.field_type, datatype = EXCLUDED.datatype, formula = EXCLUDED.formula, invented_for_question = EXCLUDED.invented_for_question, semantic_type_iri = EXCLUDED.semantic_type_iri;

INSERT INTO rulebook_fields (rulebook_field_id, target_table, field_name, field_type, datatype, formula, invented_for_question, semantic_type_iri)
VALUES ('__meta__.JsonValue', '__meta__', 'JsonValue', 'raw', 'string', NULL, NULL, 'urn:effortless:pko-extension#RulebookField') ON CONFLICT (rulebook_field_id) DO UPDATE SET target_table = EXCLUDED.target_table, field_name = EXCLUDED.field_name, field_type = EXCLUDED.field_type, datatype = EXCLUDED.datatype, formula = EXCLUDED.formula, invented_for_question = EXCLUDED.invented_for_question, semantic_type_iri = EXCLUDED.semantic_type_iri;

INSERT INTO rulebook_fields (rulebook_field_id, target_table, field_name, field_type, datatype, formula, invented_for_question, semantic_type_iri)
VALUES ('ExceptionInvocations.ExceptionInvocationId', 'ExceptionInvocations', 'ExceptionInvocationId', 'raw', 'string', NULL, NULL, 'urn:effortless:pko-extension#RulebookField') ON CONFLICT (rulebook_field_id) DO UPDATE SET target_table = EXCLUDED.target_table, field_name = EXCLUDED.field_name, field_type = EXCLUDED.field_type, datatype = EXCLUDED.datatype, formula = EXCLUDED.formula, invented_for_question = EXCLUDED.invented_for_question, semantic_type_iri = EXCLUDED.semantic_type_iri;

INSERT INTO rulebook_fields (rulebook_field_id, target_table, field_name, field_type, datatype, formula, invented_for_question, semantic_type_iri)
VALUES ('ExceptionInvocations.Name', 'ExceptionInvocations', 'Name', 'calculated', 'string', '={{StepExecution}} & " / " & {{Exception}}', NULL, 'urn:effortless:pko-extension#RulebookField') ON CONFLICT (rulebook_field_id) DO UPDATE SET target_table = EXCLUDED.target_table, field_name = EXCLUDED.field_name, field_type = EXCLUDED.field_type, datatype = EXCLUDED.datatype, formula = EXCLUDED.formula, invented_for_question = EXCLUDED.invented_for_question, semantic_type_iri = EXCLUDED.semantic_type_iri;

INSERT INTO rulebook_fields (rulebook_field_id, target_table, field_name, field_type, datatype, formula, invented_for_question, semantic_type_iri)
VALUES ('ExceptionInvocations.StepExecution', 'ExceptionInvocations', 'StepExecution', 'relationship', 'string', NULL, NULL, 'urn:effortless:pko-extension#RulebookField') ON CONFLICT (rulebook_field_id) DO UPDATE SET target_table = EXCLUDED.target_table, field_name = EXCLUDED.field_name, field_type = EXCLUDED.field_type, datatype = EXCLUDED.datatype, formula = EXCLUDED.formula, invented_for_question = EXCLUDED.invented_for_question, semantic_type_iri = EXCLUDED.semantic_type_iri;

INSERT INTO rulebook_fields (rulebook_field_id, target_table, field_name, field_type, datatype, formula, invented_for_question, semantic_type_iri)
VALUES ('ExceptionInvocations.Exception', 'ExceptionInvocations', 'Exception', 'relationship', 'string', NULL, NULL, 'urn:effortless:pko-extension#RulebookField') ON CONFLICT (rulebook_field_id) DO UPDATE SET target_table = EXCLUDED.target_table, field_name = EXCLUDED.field_name, field_type = EXCLUDED.field_type, datatype = EXCLUDED.datatype, formula = EXCLUDED.formula, invented_for_question = EXCLUDED.invented_for_question, semantic_type_iri = EXCLUDED.semantic_type_iri;

INSERT INTO rulebook_fields (rulebook_field_id, target_table, field_name, field_type, datatype, formula, invented_for_question, semantic_type_iri)
VALUES ('ExceptionInvocations.InvokedByAgent', 'ExceptionInvocations', 'InvokedByAgent', 'relationship', 'string', NULL, NULL, 'urn:effortless:pko-extension#RulebookField') ON CONFLICT (rulebook_field_id) DO UPDATE SET target_table = EXCLUDED.target_table, field_name = EXCLUDED.field_name, field_type = EXCLUDED.field_type, datatype = EXCLUDED.datatype, formula = EXCLUDED.formula, invented_for_question = EXCLUDED.invented_for_question, semantic_type_iri = EXCLUDED.semantic_type_iri;

INSERT INTO rulebook_fields (rulebook_field_id, target_table, field_name, field_type, datatype, formula, invented_for_question, semantic_type_iri)
VALUES ('ExceptionInvocations.ApprovedByAgent', 'ExceptionInvocations', 'ApprovedByAgent', 'relationship', 'string', NULL, NULL, 'urn:effortless:pko-extension#RulebookField') ON CONFLICT (rulebook_field_id) DO UPDATE SET target_table = EXCLUDED.target_table, field_name = EXCLUDED.field_name, field_type = EXCLUDED.field_type, datatype = EXCLUDED.datatype, formula = EXCLUDED.formula, invented_for_question = EXCLUDED.invented_for_question, semantic_type_iri = EXCLUDED.semantic_type_iri;

INSERT INTO rulebook_fields (rulebook_field_id, target_table, field_name, field_type, datatype, formula, invented_for_question, semantic_type_iri)
VALUES ('ExceptionInvocations.InvokedAt', 'ExceptionInvocations', 'InvokedAt', 'raw', 'datetime', NULL, NULL, 'urn:effortless:pko-extension#RulebookField') ON CONFLICT (rulebook_field_id) DO UPDATE SET target_table = EXCLUDED.target_table, field_name = EXCLUDED.field_name, field_type = EXCLUDED.field_type, datatype = EXCLUDED.datatype, formula = EXCLUDED.formula, invented_for_question = EXCLUDED.invented_for_question, semantic_type_iri = EXCLUDED.semantic_type_iri;

INSERT INTO rulebook_fields (rulebook_field_id, target_table, field_name, field_type, datatype, formula, invented_for_question, semantic_type_iri)
VALUES ('ExceptionInvocations.HandlingApplied', 'ExceptionInvocations', 'HandlingApplied', 'raw', 'string', NULL, NULL, 'urn:effortless:pko-extension#RulebookField') ON CONFLICT (rulebook_field_id) DO UPDATE SET target_table = EXCLUDED.target_table, field_name = EXCLUDED.field_name, field_type = EXCLUDED.field_type, datatype = EXCLUDED.datatype, formula = EXCLUDED.formula, invented_for_question = EXCLUDED.invented_for_question, semantic_type_iri = EXCLUDED.semantic_type_iri;

INSERT INTO rulebook_fields (rulebook_field_id, target_table, field_name, field_type, datatype, formula, invented_for_question, semantic_type_iri)
VALUES ('ExceptionInvocations.ExpectedHandling', 'ExceptionInvocations', 'ExpectedHandling', 'lookup', 'string', '=INDEX(Exceptions!{{Handling}}, MATCH({{Exception}}, Exceptions!{{ExceptionId}}, 0))', NULL, 'urn:effortless:pko-extension#RulebookField') ON CONFLICT (rulebook_field_id) DO UPDATE SET target_table = EXCLUDED.target_table, field_name = EXCLUDED.field_name, field_type = EXCLUDED.field_type, datatype = EXCLUDED.datatype, formula = EXCLUDED.formula, invented_for_question = EXCLUDED.invented_for_question, semantic_type_iri = EXCLUDED.semantic_type_iri;

INSERT INTO rulebook_fields (rulebook_field_id, target_table, field_name, field_type, datatype, formula, invented_for_question, semantic_type_iri)
VALUES ('ExceptionInvocations.RequiredApprovalRole', 'ExceptionInvocations', 'RequiredApprovalRole', 'lookup', 'string', '=INDEX(Exceptions!{{ApprovalRole}}, MATCH({{Exception}}, Exceptions!{{ExceptionId}}, 0))', NULL, 'urn:effortless:pko-extension#RulebookField') ON CONFLICT (rulebook_field_id) DO UPDATE SET target_table = EXCLUDED.target_table, field_name = EXCLUDED.field_name, field_type = EXCLUDED.field_type, datatype = EXCLUDED.datatype, formula = EXCLUDED.formula, invented_for_question = EXCLUDED.invented_for_question, semantic_type_iri = EXCLUDED.semantic_type_iri;

INSERT INTO rulebook_fields (rulebook_field_id, target_table, field_name, field_type, datatype, formula, invented_for_question, semantic_type_iri)
VALUES ('ExceptionInvocations.RequiredApprovalRoleHolder', 'ExceptionInvocations', 'RequiredApprovalRoleHolder', 'lookup', 'string', '=INDEX(Roles!{{CurrentAgent}}, MATCH({{RequiredApprovalRole}}, Roles!{{RoleId}}, 0))', NULL, 'urn:effortless:pko-extension#RulebookField') ON CONFLICT (rulebook_field_id) DO UPDATE SET target_table = EXCLUDED.target_table, field_name = EXCLUDED.field_name, field_type = EXCLUDED.field_type, datatype = EXCLUDED.datatype, formula = EXCLUDED.formula, invented_for_question = EXCLUDED.invented_for_question, semantic_type_iri = EXCLUDED.semantic_type_iri;

INSERT INTO rulebook_fields (rulebook_field_id, target_table, field_name, field_type, datatype, formula, invented_for_question, semantic_type_iri)
VALUES ('ExceptionInvocations.ApprovalRoleMatches', 'ExceptionInvocations', 'ApprovalRoleMatches', 'calculated', 'boolean', '={{ApprovedByAgent}} = {{RequiredApprovalRoleHolder}}', NULL, 'urn:effortless:pko-extension#RulebookField') ON CONFLICT (rulebook_field_id) DO UPDATE SET target_table = EXCLUDED.target_table, field_name = EXCLUDED.field_name, field_type = EXCLUDED.field_type, datatype = EXCLUDED.datatype, formula = EXCLUDED.formula, invented_for_question = EXCLUDED.invented_for_question, semantic_type_iri = EXCLUDED.semantic_type_iri;

INSERT INTO rulebook_fields (rulebook_field_id, target_table, field_name, field_type, datatype, formula, invented_for_question, semantic_type_iri)
VALUES ('ExceptionInvocations.IsApproved', 'ExceptionInvocations', 'IsApproved', 'calculated', 'boolean', '={{ApprovedByAgent}} <> ""', NULL, 'urn:effortless:pko-extension#RulebookField') ON CONFLICT (rulebook_field_id) DO UPDATE SET target_table = EXCLUDED.target_table, field_name = EXCLUDED.field_name, field_type = EXCLUDED.field_type, datatype = EXCLUDED.datatype, formula = EXCLUDED.formula, invented_for_question = EXCLUDED.invented_for_question, semantic_type_iri = EXCLUDED.semantic_type_iri;

INSERT INTO rulebook_fields (rulebook_field_id, target_table, field_name, field_type, datatype, formula, invented_for_question, semantic_type_iri)
VALUES ('ExceptionInvocations.IsImproperlyApproved', 'ExceptionInvocations', 'IsImproperlyApproved', 'calculated', 'boolean', '=OR(NOT({{IsApproved}}), NOT({{ApprovalRoleMatches}}))', NULL, 'urn:effortless:pko-extension#RulebookField') ON CONFLICT (rulebook_field_id) DO UPDATE SET target_table = EXCLUDED.target_table, field_name = EXCLUDED.field_name, field_type = EXCLUDED.field_type, datatype = EXCLUDED.datatype, formula = EXCLUDED.formula, invented_for_question = EXCLUDED.invented_for_question, semantic_type_iri = EXCLUDED.semantic_type_iri;

INSERT INTO rulebook_fields (rulebook_field_id, target_table, field_name, field_type, datatype, formula, invented_for_question, semantic_type_iri)
VALUES ('ExceptionInvocations.SemanticTypeIri', 'ExceptionInvocations', 'SemanticTypeIri', 'raw', 'string', NULL, NULL, 'urn:effortless:pko-extension#RulebookField') ON CONFLICT (rulebook_field_id) DO UPDATE SET target_table = EXCLUDED.target_table, field_name = EXCLUDED.field_name, field_type = EXCLUDED.field_type, datatype = EXCLUDED.datatype, formula = EXCLUDED.formula, invented_for_question = EXCLUDED.invented_for_question, semantic_type_iri = EXCLUDED.semantic_type_iri;

INSERT INTO rulebook_fields (rulebook_field_id, target_table, field_name, field_type, datatype, formula, invented_for_question, semantic_type_iri)
VALUES ('VerificationOutcomes.VerificationOutcomeId', 'VerificationOutcomes', 'VerificationOutcomeId', 'raw', 'string', NULL, NULL, 'urn:effortless:pko-extension#RulebookField') ON CONFLICT (rulebook_field_id) DO UPDATE SET target_table = EXCLUDED.target_table, field_name = EXCLUDED.field_name, field_type = EXCLUDED.field_type, datatype = EXCLUDED.datatype, formula = EXCLUDED.formula, invented_for_question = EXCLUDED.invented_for_question, semantic_type_iri = EXCLUDED.semantic_type_iri;

INSERT INTO rulebook_fields (rulebook_field_id, target_table, field_name, field_type, datatype, formula, invented_for_question, semantic_type_iri)
VALUES ('VerificationOutcomes.Name', 'VerificationOutcomes', 'Name', 'calculated', 'string', '={{StepExecution}} & " / " & {{StepVerification}}', NULL, 'urn:effortless:pko-extension#RulebookField') ON CONFLICT (rulebook_field_id) DO UPDATE SET target_table = EXCLUDED.target_table, field_name = EXCLUDED.field_name, field_type = EXCLUDED.field_type, datatype = EXCLUDED.datatype, formula = EXCLUDED.formula, invented_for_question = EXCLUDED.invented_for_question, semantic_type_iri = EXCLUDED.semantic_type_iri;

INSERT INTO rulebook_fields (rulebook_field_id, target_table, field_name, field_type, datatype, formula, invented_for_question, semantic_type_iri)
VALUES ('VerificationOutcomes.StepExecution', 'VerificationOutcomes', 'StepExecution', 'relationship', 'string', NULL, NULL, 'urn:effortless:pko-extension#RulebookField') ON CONFLICT (rulebook_field_id) DO UPDATE SET target_table = EXCLUDED.target_table, field_name = EXCLUDED.field_name, field_type = EXCLUDED.field_type, datatype = EXCLUDED.datatype, formula = EXCLUDED.formula, invented_for_question = EXCLUDED.invented_for_question, semantic_type_iri = EXCLUDED.semantic_type_iri;

INSERT INTO rulebook_fields (rulebook_field_id, target_table, field_name, field_type, datatype, formula, invented_for_question, semantic_type_iri)
VALUES ('VerificationOutcomes.StepVerification', 'VerificationOutcomes', 'StepVerification', 'relationship', 'string', NULL, NULL, 'urn:effortless:pko-extension#RulebookField') ON CONFLICT (rulebook_field_id) DO UPDATE SET target_table = EXCLUDED.target_table, field_name = EXCLUDED.field_name, field_type = EXCLUDED.field_type, datatype = EXCLUDED.datatype, formula = EXCLUDED.formula, invented_for_question = EXCLUDED.invented_for_question, semantic_type_iri = EXCLUDED.semantic_type_iri;

INSERT INTO rulebook_fields (rulebook_field_id, target_table, field_name, field_type, datatype, formula, invented_for_question, semantic_type_iri)
VALUES ('VerificationOutcomes.ObservedSignalValue', 'VerificationOutcomes', 'ObservedSignalValue', 'raw', 'string', NULL, NULL, 'urn:effortless:pko-extension#RulebookField') ON CONFLICT (rulebook_field_id) DO UPDATE SET target_table = EXCLUDED.target_table, field_name = EXCLUDED.field_name, field_type = EXCLUDED.field_type, datatype = EXCLUDED.datatype, formula = EXCLUDED.formula, invented_for_question = EXCLUDED.invented_for_question, semantic_type_iri = EXCLUDED.semantic_type_iri;

INSERT INTO rulebook_fields (rulebook_field_id, target_table, field_name, field_type, datatype, formula, invented_for_question, semantic_type_iri)
VALUES ('VerificationOutcomes.ObservedByAgent', 'VerificationOutcomes', 'ObservedByAgent', 'relationship', 'string', NULL, NULL, 'urn:effortless:pko-extension#RulebookField') ON CONFLICT (rulebook_field_id) DO UPDATE SET target_table = EXCLUDED.target_table, field_name = EXCLUDED.field_name, field_type = EXCLUDED.field_type, datatype = EXCLUDED.datatype, formula = EXCLUDED.formula, invented_for_question = EXCLUDED.invented_for_question, semantic_type_iri = EXCLUDED.semantic_type_iri;

INSERT INTO rulebook_fields (rulebook_field_id, target_table, field_name, field_type, datatype, formula, invented_for_question, semantic_type_iri)
VALUES ('VerificationOutcomes.ObservedAt', 'VerificationOutcomes', 'ObservedAt', 'raw', 'datetime', NULL, NULL, 'urn:effortless:pko-extension#RulebookField') ON CONFLICT (rulebook_field_id) DO UPDATE SET target_table = EXCLUDED.target_table, field_name = EXCLUDED.field_name, field_type = EXCLUDED.field_type, datatype = EXCLUDED.datatype, formula = EXCLUDED.formula, invented_for_question = EXCLUDED.invented_for_question, semantic_type_iri = EXCLUDED.semantic_type_iri;

INSERT INTO rulebook_fields (rulebook_field_id, target_table, field_name, field_type, datatype, formula, invented_for_question, semantic_type_iri)
VALUES ('VerificationOutcomes.EvidenceUri', 'VerificationOutcomes', 'EvidenceUri', 'raw', 'string', NULL, NULL, 'urn:effortless:pko-extension#RulebookField') ON CONFLICT (rulebook_field_id) DO UPDATE SET target_table = EXCLUDED.target_table, field_name = EXCLUDED.field_name, field_type = EXCLUDED.field_type, datatype = EXCLUDED.datatype, formula = EXCLUDED.formula, invented_for_question = EXCLUDED.invented_for_question, semantic_type_iri = EXCLUDED.semantic_type_iri;

INSERT INTO rulebook_fields (rulebook_field_id, target_table, field_name, field_type, datatype, formula, invented_for_question, semantic_type_iri)
VALUES ('VerificationOutcomes.ExpectedSignalValue', 'VerificationOutcomes', 'ExpectedSignalValue', 'lookup', 'string', '=INDEX(StepVerifications!{{ExpectedSignalValue}}, MATCH({{StepVerification}}, StepVerifications!{{StepVerificationId}}, 0))', NULL, 'urn:effortless:pko-extension#RulebookField') ON CONFLICT (rulebook_field_id) DO UPDATE SET target_table = EXCLUDED.target_table, field_name = EXCLUDED.field_name, field_type = EXCLUDED.field_type, datatype = EXCLUDED.datatype, formula = EXCLUDED.formula, invented_for_question = EXCLUDED.invented_for_question, semantic_type_iri = EXCLUDED.semantic_type_iri;

INSERT INTO rulebook_fields (rulebook_field_id, target_table, field_name, field_type, datatype, formula, invented_for_question, semantic_type_iri)
VALUES ('VerificationOutcomes.SignalIdentifier', 'VerificationOutcomes', 'SignalIdentifier', 'lookup', 'string', '=INDEX(StepVerifications!{{SignalIdentifier}}, MATCH({{StepVerification}}, StepVerifications!{{StepVerificationId}}, 0))', NULL, 'urn:effortless:pko-extension#RulebookField') ON CONFLICT (rulebook_field_id) DO UPDATE SET target_table = EXCLUDED.target_table, field_name = EXCLUDED.field_name, field_type = EXCLUDED.field_type, datatype = EXCLUDED.datatype, formula = EXCLUDED.formula, invented_for_question = EXCLUDED.invented_for_question, semantic_type_iri = EXCLUDED.semantic_type_iri;

INSERT INTO rulebook_fields (rulebook_field_id, target_table, field_name, field_type, datatype, formula, invented_for_question, semantic_type_iri)
VALUES ('VerificationOutcomes.SignalMatchesExpected', 'VerificationOutcomes', 'SignalMatchesExpected', 'calculated', 'boolean', '={{ObservedSignalValue}} = {{ExpectedSignalValue}}', NULL, 'urn:effortless:pko-extension#RulebookField') ON CONFLICT (rulebook_field_id) DO UPDATE SET target_table = EXCLUDED.target_table, field_name = EXCLUDED.field_name, field_type = EXCLUDED.field_type, datatype = EXCLUDED.datatype, formula = EXCLUDED.formula, invented_for_question = EXCLUDED.invented_for_question, semantic_type_iri = EXCLUDED.semantic_type_iri;

INSERT INTO rulebook_fields (rulebook_field_id, target_table, field_name, field_type, datatype, formula, invented_for_question, semantic_type_iri)
VALUES ('VerificationOutcomes.HasEvidence', 'VerificationOutcomes', 'HasEvidence', 'calculated', 'boolean', '={{EvidenceUri}} <> ""', NULL, 'urn:effortless:pko-extension#RulebookField') ON CONFLICT (rulebook_field_id) DO UPDATE SET target_table = EXCLUDED.target_table, field_name = EXCLUDED.field_name, field_type = EXCLUDED.field_type, datatype = EXCLUDED.datatype, formula = EXCLUDED.formula, invented_for_question = EXCLUDED.invented_for_question, semantic_type_iri = EXCLUDED.semantic_type_iri;

INSERT INTO rulebook_fields (rulebook_field_id, target_table, field_name, field_type, datatype, formula, invented_for_question, semantic_type_iri)
VALUES ('VerificationOutcomes.IsUnbackedObservation', 'VerificationOutcomes', 'IsUnbackedObservation', 'calculated', 'boolean', '=AND({{SignalMatchesExpected}}, NOT({{HasEvidence}}))', NULL, 'urn:effortless:pko-extension#RulebookField') ON CONFLICT (rulebook_field_id) DO UPDATE SET target_table = EXCLUDED.target_table, field_name = EXCLUDED.field_name, field_type = EXCLUDED.field_type, datatype = EXCLUDED.datatype, formula = EXCLUDED.formula, invented_for_question = EXCLUDED.invented_for_question, semantic_type_iri = EXCLUDED.semantic_type_iri;

INSERT INTO rulebook_fields (rulebook_field_id, target_table, field_name, field_type, datatype, formula, invented_for_question, semantic_type_iri)
VALUES ('VerificationOutcomes.SemanticTypeIri', 'VerificationOutcomes', 'SemanticTypeIri', 'raw', 'string', NULL, NULL, 'urn:effortless:pko-extension#RulebookField') ON CONFLICT (rulebook_field_id) DO UPDATE SET target_table = EXCLUDED.target_table, field_name = EXCLUDED.field_name, field_type = EXCLUDED.field_type, datatype = EXCLUDED.datatype, formula = EXCLUDED.formula, invented_for_question = EXCLUDED.invented_for_question, semantic_type_iri = EXCLUDED.semantic_type_iri;

-- ----------------------------------------------------------------------------
-- ExceptionInvocations: ExceptionInvocations (added by witness loop 1).
-- ----------------------------------------------------------------------------
INSERT INTO exception_invocations (exception_invocation_id, step_execution, exception, invoked_by_agent, approved_by_agent, invoked_at, handling_applied, semantic_type_iri)
VALUES ('exc-inv-close02', 'se-close02', 'exc-ledger-outage', 'close-pipeline', 'devon-okafor', '2026-07-19T09:24:00-05:00', 'Used the digitally signed 09:07 trial-balance snapshot and opened blocking incident issue-close-feed. No spreadsheet substitution.', 'urn:effortless:pko-extension#ExceptionInvocation') ON CONFLICT (exception_invocation_id) DO UPDATE SET step_execution = EXCLUDED.step_execution, exception = EXCLUDED.exception, invoked_by_agent = EXCLUDED.invoked_by_agent, approved_by_agent = EXCLUDED.approved_by_agent, invoked_at = EXCLUDED.invoked_at, handling_applied = EXCLUDED.handling_applied, semantic_type_iri = EXCLUDED.semantic_type_iri;

-- ----------------------------------------------------------------------------
-- VerificationOutcomes: VerificationOutcomes (added by witness loop 1).
-- ----------------------------------------------------------------------------
INSERT INTO verification_outcomes (verification_outcome_id, step_execution, step_verification, observed_signal_value, observed_by_agent, observed_at, evidence_uri, semantic_type_iri)
VALUES ('vo-close01', 'se-close01', 'verify-close-cutoff', 'LOCKED', 'devon-okafor', '2026-07-19T09:05:00-05:00', 'evidence://erp/close/2026-q2/ledger-lock.json', 'urn:effortless:pko-extension#VerificationOutcome') ON CONFLICT (verification_outcome_id) DO UPDATE SET step_execution = EXCLUDED.step_execution, step_verification = EXCLUDED.step_verification, observed_signal_value = EXCLUDED.observed_signal_value, observed_by_agent = EXCLUDED.observed_by_agent, observed_at = EXCLUDED.observed_at, evidence_uri = EXCLUDED.evidence_uri, semantic_type_iri = EXCLUDED.semantic_type_iri;

INSERT INTO verification_outcomes (verification_outcome_id, step_execution, step_verification, observed_signal_value, observed_by_agent, observed_at, evidence_uri, semantic_type_iri)
VALUES ('vo-close02', 'se-close02', 'verify-feed-time', '17', 'close-pipeline', '2026-07-19T09:22:00-05:00', 'evidence://erp/close/2026-q2/feed-age.json', 'urn:effortless:pko-extension#VerificationOutcome') ON CONFLICT (verification_outcome_id) DO UPDATE SET step_execution = EXCLUDED.step_execution, step_verification = EXCLUDED.step_verification, observed_signal_value = EXCLUDED.observed_signal_value, observed_by_agent = EXCLUDED.observed_by_agent, observed_at = EXCLUDED.observed_at, evidence_uri = EXCLUDED.evidence_uri, semantic_type_iri = EXCLUDED.semantic_type_iri;

INSERT INTO verification_outcomes (verification_outcome_id, step_execution, step_verification, observed_signal_value, observed_by_agent, observed_at, evidence_uri, semantic_type_iri)
VALUES ('vo-close03', 'se-close03', 'verify-reconciliation', '0', 'maria-chen', '2026-07-19T11:40:00-05:00', '', 'urn:effortless:pko-extension#VerificationOutcome') ON CONFLICT (verification_outcome_id) DO UPDATE SET step_execution = EXCLUDED.step_execution, step_verification = EXCLUDED.step_verification, observed_signal_value = EXCLUDED.observed_signal_value, observed_by_agent = EXCLUDED.observed_by_agent, observed_at = EXCLUDED.observed_at, evidence_uri = EXCLUDED.evidence_uri, semantic_type_iri = EXCLUDED.semantic_type_iri;

INSERT INTO verification_outcomes (verification_outcome_id, step_execution, step_verification, observed_signal_value, observed_by_agent, observed_at, evidence_uri, semantic_type_iri)
VALUES ('vo-close05', 'se-close05', 'verify-controller', 'APPROVED', 'devon-okafor', '2026-07-19T12:20:00-05:00', 'evidence://erp/close/2026-q2/controller-approval.pdf', 'urn:effortless:pko-extension#VerificationOutcome') ON CONFLICT (verification_outcome_id) DO UPDATE SET step_execution = EXCLUDED.step_execution, step_verification = EXCLUDED.step_verification, observed_signal_value = EXCLUDED.observed_signal_value, observed_by_agent = EXCLUDED.observed_by_agent, observed_at = EXCLUDED.observed_at, evidence_uri = EXCLUDED.evidence_uri, semantic_type_iri = EXCLUDED.semantic_type_iri;

