-- ============================================================================
-- INSERT DATA - Load data from rulebook
-- ============================================================================
-- Generated by rulebook-to-postgres tool
-- Mode: check-add    Stage: dev
-- PK strategy: string (FK values are rewritten to match each PK)
-- ============================================================================

-- ----------------------------------------------------------------------------
-- Loops: Table: Loops — the 10-loop build plan, carried as a first-class entity inside the model. Each row documents what new concept is introduced and why.
-- ----------------------------------------------------------------------------
INSERT INTO loops (loop_id, title, status, new_concept, domain_question, mock_data_note, next_suggestion)
VALUES ('loop-01', 'Core domain: Study, Treatment, Stratum, CaseCell → SuccessRate falls out', 'complete', 'Studies, Treatments, Strata, CaseCells', 'For each (stratum, treatment) cell in a study, what is the success rate?', 'Kidney stone study (Charig 1986): 2 strata (small/large), 2 treatments (A/B), 4 cells. CellSuccessRate is the first derived fact.', 'Ask: for each treatment, what is its pooled (across all strata) success rate? That requires TreatmentSummary — aggregating CaseCells by treatment, ignoring stratum.') ON CONFLICT (loop_id) DO UPDATE SET title = EXCLUDED.title, status = EXCLUDED.status, new_concept = EXCLUDED.new_concept, domain_question = EXCLUDED.domain_question, mock_data_note = EXCLUDED.mock_data_note, next_suggestion = EXCLUDED.next_suggestion;

INSERT INTO loops (loop_id, title, status, new_concept, domain_question, mock_data_note, next_suggestion)
VALUES ('loop-02', 'TreatmentSummary: pooled rate per treatment across all strata', 'complete', 'TreatmentSummaries', 'If you ignore stratum entirely, what is each treatment''s overall success rate?', 'Pooled: A=273/350=78%, B=289/350=83%. B looks better — this is the misleading aggregate view.', 'Ask: for each (stratum, treatment) pair, what is the success rate WITHIN that stratum? That requires StratumSummary — the view that contradicts the pooled view.') ON CONFLICT (loop_id) DO UPDATE SET title = EXCLUDED.title, status = EXCLUDED.status, new_concept = EXCLUDED.new_concept, domain_question = EXCLUDED.domain_question, mock_data_note = EXCLUDED.mock_data_note, next_suggestion = EXCLUDED.next_suggestion;

INSERT INTO loops (loop_id, title, status, new_concept, domain_question, mock_data_note, next_suggestion)
VALUES ('loop-03', 'StratumSummary: per-stratum rate per treatment — the true picture', 'complete', 'StratumSummaries', 'Within each stratum, which treatment has the higher success rate?', 'Small: A=93.1% > B=86.7%. Large: A=73.0% > B=68.8%. A wins in BOTH strata. Contradiction with pooled view is now visible.', 'Ask: for each treatment pair in a study, does the pooled winner match the per-stratum winner? That requires TreatmentRanking — the node where the paradox either exists or doesn''t.') ON CONFLICT (loop_id) DO UPDATE SET title = EXCLUDED.title, status = EXCLUDED.status, new_concept = EXCLUDED.new_concept, domain_question = EXCLUDED.domain_question, mock_data_note = EXCLUDED.mock_data_note, next_suggestion = EXCLUDED.next_suggestion;

INSERT INTO loops (loop_id, title, status, new_concept, domain_question, mock_data_note, next_suggestion)
VALUES ('loop-04', 'TreatmentRanking: does the pooled winner = the per-stratum winner?', 'complete', 'TreatmentRankings', 'When pooled and stratified conclusions disagree — which treatment should actually be preferred?', 'Pooled winner = B. Per-stratum winner = A in every stratum. Simpson''s Paradox: IsReversal = true. This is the paradox as a derived fact, not a modeled entity.', 'Ask: WHY does the paradox occur? The stratifying variable (stone size) affects both treatment assignment AND outcome. Name it as a StratumVariable with a CausalRole field.') ON CONFLICT (loop_id) DO UPDATE SET title = EXCLUDED.title, status = EXCLUDED.status, new_concept = EXCLUDED.new_concept, domain_question = EXCLUDED.domain_question, mock_data_note = EXCLUDED.mock_data_note, next_suggestion = EXCLUDED.next_suggestion;

INSERT INTO loops (loop_id, title, status, new_concept, domain_question, mock_data_note, next_suggestion)
VALUES ('loop-05', 'StratumVariable: name the confounding factor, its causal role, and derive IsConfounder + IsParadoxExplained', 'complete', 'StratumVariables (one per study); CausalRole field; IsConfounder boolean; IsParadoxExplained on TreatmentRankings', 'What IS the stratum variable, why does it confound, and does the model witness its own explanation?', 'kidney-1986: VariableName=stone_size, CausalRole=confounder, AffectsTreatmentAssignment=true, AffectsOutcome=true → IsConfounder=true → IsParadoxExplained=true on TreatmentRankings.', 'Ask: how large is the allocation imbalance? Derive TreatmentExposureFraction on CaseCells — the fraction of each treatment''s cases that land in each stratum. High imbalance = confounding mechanism as a witnessed number.') ON CONFLICT (loop_id) DO UPDATE SET title = EXCLUDED.title, status = EXCLUDED.status, new_concept = EXCLUDED.new_concept, domain_question = EXCLUDED.domain_question, mock_data_note = EXCLUDED.mock_data_note, next_suggestion = EXCLUDED.next_suggestion;

INSERT INTO loops (loop_id, title, status, new_concept, domain_question, mock_data_note, next_suggestion)
VALUES ('loop-06', 'TreatmentExposureFraction: the allocation imbalance as a witnessed number', 'complete', 'TreatmentExposureFraction field on CaseCells (Cases / TotalCasesForTreatment in this study)', 'What fraction of each treatment''s total cases fall in each stratum? High imbalance across strata is the mechanism of confounding.', 'A: 263/350=75% in large-stone stratum. B: 80/350=23% in large-stone stratum. The 52-point gap IS the mechanism — now a first-class derived number.', 'Add a degenerate study where treatment allocation is perfectly balanced across strata. IsReversal must be FALSE — not because the data says so, but because the algebra guarantees it. The model witnesses its own structural impossibility.') ON CONFLICT (loop_id) DO UPDATE SET title = EXCLUDED.title, status = EXCLUDED.status, new_concept = EXCLUDED.new_concept, domain_question = EXCLUDED.domain_question, mock_data_note = EXCLUDED.mock_data_note, next_suggestion = EXCLUDED.next_suggestion;

INSERT INTO loops (loop_id, title, status, new_concept, domain_question, mock_data_note, next_suggestion)
VALUES ('loop-07', 'Degenerate study: balanced allocation → IsReversal structurally impossible', 'complete', 'Second Studies row (balanced-synthetic); equal TreatmentExposureFraction across strata; IsReversal = FALSE by construction', 'If every stratum gets the same treatment-allocation fraction, can a reversal occur? The DAG should witness that it cannot.', 'Synthetic: A and B each assigned 50/50 to small/large strata. A=60% success both strata, B=50% both. Pooled: A=60%, B=50%. No reversal. IsParadoxExplained vacuously true (IsConfounder=false, no confounding, no reversal).', 'Add Berkeley 1973 — same DAG, contested domain. Aggregate: women admitted at lower rate. Per-department: women admitted at equal or higher rate in most. IsReversal=true. But IsConfounder is ambiguous — department choice may be downstream of gender (mediator, not confounder). The model witnesses its own explanatory limits.') ON CONFLICT (loop_id) DO UPDATE SET title = EXCLUDED.title, status = EXCLUDED.status, new_concept = EXCLUDED.new_concept, domain_question = EXCLUDED.domain_question, mock_data_note = EXCLUDED.mock_data_note, next_suggestion = EXCLUDED.next_suggestion;

INSERT INTO loops (loop_id, title, status, new_concept, domain_question, mock_data_note, next_suggestion)
VALUES ('loop-08', 'Berkeley 1973: contested confounder — model reveals a PARTIAL paradox, not a clean reversal', 'complete', 'Third Studies row (berkeley-1973); StratumVariable=department; CausalRole=contested; IsConfounder=false; IsParadoxExplained=false; PerStratumWinner=none (mixed, not unanimous)', 'Does Berkeley show a clean reversal? No — PerStratumWinner=''none'' because the per-stratum winner is mixed (female wins 3/4 depts, male wins 1). The model surfaces a structural limit of the reversal definition: partial paradoxes are real but don''t satisfy the strict IsReversal criterion.', 'Witnessed: male pooled 52.8% vs female 39.9% (large gap). Per dept: female wins A (82%>62%), B (68%>63%), D (35%>33%); male wins C (37%>34%). No unanimous per-stratum winner → IsReversal=FALSE by strict definition. The intuitive paradox is real; the formal paradox is partial.', 'Add ParadoxStrength (scalar severity) to capture partial reversals — pooled gap and average per-stratum gap regardless of unanimity. Then StudySummary for epistemic coverage across all 3 studies.') ON CONFLICT (loop_id) DO UPDATE SET title = EXCLUDED.title, status = EXCLUDED.status, new_concept = EXCLUDED.new_concept, domain_question = EXCLUDED.domain_question, mock_data_note = EXCLUDED.mock_data_note, next_suggestion = EXCLUDED.next_suggestion;

INSERT INTO loops (loop_id, title, status, new_concept, domain_question, mock_data_note, next_suggestion)
VALUES ('loop-09', 'ParadoxStrength: scalar severity derived from pooled gap and per-stratum gap', 'complete', 'ParadoxStrength on TreatmentRankings; PooledGap and AvgStratumGap on StratumSummaries', 'How large is the reversal? Can we rank studies by paradox severity, and does strength correlate with allocation imbalance?', 'Kidney: pooled gap ~4.6pp favoring B, avg stratum gap ~5pp favoring A. Berkeley: larger pooled gap, varies by department. Balanced: strength=0 (no reversal).', 'StudySummary: roll up ReversalCount, ExplainedCount, AvgParadoxStrength across all studies. The model now describes its own epistemic coverage in a single view.') ON CONFLICT (loop_id) DO UPDATE SET title = EXCLUDED.title, status = EXCLUDED.status, new_concept = EXCLUDED.new_concept, domain_question = EXCLUDED.domain_question, mock_data_note = EXCLUDED.mock_data_note, next_suggestion = EXCLUDED.next_suggestion;

INSERT INTO loops (loop_id, title, status, new_concept, domain_question, mock_data_note, next_suggestion)
VALUES ('loop-10', 'StudySummary: the model witnesses its own epistemic coverage', 'complete', 'StudySummary table (one row per model instance): StudyCount, ReversalCount, ExplainedCount, UnexplainedCount, ImpossibleCount, AvgParadoxStrength', 'Across all studies in this model, what is the epistemic state? How many reversals, how many explained, how many witnessed-but-unexplained?', '3 studies: ReversalCount=2 (kidney+berkeley), ExplainedCount=1 (kidney), UnexplainedCount=1 (berkeley), ImpossibleCount=1 (balanced). The model now holds a mirror to itself.', 'Ask: how heavy is each stratum? Add StratumFraction to StratumSummaries — the fraction of the study''s total cases that land in each stratum. The weight each stratum carries IS the lever the confounder pulls.') ON CONFLICT (loop_id) DO UPDATE SET title = EXCLUDED.title, status = EXCLUDED.status, new_concept = EXCLUDED.new_concept, domain_question = EXCLUDED.domain_question, mock_data_note = EXCLUDED.mock_data_note, next_suggestion = EXCLUDED.next_suggestion;

INSERT INTO loops (loop_id, title, status, new_concept, domain_question, mock_data_note, next_suggestion)
VALUES ('loop-11', 'StratumFraction: the weight each stratum carries in the pooled average', 'complete', 'StratumFraction (and StudyTotalCases, StratumTotalCases) on StratumSummaries', 'What fraction of the study''s total cases land in each stratum? High StratumFraction on a low-success stratum pulls the pooled rate down — and when that stratum is also over-allocated to one treatment, the reversal follows.', 'kidney-1986: large-stratum = (263+80)/700 = 49%; small-stratum = (87+270)/700 = 51%. Nearly equal stratum weights — but unequal per-treatment allocation (75% of A is in large; 23% of B is in large). The weight alone is not the mechanism; the differential allocation into heavy strata is.', 'Add WeightedStratumRate: StratumFraction × StratumSuccessRate per treatment row. Sum these across strata to reconstruct PooledRate from first principles. The DAG now witnesses the mechanism equation: pooled rate = weighted average of stratum rates.') ON CONFLICT (loop_id) DO UPDATE SET title = EXCLUDED.title, status = EXCLUDED.status, new_concept = EXCLUDED.new_concept, domain_question = EXCLUDED.domain_question, mock_data_note = EXCLUDED.mock_data_note, next_suggestion = EXCLUDED.next_suggestion;

INSERT INTO loops (loop_id, title, status, new_concept, domain_question, mock_data_note, next_suggestion)
VALUES ('loop-12', 'WeightedPull: mechanism equation witnessed — pooled rate = weighted sum of stratum rates', 'complete', 'WeightedStratumRate on StratumSummaries; PooledRateFromWeightsA and PooledRateFromWeightsB on TreatmentRankings', 'Can the DAG reconstruct each treatment''s pooled rate purely from stratum weights × stratum rates? If PooledRateFromWeights = PooledRate, the mechanism equation is verified: Simpson''s Paradox is algebraically explained.', 'kidney-1986: PooledRateFromWeightsA=0.833, PooledRateFromWeightsB=0.779 (A looks better under equal study-level weights). But actual pooled rates are A=0.780, B=0.826 (B looks better). The divergence IS the mechanism: real pooled uses treatment-level allocation weights; the reconstruction uses study-level weights. The swap between the two orderings shows exactly how differential allocation flips the conclusion. balanced-synthetic: weights match exactly (equal allocation = no flip possible).', 'Add AllocationBias to StratumSummaries: the difference between TreatmentExposureFraction for A and B in each stratum. High bias toward the losing treatment in a low-success stratum IS the confounder''s fingerprint as a witnessed number.') ON CONFLICT (loop_id) DO UPDATE SET title = EXCLUDED.title, status = EXCLUDED.status, new_concept = EXCLUDED.new_concept, domain_question = EXCLUDED.domain_question, mock_data_note = EXCLUDED.mock_data_note, next_suggestion = EXCLUDED.next_suggestion;

INSERT INTO loops (loop_id, title, status, new_concept, domain_question, mock_data_note, next_suggestion)
VALUES ('loop-13', 'AllocationBias: the confounder''s fingerprint as a signed witnessed number', 'complete', 'AllocationBias on StratumSummaries (AllocationFractionA - AllocationFractionB); also AllocationFractionA, AllocationFractionB, TreatmentACasesHere, TreatmentBCasesHere, TreatmentATotalCases, TreatmentBTotalCases', 'In each stratum, is one treatment disproportionately concentrated here? AllocationBias = AllocationFractionA - AllocationFractionB: positive means A is over-represented here, negative means B is. A strong negative bias in a low-success stratum is the confounder''s fingerprint.', 'kidney-1986 large-stratum: AllocationFractionA=263/350=0.751, AllocationFractionB=80/350=0.229, AllocationBias=+0.523. A is massively over-allocated to the hard (large-stone) stratum. This single number summarizes why the pooled rate misleads: A carries 52pp more exposure to the hard case, dragging its pooled average down below B''s despite beating B in both strata.', 'Add a 4th study: kidney-balanced — same stratum rates as kidney-1986 but with equal allocation (50/50 split). AllocationBias=0 everywhere, IsReversal=FALSE. The counterfactual shows the reversal is purely an allocation artifact, not a property of the treatment rates themselves.') ON CONFLICT (loop_id) DO UPDATE SET title = EXCLUDED.title, status = EXCLUDED.status, new_concept = EXCLUDED.new_concept, domain_question = EXCLUDED.domain_question, mock_data_note = EXCLUDED.mock_data_note, next_suggestion = EXCLUDED.next_suggestion;

INSERT INTO loops (loop_id, title, status, new_concept, domain_question, mock_data_note, next_suggestion)
VALUES ('loop-14', 'Counterfactual: kidney-balanced isolates allocation as the sole cause of the reversal', 'complete', 'Fourth study (kidney-balanced): same stratum rates as kidney-1986, equal allocation (175 cases per cell). IsReversal=FALSE, AllocationBias=0, ParadoxStrength=0.', 'If the same doctors, same disease, same treatments, same stratum difficulty — but patients were allocated equally — would the paradox still exist? The DAG answers: no. The reversal lives in the allocation, not in the treatment rates.', 'kidney-balanced: PooledRateA = (163+128)/350 = 0.831, PooledRateB = (152+120)/350 = 0.777. A wins pooled AND per-stratum. IsReversal=FALSE, ParadoxStrength=0. AllocationBias=0 in both strata. The counterfactual witnesses that the reversal in kidney-1986 is entirely an artifact of differential allocation, not of treatment efficacy.', 'Add ReversalThreshold to TreatmentRankings: the minimum AllocationBias magnitude needed to flip the pooled winner. How far is kidney-1986 from the threshold? How close is berkeley-1973? This quantifies paradox fragility vs robustness.') ON CONFLICT (loop_id) DO UPDATE SET title = EXCLUDED.title, status = EXCLUDED.status, new_concept = EXCLUDED.new_concept, domain_question = EXCLUDED.domain_question, mock_data_note = EXCLUDED.mock_data_note, next_suggestion = EXCLUDED.next_suggestion;

INSERT INTO loops (loop_id, title, status, new_concept, domain_question, mock_data_note, next_suggestion)
VALUES ('loop-15', 'ReversalThreshold: how robust or fragile is each study''s paradox?', 'complete', 'MaxAllocationBias, WeightedStratumGapSum, ThresholdMargin on TreatmentRankings', 'How much allocation bias is needed to produce a reversal? Is the observed bias well above threshold (robust paradox) or barely over it (fragile paradox)? ThresholdMargin = observed bias minus minimum needed.', 'kidney-1986: ReversalIntensity=1.0, ThresholdMargin=+0.5 — maximally robust, every stratum opposes pooled. berkeley-1973: ReversalIntensity=0.75, ThresholdMargin=+0.25 — past threshold but not unanimous (3/4 departments oppose). balanced-synthetic and kidney-balanced: intensity=0, margin=-0.5 — structurally impossible. ThresholdMargin > 0 means the paradox is robust; < 0 means absent or impossible.', 'Pour a real-world dataset with a known mediator (not confounder) through the same DAG and witness where it lands on the reversal_intensity × paradox_strength plane. The geometry of the plane is the next frontier.') ON CONFLICT (loop_id) DO UPDATE SET title = EXCLUDED.title, status = EXCLUDED.status, new_concept = EXCLUDED.new_concept, domain_question = EXCLUDED.domain_question, mock_data_note = EXCLUDED.mock_data_note, next_suggestion = EXCLUDED.next_suggestion;

INSERT INTO loops (loop_id, title, status, new_concept, domain_question, mock_data_note, next_suggestion)
VALUES ('loop-16', 'StratumGap: per-stratum rate difference as a signed witnessed number', 'complete', 'StratumGap field on StratumSummaries (StratumRateA - StratumRateB, signed)', 'In each stratum, how large is the treatment advantage, and in which direction? StratumGap > 0 means A wins here; < 0 means B wins. Summing StratumGap × StratumFraction gives the equal-weight pooled gap — a new derived node.', 'kidney-1986: small-stratum gap = +0.064 (A wins by 6.4pp), large-stratum gap = +0.043 (A wins by 4.3pp). Both positive — A wins everywhere. The pooled gap is negative (B appears to win by 4.6pp) purely due to allocation. The signed gap makes this contradiction arithmetically visible in one column. kidney-balanced: small=+0.064, large=+0.042 (same signs, same magnitudes — the rates are identical to kidney-1986 but now A also wins pooled because allocation is balanced). balanced-synthetic: small=+0.10, large=+0.10 (constant, equal allocation). berkeley-1973: dept-A=−0.200 (female wins), dept-B=+0.011 (male wins barely), dept-C=−0.002 (female wins barely), dept-D=−0.016 (female wins). Mixed signs confirm the partial paradox: no unanimous StratumGap direction, hence no clean reversal.', 'Derive WeightedStratumGapSum on TreatmentRankings: SUM(StratumGap × StratumFraction) aggregated across all TreatmentA rows for this study. This is the equal-weight pooled gap — the gap allocation-free weighting would produce. When WeightedStratumGapSum and PooledGap have opposite signs, the allocation has not just compressed the signal but flipped it. That sign flip is a more precise characterisation of Simpson''s Paradox than IsReversal: it handles partial flips and gives a magnitude to the distortion.') ON CONFLICT (loop_id) DO UPDATE SET title = EXCLUDED.title, status = EXCLUDED.status, new_concept = EXCLUDED.new_concept, domain_question = EXCLUDED.domain_question, mock_data_note = EXCLUDED.mock_data_note, next_suggestion = EXCLUDED.next_suggestion;

INSERT INTO loops (loop_id, title, status, new_concept, domain_question, mock_data_note, next_suggestion)
VALUES ('loop-17', 'WeightedStratumGapSum: the equal-weight signal — and the Berkeley category error witnessed', 'complete', 'WeightedStratumGap on StratumSummaries (StratumGap × StratumFraction, the per-stratum contribution to the equal-weight pooled gap); WeightedStratumGapSum on TreatmentRankings (SUMIFS of WeightedStratumGap across TreatmentA rows); SignedPooledGap (PooledRateA − PooledRateB, signed); IsSignFlip boolean (WeightedStratumGapSum and SignedPooledGap have opposite signs)', 'If allocation were equal across strata, what would the pooled gap be? WeightedStratumGapSum answers this. When it has the opposite sign to SignedPooledGap, the allocation has not just compressed the signal — it has flipped it. That sign flip IS Simpson''s Paradox under a continuous definition. Does Berkeley sign-flip?', 'Witnessed from DB: balanced-synthetic: WSGSUM=+0.1000, SignedPooledGap=+0.1000 → IsSignFlip=FALSE (equal allocation, no distortion). kidney-1986: WSGSUM=+0.0537, SignedPooledGap=−0.0457 → IsSignFlip=TRUE (A wins in every stratum by 5.4pp on average, but actual pooled shows B winning by 4.6pp). kidney-balanced: WSGSUM=+0.0543, SignedPooledGap=+0.0543 → IsSignFlip=FALSE (equal allocation, WSGSUM = actual pooled gap). berkeley-1973: WSGSUM=−0.0642, SignedPooledGap=+0.1292 → IsSignFlip=TRUE. Per-stratum breakdown: dept-A gap=−0.2035 (female wins by 20.4pp, fraction=0.289); dept-B=−0.0496 (female wins, fraction=0.181); dept-C=+0.0286 (male wins barely, fraction=0.284); dept-D=−0.0184 (female wins, fraction=0.245). Under equal allocation female would win pooled by 6.4pp — but the actual pooled shows male winning by 12.9pp. Berkeley IS a Simpson''s Paradox under the sign-flip definition despite IsReversal=FALSE. The binary unanimity criterion excluded Berkeley because dept-C goes to male; the sign-flip criterion correctly includes it.', 'The sign flip is witnessed. Now measure the magnitude: how far has the allocation bent the pooled signal? AllocationDistortion = |WeightedStratumGapSum − SignedPooledGap|. Berkeley: |−0.0642 − (+0.1292)| = 0.1934. Kidney: |+0.0537 − (−0.0457)| = 0.0994. Berkeley''s distortion is nearly twice kidney''s — despite IsReversal=FALSE. This is the single-number measure that ranks studies by how badly confounding has distorted their pooled result.') ON CONFLICT (loop_id) DO UPDATE SET title = EXCLUDED.title, status = EXCLUDED.status, new_concept = EXCLUDED.new_concept, domain_question = EXCLUDED.domain_question, mock_data_note = EXCLUDED.mock_data_note, next_suggestion = EXCLUDED.next_suggestion;

INSERT INTO loops (loop_id, title, status, new_concept, domain_question, mock_data_note, next_suggestion)
VALUES ('loop-18', 'AllocationDistortion: the magnitude of the signal the allocation erased or fabricated', 'planned', 'AllocationDistortion on TreatmentRankings (|WeightedStratumGapSum − PooledGapSigned|); SignedPooledGap (PooledRateA − PooledRateB, signed not absolute)', 'How much has the allocation distorted the pooled signal relative to what equal-weight strata would show? AllocationDistortion=0 means the allocation is neutral (balanced-synthetic, kidney-balanced). A large AllocationDistortion means the allocation is doing most of the work — the pooled number is mostly noise from how cases were assigned, not signal about which treatment works.', 'kidney-1986: AllocationDistortion = |+0.054 − (−0.046)| = 0.100. The 10pp distortion completely reverses a +5.4pp true signal into an apparent −4.6pp. berkeley-1973: AllocationDistortion = |−0.064 − (+0.129)| = 0.193. The allocation is injecting a +12.9pp apparent male advantage on top of an underlying −6.4pp female advantage. Berkeley''s distortion is nearly twice kidney''s — the model now witnesses this unambiguously. balanced-synthetic and kidney-balanced: AllocationDistortion ≈ 0 (allocation is neutral).', 'The model now has two measures of paradox severity: ParadoxStrength (the old scalar: PooledGap × ReversalIntensity) and AllocationDistortion (the new one: how far the pooled signal has been bent). They rank the same studies differently. Ask which one is the better measure — and whether they can be combined into a single ordered score.') ON CONFLICT (loop_id) DO UPDATE SET title = EXCLUDED.title, status = EXCLUDED.status, new_concept = EXCLUDED.new_concept, domain_question = EXCLUDED.domain_question, mock_data_note = EXCLUDED.mock_data_note, next_suggestion = EXCLUDED.next_suggestion;

INSERT INTO loops (loop_id, title, status, new_concept, domain_question, mock_data_note, next_suggestion)
VALUES ('loop-19', 'DistortionRank: do ParadoxStrength and AllocationDistortion agree? Which measure is right?', 'planned', 'DistortionRank on TreatmentRankings (ordinal rank by AllocationDistortion across studies in ModelSummary); comparison of ParadoxStrength rank vs AllocationDistortion rank per study', 'ParadoxStrength = PooledGap × ReversalIntensity. AllocationDistortion = |WSGSUM − PooledGapSigned|. Do they rank studies the same way? If they disagree, which ranking is more meaningful — and why? The answer determines which measure belongs in the instrument.', 'By AllocationDistortion: berkeley(0.193) > kidney-1986(0.100) > kidney-balanced(≈0) = balanced-synthetic(≈0). By ParadoxStrength: berkeley(0.097) > kidney-1986(0.046) > kidney-balanced(0) = balanced-synthetic(0). The ordinal ranking is the same but the magnitudes tell different stories: ParadoxStrength suppresses Berkeley (because ReversalIntensity is 0.75 not 1.0), while AllocationDistortion elevates it. AllocationDistortion does not penalise Berkeley for lacking unanimity — it measures what the allocation DID to the signal, not whether the outcome crosses an arbitrary threshold.', 'AllocationDistortion is the cleaner measure because it is indifferent to the unanimity criterion. But it requires WSGSUM, which requires StratumGap and StratumFraction — two loops of upstream work. Ask: can AllocationDistortion be approximated from published summary statistics alone (no raw stratum data required)? That approximability determines whether this instrument can screen the literature.') ON CONFLICT (loop_id) DO UPDATE SET title = EXCLUDED.title, status = EXCLUDED.status, new_concept = EXCLUDED.new_concept, domain_question = EXCLUDED.domain_question, mock_data_note = EXCLUDED.mock_data_note, next_suggestion = EXCLUDED.next_suggestion;

INSERT INTO loops (loop_id, title, status, new_concept, domain_question, mock_data_note, next_suggestion)
VALUES ('loop-20', 'ScreeningApproximation: can AllocationDistortion be estimated from published summary statistics?', 'planned', 'ScreeningApprox field on TreatmentRankings: an estimate of AllocationDistortion computable from pooled rates and stratum-level published summaries without access to raw CaseCells; ApproxError = |ScreeningApprox − AllocationDistortion|', 'Published studies routinely report pooled rates and sometimes per-stratum rates, but rarely individual-level data. Can the key plane coordinates be approximated from what is in a published table? If yes, the instrument can screen any published study. If no, it requires raw data access — which limits its reach.', 'Approximation attempt: if a paper reports pooled rates for A and B and at least one stratum-level rate, WSGSUM can be bounded. Test on kidney-1986 and berkeley-1973 using only what Charig 1986 and Bickel 1975 actually published in their tables. Compute ApproxError. If ApproxError < 0.02 for both, the approximation is sufficient for screening.', 'If the screening approximation is valid, pour a third real-world published study through the pipeline using only published summary statistics (no raw data). This is the first external test of the instrument''s reach. Choose a study from a domain neither kidney nor Berkeley covers.') ON CONFLICT (loop_id) DO UPDATE SET title = EXCLUDED.title, status = EXCLUDED.status, new_concept = EXCLUDED.new_concept, domain_question = EXCLUDED.domain_question, mock_data_note = EXCLUDED.mock_data_note, next_suggestion = EXCLUDED.next_suggestion;

INSERT INTO loops (loop_id, title, status, new_concept, domain_question, mock_data_note, next_suggestion)
VALUES ('loop-21', 'Third real dataset: a published study from a new domain poured through the DAG', 'planned', 'Fifth study from a third domain (candidates: COVID-19 vaccine efficacy by age/comorbidity; death penalty sentencing by defendant/victim race; graduate school admissions by program type); AllocationDistortion and IsSignFlip witnessed from published data', 'Does the instrument''s geometry generalise beyond the two canonical examples? A third domain study either (a) has IsSignFlip=TRUE and high AllocationDistortion — confirming the instrument identifies a new paradox — or (b) has IsSignFlip=FALSE — confirming the instrument correctly withholds the classification. Either result is informative.', 'To be filled after dataset selection. Priority criteria: (1) published, peer-reviewed, with stratum-level counts accessible; (2) from a domain with consequential pooled conclusions (clinical, legal, or policy); (3) not already well-known as a Simpson''s Paradox case. The aim is a genuine empirical test, not an illustration.', 'After witnessing the third study''s plane coordinates, the model has three empirical points (kidney, Berkeley, new study) plus two structural controls (balanced-synthetic, kidney-balanced). Ask: do studies with IsConfounder=TRUE tend to have higher AllocationDistortion than studies with CausalRole=''contested'' or ''mediator''? This tests whether the allocation-based measure tracks causal structure.') ON CONFLICT (loop_id) DO UPDATE SET title = EXCLUDED.title, status = EXCLUDED.status, new_concept = EXCLUDED.new_concept, domain_question = EXCLUDED.domain_question, mock_data_note = EXCLUDED.mock_data_note, next_suggestion = EXCLUDED.next_suggestion;

INSERT INTO loops (loop_id, title, status, new_concept, domain_question, mock_data_note, next_suggestion)
VALUES ('loop-22', 'CausalStructureSignal: does AllocationDistortion track causal role?', 'planned', 'CausalRoleGroup field on StratumVariables (''true-confounder''|''contested''|''mediator''|''collider''|''none''); AvgDistortionByRole aggregation on ModelSummary', 'Do true confounders (IsConfounder=TRUE) produce systematically higher AllocationDistortion than contested or mediator variables? If yes, AllocationDistortion implicitly encodes causal information even though it is computed purely from allocation counts — no causal graph required. That would be a non-obvious finding.', 'Current data: kidney-1986 (true-confounder, AllocationDistortion=0.100), berkeley-1973 (contested, AllocationDistortion=0.193). Berkeley''s distortion is higher despite its confounder being contested — which initially looks like a counter-example. But Berkeley''s allocation bias (women disproportionately applied to selective departments) is structurally identical to a true confounder. The causal label ''contested'' is a human judgment; the allocation bias is an arithmetic fact. The model reveals that the DAG doesn''t need the causal label to detect the distortion.', 'If AllocationDistortion does not reliably track causal role (as the current two-study evidence suggests), the instrument is measuring something distinct from confounding — it is measuring allocation-induced signal distortion regardless of causal origin. Name this precisely: derive a DistortionType field that classifies studies by the geometric signature of their distortion, independent of the causal story.') ON CONFLICT (loop_id) DO UPDATE SET title = EXCLUDED.title, status = EXCLUDED.status, new_concept = EXCLUDED.new_concept, domain_question = EXCLUDED.domain_question, mock_data_note = EXCLUDED.mock_data_note, next_suggestion = EXCLUDED.next_suggestion;

INSERT INTO loops (loop_id, title, status, new_concept, domain_question, mock_data_note, next_suggestion)
VALUES ('loop-23', 'DistortionType: classify studies by the geometry of their distortion, independent of causal label', 'planned', 'DistortionType field on TreatmentRankings: derived from (IsSignFlip, ReversalIntensity, AllocationDistortion magnitude) — a geometric classification independent of StratumVariable.CausalRole', 'Can the plane''s geometry alone classify studies into meaningful types — without any causal story? Proposed types: (A) full-reversal: IsSignFlip=TRUE, ReversalIntensity=1.0 (kidney-1986); (B) partial-reversal: IsSignFlip=TRUE, ReversalIntensity<1.0 (berkeley-1973); (C) distortion-no-flip: IsSignFlip=FALSE but AllocationDistortion>0 (possible with near-threshold studies); (D) null: IsSignFlip=FALSE, AllocationDistortion≈0 (both controls). Does this four-type taxonomy cover all geometrically distinct cases?', 'kidney-1986 → type A. berkeley-1973 → type B. kidney-balanced and balanced-synthetic → type D. Type C (distortion without flip) does not yet appear in the data — it requires a study where allocation compresses but does not reverse the signal. The third real dataset (loop-21) may or may not populate this cell. The taxonomy predicts it exists; the next real dataset tests that prediction.', 'Pour a fourth real dataset specifically chosen to be a candidate type-C study — a study where there is known allocation imbalance but no published report of a reversal. If AllocationDistortion > 0 and IsSignFlip=FALSE, the instrument has identified a new, geometrically distinct class of misleading aggregate. That is a novel empirical finding.') ON CONFLICT (loop_id) DO UPDATE SET title = EXCLUDED.title, status = EXCLUDED.status, new_concept = EXCLUDED.new_concept, domain_question = EXCLUDED.domain_question, mock_data_note = EXCLUDED.mock_data_note, next_suggestion = EXCLUDED.next_suggestion;

INSERT INTO loops (loop_id, title, status, new_concept, domain_question, mock_data_note, next_suggestion)
VALUES ('loop-24', 'Type-C witness: a real study with allocation distortion but no sign flip', 'planned', 'Sixth study chosen to be a candidate type-C; DistortionType=C if AllocationDistortion>0 and IsSignFlip=FALSE; empirical confirmation that type-C exists in the published literature', 'Does a study with measurable allocation distortion that does not cross the sign-flip threshold exist in published data? If yes, the taxonomy has four populated cells and the instrument is empirically complete across its own type space. If no study populates type-C, ask whether type-C is geometrically impossible or merely uncommon.', 'To be filled after dataset selection. Candidate domain: a surgical outcomes study where senior surgeons handle harder cases (allocation bias present) but the pooled rate gap is in the same direction as the per-stratum gap (no flip) — just compressed. The DAG should witness AllocationDistortion > 0 (the allocation is doing work) but IsSignFlip=FALSE (not enough to reverse).', 'With all four types potentially witnessed, ask the highest-stakes question: which type causes the most harm in practice? Type-A (full reversal) is the most dramatic, but type-B (partial reversal excluded by the binary definition) may be more dangerous because it goes undetected. Derive PolicyImplication: what action does each DistortionType warrant from a researcher or policymaker?') ON CONFLICT (loop_id) DO UPDATE SET title = EXCLUDED.title, status = EXCLUDED.status, new_concept = EXCLUDED.new_concept, domain_question = EXCLUDED.domain_question, mock_data_note = EXCLUDED.mock_data_note, next_suggestion = EXCLUDED.next_suggestion;

INSERT INTO loops (loop_id, title, status, new_concept, domain_question, mock_data_note, next_suggestion)
VALUES ('loop-25', 'PolicyImplication: what does each DistortionType warrant a researcher to do?', 'planned', 'PolicyImplication field on TreatmentRankings (derived from DistortionType and IsParadoxExplained): ''stratify-immediately'', ''investigate-confounder'', ''monitor-allocation'', ''none''', 'Given a study''s geometric classification (DistortionType) and causal explanation status (IsParadoxExplained), what is the correct epistemic action? This converts the plane''s geometry into a decision — the first step toward making the instrument actionable for researchers who do not understand the underlying algebra.', 'Type-A + explained (kidney-1986): stratify-immediately — the confounder is known, the reversal is confirmed, the correct answer is already derivable from the stratified data. Type-B + unexplained (berkeley-1973): investigate-confounder — the sign flip is real, the confounder is contested, further causal investigation is warranted before acting on the pooled result. Type-D + no distortion: none — the pooled analysis is trustworthy. The PolicyImplication field makes the plane''s output directly actionable.', 'Test PolicyImplication against a real case where a wrong policy decision was made using a pooled analysis. Does the DAG''s PolicyImplication for that study correctly flag it as ''stratify-immediately'' or ''investigate-confounder'' before the policy error was known? This is the retrospective validation test.') ON CONFLICT (loop_id) DO UPDATE SET title = EXCLUDED.title, status = EXCLUDED.status, new_concept = EXCLUDED.new_concept, domain_question = EXCLUDED.domain_question, mock_data_note = EXCLUDED.mock_data_note, next_suggestion = EXCLUDED.next_suggestion;

INSERT INTO loops (loop_id, title, status, new_concept, domain_question, mock_data_note, next_suggestion)
VALUES ('loop-26', 'Retrospective validation: does the instrument flag known historical policy errors?', 'planned', 'Retrospective test study: a real case where a pooled analysis drove a policy decision later shown to be wrong due to confounding; PlaneCoordinateAtDecisionTime vs PlaneCoordinateWithFullData', 'Given only the data available at the time of the policy decision, does the instrument''s PolicyImplication = ''stratify-immediately'' or ''investigate-confounder''? If yes, the instrument would have flagged the error before the harm occurred. If no, what data would have been needed?', 'To be filled after candidate selection. Known cases: HRT and cardiovascular disease (observational studies showed protection; RCTs showed harm — confounded by healthy-user bias); aspirin in children and Reye''s syndrome; early AIDS drug trials stratified by disease stage. Each is a case where a pooled conclusion drove clinical guidelines later reversed. Pour the original data through the DAG and witness what the instrument would have said.', 'If the instrument successfully flags the retrospective case, the model has demonstrated retrospective validity. The next question is prospective reach: can the instrument be applied to currently published studies using only their published tables, before any error has been detected? This is the literature screening phase.') ON CONFLICT (loop_id) DO UPDATE SET title = EXCLUDED.title, status = EXCLUDED.status, new_concept = EXCLUDED.new_concept, domain_question = EXCLUDED.domain_question, mock_data_note = EXCLUDED.mock_data_note, next_suggestion = EXCLUDED.next_suggestion;

INSERT INTO loops (loop_id, title, status, new_concept, domain_question, mock_data_note, next_suggestion)
VALUES ('loop-27', 'Literature screen: apply the instrument to currently published studies using only published summary statistics', 'planned', 'LiteratureCandidates rows in a new table: studies from current literature with ScreeningApprox coordinates computed from published tables; RawDataRequired boolean (whether exact coordinates need raw access)', 'Which currently published studies have high estimated AllocationDistortion from their published summary statistics alone? The screening approximation (loop-20) determines which studies can be classified without raw data. These are the candidates for the instrument''s first prospective finding.', 'To be filled after literature survey. Candidate domains based on known allocation-bias patterns: (1) cancer screening trials (high-risk patients get screened more — selection bias structurally identical to confounder); (2) socioeconomic stratification in educational outcome studies; (3) surgical volume-outcome studies (high-volume centres take harder cases). Priority: studies with large pooled sample sizes and published per-stratum subgroup tables.', 'Select the highest-scoring candidate and request or simulate raw stratum-level data to compute exact plane coordinates. Compare to the screening approximation. If the approximation correctly classifies the study (same DistortionType), the instrument is validated prospectively. If not, refine the approximation formula.') ON CONFLICT (loop_id) DO UPDATE SET title = EXCLUDED.title, status = EXCLUDED.status, new_concept = EXCLUDED.new_concept, domain_question = EXCLUDED.domain_question, mock_data_note = EXCLUDED.mock_data_note, next_suggestion = EXCLUDED.next_suggestion;

INSERT INTO loops (loop_id, title, status, new_concept, domain_question, mock_data_note, next_suggestion)
VALUES ('loop-28', 'Prospective validation: does a high-scoring literature candidate confirm its screening classification?', 'planned', 'First prospective validation study: exact plane coordinates from raw data vs screening approximation; ProspectiveClassificationAccuracy on ModelSummary', 'The instrument''s prospective value depends on the screening approximation being accurate enough to classify studies correctly without raw data. Does the highest-scoring literature candidate confirm or refute its screening classification? A confirmed type-B finding in a currently influential study would be the model''s most significant empirical output.', 'To be filled after dataset is obtained. The key test: does DistortionType from exact coordinates match DistortionType from screening approximation? If yes for the top candidate, repeat for two more candidates to establish a prospective accuracy rate.', 'With prospective validation complete (or partially complete), the instrument is ready for formal specification. Write the instrument definition as a set of computable rules derived from the DAG: the five fields (WeightedStratumGapSum, SignedPooledGap, IsSignFlip, AllocationDistortion, DistortionType), the four-type taxonomy, the PolicyImplication mapping, and the screening approximation formula. This is the publishable artefact.') ON CONFLICT (loop_id) DO UPDATE SET title = EXCLUDED.title, status = EXCLUDED.status, new_concept = EXCLUDED.new_concept, domain_question = EXCLUDED.domain_question, mock_data_note = EXCLUDED.mock_data_note, next_suggestion = EXCLUDED.next_suggestion;

INSERT INTO loops (loop_id, title, status, new_concept, domain_question, mock_data_note, next_suggestion)
VALUES ('loop-29', 'Instrument specification: the five fields, four types, and the screening formula', 'planned', 'Formal instrument specification as a first-class InstrumentSpec table in the rulebook: one row per instrument component (field name, formula, interpretation, DAG node it traces to); machine-verifiable derivation chain', 'Can the full instrument be specified precisely enough that another researcher could apply it to a new dataset without understanding the DAG? The InstrumentSpec table IS the specification — not a document alongside the rulebook, but a first-class entity within it. Each row is a traceable claim.', 'InstrumentSpec rows: (1) SignedPooledGap = PooledRateA − PooledRateB [traces to TreatmentRankings]; (2) WeightedStratumGapSum = Σ(StratumGap × StratumFraction) [traces to StratumSummaries]; (3) IsSignFlip = sign(WSGSUM) ≠ sign(SignedPooledGap) [traces to both]; (4) AllocationDistortion = |WSGSUM − SignedPooledGap| [derived]; (5) DistortionType = f(IsSignFlip, ReversalIntensity) [derived]. Five rows. Every claim machine-verifiable against the current seed data.', 'The instrument is specified. The final question is whether the binary IsReversal definition should be formally retired in favour of IsSignFlip. Derive IsReversal_v2 = IsSignFlip as a new calculated field on TreatmentRankings and compare it to IsReversal across all studies. Document which studies change classification and why IsReversal_v2 is the better definition.') ON CONFLICT (loop_id) DO UPDATE SET title = EXCLUDED.title, status = EXCLUDED.status, new_concept = EXCLUDED.new_concept, domain_question = EXCLUDED.domain_question, mock_data_note = EXCLUDED.mock_data_note, next_suggestion = EXCLUDED.next_suggestion;

INSERT INTO loops (loop_id, title, status, new_concept, domain_question, mock_data_note, next_suggestion)
VALUES ('loop-30', 'IsReversal_v2: retire the unanimity criterion — IsSignFlip is the correct definition', 'planned', 'IsReversal_v2 = IsSignFlip on TreatmentRankings; DefinitionDelta = IsReversal_v2 XOR IsReversal (studies that change classification); formal statement of why IsSignFlip supersedes the unanimity criterion', 'IsReversal (old) requires the pooled loser to win in EVERY stratum. IsReversal_v2 requires only that the equal-weight pooled gap have the opposite sign to the actual pooled gap. Which definition is correct? Berkeley has DefinitionDelta=TRUE — it is FALSE under the old definition and TRUE under the new one. Does any study have DefinitionDelta=TRUE in the opposite direction (old=TRUE, new=FALSE)? If not, IsReversal_v2 strictly generalises IsReversal.', 'Current four studies: kidney-1986: old=TRUE, new=TRUE, delta=FALSE. berkeley-1973: old=FALSE, new=TRUE, delta=TRUE. kidney-balanced: old=FALSE, new=FALSE, delta=FALSE. balanced-synthetic: old=FALSE, new=FALSE, delta=FALSE. IsReversal_v2 strictly includes IsReversal and adds Berkeley. No study goes from TRUE to FALSE. The new definition is a strict generalisation, not a replacement that reclassifies existing positive cases. This is the cleanest possible definitional upgrade.', 'The model now has a publishable finding: IsReversal_v2 strictly generalises the binary unanimity definition, Berkeley 1973 is correctly classified as a Simpson''s Paradox under it, and the AllocationDistortion measure ranks Berkeley as more paradoxical than kidney-1986. Write the preprint abstract from these three claims and the four DAG-derived witnessed coordinates.') ON CONFLICT (loop_id) DO UPDATE SET title = EXCLUDED.title, status = EXCLUDED.status, new_concept = EXCLUDED.new_concept, domain_question = EXCLUDED.domain_question, mock_data_note = EXCLUDED.mock_data_note, next_suggestion = EXCLUDED.next_suggestion;

-- ----------------------------------------------------------------------------
-- Studies: Table: Studies — a clinical or empirical study comparing two or more treatments for a condition, with patient cases stratified by a confounding variable. The top-level entity in the domain.
-- ----------------------------------------------------------------------------
INSERT INTO studies (study_id, title, source, source_url)
VALUES ('kidney-1986', 'Kidney Stone Treatment Study (Charig et al. 1986)', 'Charig CR et al. Comparison of treatment of renal calculi by open surgery, percutaneous nephrolithotomy, and extracorporeal shockwave lithotripsy. Br Med J. 1986;292:879.', 'https://www.bmj.com/content/292/6524/879') ON CONFLICT (study_id) DO UPDATE SET title = EXCLUDED.title, source = EXCLUDED.source, source_url = EXCLUDED.source_url;

INSERT INTO studies (study_id, title, source, source_url)
VALUES ('balanced-synthetic', 'Balanced Synthetic Study (degenerate case — reversal structurally impossible)', 'Synthetic dataset constructed to demonstrate that perfectly balanced treatment allocation across strata algebraically prevents Simpson''s Paradox. Not based on real data.', '') ON CONFLICT (study_id) DO UPDATE SET title = EXCLUDED.title, source = EXCLUDED.source, source_url = EXCLUDED.source_url;

INSERT INTO studies (study_id, title, source, source_url)
VALUES ('kidney-balanced', 'Kidney Stone Counterfactual (balanced allocation — reversal algebraically impossible)', 'Synthetic dataset derived from Charig 1986 kidney stone rates but with equal treatment allocation across strata (175 cases per cell). Demonstrates that the reversal in the original study is purely an allocation artifact.', '') ON CONFLICT (study_id) DO UPDATE SET title = EXCLUDED.title, source = EXCLUDED.source, source_url = EXCLUDED.source_url;

INSERT INTO studies (study_id, title, source, source_url)
VALUES ('berkeley-1973', 'UC Berkeley Graduate Admissions (Bickel et al. 1975) — contested confounder', 'Bickel PJ, Hammel EA, O''Connell JW. Sex Bias in Graduate Admissions: Data from Berkeley. Science. 1975;187:398-404.', 'https://www.science.org/doi/10.1126/science.187.4175.398') ON CONFLICT (study_id) DO UPDATE SET title = EXCLUDED.title, source = EXCLUDED.source, source_url = EXCLUDED.source_url;

-- ----------------------------------------------------------------------------
-- Treatments: Table: Treatments — the interventions being compared within a study. Each treatment belongs to one study.
-- ----------------------------------------------------------------------------
INSERT INTO treatments (treatment_id, study, treatment_label, description)
VALUES ('kidney-1986-A', 'kidney-1986', 'A', 'Open surgery / percutaneous nephrolithotomy (PCNL) — the more invasive procedure, used preferentially for large stones.') ON CONFLICT (treatment_id) DO UPDATE SET study = EXCLUDED.study, treatment_label = EXCLUDED.treatment_label, description = EXCLUDED.description;

INSERT INTO treatments (treatment_id, study, treatment_label, description)
VALUES ('kidney-1986-B', 'kidney-1986', 'B', 'Extracorporeal shock wave lithotripsy (ESWL) — the less invasive procedure, used more for small stones.') ON CONFLICT (treatment_id) DO UPDATE SET study = EXCLUDED.study, treatment_label = EXCLUDED.treatment_label, description = EXCLUDED.description;

INSERT INTO treatments (treatment_id, study, treatment_label, description)
VALUES ('kidney-balanced-A', 'kidney-balanced', 'A', 'Open surgery / PCNL — same per-stratum rates as kidney-1986 (small:93.1%, large:73.0%) but now allocated equally (50%) to each stratum. Counterfactual treatment A.') ON CONFLICT (treatment_id) DO UPDATE SET study = EXCLUDED.study, treatment_label = EXCLUDED.treatment_label, description = EXCLUDED.description;

INSERT INTO treatments (treatment_id, study, treatment_label, description)
VALUES ('kidney-balanced-B', 'kidney-balanced', 'B', 'ESWL — same per-stratum rates as kidney-1986 (small:86.7%, large:68.8%) but allocated equally (50%) to each stratum. Counterfactual treatment B.') ON CONFLICT (treatment_id) DO UPDATE SET study = EXCLUDED.study, treatment_label = EXCLUDED.treatment_label, description = EXCLUDED.description;

INSERT INTO treatments (treatment_id, study, treatment_label, description)
VALUES ('balanced-synthetic-A', 'balanced-synthetic', 'A', 'Synthetic treatment A — 60% success rate in both strata. Allocated equally (50%) to each stratum.') ON CONFLICT (treatment_id) DO UPDATE SET study = EXCLUDED.study, treatment_label = EXCLUDED.treatment_label, description = EXCLUDED.description;

INSERT INTO treatments (treatment_id, study, treatment_label, description)
VALUES ('balanced-synthetic-B', 'balanced-synthetic', 'B', 'Synthetic treatment B — 50% success rate in both strata. Allocated equally (50%) to each stratum.') ON CONFLICT (treatment_id) DO UPDATE SET study = EXCLUDED.study, treatment_label = EXCLUDED.treatment_label, description = EXCLUDED.description;

INSERT INTO treatments (treatment_id, study, treatment_label, description)
VALUES ('berkeley-1973-male', 'berkeley-1973', 'A', 'Male applicants (labeled A). Pooled admission rate appears higher than female.') ON CONFLICT (treatment_id) DO UPDATE SET study = EXCLUDED.study, treatment_label = EXCLUDED.treatment_label, description = EXCLUDED.description;

INSERT INTO treatments (treatment_id, study, treatment_label, description)
VALUES ('berkeley-1973-female', 'berkeley-1973', 'B', 'Female applicants (labeled B). Pooled admission rate appears lower, but per-department rates are equal or higher in most departments.') ON CONFLICT (treatment_id) DO UPDATE SET study = EXCLUDED.study, treatment_label = EXCLUDED.treatment_label, description = EXCLUDED.description;

-- ----------------------------------------------------------------------------
-- Strata: Table: Strata — the subdivisions of patients within a study by the value of the confounding variable (e.g. stone size). Each stratum belongs to one study.
-- ----------------------------------------------------------------------------
INSERT INTO strata (stratum_id, study, stratum_label, description)
VALUES ('kidney-1986-small', 'kidney-1986', 'small', 'Patients with small kidney stones — easier to treat, higher baseline success rate regardless of treatment.') ON CONFLICT (stratum_id) DO UPDATE SET study = EXCLUDED.study, stratum_label = EXCLUDED.stratum_label, description = EXCLUDED.description;

INSERT INTO strata (stratum_id, study, stratum_label, description)
VALUES ('kidney-1986-large', 'kidney-1986', 'large', 'Patients with large kidney stones — harder to treat, lower baseline success rate regardless of treatment. Preferentially assigned to Treatment A.') ON CONFLICT (stratum_id) DO UPDATE SET study = EXCLUDED.study, stratum_label = EXCLUDED.stratum_label, description = EXCLUDED.description;

INSERT INTO strata (stratum_id, study, stratum_label, description)
VALUES ('kidney-balanced-small', 'kidney-balanced', 'small', 'Small kidney stones — same baseline rates as kidney-1986 small stratum but now receiving exactly 50% of each treatment''s cases. Counterfactual stratum.') ON CONFLICT (stratum_id) DO UPDATE SET study = EXCLUDED.study, stratum_label = EXCLUDED.stratum_label, description = EXCLUDED.description;

INSERT INTO strata (stratum_id, study, stratum_label, description)
VALUES ('kidney-balanced-large', 'kidney-balanced', 'large', 'Large kidney stones — same baseline rates as kidney-1986 large stratum but now receiving exactly 50% of each treatment''s cases. Equal allocation prevents confounding.') ON CONFLICT (stratum_id) DO UPDATE SET study = EXCLUDED.study, stratum_label = EXCLUDED.stratum_label, description = EXCLUDED.description;

INSERT INTO strata (stratum_id, study, stratum_label, description)
VALUES ('balanced-synthetic-easy', 'balanced-synthetic', 'easy', 'Easy stratum — higher baseline success rate. Receives exactly 50% of each treatment''s cases.') ON CONFLICT (stratum_id) DO UPDATE SET study = EXCLUDED.study, stratum_label = EXCLUDED.stratum_label, description = EXCLUDED.description;

INSERT INTO strata (stratum_id, study, stratum_label, description)
VALUES ('balanced-synthetic-hard', 'balanced-synthetic', 'hard', 'Hard stratum — lower baseline success rate. Receives exactly 50% of each treatment''s cases. Equal allocation prevents confounding.') ON CONFLICT (stratum_id) DO UPDATE SET study = EXCLUDED.study, stratum_label = EXCLUDED.stratum_label, description = EXCLUDED.description;

INSERT INTO strata (stratum_id, study, stratum_label, description)
VALUES ('berkeley-1973-dept-A', 'berkeley-1973', 'dept-A', 'Dept A — highly competitive (low admission rate ~64%). Women applied here at roughly equal rates to men.') ON CONFLICT (stratum_id) DO UPDATE SET study = EXCLUDED.study, stratum_label = EXCLUDED.stratum_label, description = EXCLUDED.description;

INSERT INTO strata (stratum_id, study, stratum_label, description)
VALUES ('berkeley-1973-dept-B', 'berkeley-1973', 'dept-B', 'Dept B — competitive (~35% admission). Women applied here less often.') ON CONFLICT (stratum_id) DO UPDATE SET study = EXCLUDED.study, stratum_label = EXCLUDED.stratum_label, description = EXCLUDED.description;

INSERT INTO strata (stratum_id, study, stratum_label, description)
VALUES ('berkeley-1973-dept-C', 'berkeley-1973', 'dept-C', 'Dept C — moderately selective (~34% admission). More balanced gender application.') ON CONFLICT (stratum_id) DO UPDATE SET study = EXCLUDED.study, stratum_label = EXCLUDED.stratum_label, description = EXCLUDED.description;

INSERT INTO strata (stratum_id, study, stratum_label, description)
VALUES ('berkeley-1973-dept-D', 'berkeley-1973', 'dept-D', 'Dept D — open (~64% admission). Women applied here most heavily — this is the easy department that women disproportionately chose.') ON CONFLICT (stratum_id) DO UPDATE SET study = EXCLUDED.study, stratum_label = EXCLUDED.stratum_label, description = EXCLUDED.description;

-- ----------------------------------------------------------------------------
-- CaseCells: Table: CaseCells — the raw leaves of the DAG. One row per (study, stratum, treatment) combination recording the aggregate count of successes and total cases. Every derived fact in the model traces back to these numbers. Nothing above this row is a raw input.
-- ----------------------------------------------------------------------------
INSERT INTO case_cells (case_cell_id, study, stratum_label, treatment_label, successes, cases)
VALUES ('kidney-1986-small-A', 'kidney-1986', 'small', 'A', 81, 87) ON CONFLICT (case_cell_id) DO UPDATE SET study = EXCLUDED.study, stratum_label = EXCLUDED.stratum_label, treatment_label = EXCLUDED.treatment_label, successes = EXCLUDED.successes, cases = EXCLUDED.cases;

INSERT INTO case_cells (case_cell_id, study, stratum_label, treatment_label, successes, cases)
VALUES ('kidney-1986-small-B', 'kidney-1986', 'small', 'B', 234, 270) ON CONFLICT (case_cell_id) DO UPDATE SET study = EXCLUDED.study, stratum_label = EXCLUDED.stratum_label, treatment_label = EXCLUDED.treatment_label, successes = EXCLUDED.successes, cases = EXCLUDED.cases;

INSERT INTO case_cells (case_cell_id, study, stratum_label, treatment_label, successes, cases)
VALUES ('kidney-1986-large-A', 'kidney-1986', 'large', 'A', 192, 263) ON CONFLICT (case_cell_id) DO UPDATE SET study = EXCLUDED.study, stratum_label = EXCLUDED.stratum_label, treatment_label = EXCLUDED.treatment_label, successes = EXCLUDED.successes, cases = EXCLUDED.cases;

INSERT INTO case_cells (case_cell_id, study, stratum_label, treatment_label, successes, cases)
VALUES ('kidney-1986-large-B', 'kidney-1986', 'large', 'B', 55, 80) ON CONFLICT (case_cell_id) DO UPDATE SET study = EXCLUDED.study, stratum_label = EXCLUDED.stratum_label, treatment_label = EXCLUDED.treatment_label, successes = EXCLUDED.successes, cases = EXCLUDED.cases;

INSERT INTO case_cells (case_cell_id, study, stratum_label, treatment_label, successes, cases)
VALUES ('kidney-balanced-small-A', 'kidney-balanced', 'small', 'A', 163, 175) ON CONFLICT (case_cell_id) DO UPDATE SET study = EXCLUDED.study, stratum_label = EXCLUDED.stratum_label, treatment_label = EXCLUDED.treatment_label, successes = EXCLUDED.successes, cases = EXCLUDED.cases;

INSERT INTO case_cells (case_cell_id, study, stratum_label, treatment_label, successes, cases)
VALUES ('kidney-balanced-small-B', 'kidney-balanced', 'small', 'B', 152, 175) ON CONFLICT (case_cell_id) DO UPDATE SET study = EXCLUDED.study, stratum_label = EXCLUDED.stratum_label, treatment_label = EXCLUDED.treatment_label, successes = EXCLUDED.successes, cases = EXCLUDED.cases;

INSERT INTO case_cells (case_cell_id, study, stratum_label, treatment_label, successes, cases)
VALUES ('kidney-balanced-large-A', 'kidney-balanced', 'large', 'A', 128, 175) ON CONFLICT (case_cell_id) DO UPDATE SET study = EXCLUDED.study, stratum_label = EXCLUDED.stratum_label, treatment_label = EXCLUDED.treatment_label, successes = EXCLUDED.successes, cases = EXCLUDED.cases;

INSERT INTO case_cells (case_cell_id, study, stratum_label, treatment_label, successes, cases)
VALUES ('kidney-balanced-large-B', 'kidney-balanced', 'large', 'B', 120, 175) ON CONFLICT (case_cell_id) DO UPDATE SET study = EXCLUDED.study, stratum_label = EXCLUDED.stratum_label, treatment_label = EXCLUDED.treatment_label, successes = EXCLUDED.successes, cases = EXCLUDED.cases;

INSERT INTO case_cells (case_cell_id, study, stratum_label, treatment_label, successes, cases)
VALUES ('balanced-synthetic-easy-A', 'balanced-synthetic', 'easy', 'A', 60, 100) ON CONFLICT (case_cell_id) DO UPDATE SET study = EXCLUDED.study, stratum_label = EXCLUDED.stratum_label, treatment_label = EXCLUDED.treatment_label, successes = EXCLUDED.successes, cases = EXCLUDED.cases;

INSERT INTO case_cells (case_cell_id, study, stratum_label, treatment_label, successes, cases)
VALUES ('balanced-synthetic-easy-B', 'balanced-synthetic', 'easy', 'B', 50, 100) ON CONFLICT (case_cell_id) DO UPDATE SET study = EXCLUDED.study, stratum_label = EXCLUDED.stratum_label, treatment_label = EXCLUDED.treatment_label, successes = EXCLUDED.successes, cases = EXCLUDED.cases;

INSERT INTO case_cells (case_cell_id, study, stratum_label, treatment_label, successes, cases)
VALUES ('balanced-synthetic-hard-A', 'balanced-synthetic', 'hard', 'A', 60, 100) ON CONFLICT (case_cell_id) DO UPDATE SET study = EXCLUDED.study, stratum_label = EXCLUDED.stratum_label, treatment_label = EXCLUDED.treatment_label, successes = EXCLUDED.successes, cases = EXCLUDED.cases;

INSERT INTO case_cells (case_cell_id, study, stratum_label, treatment_label, successes, cases)
VALUES ('balanced-synthetic-hard-B', 'balanced-synthetic', 'hard', 'B', 50, 100) ON CONFLICT (case_cell_id) DO UPDATE SET study = EXCLUDED.study, stratum_label = EXCLUDED.stratum_label, treatment_label = EXCLUDED.treatment_label, successes = EXCLUDED.successes, cases = EXCLUDED.cases;

INSERT INTO case_cells (case_cell_id, study, stratum_label, treatment_label, successes, cases)
VALUES ('berkeley-1973-dept-A-male', 'berkeley-1973', 'dept-A', 'A', 512, 825) ON CONFLICT (case_cell_id) DO UPDATE SET study = EXCLUDED.study, stratum_label = EXCLUDED.stratum_label, treatment_label = EXCLUDED.treatment_label, successes = EXCLUDED.successes, cases = EXCLUDED.cases;

INSERT INTO case_cells (case_cell_id, study, stratum_label, treatment_label, successes, cases)
VALUES ('berkeley-1973-dept-A-female', 'berkeley-1973', 'dept-A', 'B', 89, 108) ON CONFLICT (case_cell_id) DO UPDATE SET study = EXCLUDED.study, stratum_label = EXCLUDED.stratum_label, treatment_label = EXCLUDED.treatment_label, successes = EXCLUDED.successes, cases = EXCLUDED.cases;

INSERT INTO case_cells (case_cell_id, study, stratum_label, treatment_label, successes, cases)
VALUES ('berkeley-1973-dept-B-male', 'berkeley-1973', 'dept-B', 'A', 353, 560) ON CONFLICT (case_cell_id) DO UPDATE SET study = EXCLUDED.study, stratum_label = EXCLUDED.stratum_label, treatment_label = EXCLUDED.treatment_label, successes = EXCLUDED.successes, cases = EXCLUDED.cases;

INSERT INTO case_cells (case_cell_id, study, stratum_label, treatment_label, successes, cases)
VALUES ('berkeley-1973-dept-B-female', 'berkeley-1973', 'dept-B', 'B', 17, 25) ON CONFLICT (case_cell_id) DO UPDATE SET study = EXCLUDED.study, stratum_label = EXCLUDED.stratum_label, treatment_label = EXCLUDED.treatment_label, successes = EXCLUDED.successes, cases = EXCLUDED.cases;

INSERT INTO case_cells (case_cell_id, study, stratum_label, treatment_label, successes, cases)
VALUES ('berkeley-1973-dept-C-male', 'berkeley-1973', 'dept-C', 'A', 120, 325) ON CONFLICT (case_cell_id) DO UPDATE SET study = EXCLUDED.study, stratum_label = EXCLUDED.stratum_label, treatment_label = EXCLUDED.treatment_label, successes = EXCLUDED.successes, cases = EXCLUDED.cases;

INSERT INTO case_cells (case_cell_id, study, stratum_label, treatment_label, successes, cases)
VALUES ('berkeley-1973-dept-C-female', 'berkeley-1973', 'dept-C', 'B', 202, 593) ON CONFLICT (case_cell_id) DO UPDATE SET study = EXCLUDED.study, stratum_label = EXCLUDED.stratum_label, treatment_label = EXCLUDED.treatment_label, successes = EXCLUDED.successes, cases = EXCLUDED.cases;

INSERT INTO case_cells (case_cell_id, study, stratum_label, treatment_label, successes, cases)
VALUES ('berkeley-1973-dept-D-male', 'berkeley-1973', 'dept-D', 'A', 138, 417) ON CONFLICT (case_cell_id) DO UPDATE SET study = EXCLUDED.study, stratum_label = EXCLUDED.stratum_label, treatment_label = EXCLUDED.treatment_label, successes = EXCLUDED.successes, cases = EXCLUDED.cases;

INSERT INTO case_cells (case_cell_id, study, stratum_label, treatment_label, successes, cases)
VALUES ('berkeley-1973-dept-D-female', 'berkeley-1973', 'dept-D', 'B', 131, 375) ON CONFLICT (case_cell_id) DO UPDATE SET study = EXCLUDED.study, stratum_label = EXCLUDED.stratum_label, treatment_label = EXCLUDED.treatment_label, successes = EXCLUDED.successes, cases = EXCLUDED.cases;

-- ----------------------------------------------------------------------------
-- StratumSummaries: Table: StratumSummaries — one row per (study, stratum, treatment). Computes the success rate WITHIN each stratum for each treatment. This is the stratified view that contradicts the pooled conclusion when a Simpson's Paradox reversal is present. Each row belongs to both a Stratum and a Treatment in the same Study.
-- ----------------------------------------------------------------------------
INSERT INTO stratum_summaries (stratum_summary_id, study, stratum_label, treatment_label)
VALUES ('kidney-1986-small-A', 'kidney-1986', 'small', 'A') ON CONFLICT (stratum_summary_id) DO UPDATE SET study = EXCLUDED.study, stratum_label = EXCLUDED.stratum_label, treatment_label = EXCLUDED.treatment_label;

INSERT INTO stratum_summaries (stratum_summary_id, study, stratum_label, treatment_label)
VALUES ('kidney-1986-small-B', 'kidney-1986', 'small', 'B') ON CONFLICT (stratum_summary_id) DO UPDATE SET study = EXCLUDED.study, stratum_label = EXCLUDED.stratum_label, treatment_label = EXCLUDED.treatment_label;

INSERT INTO stratum_summaries (stratum_summary_id, study, stratum_label, treatment_label)
VALUES ('kidney-1986-large-A', 'kidney-1986', 'large', 'A') ON CONFLICT (stratum_summary_id) DO UPDATE SET study = EXCLUDED.study, stratum_label = EXCLUDED.stratum_label, treatment_label = EXCLUDED.treatment_label;

INSERT INTO stratum_summaries (stratum_summary_id, study, stratum_label, treatment_label)
VALUES ('kidney-1986-large-B', 'kidney-1986', 'large', 'B') ON CONFLICT (stratum_summary_id) DO UPDATE SET study = EXCLUDED.study, stratum_label = EXCLUDED.stratum_label, treatment_label = EXCLUDED.treatment_label;

INSERT INTO stratum_summaries (stratum_summary_id, study, stratum_label, treatment_label)
VALUES ('kidney-balanced-small-A', 'kidney-balanced', 'small', 'A') ON CONFLICT (stratum_summary_id) DO UPDATE SET study = EXCLUDED.study, stratum_label = EXCLUDED.stratum_label, treatment_label = EXCLUDED.treatment_label;

INSERT INTO stratum_summaries (stratum_summary_id, study, stratum_label, treatment_label)
VALUES ('kidney-balanced-small-B', 'kidney-balanced', 'small', 'B') ON CONFLICT (stratum_summary_id) DO UPDATE SET study = EXCLUDED.study, stratum_label = EXCLUDED.stratum_label, treatment_label = EXCLUDED.treatment_label;

INSERT INTO stratum_summaries (stratum_summary_id, study, stratum_label, treatment_label)
VALUES ('kidney-balanced-large-A', 'kidney-balanced', 'large', 'A') ON CONFLICT (stratum_summary_id) DO UPDATE SET study = EXCLUDED.study, stratum_label = EXCLUDED.stratum_label, treatment_label = EXCLUDED.treatment_label;

INSERT INTO stratum_summaries (stratum_summary_id, study, stratum_label, treatment_label)
VALUES ('kidney-balanced-large-B', 'kidney-balanced', 'large', 'B') ON CONFLICT (stratum_summary_id) DO UPDATE SET study = EXCLUDED.study, stratum_label = EXCLUDED.stratum_label, treatment_label = EXCLUDED.treatment_label;

INSERT INTO stratum_summaries (stratum_summary_id, study, stratum_label, treatment_label)
VALUES ('balanced-synthetic-easy-A', 'balanced-synthetic', 'easy', 'A') ON CONFLICT (stratum_summary_id) DO UPDATE SET study = EXCLUDED.study, stratum_label = EXCLUDED.stratum_label, treatment_label = EXCLUDED.treatment_label;

INSERT INTO stratum_summaries (stratum_summary_id, study, stratum_label, treatment_label)
VALUES ('balanced-synthetic-easy-B', 'balanced-synthetic', 'easy', 'B') ON CONFLICT (stratum_summary_id) DO UPDATE SET study = EXCLUDED.study, stratum_label = EXCLUDED.stratum_label, treatment_label = EXCLUDED.treatment_label;

INSERT INTO stratum_summaries (stratum_summary_id, study, stratum_label, treatment_label)
VALUES ('balanced-synthetic-hard-A', 'balanced-synthetic', 'hard', 'A') ON CONFLICT (stratum_summary_id) DO UPDATE SET study = EXCLUDED.study, stratum_label = EXCLUDED.stratum_label, treatment_label = EXCLUDED.treatment_label;

INSERT INTO stratum_summaries (stratum_summary_id, study, stratum_label, treatment_label)
VALUES ('balanced-synthetic-hard-B', 'balanced-synthetic', 'hard', 'B') ON CONFLICT (stratum_summary_id) DO UPDATE SET study = EXCLUDED.study, stratum_label = EXCLUDED.stratum_label, treatment_label = EXCLUDED.treatment_label;

INSERT INTO stratum_summaries (stratum_summary_id, study, stratum_label, treatment_label)
VALUES ('berkeley-1973-dept-A-male', 'berkeley-1973', 'dept-A', 'A') ON CONFLICT (stratum_summary_id) DO UPDATE SET study = EXCLUDED.study, stratum_label = EXCLUDED.stratum_label, treatment_label = EXCLUDED.treatment_label;

INSERT INTO stratum_summaries (stratum_summary_id, study, stratum_label, treatment_label)
VALUES ('berkeley-1973-dept-A-female', 'berkeley-1973', 'dept-A', 'B') ON CONFLICT (stratum_summary_id) DO UPDATE SET study = EXCLUDED.study, stratum_label = EXCLUDED.stratum_label, treatment_label = EXCLUDED.treatment_label;

INSERT INTO stratum_summaries (stratum_summary_id, study, stratum_label, treatment_label)
VALUES ('berkeley-1973-dept-B-male', 'berkeley-1973', 'dept-B', 'A') ON CONFLICT (stratum_summary_id) DO UPDATE SET study = EXCLUDED.study, stratum_label = EXCLUDED.stratum_label, treatment_label = EXCLUDED.treatment_label;

INSERT INTO stratum_summaries (stratum_summary_id, study, stratum_label, treatment_label)
VALUES ('berkeley-1973-dept-B-female', 'berkeley-1973', 'dept-B', 'B') ON CONFLICT (stratum_summary_id) DO UPDATE SET study = EXCLUDED.study, stratum_label = EXCLUDED.stratum_label, treatment_label = EXCLUDED.treatment_label;

INSERT INTO stratum_summaries (stratum_summary_id, study, stratum_label, treatment_label)
VALUES ('berkeley-1973-dept-C-male', 'berkeley-1973', 'dept-C', 'A') ON CONFLICT (stratum_summary_id) DO UPDATE SET study = EXCLUDED.study, stratum_label = EXCLUDED.stratum_label, treatment_label = EXCLUDED.treatment_label;

INSERT INTO stratum_summaries (stratum_summary_id, study, stratum_label, treatment_label)
VALUES ('berkeley-1973-dept-C-female', 'berkeley-1973', 'dept-C', 'B') ON CONFLICT (stratum_summary_id) DO UPDATE SET study = EXCLUDED.study, stratum_label = EXCLUDED.stratum_label, treatment_label = EXCLUDED.treatment_label;

INSERT INTO stratum_summaries (stratum_summary_id, study, stratum_label, treatment_label)
VALUES ('berkeley-1973-dept-D-male', 'berkeley-1973', 'dept-D', 'A') ON CONFLICT (stratum_summary_id) DO UPDATE SET study = EXCLUDED.study, stratum_label = EXCLUDED.stratum_label, treatment_label = EXCLUDED.treatment_label;

INSERT INTO stratum_summaries (stratum_summary_id, study, stratum_label, treatment_label)
VALUES ('berkeley-1973-dept-D-female', 'berkeley-1973', 'dept-D', 'B') ON CONFLICT (stratum_summary_id) DO UPDATE SET study = EXCLUDED.study, stratum_label = EXCLUDED.stratum_label, treatment_label = EXCLUDED.treatment_label;

-- ----------------------------------------------------------------------------
-- ModelSummary: Table: ModelSummary — one row describing the epistemic coverage of this entire model instance. Aggregates across all TreatmentRankings to witness how many studies were examined, how many showed a full reversal, how many were explained, and the average paradox strength. The model holds a mirror to itself.
-- ----------------------------------------------------------------------------
INSERT INTO model_summary (model_summary_id)
VALUES ('simpsons-paradox-v1') ON CONFLICT (model_summary_id) DO NOTHING;

-- ----------------------------------------------------------------------------
-- StratumVariables: Table: StratumVariables — one row per study, naming the variable that defines the strata and describing its causal role. A confounder affects both treatment assignment AND outcome; a mediator is downstream of treatment; a contested variable is one where the causal role is disputed. IsConfounder is derived from these two boolean flags.
-- ----------------------------------------------------------------------------
INSERT INTO stratum_variables (stratum_variable_id, study, variable_name, causal_role, affects_treatment_assignment, affects_outcome, mechanism_note)
VALUES ('kidney-1986-stone-size', 'kidney-1986', 'stone_size', 'confounder', TRUE, TRUE, 'Large kidney stones were preferentially assigned to Treatment A (the more aggressive procedure), while small stones more often received Treatment B. Independently, large stones have lower baseline cure rates regardless of treatment. This dual influence — on both assignment and on outcome — is what drives the pooled reversal.') ON CONFLICT (stratum_variable_id) DO UPDATE SET study = EXCLUDED.study, variable_name = EXCLUDED.variable_name, causal_role = EXCLUDED.causal_role, affects_treatment_assignment = EXCLUDED.affects_treatment_assignment, affects_outcome = EXCLUDED.affects_outcome, mechanism_note = EXCLUDED.mechanism_note;

INSERT INTO stratum_variables (stratum_variable_id, study, variable_name, causal_role, affects_treatment_assignment, affects_outcome, mechanism_note)
VALUES ('berkeley-1973-department', 'berkeley-1973', 'department', 'contested', TRUE, TRUE, 'Department choice correlates with both gender (women applied disproportionately to competitive departments) and admission rate (competitive departments admit fewer applicants regardless of gender). However, department choice may itself be downstream of gender — if women systematically self-select into harder departments due to societal factors, then department is a mediator, not a confounder. The causal role is genuinely contested in the literature. IsConfounder=FALSE because CausalRole=''contested'', not because the flags are false.') ON CONFLICT (stratum_variable_id) DO UPDATE SET study = EXCLUDED.study, variable_name = EXCLUDED.variable_name, causal_role = EXCLUDED.causal_role, affects_treatment_assignment = EXCLUDED.affects_treatment_assignment, affects_outcome = EXCLUDED.affects_outcome, mechanism_note = EXCLUDED.mechanism_note;

INSERT INTO stratum_variables (stratum_variable_id, study, variable_name, causal_role, affects_treatment_assignment, affects_outcome, mechanism_note)
VALUES ('kidney-balanced-stone-size', 'kidney-balanced', 'stone_size', 'confounder', FALSE, TRUE, 'In this counterfactual, stone size still affects outcome (hard cases have lower success rates) but does NOT affect treatment assignment — both treatments receive exactly 50% of their cases in each stratum. Because treatment assignment is now independent of stone size, no confounding occurs and AllocationBias=0 everywhere. IsConfounder=FALSE (AffectsTreatmentAssignment=false). The reversal is impossible by construction.') ON CONFLICT (stratum_variable_id) DO UPDATE SET study = EXCLUDED.study, variable_name = EXCLUDED.variable_name, causal_role = EXCLUDED.causal_role, affects_treatment_assignment = EXCLUDED.affects_treatment_assignment, affects_outcome = EXCLUDED.affects_outcome, mechanism_note = EXCLUDED.mechanism_note;

INSERT INTO stratum_variables (stratum_variable_id, study, variable_name, causal_role, affects_treatment_assignment, affects_outcome, mechanism_note)
VALUES ('balanced-synthetic-stratum', 'balanced-synthetic', 'stratum', 'unknown', FALSE, TRUE, 'The stratum variable affects outcome (easy vs hard conditions) but does NOT affect treatment assignment — each treatment receives exactly 50% of its cases in each stratum. Because treatment assignment is independent of stratum, no confounding can occur and the pooled rate must agree with every per-stratum comparison.') ON CONFLICT (stratum_variable_id) DO UPDATE SET study = EXCLUDED.study, variable_name = EXCLUDED.variable_name, causal_role = EXCLUDED.causal_role, affects_treatment_assignment = EXCLUDED.affects_treatment_assignment, affects_outcome = EXCLUDED.affects_outcome, mechanism_note = EXCLUDED.mechanism_note;

-- ----------------------------------------------------------------------------
-- TreatmentRankings: Table: TreatmentRankings — one row per treatment-pair comparison within a study. Derives the pooled winner, the per-stratum winner, and the IsReversal boolean. The paradox emerges here as a derived fact: IsReversal is true when the pooled winner and the per-stratum winner disagree.
-- ----------------------------------------------------------------------------
INSERT INTO treatment_rankings (treatment_ranking_id, study, treatment_a, treatment_b)
VALUES ('kidney-1986-A-vs-B', 'kidney-1986', 'A', 'B') ON CONFLICT (treatment_ranking_id) DO UPDATE SET study = EXCLUDED.study, treatment_a = EXCLUDED.treatment_a, treatment_b = EXCLUDED.treatment_b;

INSERT INTO treatment_rankings (treatment_ranking_id, study, treatment_a, treatment_b)
VALUES ('kidney-balanced-A-vs-B', 'kidney-balanced', 'A', 'B') ON CONFLICT (treatment_ranking_id) DO UPDATE SET study = EXCLUDED.study, treatment_a = EXCLUDED.treatment_a, treatment_b = EXCLUDED.treatment_b;

INSERT INTO treatment_rankings (treatment_ranking_id, study, treatment_a, treatment_b)
VALUES ('balanced-synthetic-A-vs-B', 'balanced-synthetic', 'A', 'B') ON CONFLICT (treatment_ranking_id) DO UPDATE SET study = EXCLUDED.study, treatment_a = EXCLUDED.treatment_a, treatment_b = EXCLUDED.treatment_b;

INSERT INTO treatment_rankings (treatment_ranking_id, study, treatment_a, treatment_b)
VALUES ('berkeley-1973-A-vs-B', 'berkeley-1973', 'A', 'B') ON CONFLICT (treatment_ranking_id) DO UPDATE SET study = EXCLUDED.study, treatment_a = EXCLUDED.treatment_a, treatment_b = EXCLUDED.treatment_b;

