-- ============================================================================
-- INSERT DATA - Load data from rulebook
-- ============================================================================
-- Generated by rulebook-to-postgres tool
-- Mode: check-add    Stage: dev
-- PK strategy: string (FK values are rewritten to match each PK)
-- ============================================================================

-- ----------------------------------------------------------------------------
-- Loops: Table: Loops — the 10-loop build plan, carried as a first-class entity inside the model. Each row documents what new concept is introduced and why.
-- ----------------------------------------------------------------------------
INSERT INTO loops (loop_id, title, status, new_concept, domain_question, mock_data_note, next_suggestion)
VALUES ('loop-01', 'Core domain: Study, Treatment, Stratum, CaseCell → SuccessRate falls out', 'complete', 'Studies, Treatments, Strata, CaseCells', 'For each (stratum, treatment) cell in a study, what is the success rate?', 'Kidney stone study (Charig 1986): 2 strata (small/large), 2 treatments (A/B), 4 cells. CellSuccessRate is the first derived fact.', 'Ask: for each treatment, what is its pooled (across all strata) success rate? That requires TreatmentSummary — aggregating CaseCells by treatment, ignoring stratum.') ON CONFLICT (loop_id) DO UPDATE SET title = EXCLUDED.title, status = EXCLUDED.status, new_concept = EXCLUDED.new_concept, domain_question = EXCLUDED.domain_question, mock_data_note = EXCLUDED.mock_data_note, next_suggestion = EXCLUDED.next_suggestion;

INSERT INTO loops (loop_id, title, status, new_concept, domain_question, mock_data_note, next_suggestion)
VALUES ('loop-02', 'TreatmentSummary: pooled rate per treatment across all strata', 'complete', 'TreatmentSummaries', 'If you ignore stratum entirely, what is each treatment''s overall success rate?', 'Pooled: A=273/350=78%, B=289/350=83%. B looks better — this is the misleading aggregate view.', 'Ask: for each (stratum, treatment) pair, what is the success rate WITHIN that stratum? That requires StratumSummary — the view that contradicts the pooled view.') ON CONFLICT (loop_id) DO UPDATE SET title = EXCLUDED.title, status = EXCLUDED.status, new_concept = EXCLUDED.new_concept, domain_question = EXCLUDED.domain_question, mock_data_note = EXCLUDED.mock_data_note, next_suggestion = EXCLUDED.next_suggestion;

INSERT INTO loops (loop_id, title, status, new_concept, domain_question, mock_data_note, next_suggestion)
VALUES ('loop-03', 'StratumSummary: per-stratum rate per treatment — the true picture', 'complete', 'StratumSummaries', 'Within each stratum, which treatment has the higher success rate?', 'Small: A=93.1% > B=86.7%. Large: A=73.0% > B=68.8%. A wins in BOTH strata. Contradiction with pooled view is now visible.', 'Ask: for each treatment pair in a study, does the pooled winner match the per-stratum winner? That requires TreatmentRanking — the node where the paradox either exists or doesn''t.') ON CONFLICT (loop_id) DO UPDATE SET title = EXCLUDED.title, status = EXCLUDED.status, new_concept = EXCLUDED.new_concept, domain_question = EXCLUDED.domain_question, mock_data_note = EXCLUDED.mock_data_note, next_suggestion = EXCLUDED.next_suggestion;

INSERT INTO loops (loop_id, title, status, new_concept, domain_question, mock_data_note, next_suggestion)
VALUES ('loop-04', 'TreatmentRanking: does the pooled winner = the per-stratum winner?', 'complete', 'TreatmentRankings', 'When pooled and stratified conclusions disagree — which treatment should actually be preferred?', 'Pooled winner = B. Per-stratum winner = A in every stratum. Simpson''s Paradox: IsReversal = true. This is the paradox as a derived fact, not a modeled entity.', 'Ask: WHY does the paradox occur? The stratifying variable (stone size) affects both treatment assignment AND outcome. Name it as a StratumVariable with a CausalRole field.') ON CONFLICT (loop_id) DO UPDATE SET title = EXCLUDED.title, status = EXCLUDED.status, new_concept = EXCLUDED.new_concept, domain_question = EXCLUDED.domain_question, mock_data_note = EXCLUDED.mock_data_note, next_suggestion = EXCLUDED.next_suggestion;

INSERT INTO loops (loop_id, title, status, new_concept, domain_question, mock_data_note, next_suggestion)
VALUES ('loop-05', 'StratumVariable: name the confounding factor, its causal role, and derive IsConfounder + IsParadoxExplained', 'complete', 'StratumVariables (one per study); CausalRole field; IsConfounder boolean; IsParadoxExplained on TreatmentRankings', 'What IS the stratum variable, why does it confound, and does the model witness its own explanation?', 'kidney-1986: VariableName=stone_size, CausalRole=confounder, AffectsTreatmentAssignment=true, AffectsOutcome=true → IsConfounder=true → IsParadoxExplained=true on TreatmentRankings.', 'Ask: how large is the allocation imbalance? Derive TreatmentExposureFraction on CaseCells — the fraction of each treatment''s cases that land in each stratum. High imbalance = confounding mechanism as a witnessed number.') ON CONFLICT (loop_id) DO UPDATE SET title = EXCLUDED.title, status = EXCLUDED.status, new_concept = EXCLUDED.new_concept, domain_question = EXCLUDED.domain_question, mock_data_note = EXCLUDED.mock_data_note, next_suggestion = EXCLUDED.next_suggestion;

INSERT INTO loops (loop_id, title, status, new_concept, domain_question, mock_data_note, next_suggestion)
VALUES ('loop-06', 'TreatmentExposureFraction: the allocation imbalance as a witnessed number', 'complete', 'TreatmentExposureFraction field on CaseCells (Cases / TotalCasesForTreatment in this study)', 'What fraction of each treatment''s total cases fall in each stratum? High imbalance across strata is the mechanism of confounding.', 'A: 263/350=75% in large-stone stratum. B: 80/350=23% in large-stone stratum. The 52-point gap IS the mechanism — now a first-class derived number.', 'Add a degenerate study where treatment allocation is perfectly balanced across strata. IsReversal must be FALSE — not because the data says so, but because the algebra guarantees it. The model witnesses its own structural impossibility.') ON CONFLICT (loop_id) DO UPDATE SET title = EXCLUDED.title, status = EXCLUDED.status, new_concept = EXCLUDED.new_concept, domain_question = EXCLUDED.domain_question, mock_data_note = EXCLUDED.mock_data_note, next_suggestion = EXCLUDED.next_suggestion;

INSERT INTO loops (loop_id, title, status, new_concept, domain_question, mock_data_note, next_suggestion)
VALUES ('loop-07', 'Degenerate study: balanced allocation → IsReversal structurally impossible', 'complete', 'Second Studies row (balanced-synthetic); equal TreatmentExposureFraction across strata; IsReversal = FALSE by construction', 'If every stratum gets the same treatment-allocation fraction, can a reversal occur? The DAG should witness that it cannot.', 'Synthetic: A and B each assigned 50/50 to small/large strata. A=60% success both strata, B=50% both. Pooled: A=60%, B=50%. No reversal. IsParadoxExplained vacuously true (IsConfounder=false, no confounding, no reversal).', 'Add Berkeley 1973 — same DAG, contested domain. Aggregate: women admitted at lower rate. Per-department: women admitted at equal or higher rate in most. IsReversal=true. But IsConfounder is ambiguous — department choice may be downstream of gender (mediator, not confounder). The model witnesses its own explanatory limits.') ON CONFLICT (loop_id) DO UPDATE SET title = EXCLUDED.title, status = EXCLUDED.status, new_concept = EXCLUDED.new_concept, domain_question = EXCLUDED.domain_question, mock_data_note = EXCLUDED.mock_data_note, next_suggestion = EXCLUDED.next_suggestion;

INSERT INTO loops (loop_id, title, status, new_concept, domain_question, mock_data_note, next_suggestion)
VALUES ('loop-08', 'Berkeley 1973: contested confounder — model reveals a PARTIAL paradox, not a clean reversal', 'complete', 'Third Studies row (berkeley-1973); StratumVariable=department; CausalRole=contested; IsConfounder=false; IsParadoxExplained=false; PerStratumWinner=none (mixed, not unanimous)', 'Does Berkeley show a clean reversal? No — PerStratumWinner=''none'' because the per-stratum winner is mixed (female wins 3/4 depts, male wins 1). The model surfaces a structural limit of the reversal definition: partial paradoxes are real but don''t satisfy the strict IsReversal criterion.', 'Witnessed: male pooled 52.8% vs female 39.9% (large gap). Per dept: female wins A (82%>62%), B (68%>63%), D (35%>33%); male wins C (37%>34%). No unanimous per-stratum winner → IsReversal=FALSE by strict definition. The intuitive paradox is real; the formal paradox is partial.', 'Add ParadoxStrength (scalar severity) to capture partial reversals — pooled gap and average per-stratum gap regardless of unanimity. Then StudySummary for epistemic coverage across all 3 studies.') ON CONFLICT (loop_id) DO UPDATE SET title = EXCLUDED.title, status = EXCLUDED.status, new_concept = EXCLUDED.new_concept, domain_question = EXCLUDED.domain_question, mock_data_note = EXCLUDED.mock_data_note, next_suggestion = EXCLUDED.next_suggestion;

INSERT INTO loops (loop_id, title, status, new_concept, domain_question, mock_data_note, next_suggestion)
VALUES ('loop-09', 'ParadoxStrength: scalar severity derived from pooled gap and per-stratum gap', 'complete', 'ParadoxStrength on TreatmentRankings; PooledGap and AvgStratumGap on StratumSummaries', 'How large is the reversal? Can we rank studies by paradox severity, and does strength correlate with allocation imbalance?', 'Kidney: pooled gap ~4.6pp favoring B, avg stratum gap ~5pp favoring A. Berkeley: larger pooled gap, varies by department. Balanced: strength=0 (no reversal).', 'StudySummary: roll up ReversalCount, ExplainedCount, AvgParadoxStrength across all studies. The model now describes its own epistemic coverage in a single view.') ON CONFLICT (loop_id) DO UPDATE SET title = EXCLUDED.title, status = EXCLUDED.status, new_concept = EXCLUDED.new_concept, domain_question = EXCLUDED.domain_question, mock_data_note = EXCLUDED.mock_data_note, next_suggestion = EXCLUDED.next_suggestion;

INSERT INTO loops (loop_id, title, status, new_concept, domain_question, mock_data_note, next_suggestion)
VALUES ('loop-10', 'StudySummary: the model witnesses its own epistemic coverage', 'complete', 'StudySummary table (one row per model instance): StudyCount, ReversalCount, ExplainedCount, UnexplainedCount, ImpossibleCount, AvgParadoxStrength', 'Across all studies in this model, what is the epistemic state? How many reversals, how many explained, how many witnessed-but-unexplained?', '3 studies: ReversalCount=2 (kidney+berkeley), ExplainedCount=1 (kidney), UnexplainedCount=1 (berkeley), ImpossibleCount=1 (balanced). The model now holds a mirror to itself.', 'Ask: how heavy is each stratum? Add StratumFraction to StratumSummaries — the fraction of the study''s total cases that land in each stratum. The weight each stratum carries IS the lever the confounder pulls.') ON CONFLICT (loop_id) DO UPDATE SET title = EXCLUDED.title, status = EXCLUDED.status, new_concept = EXCLUDED.new_concept, domain_question = EXCLUDED.domain_question, mock_data_note = EXCLUDED.mock_data_note, next_suggestion = EXCLUDED.next_suggestion;

INSERT INTO loops (loop_id, title, status, new_concept, domain_question, mock_data_note, next_suggestion)
VALUES ('loop-11', 'StratumFraction: the weight each stratum carries in the pooled average', 'complete', 'StratumFraction (and StudyTotalCases, StratumTotalCases) on StratumSummaries', 'What fraction of the study''s total cases land in each stratum? High StratumFraction on a low-success stratum pulls the pooled rate down — and when that stratum is also over-allocated to one treatment, the reversal follows.', 'kidney-1986: large-stratum = (263+80)/700 = 49%; small-stratum = (87+270)/700 = 51%. Nearly equal stratum weights — but unequal per-treatment allocation (75% of A is in large; 23% of B is in large). The weight alone is not the mechanism; the differential allocation into heavy strata is.', 'Add WeightedStratumRate: StratumFraction × StratumSuccessRate per treatment row. Sum these across strata to reconstruct PooledRate from first principles. The DAG now witnesses the mechanism equation: pooled rate = weighted average of stratum rates.') ON CONFLICT (loop_id) DO UPDATE SET title = EXCLUDED.title, status = EXCLUDED.status, new_concept = EXCLUDED.new_concept, domain_question = EXCLUDED.domain_question, mock_data_note = EXCLUDED.mock_data_note, next_suggestion = EXCLUDED.next_suggestion;

INSERT INTO loops (loop_id, title, status, new_concept, domain_question, mock_data_note, next_suggestion)
VALUES ('loop-12', 'WeightedPull: mechanism equation witnessed — pooled rate = weighted sum of stratum rates', 'complete', 'WeightedStratumRate on StratumSummaries; PooledRateFromWeightsA and PooledRateFromWeightsB on TreatmentRankings', 'Can the DAG reconstruct each treatment''s pooled rate purely from stratum weights × stratum rates? If PooledRateFromWeights = PooledRate, the mechanism equation is verified: Simpson''s Paradox is algebraically explained.', 'kidney-1986: PooledRateFromWeightsA=0.833, PooledRateFromWeightsB=0.779 (A looks better under equal study-level weights). But actual pooled rates are A=0.780, B=0.826 (B looks better). The divergence IS the mechanism: real pooled uses treatment-level allocation weights; the reconstruction uses study-level weights. The swap between the two orderings shows exactly how differential allocation flips the conclusion. balanced-synthetic: weights match exactly (equal allocation = no flip possible).', 'Add AllocationBias to StratumSummaries: the difference between TreatmentExposureFraction for A and B in each stratum. High bias toward the losing treatment in a low-success stratum IS the confounder''s fingerprint as a witnessed number.') ON CONFLICT (loop_id) DO UPDATE SET title = EXCLUDED.title, status = EXCLUDED.status, new_concept = EXCLUDED.new_concept, domain_question = EXCLUDED.domain_question, mock_data_note = EXCLUDED.mock_data_note, next_suggestion = EXCLUDED.next_suggestion;

INSERT INTO loops (loop_id, title, status, new_concept, domain_question, mock_data_note, next_suggestion)
VALUES ('loop-13', 'AllocationBias: the confounder''s fingerprint as a signed witnessed number', 'complete', 'AllocationBias on StratumSummaries (AllocationFractionA - AllocationFractionB); also AllocationFractionA, AllocationFractionB, TreatmentACasesHere, TreatmentBCasesHere, TreatmentATotalCases, TreatmentBTotalCases', 'In each stratum, is one treatment disproportionately concentrated here? AllocationBias = AllocationFractionA - AllocationFractionB: positive means A is over-represented here, negative means B is. A strong negative bias in a low-success stratum is the confounder''s fingerprint.', 'kidney-1986 large-stratum: AllocationFractionA=263/350=0.751, AllocationFractionB=80/350=0.229, AllocationBias=+0.523. A is massively over-allocated to the hard (large-stone) stratum. This single number summarizes why the pooled rate misleads: A carries 52pp more exposure to the hard case, dragging its pooled average down below B''s despite beating B in both strata.', 'Add a 4th study: kidney-balanced — same stratum rates as kidney-1986 but with equal allocation (50/50 split). AllocationBias=0 everywhere, IsReversal=FALSE. The counterfactual shows the reversal is purely an allocation artifact, not a property of the treatment rates themselves.') ON CONFLICT (loop_id) DO UPDATE SET title = EXCLUDED.title, status = EXCLUDED.status, new_concept = EXCLUDED.new_concept, domain_question = EXCLUDED.domain_question, mock_data_note = EXCLUDED.mock_data_note, next_suggestion = EXCLUDED.next_suggestion;

INSERT INTO loops (loop_id, title, status, new_concept, domain_question, mock_data_note, next_suggestion)
VALUES ('loop-14', 'Counterfactual: kidney-balanced isolates allocation as the sole cause of the reversal', 'complete', 'Fourth study (kidney-balanced): same stratum rates as kidney-1986, equal allocation (175 cases per cell). IsReversal=FALSE, AllocationBias=0, ParadoxStrength=0.', 'If the same doctors, same disease, same treatments, same stratum difficulty — but patients were allocated equally — would the paradox still exist? The DAG answers: no. The reversal lives in the allocation, not in the treatment rates.', 'kidney-balanced: PooledRateA = (163+128)/350 = 0.831, PooledRateB = (152+120)/350 = 0.777. A wins pooled AND per-stratum. IsReversal=FALSE, ParadoxStrength=0. AllocationBias=0 in both strata. The counterfactual witnesses that the reversal in kidney-1986 is entirely an artifact of differential allocation, not of treatment efficacy.', 'Add ReversalThreshold to TreatmentRankings: the minimum AllocationBias magnitude needed to flip the pooled winner. How far is kidney-1986 from the threshold? How close is berkeley-1973? This quantifies paradox fragility vs robustness.') ON CONFLICT (loop_id) DO UPDATE SET title = EXCLUDED.title, status = EXCLUDED.status, new_concept = EXCLUDED.new_concept, domain_question = EXCLUDED.domain_question, mock_data_note = EXCLUDED.mock_data_note, next_suggestion = EXCLUDED.next_suggestion;

INSERT INTO loops (loop_id, title, status, new_concept, domain_question, mock_data_note, next_suggestion)
VALUES ('loop-15', 'ReversalThreshold: how robust or fragile is each study''s paradox?', 'complete', 'MaxAllocationBias, WeightedStratumGapSum, ThresholdMargin on TreatmentRankings', 'How much allocation bias is needed to produce a reversal? Is the observed bias well above threshold (robust paradox) or barely over it (fragile paradox)? ThresholdMargin = observed bias minus minimum needed.', 'kidney-1986: ReversalIntensity=1.0, ThresholdMargin=+0.5 — maximally robust, every stratum opposes pooled. berkeley-1973: ReversalIntensity=0.75, ThresholdMargin=+0.25 — past threshold but not unanimous (3/4 departments oppose). balanced-synthetic and kidney-balanced: intensity=0, margin=-0.5 — structurally impossible. ThresholdMargin > 0 means the paradox is robust; < 0 means absent or impossible.', 'Pour a real-world dataset with a known mediator (not confounder) through the same DAG and witness where it lands on the reversal_intensity × paradox_strength plane. The geometry of the plane is the next frontier.') ON CONFLICT (loop_id) DO UPDATE SET title = EXCLUDED.title, status = EXCLUDED.status, new_concept = EXCLUDED.new_concept, domain_question = EXCLUDED.domain_question, mock_data_note = EXCLUDED.mock_data_note, next_suggestion = EXCLUDED.next_suggestion;

INSERT INTO loops (loop_id, title, status, new_concept, domain_question, mock_data_note, next_suggestion)
VALUES ('loop-16', 'StratumGap: per-stratum rate difference as a signed witnessed number', 'complete', 'StratumGap field on StratumSummaries (StratumRateA - StratumRateB, signed)', 'In each stratum, how large is the treatment advantage, and in which direction? StratumGap > 0 means A wins here; < 0 means B wins. Summing StratumGap × StratumFraction gives the equal-weight pooled gap — a new derived node.', 'kidney-1986: small-stratum gap = +0.064 (A wins by 6.4pp), large-stratum gap = +0.043 (A wins by 4.3pp). Both positive — A wins everywhere. The pooled gap is negative (B appears to win by 4.6pp) purely due to allocation. The signed gap makes this contradiction arithmetically visible in one column. kidney-balanced: small=+0.064, large=+0.042 (same signs, same magnitudes — the rates are identical to kidney-1986 but now A also wins pooled because allocation is balanced). balanced-synthetic: small=+0.10, large=+0.10 (constant, equal allocation). berkeley-1973: dept-A=−0.200 (female wins), dept-B=+0.011 (male wins barely), dept-C=−0.002 (female wins barely), dept-D=−0.016 (female wins). Mixed signs confirm the partial paradox: no unanimous StratumGap direction, hence no clean reversal.', 'Derive WeightedStratumGapSum on TreatmentRankings: SUM(StratumGap × StratumFraction) aggregated across all TreatmentA rows for this study. This is the equal-weight pooled gap — the gap allocation-free weighting would produce. When WeightedStratumGapSum and PooledGap have opposite signs, the allocation has not just compressed the signal but flipped it. That sign flip is a more precise characterisation of Simpson''s Paradox than IsReversal: it handles partial flips and gives a magnitude to the distortion.') ON CONFLICT (loop_id) DO UPDATE SET title = EXCLUDED.title, status = EXCLUDED.status, new_concept = EXCLUDED.new_concept, domain_question = EXCLUDED.domain_question, mock_data_note = EXCLUDED.mock_data_note, next_suggestion = EXCLUDED.next_suggestion;

INSERT INTO loops (loop_id, title, status, new_concept, domain_question, mock_data_note, next_suggestion)
VALUES ('loop-17', 'WeightedStratumGapSum: the equal-weight signal — and the Berkeley category error witnessed', 'complete', 'WeightedStratumGap on StratumSummaries (StratumGap × StratumFraction, the per-stratum contribution to the equal-weight pooled gap); WeightedStratumGapSum on TreatmentRankings (SUMIFS of WeightedStratumGap across TreatmentA rows); SignedPooledGap (PooledRateA − PooledRateB, signed); IsSignFlip boolean (WeightedStratumGapSum and SignedPooledGap have opposite signs)', 'If allocation were equal across strata, what would the pooled gap be? WeightedStratumGapSum answers this. When it has the opposite sign to SignedPooledGap, the allocation has not just compressed the signal — it has flipped it. That sign flip IS Simpson''s Paradox under a continuous definition. Does Berkeley sign-flip?', 'Witnessed from DB: balanced-synthetic: WSGSUM=+0.1000, SignedPooledGap=+0.1000 → IsSignFlip=FALSE (equal allocation, no distortion). kidney-1986: WSGSUM=+0.0537, SignedPooledGap=−0.0457 → IsSignFlip=TRUE (A wins in every stratum by 5.4pp on average, but actual pooled shows B winning by 4.6pp). kidney-balanced: WSGSUM=+0.0543, SignedPooledGap=+0.0543 → IsSignFlip=FALSE (equal allocation, WSGSUM = actual pooled gap). berkeley-1973: WSGSUM=−0.0642, SignedPooledGap=+0.1292 → IsSignFlip=TRUE. Per-stratum breakdown: dept-A gap=−0.2035 (female wins by 20.4pp, fraction=0.289); dept-B=−0.0496 (female wins, fraction=0.181); dept-C=+0.0286 (male wins barely, fraction=0.284); dept-D=−0.0184 (female wins, fraction=0.245). Under equal allocation female would win pooled by 6.4pp — but the actual pooled shows male winning by 12.9pp. Berkeley IS a Simpson''s Paradox under the sign-flip definition despite IsReversal=FALSE. The binary unanimity criterion excluded Berkeley because dept-C goes to male; the sign-flip criterion correctly includes it.', 'The sign flip is witnessed. Now measure the magnitude: how far has the allocation bent the pooled signal? AllocationDistortion = |WeightedStratumGapSum − SignedPooledGap|. Berkeley: |−0.0642 − (+0.1292)| = 0.1934. Kidney: |+0.0537 − (−0.0457)| = 0.0994. Berkeley''s distortion is nearly twice kidney''s — despite IsReversal=FALSE. This is the single-number measure that ranks studies by how badly confounding has distorted their pooled result.') ON CONFLICT (loop_id) DO UPDATE SET title = EXCLUDED.title, status = EXCLUDED.status, new_concept = EXCLUDED.new_concept, domain_question = EXCLUDED.domain_question, mock_data_note = EXCLUDED.mock_data_note, next_suggestion = EXCLUDED.next_suggestion;

INSERT INTO loops (loop_id, title, status, new_concept, domain_question, mock_data_note, next_suggestion)
VALUES ('loop-18', 'AllocationDistortion: the magnitude of the signal the allocation erased or fabricated', 'complete', 'AllocationDistortion on TreatmentRankings (|WeightedStratumGapSum − SignedPooledGap|) — the scalar distance between the equal-weight signal and the actual pooled signal', 'How much has the allocation distorted the pooled signal relative to what equal-weight strata would show? AllocationDistortion=0 means the allocation is neutral. A large AllocationDistortion means the pooled number is mostly noise from case assignment, not signal about treatment efficacy.', 'Witnessed from DB (ordered by AllocationDistortion desc): berkeley-1973: WSGSUM=−0.0642, SignedPooledGap=+0.1292, AllocationDistortion=0.1934. kidney-1986: WSGSUM=+0.0537, SignedPooledGap=−0.0457, AllocationDistortion=0.0994. kidney-balanced: AllocationDistortion=0.0000 (balanced allocation, no distortion). balanced-synthetic: AllocationDistortion=0.0000 (equal allocation, no distortion). The allocation is injecting a 19.3pp distortion into Berkeley''s pooled result — reversing a real female advantage of 6.4pp into an apparent male advantage of 12.9pp. This is nearly twice the 9.9pp distortion in kidney-1986. ParadoxStrength (old measure) gives berkeley=0.0969, kidney=0.0457 — same ordinal ranking but ParadoxStrength is penalized by the unanimity criterion: Berkeley''s 0.75 ReversalIntensity reduces its score. AllocationDistortion is not so penalized: it measures what the allocation DID to the signal, not whether the outcome passes an arbitrary threshold.', 'Two severity measures are now live: ParadoxStrength and AllocationDistortion. They agree on ordinal ranking across our four studies but diverge in magnitude (Berkeley is 2× kidney under AllocationDistortion but only 2.1× under ParadoxStrength). The more important question: is a study with AllocationDistortion > 0 but IsSignFlip=FALSE possible? That would be a type-C study — allocation has compressed but not reversed the signal. None of the current studies are type-C. Design a synthetic type-C study: same-sign WSGSUM and SignedPooledGap, but WSGSUM closer to zero than SignedPooledGap. Add it to the data and witness AllocationDistortion > 0, IsSignFlip=FALSE.') ON CONFLICT (loop_id) DO UPDATE SET title = EXCLUDED.title, status = EXCLUDED.status, new_concept = EXCLUDED.new_concept, domain_question = EXCLUDED.domain_question, mock_data_note = EXCLUDED.mock_data_note, next_suggestion = EXCLUDED.next_suggestion;

INSERT INTO loops (loop_id, title, status, new_concept, domain_question, mock_data_note, next_suggestion)
VALUES ('loop-19', 'Type-C witness: compressed-synthetic — allocation distortion without sign flip', 'complete', 'compressed-synthetic study (fifth study): type-C case — A wins every stratum and wins pooled, but allocation compresses A''s pooled advantage. Witnesses AllocationDistortion > 0, IsSignFlip=FALSE, IsReversal=FALSE, PerStratumWinner=A. Completes the four-type taxonomy.', 'Does a study with real allocation distortion (AllocationDistortion > 0) but no sign flip (IsSignFlip=FALSE) exist? If yes, the type-C cell in the DistortionType taxonomy is nonempty — there is a class of misleading aggregates that compress but do not reverse the pooled signal. This class is invisible to both IsReversal and IsSignFlip but is visible to AllocationDistortion.', 'Witnessed from DB (ordered by AllocationDistortion desc): berkeley-1973: WSGSUM=−0.0642, SignedPooledGap=+0.1292, IsSignFlip=TRUE, AllocationDistortion=0.1934, ReversalIntensity=0.75 → type B. kidney-1986: WSGSUM=+0.0537, SignedPooledGap=−0.0457, IsSignFlip=TRUE, AllocationDistortion=0.0994, ReversalIntensity=1.0 → type A. compressed-synthetic: WSGSUM=+0.1000, SignedPooledGap=+0.0600, IsSignFlip=FALSE, AllocationDistortion=0.0400, ReversalIntensity=0.0 → type C (A wins pooled by 6pp but would win by 10pp under equal allocation). kidney-balanced: AllocationDistortion=0.0000 → type D. balanced-synthetic: AllocationDistortion=0.0000 → type D. All four types are now empirically populated. Type-C is important: a researcher seeing pooled A=78%, B=72% and concluding ''A wins by 6pp'' is correct — but the equal-weight truth is ''A wins by 10pp.'' The allocation has consumed 4pp of signal without a single stratum switching winner.', 'All four DistortionType cells are now populated. Add DistortionType as a derived field on TreatmentRankings: A = IsSignFlip AND ReversalIntensity=1.0; B = IsSignFlip AND ReversalIntensity<1.0; C = NOT IsSignFlip AND AllocationDistortion>0.01; D = AllocationDistortion≤0.01. This makes the geometric taxonomy a first-class derived fact in the DAG. Then add PolicyImplication per type: type A = stratify-immediately; type B = investigate-confounder; type C = check-allocation-bias; type D = pooled-analysis-trustworthy.') ON CONFLICT (loop_id) DO UPDATE SET title = EXCLUDED.title, status = EXCLUDED.status, new_concept = EXCLUDED.new_concept, domain_question = EXCLUDED.domain_question, mock_data_note = EXCLUDED.mock_data_note, next_suggestion = EXCLUDED.next_suggestion;

INSERT INTO loops (loop_id, title, status, new_concept, domain_question, mock_data_note, next_suggestion)
VALUES ('loop-20', 'Hydration contract: real study data enters through 05b-customize-data.sql, not the rulebook JSON', 'complete', '05b-customize-data.sql as the hydration layer: idempotent ON CONFLICT upserts for all five leaf tables (Studies, Treatments, Strata, CaseCells, StratumSummaries, StratumVariables, TreatmentRankings). Raw counts live in data/raw/<study-id>/provenance.md. The rulebook SSoT defines schema; the hydration file populates real data. The view chain computes everything from there.', 'Can real published study data enter the instrument through a SQL hydration file (not the rulebook JSON) and produce DistortionType / AllocationDistortion / PolicyImplication results from the existing view chain without any schema changes?', 'Two real studies hydrated: reintjes-2000 (Epidemiology 2000, N=3519, antibiotic prophylaxis UTI study) and radelet-1981 (Am Soc Rev 1981, N=326, Florida death penalty). Both are type-A full reversals. Witnessed: reintjes AllocationDistortion=0.0516, radelet AllocationDistortion=0.0684. No schema changes were needed. 05b-customize-data.sql is the durable hydration path.', 'ModelSummary currently counts only synthetic studies in its ReversalCount/NonReversalCount. Add DistortionType aggregations (TypeACount, TypeBCount, TypeCCount, TypeDCount, SignFlipCount, AvgAllocationDistortion) so the model''s self-portrait reflects all seven studies including the two real ones.') ON CONFLICT (loop_id) DO UPDATE SET title = EXCLUDED.title, status = EXCLUDED.status, new_concept = EXCLUDED.new_concept, domain_question = EXCLUDED.domain_question, mock_data_note = EXCLUDED.mock_data_note, next_suggestion = EXCLUDED.next_suggestion;

INSERT INTO loops (loop_id, title, status, new_concept, domain_question, mock_data_note, next_suggestion)
VALUES ('loop-20b', 'Two real studies witnessed: reintjes-2000 and radelet-1981 — both type-A full reversals from real data', 'complete', 'Two non-canonical published datasets poured through the hydration contract. Provenance files in data/raw/. Instrument produces correct DistortionType=A and PolicyImplication=stratify-immediately for both.', 'Do two real published studies with well-known outcomes (antibiotic prophylaxis UTI reversal; racial death-penalty reversal) produce the expected DistortionType=A when hydrated through the instrument? Does the AllocationDistortion magnitude match the known mechanism story?', 'Witnessed from DB (full table ordered by AllocationDistortion desc): berkeley-1973: type B, distortion=0.1934. kidney-1986: type A, distortion=0.0994. radelet-1981: type A, distortion=0.0684 (REAL). reintjes-2000: type A, distortion=0.0516 (REAL). compressed-synthetic: type C, distortion=0.0400. kidney-balanced: type D, distortion=0.0000. balanced-synthetic: type D, distortion=0.0000. Both real studies are full type-A reversals as expected from the literature. radelet has higher AllocationDistortion (0.0684) than reintjes (0.0516), consistent with the victim-race confound being stronger — black defendants are 62% in the low-sentence black-victim stratum, a more extreme allocation imbalance than reintjes where 87% of prophylaxis patients are in low-incidence hospitals.', 'ModelSummary currently counts only the synthetic study set. Add DistortionType aggregations (TypeACount, TypeBCount, TypeCCount, TypeDCount, SignFlipCount, AvgAllocationDistortion) so the model describes its real empirical coverage, not just the synthetic controls.') ON CONFLICT (loop_id) DO UPDATE SET title = EXCLUDED.title, status = EXCLUDED.status, new_concept = EXCLUDED.new_concept, domain_question = EXCLUDED.domain_question, mock_data_note = EXCLUDED.mock_data_note, next_suggestion = EXCLUDED.next_suggestion;

INSERT INTO loops (loop_id, title, status, new_concept, domain_question, mock_data_note, next_suggestion)
VALUES ('loop-21', 'DistortionType + PolicyImplication: the four-type taxonomy as a first-class DAG fact', 'complete', 'DistortionType (derived field on TreatmentRankings): A = full sign-flip unanimous reversal; B = sign-flip non-unanimous; C = distortion without sign flip; D = neutral. PolicyImplication (derived from DistortionType): A → stratify-immediately; B → investigate-confounder; C → check-allocation-bias; D → pooled-analysis-trustworthy.', 'Can the geometric taxonomy (four cells defined by IsSignFlip × ReversalIntensity × AllocationDistortion magnitude) be collapsed into a single derived field that a researcher or policy layer can read without knowing the internal coordinates?', 'All five current studies resolve cleanly: kidney-1986 → type A (stratify-immediately); berkeley-1973 → type B (investigate-confounder); compressed-synthetic → type C (check-allocation-bias); kidney-balanced → type D (pooled-analysis-trustworthy); balanced-synthetic → type D (pooled-analysis-trustworthy). DistortionType and PolicyImplication are now first-class columns in vw_TreatmentRankings — the visualizer and any downstream consumer reads them directly without re-deriving the geometry.', 'ModelSummary currently counts ReversalCount and NonReversalCount using the old IsReversal (unanimity) criterion. Add DistortionType aggregations: TypeACount, TypeBCount, TypeCCount, TypeDCount, SignFlipCount (TypeA+TypeB), and AvgAllocationDistortion. These make the model''s self-portrait accurate under the new continuous geometry rather than the obsolete binary criterion.') ON CONFLICT (loop_id) DO UPDATE SET title = EXCLUDED.title, status = EXCLUDED.status, new_concept = EXCLUDED.new_concept, domain_question = EXCLUDED.domain_question, mock_data_note = EXCLUDED.mock_data_note, next_suggestion = EXCLUDED.next_suggestion;

INSERT INTO loops (loop_id, title, status, new_concept, domain_question, mock_data_note, next_suggestion)
VALUES ('loop-22', 'Third real dataset: a new domain poured through the hydrator', 'planned', 'ThirdRealStudy row set produced by an adapter, not hand-authored directly in the rulebook. The new study enters through the same dev DB hydration script used in loop-20.', 'Does the instrument''s geometry generalize beyond the two initial smoke-test studies when the data arrives through the adapter/hydrator path?', 'Choose a consequential domain with a clean 2×N shape: clinical outcomes by risk group, sentencing by legally meaningful strata, education outcomes by program/school type, or another published setting with successes and total cases by group and stratum. Priority criteria: source tables are inspectable, denominators are unambiguous, and the adapter can be written in under an hour. The result is informative whether it lands as sign-flip, distortion-no-flip, or neutral.', 'Once three real datasets have round-tripped, compare geometric distortion to the annotated causal role. This tests whether AllocationDistortion is measuring causal confounding, allocation-induced distortion, or both.') ON CONFLICT (loop_id) DO UPDATE SET title = EXCLUDED.title, status = EXCLUDED.status, new_concept = EXCLUDED.new_concept, domain_question = EXCLUDED.domain_question, mock_data_note = EXCLUDED.mock_data_note, next_suggestion = EXCLUDED.next_suggestion;

INSERT INTO loops (loop_id, title, status, new_concept, domain_question, mock_data_note, next_suggestion)
VALUES ('loop-23', 'CausalStructureSignal: compare distortion geometry to causal role after real ingestion', 'planned', 'CausalRoleGroup field on StratumVariables; AvgDistortionByRole aggregation on ModelSummary; optional RealDataOnly filter so synthetic controls do not contaminate empirical summaries.', 'After real studies enter through the hydrator, do true confounders, contested variables, mediators, and neutral strata produce different AllocationDistortion patterns?', 'Current seed data suggests that a contested causal role can still produce very high arithmetic distortion. The empirical question should therefore be framed carefully: AllocationDistortion may not identify a causal confounder; it identifies allocation-induced signal distortion. CausalRole explains why the distortion exists; the geometry measures how much it bent the observed aggregate.', 'Make the geometric classification first-class so the visualizer and policy layers do not need to re-derive it ad hoc.') ON CONFLICT (loop_id) DO UPDATE SET title = EXCLUDED.title, status = EXCLUDED.status, new_concept = EXCLUDED.new_concept, domain_question = EXCLUDED.domain_question, mock_data_note = EXCLUDED.mock_data_note, next_suggestion = EXCLUDED.next_suggestion;

INSERT INTO loops (loop_id, title, status, new_concept, domain_question, mock_data_note, next_suggestion)
VALUES ('loop-24', 'DistortionType: classify studies by geometry independent of causal label', 'planned', 'DistortionType field on TreatmentRankings derived from IsSignFlip, ReversalIntensity, and AllocationDistortion magnitude; optional DistortionTypeLabel and DistortionTypeDescription for the visualizer.', 'Can every hydrated study be classified into a small number of geometrically meaningful outcomes without relying on a causal story?', 'Proposed types: A = full-reversal (IsSignFlip=true and ReversalIntensity=1.0); B = partial-reversal/sign-flip (IsSignFlip=true and ReversalIntensity<1.0); C = distortion-no-flip (IsSignFlip=false and AllocationDistortion above threshold); D = neutral (AllocationDistortion near zero). Loop-20 may implement this temporarily in the UI for color-coding, but this loop makes it a rulebook-derived fact.', 'Now deliberately seek a real type-C case: measurable distortion without a sign flip. This tests whether type-C is merely synthetic or common in published work.') ON CONFLICT (loop_id) DO UPDATE SET title = EXCLUDED.title, status = EXCLUDED.status, new_concept = EXCLUDED.new_concept, domain_question = EXCLUDED.domain_question, mock_data_note = EXCLUDED.mock_data_note, next_suggestion = EXCLUDED.next_suggestion;

INSERT INTO loops (loop_id, title, status, new_concept, domain_question, mock_data_note, next_suggestion)
VALUES ('loop-25', 'Type-C real-data witness: allocation distortion without sign flip', 'planned', 'A real, published study that hydrates as DistortionType=C if AllocationDistortion>threshold and IsSignFlip=false.', 'Does the published literature contain studies where the pooled winner is directionally correct but the margin is materially compressed or inflated by allocation?', 'Candidate pattern: senior surgeons, hospitals, treatments, schools, or programs receive systematically harder cases, but the superior group still wins pooled. The adapter should prove that the pooled conclusion is not wrong, but its magnitude is wrong. This is practically important because many policy decisions depend on effect size, not just winner identity.', 'Map each DistortionType to an epistemic action so the visualizer can tell a researcher what to do next.') ON CONFLICT (loop_id) DO UPDATE SET title = EXCLUDED.title, status = EXCLUDED.status, new_concept = EXCLUDED.new_concept, domain_question = EXCLUDED.domain_question, mock_data_note = EXCLUDED.mock_data_note, next_suggestion = EXCLUDED.next_suggestion;

INSERT INTO loops (loop_id, title, status, new_concept, domain_question, mock_data_note, next_suggestion)
VALUES ('loop-26', 'PolicyImplication: convert geometry into researcher action', 'planned', 'PolicyImplication field on TreatmentRankings derived from DistortionType, IsParadoxExplained, InferenceReadiness, and RawDataRequired.', 'Given a study''s geometry and data-readiness state, what should a researcher do with the pooled conclusion?', 'Type A: stratify immediately; the pooled conclusion is directionally wrong. Type B: investigate the stratifying mechanism; the aggregate has sign-flipped but the per-stratum story is mixed. Type C: report adjusted or standardized margins; the winner may be right but the effect size is distorted. Type D: pooled analysis is likely safe with respect to this stratification. If RawDataRequired=true or InferenceReadiness fails, the implication is ''insufficient data'' rather than a substantive judgment.', 'Test those policy implications retrospectively against historical cases where pooled analysis contributed to a wrong or fragile decision.') ON CONFLICT (loop_id) DO UPDATE SET title = EXCLUDED.title, status = EXCLUDED.status, new_concept = EXCLUDED.new_concept, domain_question = EXCLUDED.domain_question, mock_data_note = EXCLUDED.mock_data_note, next_suggestion = EXCLUDED.next_suggestion;

INSERT INTO loops (loop_id, title, status, new_concept, domain_question, mock_data_note, next_suggestion)
VALUES ('loop-27', 'Retrospective validation: would the instrument have flagged known historical errors?', 'planned', 'RetrospectiveTestStudy rows hydrated through the same adapter path; PlaneCoordinateAtDecisionTime vs PlaneCoordinateWithFullData; optional HistoricalDecisionOutcome annotation.', 'Given only the data that was available at the time of a consequential decision, would the instrument have recommended stratify-immediately, investigate-confounder, or insufficient-data?', 'Use the loop-20 hydrator, not a bespoke notebook. Candidate cases should have a clear historical pooled claim and later evidence that stratification or confounding mattered. The key validation is whether the rulebook could have raised the warning before the error was widely recognized.', 'If retrospective validation works, shift from hand-picked studies to a small literature screen using the ScreeningApproximation and adapter contract.') ON CONFLICT (loop_id) DO UPDATE SET title = EXCLUDED.title, status = EXCLUDED.status, new_concept = EXCLUDED.new_concept, domain_question = EXCLUDED.domain_question, mock_data_note = EXCLUDED.mock_data_note, next_suggestion = EXCLUDED.next_suggestion;

INSERT INTO loops (loop_id, title, status, new_concept, domain_question, mock_data_note, next_suggestion)
VALUES ('loop-28', 'Literature screen: rank candidate studies using published tables', 'planned', 'LiteratureCandidates table or external candidate manifest; ScreeningApprox coordinates; RawDataRequired flag; CandidatePriorityScore.', 'Which currently published studies appear to have high allocation-induced distortion from their published summaries alone?', 'This loop should not scrape the visualizer. It should scrape or manually capture source papers/tables into the adapter input format, then produce candidate coordinates. The visualizer reads the exported candidate rulebook or live DB view. Candidate domains: clinical subgroup tables, education outcome tables, hospital/surgeon volume studies, sentencing/outcome tables, or other settings where group allocation across strata is visibly non-random.', 'Pick the highest-priority candidate and obtain enough source detail to compute exact coordinates, then compare exact DistortionType to the screening classification.') ON CONFLICT (loop_id) DO UPDATE SET title = EXCLUDED.title, status = EXCLUDED.status, new_concept = EXCLUDED.new_concept, domain_question = EXCLUDED.domain_question, mock_data_note = EXCLUDED.mock_data_note, next_suggestion = EXCLUDED.next_suggestion;

INSERT INTO loops (loop_id, title, status, new_concept, domain_question, mock_data_note, next_suggestion)
VALUES ('loop-29', 'Prospective validation: confirm a high-scoring literature candidate', 'planned', 'ProspectiveValidationStudy; ExactVsScreeningClassification; ProspectiveClassificationAccuracy on ModelSummary.', 'Does a candidate flagged by the screening process retain the same DistortionType and high AllocationDistortion when exact or near-exact CaseCells are hydrated?', 'The success criterion is not that every candidate is paradoxical. The success criterion is that the screening approximation points the hydrator toward studies where the exact geometry is worth inspecting. Confirming a type-B or type-C currently influential study would be the strongest prospective result.', 'After prospective validation, formalize the instrument so another researcher can apply it without knowing the internal DAG.') ON CONFLICT (loop_id) DO UPDATE SET title = EXCLUDED.title, status = EXCLUDED.status, new_concept = EXCLUDED.new_concept, domain_question = EXCLUDED.domain_question, mock_data_note = EXCLUDED.mock_data_note, next_suggestion = EXCLUDED.next_suggestion;

INSERT INTO loops (loop_id, title, status, new_concept, domain_question, mock_data_note, next_suggestion)
VALUES ('loop-30', 'Instrument specification: adapter contract, five fields, four types, and screening formula', 'planned', 'InstrumentSpec table: one row per required input, derived coordinate, classification rule, adapter contract requirement, and screening approximation formula.', 'Can the full instrument be specified precisely enough that another researcher or script can hydrate a new study, compute the geometry, and understand the classification?', 'The spec should include both the analytic coordinates and the implementation contract proven in loop-20: required leaf tables, acceptable data modes, provenance fields, validation checks, SignedPooledGap, WeightedStratumGapSum, IsSignFlip, AllocationDistortion, DistortionType, PolicyImplication, and ScreeningApproximation. Every claim should be machine-verifiable against the current seed plus real hydrated datasets.', 'Formally retire or demote the old unanimity-based IsReversal in favor of IsReversal_v2=IsSignFlip, while preserving the old field as a stricter subtype.') ON CONFLICT (loop_id) DO UPDATE SET title = EXCLUDED.title, status = EXCLUDED.status, new_concept = EXCLUDED.new_concept, domain_question = EXCLUDED.domain_question, mock_data_note = EXCLUDED.mock_data_note, next_suggestion = EXCLUDED.next_suggestion;

INSERT INTO loops (loop_id, title, status, new_concept, domain_question, mock_data_note, next_suggestion)
VALUES ('loop-31', 'IsReversal_v2: retire the unanimity criterion as the primary definition', 'planned', 'IsReversal_v2 = IsSignFlip; DefinitionDelta = IsReversal_v2 XOR IsReversal; StrictReversalSubtype preserving the old unanimity criterion.', 'Does the sign-flip definition strictly generalize the old full-unanimity definition across synthetic controls, canonical examples, and newly hydrated real datasets?', 'Expected pattern: old full reversals remain positive under IsReversal_v2; partial sign-flips such as Berkeley become positive; type-C and type-D remain negative for directional reversal but still carry AllocationDistortion if applicable. The conclusion becomes cleaner: IsReversal is a strict subtype, IsSignFlip is the primary Simpson-type reversal criterion, and AllocationDistortion is the continuous severity measure.', 'Write the preprint abstract or technical memo from the witnessed coordinates, the adapter-backed real-data validation, and the rulebook/Postgres/visualizer round trip.') ON CONFLICT (loop_id) DO UPDATE SET title = EXCLUDED.title, status = EXCLUDED.status, new_concept = EXCLUDED.new_concept, domain_question = EXCLUDED.domain_question, mock_data_note = EXCLUDED.mock_data_note, next_suggestion = EXCLUDED.next_suggestion;

-- ----------------------------------------------------------------------------
-- Studies: Table: Studies — a clinical or empirical study comparing two or more treatments for a condition, with patient cases stratified by a confounding variable. The top-level entity in the domain.
-- ----------------------------------------------------------------------------
INSERT INTO studies (study_id, title, source, source_url)
VALUES ('kidney-1986', 'Kidney Stone Treatment Study (Charig et al. 1986)', 'Charig CR et al. Comparison of treatment of renal calculi by open surgery, percutaneous nephrolithotomy, and extracorporeal shockwave lithotripsy. Br Med J. 1986;292:879.', 'https://www.bmj.com/content/292/6524/879') ON CONFLICT (study_id) DO UPDATE SET title = EXCLUDED.title, source = EXCLUDED.source, source_url = EXCLUDED.source_url;

INSERT INTO studies (study_id, title, source, source_url)
VALUES ('balanced-synthetic', 'Balanced Synthetic Study (degenerate case — reversal structurally impossible)', 'Synthetic dataset constructed to demonstrate that perfectly balanced treatment allocation across strata algebraically prevents Simpson''s Paradox. Not based on real data.', '') ON CONFLICT (study_id) DO UPDATE SET title = EXCLUDED.title, source = EXCLUDED.source, source_url = EXCLUDED.source_url;

INSERT INTO studies (study_id, title, source, source_url)
VALUES ('kidney-balanced', 'Kidney Stone Counterfactual (balanced allocation — reversal algebraically impossible)', 'Synthetic dataset derived from Charig 1986 kidney stone rates but with equal treatment allocation across strata (175 cases per cell). Demonstrates that the reversal in the original study is purely an allocation artifact.', '') ON CONFLICT (study_id) DO UPDATE SET title = EXCLUDED.title, source = EXCLUDED.source, source_url = EXCLUDED.source_url;

INSERT INTO studies (study_id, title, source, source_url)
VALUES ('berkeley-1973', 'UC Berkeley Graduate Admissions (Bickel et al. 1975) — contested confounder', 'Bickel PJ, Hammel EA, O''Connell JW. Sex Bias in Graduate Admissions: Data from Berkeley. Science. 1975;187:398-404.', 'https://www.science.org/doi/10.1126/science.187.4175.398') ON CONFLICT (study_id) DO UPDATE SET title = EXCLUDED.title, source = EXCLUDED.source, source_url = EXCLUDED.source_url;

INSERT INTO studies (study_id, title, source, source_url)
VALUES ('compressed-synthetic', 'Compressed Synthetic Study (type-C — allocation distortion without sign flip)', 'Synthetic dataset constructed to demonstrate that allocation can distort the pooled signal (AllocationDistortion > 0) without reversing it (IsSignFlip=FALSE). Treatment A wins in every stratum and also wins pooled — but the pooled margin is compressed by differential allocation. This populates the type-C cell in the DistortionType taxonomy.', '') ON CONFLICT (study_id) DO UPDATE SET title = EXCLUDED.title, source = EXCLUDED.source, source_url = EXCLUDED.source_url;

-- ----------------------------------------------------------------------------
-- Treatments: Table: Treatments — the interventions being compared within a study. Each treatment belongs to one study.
-- ----------------------------------------------------------------------------
INSERT INTO treatments (treatment_id, study, treatment_label, description)
VALUES ('kidney-1986-A', 'kidney-1986', 'A', 'Open surgery / percutaneous nephrolithotomy (PCNL) — the more invasive procedure, used preferentially for large stones.') ON CONFLICT (treatment_id) DO UPDATE SET study = EXCLUDED.study, treatment_label = EXCLUDED.treatment_label, description = EXCLUDED.description;

INSERT INTO treatments (treatment_id, study, treatment_label, description)
VALUES ('kidney-1986-B', 'kidney-1986', 'B', 'Extracorporeal shock wave lithotripsy (ESWL) — the less invasive procedure, used more for small stones.') ON CONFLICT (treatment_id) DO UPDATE SET study = EXCLUDED.study, treatment_label = EXCLUDED.treatment_label, description = EXCLUDED.description;

INSERT INTO treatments (treatment_id, study, treatment_label, description)
VALUES ('kidney-balanced-A', 'kidney-balanced', 'A', 'Open surgery / PCNL — same per-stratum rates as kidney-1986 (small:93.1%, large:73.0%) but now allocated equally (50%) to each stratum. Counterfactual treatment A.') ON CONFLICT (treatment_id) DO UPDATE SET study = EXCLUDED.study, treatment_label = EXCLUDED.treatment_label, description = EXCLUDED.description;

INSERT INTO treatments (treatment_id, study, treatment_label, description)
VALUES ('kidney-balanced-B', 'kidney-balanced', 'B', 'ESWL — same per-stratum rates as kidney-1986 (small:86.7%, large:68.8%) but allocated equally (50%) to each stratum. Counterfactual treatment B.') ON CONFLICT (treatment_id) DO UPDATE SET study = EXCLUDED.study, treatment_label = EXCLUDED.treatment_label, description = EXCLUDED.description;

INSERT INTO treatments (treatment_id, study, treatment_label, description)
VALUES ('balanced-synthetic-A', 'balanced-synthetic', 'A', 'Synthetic treatment A — 60% success rate in both strata. Allocated equally (50%) to each stratum.') ON CONFLICT (treatment_id) DO UPDATE SET study = EXCLUDED.study, treatment_label = EXCLUDED.treatment_label, description = EXCLUDED.description;

INSERT INTO treatments (treatment_id, study, treatment_label, description)
VALUES ('balanced-synthetic-B', 'balanced-synthetic', 'B', 'Synthetic treatment B — 50% success rate in both strata. Allocated equally (50%) to each stratum.') ON CONFLICT (treatment_id) DO UPDATE SET study = EXCLUDED.study, treatment_label = EXCLUDED.treatment_label, description = EXCLUDED.description;

INSERT INTO treatments (treatment_id, study, treatment_label, description)
VALUES ('berkeley-1973-male', 'berkeley-1973', 'A', 'Male applicants (labeled A). Pooled admission rate appears higher than female.') ON CONFLICT (treatment_id) DO UPDATE SET study = EXCLUDED.study, treatment_label = EXCLUDED.treatment_label, description = EXCLUDED.description;

INSERT INTO treatments (treatment_id, study, treatment_label, description)
VALUES ('berkeley-1973-female', 'berkeley-1973', 'B', 'Female applicants (labeled B). Pooled admission rate appears lower, but per-department rates are equal or higher in most departments.') ON CONFLICT (treatment_id) DO UPDATE SET study = EXCLUDED.study, treatment_label = EXCLUDED.treatment_label, description = EXCLUDED.description;

INSERT INTO treatments (treatment_id, study, treatment_label, description)
VALUES ('compressed-synthetic-A', 'compressed-synthetic', 'A', 'Treatment A — 70% success rate in hard stratum, 90% in easy stratum. Over-allocated to the hard stratum (60% of A cases go to hard). A wins in both strata and also wins pooled, but pooled margin is compressed by the allocation imbalance.') ON CONFLICT (treatment_id) DO UPDATE SET study = EXCLUDED.study, treatment_label = EXCLUDED.treatment_label, description = EXCLUDED.description;

INSERT INTO treatments (treatment_id, study, treatment_label, description)
VALUES ('compressed-synthetic-B', 'compressed-synthetic', 'B', 'Treatment B — 60% success rate in hard stratum, 80% in easy stratum. Over-allocated to the easy stratum (60% of B cases go to easy). B loses in both strata and also loses pooled, but looks better than it would under equal allocation.') ON CONFLICT (treatment_id) DO UPDATE SET study = EXCLUDED.study, treatment_label = EXCLUDED.treatment_label, description = EXCLUDED.description;

-- ----------------------------------------------------------------------------
-- Strata: Table: Strata — the subdivisions of patients within a study by the value of the confounding variable (e.g. stone size). Each stratum belongs to one study.
-- ----------------------------------------------------------------------------
INSERT INTO strata (stratum_id, study, stratum_label, description)
VALUES ('kidney-1986-small', 'kidney-1986', 'small', 'Patients with small kidney stones — easier to treat, higher baseline success rate regardless of treatment.') ON CONFLICT (stratum_id) DO UPDATE SET study = EXCLUDED.study, stratum_label = EXCLUDED.stratum_label, description = EXCLUDED.description;

INSERT INTO strata (stratum_id, study, stratum_label, description)
VALUES ('kidney-1986-large', 'kidney-1986', 'large', 'Patients with large kidney stones — harder to treat, lower baseline success rate regardless of treatment. Preferentially assigned to Treatment A.') ON CONFLICT (stratum_id) DO UPDATE SET study = EXCLUDED.study, stratum_label = EXCLUDED.stratum_label, description = EXCLUDED.description;

INSERT INTO strata (stratum_id, study, stratum_label, description)
VALUES ('kidney-balanced-small', 'kidney-balanced', 'small', 'Small kidney stones — same baseline rates as kidney-1986 small stratum but now receiving exactly 50% of each treatment''s cases. Counterfactual stratum.') ON CONFLICT (stratum_id) DO UPDATE SET study = EXCLUDED.study, stratum_label = EXCLUDED.stratum_label, description = EXCLUDED.description;

INSERT INTO strata (stratum_id, study, stratum_label, description)
VALUES ('kidney-balanced-large', 'kidney-balanced', 'large', 'Large kidney stones — same baseline rates as kidney-1986 large stratum but now receiving exactly 50% of each treatment''s cases. Equal allocation prevents confounding.') ON CONFLICT (stratum_id) DO UPDATE SET study = EXCLUDED.study, stratum_label = EXCLUDED.stratum_label, description = EXCLUDED.description;

INSERT INTO strata (stratum_id, study, stratum_label, description)
VALUES ('balanced-synthetic-easy', 'balanced-synthetic', 'easy', 'Easy stratum — higher baseline success rate. Receives exactly 50% of each treatment''s cases.') ON CONFLICT (stratum_id) DO UPDATE SET study = EXCLUDED.study, stratum_label = EXCLUDED.stratum_label, description = EXCLUDED.description;

INSERT INTO strata (stratum_id, study, stratum_label, description)
VALUES ('balanced-synthetic-hard', 'balanced-synthetic', 'hard', 'Hard stratum — lower baseline success rate. Receives exactly 50% of each treatment''s cases. Equal allocation prevents confounding.') ON CONFLICT (stratum_id) DO UPDATE SET study = EXCLUDED.study, stratum_label = EXCLUDED.stratum_label, description = EXCLUDED.description;

INSERT INTO strata (stratum_id, study, stratum_label, description)
VALUES ('berkeley-1973-dept-A', 'berkeley-1973', 'dept-A', 'Dept A — highly competitive (low admission rate ~64%). Women applied here at roughly equal rates to men.') ON CONFLICT (stratum_id) DO UPDATE SET study = EXCLUDED.study, stratum_label = EXCLUDED.stratum_label, description = EXCLUDED.description;

INSERT INTO strata (stratum_id, study, stratum_label, description)
VALUES ('berkeley-1973-dept-B', 'berkeley-1973', 'dept-B', 'Dept B — competitive (~35% admission). Women applied here less often.') ON CONFLICT (stratum_id) DO UPDATE SET study = EXCLUDED.study, stratum_label = EXCLUDED.stratum_label, description = EXCLUDED.description;

INSERT INTO strata (stratum_id, study, stratum_label, description)
VALUES ('berkeley-1973-dept-C', 'berkeley-1973', 'dept-C', 'Dept C — moderately selective (~34% admission). More balanced gender application.') ON CONFLICT (stratum_id) DO UPDATE SET study = EXCLUDED.study, stratum_label = EXCLUDED.stratum_label, description = EXCLUDED.description;

INSERT INTO strata (stratum_id, study, stratum_label, description)
VALUES ('berkeley-1973-dept-D', 'berkeley-1973', 'dept-D', 'Dept D — open (~64% admission). Women applied here most heavily — this is the easy department that women disproportionately chose.') ON CONFLICT (stratum_id) DO UPDATE SET study = EXCLUDED.study, stratum_label = EXCLUDED.stratum_label, description = EXCLUDED.description;

INSERT INTO strata (stratum_id, study, stratum_label, description)
VALUES ('compressed-synthetic-hard', 'compressed-synthetic', 'hard', 'Hard stratum — lower baseline success rates (A=70%, B=60%). Treatment A is over-allocated here (60% of A cases vs 40% of B cases). This is the stratum that pulls A''s pooled rate down relative to equal-weight expectation.') ON CONFLICT (stratum_id) DO UPDATE SET study = EXCLUDED.study, stratum_label = EXCLUDED.stratum_label, description = EXCLUDED.description;

INSERT INTO strata (stratum_id, study, stratum_label, description)
VALUES ('compressed-synthetic-easy', 'compressed-synthetic', 'easy', 'Easy stratum — higher baseline success rates (A=90%, B=80%). Treatment B is over-allocated here (60% of B cases vs 40% of A cases). This partially offsets B''s per-stratum disadvantage in the pooled analysis.') ON CONFLICT (stratum_id) DO UPDATE SET study = EXCLUDED.study, stratum_label = EXCLUDED.stratum_label, description = EXCLUDED.description;

-- ----------------------------------------------------------------------------
-- CaseCells: Table: CaseCells — the raw leaves of the DAG. One row per (study, stratum, treatment) combination recording the aggregate count of successes and total cases. Every derived fact in the model traces back to these numbers. Nothing above this row is a raw input.
-- ----------------------------------------------------------------------------
INSERT INTO case_cells (case_cell_id, study, stratum_label, treatment_label, successes, cases)
VALUES ('kidney-1986-small-A', 'kidney-1986', 'small', 'A', 81, 87) ON CONFLICT (case_cell_id) DO UPDATE SET study = EXCLUDED.study, stratum_label = EXCLUDED.stratum_label, treatment_label = EXCLUDED.treatment_label, successes = EXCLUDED.successes, cases = EXCLUDED.cases;

INSERT INTO case_cells (case_cell_id, study, stratum_label, treatment_label, successes, cases)
VALUES ('kidney-1986-small-B', 'kidney-1986', 'small', 'B', 234, 270) ON CONFLICT (case_cell_id) DO UPDATE SET study = EXCLUDED.study, stratum_label = EXCLUDED.stratum_label, treatment_label = EXCLUDED.treatment_label, successes = EXCLUDED.successes, cases = EXCLUDED.cases;

INSERT INTO case_cells (case_cell_id, study, stratum_label, treatment_label, successes, cases)
VALUES ('kidney-1986-large-A', 'kidney-1986', 'large', 'A', 192, 263) ON CONFLICT (case_cell_id) DO UPDATE SET study = EXCLUDED.study, stratum_label = EXCLUDED.stratum_label, treatment_label = EXCLUDED.treatment_label, successes = EXCLUDED.successes, cases = EXCLUDED.cases;

INSERT INTO case_cells (case_cell_id, study, stratum_label, treatment_label, successes, cases)
VALUES ('kidney-1986-large-B', 'kidney-1986', 'large', 'B', 55, 80) ON CONFLICT (case_cell_id) DO UPDATE SET study = EXCLUDED.study, stratum_label = EXCLUDED.stratum_label, treatment_label = EXCLUDED.treatment_label, successes = EXCLUDED.successes, cases = EXCLUDED.cases;

INSERT INTO case_cells (case_cell_id, study, stratum_label, treatment_label, successes, cases)
VALUES ('kidney-balanced-small-A', 'kidney-balanced', 'small', 'A', 163, 175) ON CONFLICT (case_cell_id) DO UPDATE SET study = EXCLUDED.study, stratum_label = EXCLUDED.stratum_label, treatment_label = EXCLUDED.treatment_label, successes = EXCLUDED.successes, cases = EXCLUDED.cases;

INSERT INTO case_cells (case_cell_id, study, stratum_label, treatment_label, successes, cases)
VALUES ('kidney-balanced-small-B', 'kidney-balanced', 'small', 'B', 152, 175) ON CONFLICT (case_cell_id) DO UPDATE SET study = EXCLUDED.study, stratum_label = EXCLUDED.stratum_label, treatment_label = EXCLUDED.treatment_label, successes = EXCLUDED.successes, cases = EXCLUDED.cases;

INSERT INTO case_cells (case_cell_id, study, stratum_label, treatment_label, successes, cases)
VALUES ('kidney-balanced-large-A', 'kidney-balanced', 'large', 'A', 128, 175) ON CONFLICT (case_cell_id) DO UPDATE SET study = EXCLUDED.study, stratum_label = EXCLUDED.stratum_label, treatment_label = EXCLUDED.treatment_label, successes = EXCLUDED.successes, cases = EXCLUDED.cases;

INSERT INTO case_cells (case_cell_id, study, stratum_label, treatment_label, successes, cases)
VALUES ('kidney-balanced-large-B', 'kidney-balanced', 'large', 'B', 120, 175) ON CONFLICT (case_cell_id) DO UPDATE SET study = EXCLUDED.study, stratum_label = EXCLUDED.stratum_label, treatment_label = EXCLUDED.treatment_label, successes = EXCLUDED.successes, cases = EXCLUDED.cases;

INSERT INTO case_cells (case_cell_id, study, stratum_label, treatment_label, successes, cases)
VALUES ('balanced-synthetic-easy-A', 'balanced-synthetic', 'easy', 'A', 60, 100) ON CONFLICT (case_cell_id) DO UPDATE SET study = EXCLUDED.study, stratum_label = EXCLUDED.stratum_label, treatment_label = EXCLUDED.treatment_label, successes = EXCLUDED.successes, cases = EXCLUDED.cases;

INSERT INTO case_cells (case_cell_id, study, stratum_label, treatment_label, successes, cases)
VALUES ('balanced-synthetic-easy-B', 'balanced-synthetic', 'easy', 'B', 50, 100) ON CONFLICT (case_cell_id) DO UPDATE SET study = EXCLUDED.study, stratum_label = EXCLUDED.stratum_label, treatment_label = EXCLUDED.treatment_label, successes = EXCLUDED.successes, cases = EXCLUDED.cases;

INSERT INTO case_cells (case_cell_id, study, stratum_label, treatment_label, successes, cases)
VALUES ('balanced-synthetic-hard-A', 'balanced-synthetic', 'hard', 'A', 60, 100) ON CONFLICT (case_cell_id) DO UPDATE SET study = EXCLUDED.study, stratum_label = EXCLUDED.stratum_label, treatment_label = EXCLUDED.treatment_label, successes = EXCLUDED.successes, cases = EXCLUDED.cases;

INSERT INTO case_cells (case_cell_id, study, stratum_label, treatment_label, successes, cases)
VALUES ('balanced-synthetic-hard-B', 'balanced-synthetic', 'hard', 'B', 50, 100) ON CONFLICT (case_cell_id) DO UPDATE SET study = EXCLUDED.study, stratum_label = EXCLUDED.stratum_label, treatment_label = EXCLUDED.treatment_label, successes = EXCLUDED.successes, cases = EXCLUDED.cases;

INSERT INTO case_cells (case_cell_id, study, stratum_label, treatment_label, successes, cases)
VALUES ('berkeley-1973-dept-A-male', 'berkeley-1973', 'dept-A', 'A', 512, 825) ON CONFLICT (case_cell_id) DO UPDATE SET study = EXCLUDED.study, stratum_label = EXCLUDED.stratum_label, treatment_label = EXCLUDED.treatment_label, successes = EXCLUDED.successes, cases = EXCLUDED.cases;

INSERT INTO case_cells (case_cell_id, study, stratum_label, treatment_label, successes, cases)
VALUES ('berkeley-1973-dept-A-female', 'berkeley-1973', 'dept-A', 'B', 89, 108) ON CONFLICT (case_cell_id) DO UPDATE SET study = EXCLUDED.study, stratum_label = EXCLUDED.stratum_label, treatment_label = EXCLUDED.treatment_label, successes = EXCLUDED.successes, cases = EXCLUDED.cases;

INSERT INTO case_cells (case_cell_id, study, stratum_label, treatment_label, successes, cases)
VALUES ('berkeley-1973-dept-B-male', 'berkeley-1973', 'dept-B', 'A', 353, 560) ON CONFLICT (case_cell_id) DO UPDATE SET study = EXCLUDED.study, stratum_label = EXCLUDED.stratum_label, treatment_label = EXCLUDED.treatment_label, successes = EXCLUDED.successes, cases = EXCLUDED.cases;

INSERT INTO case_cells (case_cell_id, study, stratum_label, treatment_label, successes, cases)
VALUES ('berkeley-1973-dept-B-female', 'berkeley-1973', 'dept-B', 'B', 17, 25) ON CONFLICT (case_cell_id) DO UPDATE SET study = EXCLUDED.study, stratum_label = EXCLUDED.stratum_label, treatment_label = EXCLUDED.treatment_label, successes = EXCLUDED.successes, cases = EXCLUDED.cases;

INSERT INTO case_cells (case_cell_id, study, stratum_label, treatment_label, successes, cases)
VALUES ('berkeley-1973-dept-C-male', 'berkeley-1973', 'dept-C', 'A', 120, 325) ON CONFLICT (case_cell_id) DO UPDATE SET study = EXCLUDED.study, stratum_label = EXCLUDED.stratum_label, treatment_label = EXCLUDED.treatment_label, successes = EXCLUDED.successes, cases = EXCLUDED.cases;

INSERT INTO case_cells (case_cell_id, study, stratum_label, treatment_label, successes, cases)
VALUES ('berkeley-1973-dept-C-female', 'berkeley-1973', 'dept-C', 'B', 202, 593) ON CONFLICT (case_cell_id) DO UPDATE SET study = EXCLUDED.study, stratum_label = EXCLUDED.stratum_label, treatment_label = EXCLUDED.treatment_label, successes = EXCLUDED.successes, cases = EXCLUDED.cases;

INSERT INTO case_cells (case_cell_id, study, stratum_label, treatment_label, successes, cases)
VALUES ('berkeley-1973-dept-D-male', 'berkeley-1973', 'dept-D', 'A', 138, 417) ON CONFLICT (case_cell_id) DO UPDATE SET study = EXCLUDED.study, stratum_label = EXCLUDED.stratum_label, treatment_label = EXCLUDED.treatment_label, successes = EXCLUDED.successes, cases = EXCLUDED.cases;

INSERT INTO case_cells (case_cell_id, study, stratum_label, treatment_label, successes, cases)
VALUES ('berkeley-1973-dept-D-female', 'berkeley-1973', 'dept-D', 'B', 131, 375) ON CONFLICT (case_cell_id) DO UPDATE SET study = EXCLUDED.study, stratum_label = EXCLUDED.stratum_label, treatment_label = EXCLUDED.treatment_label, successes = EXCLUDED.successes, cases = EXCLUDED.cases;

INSERT INTO case_cells (case_cell_id, study, stratum_label, treatment_label, successes, cases)
VALUES ('compressed-synthetic-hard-A', 'compressed-synthetic', 'hard', 'A', 84, 120) ON CONFLICT (case_cell_id) DO UPDATE SET study = EXCLUDED.study, stratum_label = EXCLUDED.stratum_label, treatment_label = EXCLUDED.treatment_label, successes = EXCLUDED.successes, cases = EXCLUDED.cases;

INSERT INTO case_cells (case_cell_id, study, stratum_label, treatment_label, successes, cases)
VALUES ('compressed-synthetic-hard-B', 'compressed-synthetic', 'hard', 'B', 48, 80) ON CONFLICT (case_cell_id) DO UPDATE SET study = EXCLUDED.study, stratum_label = EXCLUDED.stratum_label, treatment_label = EXCLUDED.treatment_label, successes = EXCLUDED.successes, cases = EXCLUDED.cases;

INSERT INTO case_cells (case_cell_id, study, stratum_label, treatment_label, successes, cases)
VALUES ('compressed-synthetic-easy-A', 'compressed-synthetic', 'easy', 'A', 72, 80) ON CONFLICT (case_cell_id) DO UPDATE SET study = EXCLUDED.study, stratum_label = EXCLUDED.stratum_label, treatment_label = EXCLUDED.treatment_label, successes = EXCLUDED.successes, cases = EXCLUDED.cases;

INSERT INTO case_cells (case_cell_id, study, stratum_label, treatment_label, successes, cases)
VALUES ('compressed-synthetic-easy-B', 'compressed-synthetic', 'easy', 'B', 96, 120) ON CONFLICT (case_cell_id) DO UPDATE SET study = EXCLUDED.study, stratum_label = EXCLUDED.stratum_label, treatment_label = EXCLUDED.treatment_label, successes = EXCLUDED.successes, cases = EXCLUDED.cases;

-- ----------------------------------------------------------------------------
-- StratumSummaries: Table: StratumSummaries — one row per (study, stratum, treatment). Computes the success rate WITHIN each stratum for each treatment. This is the stratified view that contradicts the pooled conclusion when a Simpson's Paradox reversal is present. Each row belongs to both a Stratum and a Treatment in the same Study.
-- ----------------------------------------------------------------------------
INSERT INTO stratum_summaries (stratum_summary_id, study, stratum_label, treatment_label)
VALUES ('kidney-1986-small-A', 'kidney-1986', 'small', 'A') ON CONFLICT (stratum_summary_id) DO UPDATE SET study = EXCLUDED.study, stratum_label = EXCLUDED.stratum_label, treatment_label = EXCLUDED.treatment_label;

INSERT INTO stratum_summaries (stratum_summary_id, study, stratum_label, treatment_label)
VALUES ('kidney-1986-small-B', 'kidney-1986', 'small', 'B') ON CONFLICT (stratum_summary_id) DO UPDATE SET study = EXCLUDED.study, stratum_label = EXCLUDED.stratum_label, treatment_label = EXCLUDED.treatment_label;

INSERT INTO stratum_summaries (stratum_summary_id, study, stratum_label, treatment_label)
VALUES ('kidney-1986-large-A', 'kidney-1986', 'large', 'A') ON CONFLICT (stratum_summary_id) DO UPDATE SET study = EXCLUDED.study, stratum_label = EXCLUDED.stratum_label, treatment_label = EXCLUDED.treatment_label;

INSERT INTO stratum_summaries (stratum_summary_id, study, stratum_label, treatment_label)
VALUES ('kidney-1986-large-B', 'kidney-1986', 'large', 'B') ON CONFLICT (stratum_summary_id) DO UPDATE SET study = EXCLUDED.study, stratum_label = EXCLUDED.stratum_label, treatment_label = EXCLUDED.treatment_label;

INSERT INTO stratum_summaries (stratum_summary_id, study, stratum_label, treatment_label)
VALUES ('kidney-balanced-small-A', 'kidney-balanced', 'small', 'A') ON CONFLICT (stratum_summary_id) DO UPDATE SET study = EXCLUDED.study, stratum_label = EXCLUDED.stratum_label, treatment_label = EXCLUDED.treatment_label;

INSERT INTO stratum_summaries (stratum_summary_id, study, stratum_label, treatment_label)
VALUES ('kidney-balanced-small-B', 'kidney-balanced', 'small', 'B') ON CONFLICT (stratum_summary_id) DO UPDATE SET study = EXCLUDED.study, stratum_label = EXCLUDED.stratum_label, treatment_label = EXCLUDED.treatment_label;

INSERT INTO stratum_summaries (stratum_summary_id, study, stratum_label, treatment_label)
VALUES ('kidney-balanced-large-A', 'kidney-balanced', 'large', 'A') ON CONFLICT (stratum_summary_id) DO UPDATE SET study = EXCLUDED.study, stratum_label = EXCLUDED.stratum_label, treatment_label = EXCLUDED.treatment_label;

INSERT INTO stratum_summaries (stratum_summary_id, study, stratum_label, treatment_label)
VALUES ('kidney-balanced-large-B', 'kidney-balanced', 'large', 'B') ON CONFLICT (stratum_summary_id) DO UPDATE SET study = EXCLUDED.study, stratum_label = EXCLUDED.stratum_label, treatment_label = EXCLUDED.treatment_label;

INSERT INTO stratum_summaries (stratum_summary_id, study, stratum_label, treatment_label)
VALUES ('balanced-synthetic-easy-A', 'balanced-synthetic', 'easy', 'A') ON CONFLICT (stratum_summary_id) DO UPDATE SET study = EXCLUDED.study, stratum_label = EXCLUDED.stratum_label, treatment_label = EXCLUDED.treatment_label;

INSERT INTO stratum_summaries (stratum_summary_id, study, stratum_label, treatment_label)
VALUES ('balanced-synthetic-easy-B', 'balanced-synthetic', 'easy', 'B') ON CONFLICT (stratum_summary_id) DO UPDATE SET study = EXCLUDED.study, stratum_label = EXCLUDED.stratum_label, treatment_label = EXCLUDED.treatment_label;

INSERT INTO stratum_summaries (stratum_summary_id, study, stratum_label, treatment_label)
VALUES ('balanced-synthetic-hard-A', 'balanced-synthetic', 'hard', 'A') ON CONFLICT (stratum_summary_id) DO UPDATE SET study = EXCLUDED.study, stratum_label = EXCLUDED.stratum_label, treatment_label = EXCLUDED.treatment_label;

INSERT INTO stratum_summaries (stratum_summary_id, study, stratum_label, treatment_label)
VALUES ('balanced-synthetic-hard-B', 'balanced-synthetic', 'hard', 'B') ON CONFLICT (stratum_summary_id) DO UPDATE SET study = EXCLUDED.study, stratum_label = EXCLUDED.stratum_label, treatment_label = EXCLUDED.treatment_label;

INSERT INTO stratum_summaries (stratum_summary_id, study, stratum_label, treatment_label)
VALUES ('berkeley-1973-dept-A-male', 'berkeley-1973', 'dept-A', 'A') ON CONFLICT (stratum_summary_id) DO UPDATE SET study = EXCLUDED.study, stratum_label = EXCLUDED.stratum_label, treatment_label = EXCLUDED.treatment_label;

INSERT INTO stratum_summaries (stratum_summary_id, study, stratum_label, treatment_label)
VALUES ('berkeley-1973-dept-A-female', 'berkeley-1973', 'dept-A', 'B') ON CONFLICT (stratum_summary_id) DO UPDATE SET study = EXCLUDED.study, stratum_label = EXCLUDED.stratum_label, treatment_label = EXCLUDED.treatment_label;

INSERT INTO stratum_summaries (stratum_summary_id, study, stratum_label, treatment_label)
VALUES ('berkeley-1973-dept-B-male', 'berkeley-1973', 'dept-B', 'A') ON CONFLICT (stratum_summary_id) DO UPDATE SET study = EXCLUDED.study, stratum_label = EXCLUDED.stratum_label, treatment_label = EXCLUDED.treatment_label;

INSERT INTO stratum_summaries (stratum_summary_id, study, stratum_label, treatment_label)
VALUES ('berkeley-1973-dept-B-female', 'berkeley-1973', 'dept-B', 'B') ON CONFLICT (stratum_summary_id) DO UPDATE SET study = EXCLUDED.study, stratum_label = EXCLUDED.stratum_label, treatment_label = EXCLUDED.treatment_label;

INSERT INTO stratum_summaries (stratum_summary_id, study, stratum_label, treatment_label)
VALUES ('berkeley-1973-dept-C-male', 'berkeley-1973', 'dept-C', 'A') ON CONFLICT (stratum_summary_id) DO UPDATE SET study = EXCLUDED.study, stratum_label = EXCLUDED.stratum_label, treatment_label = EXCLUDED.treatment_label;

INSERT INTO stratum_summaries (stratum_summary_id, study, stratum_label, treatment_label)
VALUES ('berkeley-1973-dept-C-female', 'berkeley-1973', 'dept-C', 'B') ON CONFLICT (stratum_summary_id) DO UPDATE SET study = EXCLUDED.study, stratum_label = EXCLUDED.stratum_label, treatment_label = EXCLUDED.treatment_label;

INSERT INTO stratum_summaries (stratum_summary_id, study, stratum_label, treatment_label)
VALUES ('berkeley-1973-dept-D-male', 'berkeley-1973', 'dept-D', 'A') ON CONFLICT (stratum_summary_id) DO UPDATE SET study = EXCLUDED.study, stratum_label = EXCLUDED.stratum_label, treatment_label = EXCLUDED.treatment_label;

INSERT INTO stratum_summaries (stratum_summary_id, study, stratum_label, treatment_label)
VALUES ('berkeley-1973-dept-D-female', 'berkeley-1973', 'dept-D', 'B') ON CONFLICT (stratum_summary_id) DO UPDATE SET study = EXCLUDED.study, stratum_label = EXCLUDED.stratum_label, treatment_label = EXCLUDED.treatment_label;

INSERT INTO stratum_summaries (stratum_summary_id, study, stratum_label, treatment_label)
VALUES ('compressed-synthetic-hard-A', 'compressed-synthetic', 'hard', 'A') ON CONFLICT (stratum_summary_id) DO UPDATE SET study = EXCLUDED.study, stratum_label = EXCLUDED.stratum_label, treatment_label = EXCLUDED.treatment_label;

INSERT INTO stratum_summaries (stratum_summary_id, study, stratum_label, treatment_label)
VALUES ('compressed-synthetic-hard-B', 'compressed-synthetic', 'hard', 'B') ON CONFLICT (stratum_summary_id) DO UPDATE SET study = EXCLUDED.study, stratum_label = EXCLUDED.stratum_label, treatment_label = EXCLUDED.treatment_label;

INSERT INTO stratum_summaries (stratum_summary_id, study, stratum_label, treatment_label)
VALUES ('compressed-synthetic-easy-A', 'compressed-synthetic', 'easy', 'A') ON CONFLICT (stratum_summary_id) DO UPDATE SET study = EXCLUDED.study, stratum_label = EXCLUDED.stratum_label, treatment_label = EXCLUDED.treatment_label;

INSERT INTO stratum_summaries (stratum_summary_id, study, stratum_label, treatment_label)
VALUES ('compressed-synthetic-easy-B', 'compressed-synthetic', 'easy', 'B') ON CONFLICT (stratum_summary_id) DO UPDATE SET study = EXCLUDED.study, stratum_label = EXCLUDED.stratum_label, treatment_label = EXCLUDED.treatment_label;

-- ----------------------------------------------------------------------------
-- ModelSummary: Table: ModelSummary — one row describing the epistemic coverage of this entire model instance. Aggregates across all TreatmentRankings to witness how many studies were examined, how many showed a full reversal, how many were explained, and the average paradox strength. The model holds a mirror to itself.
-- ----------------------------------------------------------------------------
INSERT INTO model_summary (model_summary_id)
VALUES ('simpsons-paradox-v1') ON CONFLICT (model_summary_id) DO NOTHING;

-- ----------------------------------------------------------------------------
-- StratumVariables: Table: StratumVariables — one row per study, naming the variable that defines the strata and describing its causal role. A confounder affects both treatment assignment AND outcome; a mediator is downstream of treatment; a contested variable is one where the causal role is disputed. IsConfounder is derived from these two boolean flags.
-- ----------------------------------------------------------------------------
INSERT INTO stratum_variables (stratum_variable_id, study, variable_name, causal_role, affects_treatment_assignment, affects_outcome, mechanism_note)
VALUES ('kidney-1986-stone-size', 'kidney-1986', 'stone_size', 'confounder', TRUE, TRUE, 'Large kidney stones were preferentially assigned to Treatment A (the more aggressive procedure), while small stones more often received Treatment B. Independently, large stones have lower baseline cure rates regardless of treatment. This dual influence — on both assignment and on outcome — is what drives the pooled reversal.') ON CONFLICT (stratum_variable_id) DO UPDATE SET study = EXCLUDED.study, variable_name = EXCLUDED.variable_name, causal_role = EXCLUDED.causal_role, affects_treatment_assignment = EXCLUDED.affects_treatment_assignment, affects_outcome = EXCLUDED.affects_outcome, mechanism_note = EXCLUDED.mechanism_note;

INSERT INTO stratum_variables (stratum_variable_id, study, variable_name, causal_role, affects_treatment_assignment, affects_outcome, mechanism_note)
VALUES ('berkeley-1973-department', 'berkeley-1973', 'department', 'contested', TRUE, TRUE, 'Department choice correlates with both gender (women applied disproportionately to competitive departments) and admission rate (competitive departments admit fewer applicants regardless of gender). However, department choice may itself be downstream of gender — if women systematically self-select into harder departments due to societal factors, then department is a mediator, not a confounder. The causal role is genuinely contested in the literature. IsConfounder=FALSE because CausalRole=''contested'', not because the flags are false.') ON CONFLICT (stratum_variable_id) DO UPDATE SET study = EXCLUDED.study, variable_name = EXCLUDED.variable_name, causal_role = EXCLUDED.causal_role, affects_treatment_assignment = EXCLUDED.affects_treatment_assignment, affects_outcome = EXCLUDED.affects_outcome, mechanism_note = EXCLUDED.mechanism_note;

INSERT INTO stratum_variables (stratum_variable_id, study, variable_name, causal_role, affects_treatment_assignment, affects_outcome, mechanism_note)
VALUES ('kidney-balanced-stone-size', 'kidney-balanced', 'stone_size', 'confounder', FALSE, TRUE, 'In this counterfactual, stone size still affects outcome (hard cases have lower success rates) but does NOT affect treatment assignment — both treatments receive exactly 50% of their cases in each stratum. Because treatment assignment is now independent of stone size, no confounding occurs and AllocationBias=0 everywhere. IsConfounder=FALSE (AffectsTreatmentAssignment=false). The reversal is impossible by construction.') ON CONFLICT (stratum_variable_id) DO UPDATE SET study = EXCLUDED.study, variable_name = EXCLUDED.variable_name, causal_role = EXCLUDED.causal_role, affects_treatment_assignment = EXCLUDED.affects_treatment_assignment, affects_outcome = EXCLUDED.affects_outcome, mechanism_note = EXCLUDED.mechanism_note;

INSERT INTO stratum_variables (stratum_variable_id, study, variable_name, causal_role, affects_treatment_assignment, affects_outcome, mechanism_note)
VALUES ('balanced-synthetic-stratum', 'balanced-synthetic', 'stratum', 'unknown', FALSE, TRUE, 'The stratum variable affects outcome (easy vs hard conditions) but does NOT affect treatment assignment — each treatment receives exactly 50% of its cases in each stratum. Because treatment assignment is independent of stratum, no confounding can occur and the pooled rate must agree with every per-stratum comparison.') ON CONFLICT (stratum_variable_id) DO UPDATE SET study = EXCLUDED.study, variable_name = EXCLUDED.variable_name, causal_role = EXCLUDED.causal_role, affects_treatment_assignment = EXCLUDED.affects_treatment_assignment, affects_outcome = EXCLUDED.affects_outcome, mechanism_note = EXCLUDED.mechanism_note;

INSERT INTO stratum_variables (stratum_variable_id, study, variable_name, causal_role, affects_treatment_assignment, affects_outcome, mechanism_note)
VALUES ('compressed-synthetic-stratum', 'compressed-synthetic', 'difficulty', 'confounder', TRUE, TRUE, 'Case difficulty affects both which treatment patients receive (A is over-allocated to hard cases: 60% vs 40%) and the outcome (hard cases have lower success rates for both treatments). This IS confounding — but the confounding is not strong enough to flip the pooled winner. A wins in every stratum and also wins pooled. The allocation compresses A''s pooled advantage (from equal-weight 10pp down to actual 6pp) but does not erase it. This is type-C distortion: real confounding, partial distortion, no reversal.') ON CONFLICT (stratum_variable_id) DO UPDATE SET study = EXCLUDED.study, variable_name = EXCLUDED.variable_name, causal_role = EXCLUDED.causal_role, affects_treatment_assignment = EXCLUDED.affects_treatment_assignment, affects_outcome = EXCLUDED.affects_outcome, mechanism_note = EXCLUDED.mechanism_note;

-- ----------------------------------------------------------------------------
-- TreatmentRankings: Table: TreatmentRankings — one row per treatment-pair comparison within a study. Derives the pooled winner, the per-stratum winner, and the IsReversal boolean. The paradox emerges here as a derived fact: IsReversal is true when the pooled winner and the per-stratum winner disagree.
-- ----------------------------------------------------------------------------
INSERT INTO treatment_rankings (treatment_ranking_id, study, treatment_a, treatment_b)
VALUES ('kidney-1986-A-vs-B', 'kidney-1986', 'A', 'B') ON CONFLICT (treatment_ranking_id) DO UPDATE SET study = EXCLUDED.study, treatment_a = EXCLUDED.treatment_a, treatment_b = EXCLUDED.treatment_b;

INSERT INTO treatment_rankings (treatment_ranking_id, study, treatment_a, treatment_b)
VALUES ('kidney-balanced-A-vs-B', 'kidney-balanced', 'A', 'B') ON CONFLICT (treatment_ranking_id) DO UPDATE SET study = EXCLUDED.study, treatment_a = EXCLUDED.treatment_a, treatment_b = EXCLUDED.treatment_b;

INSERT INTO treatment_rankings (treatment_ranking_id, study, treatment_a, treatment_b)
VALUES ('balanced-synthetic-A-vs-B', 'balanced-synthetic', 'A', 'B') ON CONFLICT (treatment_ranking_id) DO UPDATE SET study = EXCLUDED.study, treatment_a = EXCLUDED.treatment_a, treatment_b = EXCLUDED.treatment_b;

INSERT INTO treatment_rankings (treatment_ranking_id, study, treatment_a, treatment_b)
VALUES ('berkeley-1973-A-vs-B', 'berkeley-1973', 'A', 'B') ON CONFLICT (treatment_ranking_id) DO UPDATE SET study = EXCLUDED.study, treatment_a = EXCLUDED.treatment_a, treatment_b = EXCLUDED.treatment_b;

INSERT INTO treatment_rankings (treatment_ranking_id, study, treatment_a, treatment_b)
VALUES ('compressed-synthetic-A-vs-B', 'compressed-synthetic', 'A', 'B') ON CONFLICT (treatment_ranking_id) DO UPDATE SET study = EXCLUDED.study, treatment_a = EXCLUDED.treatment_a, treatment_b = EXCLUDED.treatment_b;

-- ----------------------------------------------------------------------------
-- Methodology: Table: Methodology — the first-principles process used to build this domain model. Each row documents one methodological axiom or step. Together these rows let a reader (or an LLM) reconstruct why the model is shaped the way it is, and re-apply the same process to a new domain.
-- ----------------------------------------------------------------------------
INSERT INTO methodology (methodology_id, phase, title, statement, why_it_matters, illustrated_by_loop)
VALUES ('method-01-cmcc', 'axiom', 'CMCC: any sufficiently crisp conceptual world decomposes into a DAG of S/D/L/A/F primitives', 'The Conceptual Model Conjecture (CMCC) holds that every domain can be decomposed into Schema, Data, Lookups, Aggregations, and Functions arranged as a directed acyclic graph. Each node is locally simple; complexity emerges from composition, not from any single node. This is the working assumption for the entire model, not a hypothesis to relitigate each turn.', 'If CMCC holds, the paradox can be derived rather than modeled. The model does not need a ''ReversalDetection'' entity — it just needs the right leaf data and the right DAG edges. The paradox falls out as a consequence.', 'loop-01') ON CONFLICT (methodology_id) DO UPDATE SET phase = EXCLUDED.phase, title = EXCLUDED.title, statement = EXCLUDED.statement, why_it_matters = EXCLUDED.why_it_matters, illustrated_by_loop = EXCLUDED.illustrated_by_loop;

INSERT INTO methodology (methodology_id, phase, title, statement, why_it_matters, illustrated_by_loop)
VALUES ('method-02-dag-first', 'decomposition', 'Model the domain entities first; derived facts emerge from the DAG', 'Start with the empirical leaf data: Cases and Successes in each (Study, Stratum, Treatment) cell. Never model the phenomenon of interest (the paradox) directly. The paradox is a derived fact — it emerges when you ask the right questions of a correctly-shaped DAG.', 'Modeling the paradox directly (e.g. a ''ReversalDetection'' table) would conflate the phenomenon with the domain. The domain is Studies, Treatments, Strata, and CaseCells. The paradox is a read on that domain.', 'loop-01, loop-04') ON CONFLICT (methodology_id) DO UPDATE SET phase = EXCLUDED.phase, title = EXCLUDED.title, statement = EXCLUDED.statement, why_it_matters = EXCLUDED.why_it_matters, illustrated_by_loop = EXCLUDED.illustrated_by_loop;

INSERT INTO methodology (methodology_id, phase, title, statement, why_it_matters, illustrated_by_loop)
VALUES ('method-03-leopold-loops', 'decomposition', 'Build the model incrementally via Leopold Loops — one new concept per loop', 'Each loop introduces exactly one new first-class concept and asks the natural-language question that concept answers. The loop ends when the new derived fact is witnessed in the database. Loop N''s NextSuggestion seeds Loop N+1.', 'Introducing multiple concepts per loop makes it hard to witness whether each concept earns its place. One concept per loop forces the question: ''what new thing can I now ask that I couldn''t before?''', 'loop-01, loop-02, loop-03, loop-04, loop-05') ON CONFLICT (methodology_id) DO UPDATE SET phase = EXCLUDED.phase, title = EXCLUDED.title, statement = EXCLUDED.statement, why_it_matters = EXCLUDED.why_it_matters, illustrated_by_loop = EXCLUDED.illustrated_by_loop;

INSERT INTO methodology (methodology_id, phase, title, statement, why_it_matters, illustrated_by_loop)
VALUES ('method-04-witness-not-claim', 'derivation', 'Every derived fact must be witnessed from the database, not claimed from the rulebook', 'A field is not ''done'' when it is added to the rulebook. It is done when a Postgres query returns the expected value for the seeded data. MockDataNote in each Loop row states what value is expected and from which study. If the DB returns a different value, the formula or the seed data is wrong.', 'Without witnessing, silent fallbacks and mistranslations accumulate invisibly. The rulebook says CellSuccessRate = Successes/Cases; the DB must actually return 0.931 for kidney small-A.', 'loop-01, loop-06, loop-12, loop-17') ON CONFLICT (methodology_id) DO UPDATE SET phase = EXCLUDED.phase, title = EXCLUDED.title, statement = EXCLUDED.statement, why_it_matters = EXCLUDED.why_it_matters, illustrated_by_loop = EXCLUDED.illustrated_by_loop;

INSERT INTO methodology (methodology_id, phase, title, statement, why_it_matters, illustrated_by_loop)
VALUES ('method-05-synthetic-controls', 'validation', 'Introduce synthetic control studies to test structural impossibility', 'For every interesting derived boolean (IsReversal, IsSignFlip), add at least one synthetic study where the boolean MUST be false by construction. Witnessing the false case in the DB proves the derivation is not vacuously true.', 'Without a structural-impossibility witness, a bug in the formula that always returns TRUE would pass all the positive tests. The balanced-synthetic and kidney-balanced studies exist solely to witness IsReversal=FALSE and AllocationDistortion=0.', 'loop-07, loop-14') ON CONFLICT (methodology_id) DO UPDATE SET phase = EXCLUDED.phase, title = EXCLUDED.title, statement = EXCLUDED.statement, why_it_matters = EXCLUDED.why_it_matters, illustrated_by_loop = EXCLUDED.illustrated_by_loop;

INSERT INTO methodology (methodology_id, phase, title, statement, why_it_matters, illustrated_by_loop)
VALUES ('method-06-real-data-hydration', 'hydration', 'Real data enters through 05b-customize-data.sql, not the rulebook JSON', 'The rulebook JSON defines the schema. Real published study counts (Successes, Cases per cell) enter via idempotent ON CONFLICT upserts in 05b-customize-data.sql. Provenance is recorded in data/raw/<study-id>/provenance.md. The view chain computes every derived field from there — no schema changes are needed to add a new study.', 'Putting raw counts in the rulebook JSON conflates schema (durable) with instance data (swappable). The hydration contract allows the instrument to be applied to new datasets without touching the SSoT.', 'loop-20, loop-20b') ON CONFLICT (methodology_id) DO UPDATE SET phase = EXCLUDED.phase, title = EXCLUDED.title, statement = EXCLUDED.statement, why_it_matters = EXCLUDED.why_it_matters, illustrated_by_loop = EXCLUDED.illustrated_by_loop;

INSERT INTO methodology (methodology_id, phase, title, statement, why_it_matters, illustrated_by_loop)
VALUES ('method-07-continuous-geometry', 'taxonomy', 'Replace binary reversal criterion with continuous geometry: IsSignFlip + AllocationDistortion', 'The original IsReversal (unanimous per-stratum winner disagrees with pooled winner) is a binary that excludes partial reversals. The sign-flip definition (WeightedStratumGapSum and SignedPooledGap have opposite signs) captures the full continuum. AllocationDistortion = |WSGSUM − SignedPooledGap| is the scalar severity regardless of direction.', 'Berkeley 1973 fails the unanimity criterion (dept-C gives male a marginal win) but IS a Simpson-type paradox under the continuous definition. Excluding Berkeley from the analysis would be a category error.', 'loop-17, loop-18') ON CONFLICT (methodology_id) DO UPDATE SET phase = EXCLUDED.phase, title = EXCLUDED.title, statement = EXCLUDED.statement, why_it_matters = EXCLUDED.why_it_matters, illustrated_by_loop = EXCLUDED.illustrated_by_loop;

INSERT INTO methodology (methodology_id, phase, title, statement, why_it_matters, illustrated_by_loop)
VALUES ('method-08-four-type-taxonomy', 'taxonomy', 'Classify studies into four types (A/B/C/D) by distortion geometry, independent of causal label', 'Type A = IsSignFlip AND ReversalIntensity=1.0 (full unanimous reversal). Type B = IsSignFlip AND ReversalIntensity<1.0 (partial sign-flip). Type C = NOT IsSignFlip AND AllocationDistortion>threshold (compression without flip). Type D = AllocationDistortion≈0 (neutral). The geometry is computed from allocation and rates alone — no causal story is required.', 'The taxonomy makes PolicyImplication derivable. A researcher reading DistortionType=A knows to stratify immediately without needing to know what caused the allocation imbalance.', 'loop-19, loop-21') ON CONFLICT (methodology_id) DO UPDATE SET phase = EXCLUDED.phase, title = EXCLUDED.title, statement = EXCLUDED.statement, why_it_matters = EXCLUDED.why_it_matters, illustrated_by_loop = EXCLUDED.illustrated_by_loop;

INSERT INTO methodology (methodology_id, phase, title, statement, why_it_matters, illustrated_by_loop)
VALUES ('method-09-model-self-portrait', 'conclusion', 'The model witnesses its own epistemic coverage via ModelSummary', 'ModelSummary is a single-row table that aggregates ReversalCount, ExplainedCount, TypeACount, TypeBCount, TypeCCount, TypeDCount, and AvgAllocationDistortion across all studies. It is the model''s self-portrait — a derived fact about the model''s own completeness.', 'Without ModelSummary, you can query any individual study but cannot ask ''how many studies does this instrument explain?'' The self-portrait is the epistemic coverage claim.', 'loop-10') ON CONFLICT (methodology_id) DO UPDATE SET phase = EXCLUDED.phase, title = EXCLUDED.title, statement = EXCLUDED.statement, why_it_matters = EXCLUDED.why_it_matters, illustrated_by_loop = EXCLUDED.illustrated_by_loop;

INSERT INTO methodology (methodology_id, phase, title, statement, why_it_matters, illustrated_by_loop)
VALUES ('method-10-policy-from-geometry', 'conclusion', 'Policy implication is derived from geometry, not asserted from domain knowledge', 'PolicyImplication is a calculated field derived from DistortionType. No domain-specific knowledge about medicine, law, or education is encoded. The instrument tells a researcher what to do next with the pooled conclusion (stratify, investigate, check bias, or trust) purely from the allocation geometry.', 'Domain-neutral policy derivation means the instrument generalizes across clinical, judicial, educational, and other settings without re-tuning. The same formula works for kidney stones, Berkeley admissions, and antibiotic prophylaxis.', 'loop-21, loop-26') ON CONFLICT (methodology_id) DO UPDATE SET phase = EXCLUDED.phase, title = EXCLUDED.title, statement = EXCLUDED.statement, why_it_matters = EXCLUDED.why_it_matters, illustrated_by_loop = EXCLUDED.illustrated_by_loop;

-- ----------------------------------------------------------------------------
-- Conclusions: Table: Conclusions — the substantive epistemic findings that this model has produced or is designed to produce. Each row is one conclusion: a claim about the domain, about the instrument, or about the methodology that is either already witnessed or is the target of a planned loop.
-- ----------------------------------------------------------------------------
INSERT INTO conclusions (conclusion_id, category, status, title, evidence, witnessed_in_loop, target_loop)
VALUES ('conc-01-paradox-is-derived', 'domain', 'witnessed', 'Simpson''s Paradox is a derived fact from the DAG, not a modeled entity', 'IsReversal (and later IsSignFlip) falls out as a calculated field on TreatmentRankings, derived from aggregated CaseCell counts. No ''ReversalDetection'' entity was ever needed.', 'loop-04', NULL) ON CONFLICT (conclusion_id) DO UPDATE SET category = EXCLUDED.category, status = EXCLUDED.status, title = EXCLUDED.title, evidence = EXCLUDED.evidence, witnessed_in_loop = EXCLUDED.witnessed_in_loop, target_loop = EXCLUDED.target_loop;

INSERT INTO conclusions (conclusion_id, category, status, title, evidence, witnessed_in_loop, target_loop)
VALUES ('conc-02-reversal-from-allocation', 'domain', 'witnessed', 'The reversal in kidney-1986 is entirely an allocation artifact — same rates with balanced allocation produce no reversal', 'kidney-balanced uses identical stratum success rates to kidney-1986 but with equal allocation (175 cases per cell). IsReversal=FALSE, AllocationDistortion=0. The paradox is algebraically isolated as a property of allocation, not of treatment efficacy.', 'loop-14', NULL) ON CONFLICT (conclusion_id) DO UPDATE SET category = EXCLUDED.category, status = EXCLUDED.status, title = EXCLUDED.title, evidence = EXCLUDED.evidence, witnessed_in_loop = EXCLUDED.witnessed_in_loop, target_loop = EXCLUDED.target_loop;

INSERT INTO conclusions (conclusion_id, category, status, title, evidence, witnessed_in_loop, target_loop)
VALUES ('conc-03-binary-excludes-partial', 'instrument', 'witnessed', 'The unanimity criterion (IsReversal) incorrectly excludes Berkeley 1973 despite its being a Simpson-type paradox', 'Berkeley: WSGSUM=−0.0642, SignedPooledGap=+0.1292, IsSignFlip=TRUE, AllocationDistortion=0.1934 — greater distortion than kidney-1986. But IsReversal=FALSE because dept-C marginally favors male. The unanimity criterion is a strict subtype, not the primary definition.', 'loop-17', NULL) ON CONFLICT (conclusion_id) DO UPDATE SET category = EXCLUDED.category, status = EXCLUDED.status, title = EXCLUDED.title, evidence = EXCLUDED.evidence, witnessed_in_loop = EXCLUDED.witnessed_in_loop, target_loop = EXCLUDED.target_loop;

INSERT INTO conclusions (conclusion_id, category, status, title, evidence, witnessed_in_loop, target_loop)
VALUES ('conc-04-type-c-exists', 'instrument', 'witnessed', 'Allocation can compress the pooled signal without flipping it (type-C): a class invisible to IsReversal and IsSignFlip but visible to AllocationDistortion', 'compressed-synthetic: A wins every stratum and wins pooled, but the pooled margin is 6pp rather than the equal-weight 10pp. AllocationDistortion=0.0400, IsSignFlip=FALSE. The pooled winner is correct; the effect size is wrong by 4pp.', 'loop-19', NULL) ON CONFLICT (conclusion_id) DO UPDATE SET category = EXCLUDED.category, status = EXCLUDED.status, title = EXCLUDED.title, evidence = EXCLUDED.evidence, witnessed_in_loop = EXCLUDED.witnessed_in_loop, target_loop = EXCLUDED.target_loop;

INSERT INTO conclusions (conclusion_id, category, status, title, evidence, witnessed_in_loop, target_loop)
VALUES ('conc-05-real-data-generalizes', 'instrument', 'witnessed', 'Two real published studies (reintjes-2000, radelet-1981) hydrate as type-A full reversals without schema changes', 'Both studies entered via 05b-customize-data.sql. Witnessed: reintjes AllocationDistortion=0.0516, DistortionType=A; radelet AllocationDistortion=0.0684, DistortionType=A. No DAG or schema change was needed — the hydration contract generalizes.', 'loop-20b', NULL) ON CONFLICT (conclusion_id) DO UPDATE SET category = EXCLUDED.category, status = EXCLUDED.status, title = EXCLUDED.title, evidence = EXCLUDED.evidence, witnessed_in_loop = EXCLUDED.witnessed_in_loop, target_loop = EXCLUDED.target_loop;

INSERT INTO conclusions (conclusion_id, category, status, title, evidence, witnessed_in_loop, target_loop)
VALUES ('conc-06-policy-derivable', 'instrument', 'witnessed', 'PolicyImplication is domain-neutral: the same formula produces researcher actions across medicine, law, and education', 'All five current studies (kidney-1986, berkeley-1973, compressed-synthetic, kidney-balanced, balanced-synthetic) plus two real studies produce unambiguous PolicyImplication values from DistortionType alone. No domain-specific knowledge is encoded in the formula.', 'loop-21', NULL) ON CONFLICT (conclusion_id) DO UPDATE SET category = EXCLUDED.category, status = EXCLUDED.status, title = EXCLUDED.title, evidence = EXCLUDED.evidence, witnessed_in_loop = EXCLUDED.witnessed_in_loop, target_loop = EXCLUDED.target_loop;

INSERT INTO conclusions (conclusion_id, category, status, title, evidence, witnessed_in_loop, target_loop)
VALUES ('conc-07-model-self-portrait', 'instrument', 'witnessed', 'ModelSummary witnesses the instrument''s own epistemic coverage as a first-class derived fact', 'ModelSummary aggregates ReversalCount, ExplainedCount, TypeA/B/C/D counts, and AvgAllocationDistortion across all studies. The model describes its own completeness in a single row.', 'loop-10', NULL) ON CONFLICT (conclusion_id) DO UPDATE SET category = EXCLUDED.category, status = EXCLUDED.status, title = EXCLUDED.title, evidence = EXCLUDED.evidence, witnessed_in_loop = EXCLUDED.witnessed_in_loop, target_loop = EXCLUDED.target_loop;

INSERT INTO conclusions (conclusion_id, category, status, title, evidence, witnessed_in_loop, target_loop)
VALUES ('conc-08-type-c-real', 'open-question', 'planned', 'Does the published literature contain real type-C studies (compression without sign flip)?', 'compressed-synthetic demonstrates the algebra. The open question is whether real studies produce this pattern — a correct pooled winner but materially compressed effect size.', NULL, 'loop-25') ON CONFLICT (conclusion_id) DO UPDATE SET category = EXCLUDED.category, status = EXCLUDED.status, title = EXCLUDED.title, evidence = EXCLUDED.evidence, witnessed_in_loop = EXCLUDED.witnessed_in_loop, target_loop = EXCLUDED.target_loop;

INSERT INTO conclusions (conclusion_id, category, status, title, evidence, witnessed_in_loop, target_loop)
VALUES ('conc-09-causal-vs-geometric', 'open-question', 'planned', 'Does AllocationDistortion measure causal confounding, or purely arithmetic distortion?', 'Berkeley has the highest AllocationDistortion (0.1934) but CausalRole=contested (mediator vs confounder). The open question is whether distortion geometry and causal structure are correlated, and if so, how strongly.', NULL, 'loop-23') ON CONFLICT (conclusion_id) DO UPDATE SET category = EXCLUDED.category, status = EXCLUDED.status, title = EXCLUDED.title, evidence = EXCLUDED.evidence, witnessed_in_loop = EXCLUDED.witnessed_in_loop, target_loop = EXCLUDED.target_loop;

INSERT INTO conclusions (conclusion_id, category, status, title, evidence, witnessed_in_loop, target_loop)
VALUES ('conc-10-instrument-specifiable', 'methodology', 'planned', 'The full instrument can be specified precisely enough for any researcher to apply it to a new study', 'InstrumentSpec table (loop-30) will enumerate every required input, derived coordinate, classification rule, adapter contract, and screening formula. Machine-verifiable against current seed + real datasets.', NULL, 'loop-30') ON CONFLICT (conclusion_id) DO UPDATE SET category = EXCLUDED.category, status = EXCLUDED.status, title = EXCLUDED.title, evidence = EXCLUDED.evidence, witnessed_in_loop = EXCLUDED.witnessed_in_loop, target_loop = EXCLUDED.target_loop;

-- ----------------------------------------------------------------------------
-- UIScreens: Table: UIScreens — the canonical screens that comprise the Simpson's Paradox Explorer UI. Each row defines one screen: its purpose, its primary data source (which rulebook view it reads), and the user action it supports. A developer can reconstruct the full UI from this table without any prior knowledge of the application.
-- ----------------------------------------------------------------------------
INSERT INTO ui_screens (screen_id, title, route, primary_entity, purpose, key_fields, user_action)
VALUES ('screen-01-study-list', 'Study List', '/', 'Studies', 'Show all studies with their DistortionType badge and AllocationDistortion magnitude so a user can immediately see which studies exhibit the paradox and how severely.', 'Title, DistortionType (from TreatmentRankings), AllocationDistortion, PolicyImplication, IsSignFlip, TotalCases', 'Click a study row to navigate to the Study Detail screen.') ON CONFLICT (screen_id) DO UPDATE SET title = EXCLUDED.title, route = EXCLUDED.route, primary_entity = EXCLUDED.primary_entity, purpose = EXCLUDED.purpose, key_fields = EXCLUDED.key_fields, user_action = EXCLUDED.user_action;

INSERT INTO ui_screens (screen_id, title, route, primary_entity, purpose, key_fields, user_action)
VALUES ('screen-02-study-detail', 'Study Detail', '/study/:studyId', 'TreatmentRankings', 'Show one study''s complete geometry: pooled rates, per-stratum rates, allocation fractions, AllocationDistortion, DistortionType, and PolicyImplication — the full causal picture for this study.', 'PooledRateA, PooledRateB, PooledWinner, PerStratumWinner, IsReversal, IsSignFlip, WeightedStratumGapSum, SignedPooledGap, AllocationDistortion, DistortionType, PolicyImplication, ConfoundersInStudy, IsParadoxExplained', 'Expand strata panel to see per-stratum breakdown; navigate to Strata Detail.') ON CONFLICT (screen_id) DO UPDATE SET title = EXCLUDED.title, route = EXCLUDED.route, primary_entity = EXCLUDED.primary_entity, purpose = EXCLUDED.purpose, key_fields = EXCLUDED.key_fields, user_action = EXCLUDED.user_action;

INSERT INTO ui_screens (screen_id, title, route, primary_entity, purpose, key_fields, user_action)
VALUES ('screen-03-strata-detail', 'Strata Detail', '/study/:studyId/strata', 'StratumSummaries', 'Show every (stratum, treatment) cell for a study: StratumSuccessRate, AllocationBias, StratumGap, WeightedStratumGap — the leaf-level evidence for why the pooled conclusion is or isn''t misleading.', 'StratumLabel, TreatmentLabel, StratumSuccessRate, StratumRateA, StratumRateB, StratumWinner, AllocationBias, AllocationFractionA, AllocationFractionB, StratumGap, WeightedStratumGap, StratumFraction', 'Hover a cell for the raw Successes/Cases count from CaseCells.') ON CONFLICT (screen_id) DO UPDATE SET title = EXCLUDED.title, route = EXCLUDED.route, primary_entity = EXCLUDED.primary_entity, purpose = EXCLUDED.purpose, key_fields = EXCLUDED.key_fields, user_action = EXCLUDED.user_action;

INSERT INTO ui_screens (screen_id, title, route, primary_entity, purpose, key_fields, user_action)
VALUES ('screen-04-confounder-panel', 'Confounder Panel', '/study/:studyId/confounder', 'StratumVariables', 'Show the stratifying variable''s causal role for a study: VariableName, CausalRole, AffectsTreatmentAssignment, AffectsOutcome, IsConfounder, MechanismNote.', 'VariableName, CausalRole, AffectsTreatmentAssignment, AffectsOutcome, IsConfounder, MechanismNote', 'Read the mechanism note; understand why IsParadoxExplained is TRUE or FALSE for this study.') ON CONFLICT (screen_id) DO UPDATE SET title = EXCLUDED.title, route = EXCLUDED.route, primary_entity = EXCLUDED.primary_entity, purpose = EXCLUDED.purpose, key_fields = EXCLUDED.key_fields, user_action = EXCLUDED.user_action;

INSERT INTO ui_screens (screen_id, title, route, primary_entity, purpose, key_fields, user_action)
VALUES ('screen-05-distortion-plane', 'Distortion Plane', '/plane', 'TreatmentRankings', 'Plot all studies on a 2D plane: AllocationDistortion (x-axis) × ReversalIntensity (y-axis), colored by DistortionType. Shows the geometric taxonomy at a glance and reveals how the four types partition the plane.', 'Title (from Studies), AllocationDistortion, ReversalIntensity, IsSignFlip, DistortionType, PolicyImplication, ParadoxStrength', 'Click a data point to navigate to that study''s Study Detail screen.') ON CONFLICT (screen_id) DO UPDATE SET title = EXCLUDED.title, route = EXCLUDED.route, primary_entity = EXCLUDED.primary_entity, purpose = EXCLUDED.purpose, key_fields = EXCLUDED.key_fields, user_action = EXCLUDED.user_action;

INSERT INTO ui_screens (screen_id, title, route, primary_entity, purpose, key_fields, user_action)
VALUES ('screen-06-model-summary', 'Model Summary', '/summary', 'ModelSummary', 'Show the instrument''s self-portrait: how many studies, how many of each DistortionType, average AllocationDistortion, total paradox strength — the epistemic coverage of the full model instance.', 'StudyCount, ReversalCount, ExplainedCount, TypeACount, TypeBCount, TypeCCount, TypeDCount, AvgAllocationDistortion, TotalParadoxStrength', 'Navigate to Study List or Distortion Plane from this summary.') ON CONFLICT (screen_id) DO UPDATE SET title = EXCLUDED.title, route = EXCLUDED.route, primary_entity = EXCLUDED.primary_entity, purpose = EXCLUDED.purpose, key_fields = EXCLUDED.key_fields, user_action = EXCLUDED.user_action;

INSERT INTO ui_screens (screen_id, title, route, primary_entity, purpose, key_fields, user_action)
VALUES ('screen-07-loop-history', 'Loop History', '/loops', 'Loops', 'Show the full build history: all 31 loops with their status, new concept, domain question, and mock data note. Lets a developer understand why the model is shaped the way it is — the DAG is the story.', 'LoopId, Title, Status, NewConcept, DomainQuestion, MockDataNote, NextSuggestion', 'Filter by Status (complete/planned); click a loop to expand its full detail.') ON CONFLICT (screen_id) DO UPDATE SET title = EXCLUDED.title, route = EXCLUDED.route, primary_entity = EXCLUDED.primary_entity, purpose = EXCLUDED.purpose, key_fields = EXCLUDED.key_fields, user_action = EXCLUDED.user_action;

INSERT INTO ui_screens (screen_id, title, route, primary_entity, purpose, key_fields, user_action)
VALUES ('screen-08-methodology', 'Methodology', '/methodology', 'Methodology', 'Show the ten first-principles methodological axioms that shaped this model — from CMCC as the floor, through DAG-first decomposition, to the four-type taxonomy. Enables a developer to apply the same process to a new domain.', 'Phase, Title, Statement, WhyItMatters, IllustratedByLoop', 'Click IllustratedByLoop to jump to that loop in the Loop History screen.') ON CONFLICT (screen_id) DO UPDATE SET title = EXCLUDED.title, route = EXCLUDED.route, primary_entity = EXCLUDED.primary_entity, purpose = EXCLUDED.purpose, key_fields = EXCLUDED.key_fields, user_action = EXCLUDED.user_action;

INSERT INTO ui_screens (screen_id, title, route, primary_entity, purpose, key_fields, user_action)
VALUES ('screen-09-conclusions', 'Conclusions', '/conclusions', 'Conclusions', 'Show all witnessed and planned conclusions, grouped by category (domain / instrument / methodology / open-question). The read-out of what this model has actually established.', 'Category, Status, Title, Evidence, WitnessedInLoop, TargetLoop', 'Filter by Status (witnessed/planned/open); click WitnessedInLoop to navigate to Loop History.') ON CONFLICT (screen_id) DO UPDATE SET title = EXCLUDED.title, route = EXCLUDED.route, primary_entity = EXCLUDED.primary_entity, purpose = EXCLUDED.purpose, key_fields = EXCLUDED.key_fields, user_action = EXCLUDED.user_action;

-- ----------------------------------------------------------------------------
-- UIComponents: Table: UIComponents — the reusable visual building blocks used across UIScreens. Each row defines one component: what it renders, which entity it reads, and what props it requires. A developer can implement the full UI by composing these components onto the screens defined in UIScreens.
-- ----------------------------------------------------------------------------
INSERT INTO ui_components (component_id, component_name, used_on_screens, primary_entity, description, required_fields, visual_spec)
VALUES ('comp-01-distortion-badge', 'DistortionBadge', 'screen-01-study-list, screen-02-study-detail, screen-05-distortion-plane', 'TreatmentRankings', 'A colored pill/chip that shows DistortionType (A/B/C/D) and PolicyImplication for one study. Color-coded: A=red (stratify-immediately), B=orange (investigate-confounder), C=yellow (check-allocation-bias), D=green (pooled-analysis-trustworthy).', 'DistortionType, PolicyImplication', 'Pill shape, 2–3 chars for the type letter, tooltip on hover showing PolicyImplication text. Consistent color across all screens.') ON CONFLICT (component_id) DO UPDATE SET component_name = EXCLUDED.component_name, used_on_screens = EXCLUDED.used_on_screens, primary_entity = EXCLUDED.primary_entity, description = EXCLUDED.description, required_fields = EXCLUDED.required_fields, visual_spec = EXCLUDED.visual_spec;

INSERT INTO ui_components (component_id, component_name, used_on_screens, primary_entity, description, required_fields, visual_spec)
VALUES ('comp-02-rate-comparison-bar', 'RateComparisonBar', 'screen-02-study-detail, screen-03-strata-detail', 'TreatmentRankings', 'A side-by-side horizontal bar chart comparing PooledRateA vs PooledRateB (or StratumRateA vs StratumRateB for strata). The bar for the loser under equal-weight allocation is visually distinguished from the bar for the pooled loser.', 'PooledRateA, PooledRateB, PooledWinner, WeightedStratumGapSum, SignedPooledGap, IsSignFlip', 'Two horizontal bars, labeled A and B. Arrow or bracket showing the gap. IsSignFlip=TRUE triggers a ''reversal'' annotation. Width proportional to rate (0–1 scale).') ON CONFLICT (component_id) DO UPDATE SET component_name = EXCLUDED.component_name, used_on_screens = EXCLUDED.used_on_screens, primary_entity = EXCLUDED.primary_entity, description = EXCLUDED.description, required_fields = EXCLUDED.required_fields, visual_spec = EXCLUDED.visual_spec;

INSERT INTO ui_components (component_id, component_name, used_on_screens, primary_entity, description, required_fields, visual_spec)
VALUES ('comp-03-allocation-heatmap', 'AllocationHeatmap', 'screen-03-strata-detail', 'StratumSummaries', 'A grid of (Stratum × Treatment) cells where cell color encodes AllocationBias magnitude and sign. Positive bias (A over-allocated here) in one color; negative (B over-allocated) in another. Cell text shows AllocationFractionA and AllocationFractionB.', 'StratumLabel, TreatmentLabel, AllocationBias, AllocationFractionA, AllocationFractionB, StratumSuccessRate', 'Matrix layout: rows=strata, cols=treatments. Diverging color scale centered at 0. Tooltip shows raw Cases and Successes from CaseCells.') ON CONFLICT (component_id) DO UPDATE SET component_name = EXCLUDED.component_name, used_on_screens = EXCLUDED.used_on_screens, primary_entity = EXCLUDED.primary_entity, description = EXCLUDED.description, required_fields = EXCLUDED.required_fields, visual_spec = EXCLUDED.visual_spec;

INSERT INTO ui_components (component_id, component_name, used_on_screens, primary_entity, description, required_fields, visual_spec)
VALUES ('comp-04-distortion-plane-scatter', 'DistortionPlaneScatter', 'screen-05-distortion-plane', 'TreatmentRankings', 'A 2D scatter plot with AllocationDistortion on the x-axis and ReversalIntensity on the y-axis. Each point is one study, colored by DistortionType. Quadrant lines at AllocationDistortion=0.01 (threshold) and ReversalIntensity=1.0 (unanimity) divide the plane into the four types.', 'AllocationDistortion, ReversalIntensity, DistortionType, PolicyImplication, IsSignFlip', 'SVG or canvas scatter. Labeled quadrant regions. Clickable points. Legend showing type → color → policy action.') ON CONFLICT (component_id) DO UPDATE SET component_name = EXCLUDED.component_name, used_on_screens = EXCLUDED.used_on_screens, primary_entity = EXCLUDED.primary_entity, description = EXCLUDED.description, required_fields = EXCLUDED.required_fields, visual_spec = EXCLUDED.visual_spec;

INSERT INTO ui_components (component_id, component_name, used_on_screens, primary_entity, description, required_fields, visual_spec)
VALUES ('comp-05-stratum-gap-waterfall', 'StratumGapWaterfall', 'screen-03-strata-detail', 'StratumSummaries', 'A waterfall chart showing how each stratum''s WeightedStratumGap contributes to WeightedStratumGapSum, then how the allocation re-weights them to produce SignedPooledGap. The visual makes the mechanism equation explicit: pooled = Σ(weight × rate).', 'StratumLabel, StratumGap, StratumFraction, WeightedStratumGap, WeightedStratumGapSum, SignedPooledGap', 'Waterfall/stacked bar: each stratum''s WeightedStratumGap as a segment; running sum shown; final total vs actual SignedPooledGap shown side-by-side. IsSignFlip highlights the sign difference.') ON CONFLICT (component_id) DO UPDATE SET component_name = EXCLUDED.component_name, used_on_screens = EXCLUDED.used_on_screens, primary_entity = EXCLUDED.primary_entity, description = EXCLUDED.description, required_fields = EXCLUDED.required_fields, visual_spec = EXCLUDED.visual_spec;

INSERT INTO ui_components (component_id, component_name, used_on_screens, primary_entity, description, required_fields, visual_spec)
VALUES ('comp-06-model-summary-scorecard', 'ModelSummaryScorecard', 'screen-06-model-summary', 'ModelSummary', 'A summary scorecard showing all ModelSummary fields as labeled metric tiles: StudyCount, ReversalCount, ExplainedCount, TypeA/B/C/D counts, AvgAllocationDistortion, TotalParadoxStrength.', 'StudyCount, ReversalCount, ExplainedCount, ZeroStrengthCount, TotalParadoxStrength, AvgParadoxStrength', 'Grid of metric tiles. Each tile: large number, small label. Color: ReversalCount in orange/red; ExplainedCount in green; TypeD in grey. Single row layout on desktop, 2-column on mobile.') ON CONFLICT (component_id) DO UPDATE SET component_name = EXCLUDED.component_name, used_on_screens = EXCLUDED.used_on_screens, primary_entity = EXCLUDED.primary_entity, description = EXCLUDED.description, required_fields = EXCLUDED.required_fields, visual_spec = EXCLUDED.visual_spec;

INSERT INTO ui_components (component_id, component_name, used_on_screens, primary_entity, description, required_fields, visual_spec)
VALUES ('comp-07-confounder-card', 'ConfounderCard', 'screen-04-confounder-panel', 'StratumVariables', 'A card showing one StratumVariable row: VariableName, CausalRole badge, AffectsTreatmentAssignment checkbox, AffectsOutcome checkbox, IsConfounder result, and MechanismNote prose block.', 'VariableName, CausalRole, AffectsTreatmentAssignment, AffectsOutcome, IsConfounder, MechanismNote', 'Card with header=VariableName, CausalRole as a badge (confounder=red, mediator=orange, contested=yellow, unknown=grey), two boolean indicators, and MechanismNote as body text.') ON CONFLICT (component_id) DO UPDATE SET component_name = EXCLUDED.component_name, used_on_screens = EXCLUDED.used_on_screens, primary_entity = EXCLUDED.primary_entity, description = EXCLUDED.description, required_fields = EXCLUDED.required_fields, visual_spec = EXCLUDED.visual_spec;

INSERT INTO ui_components (component_id, component_name, used_on_screens, primary_entity, description, required_fields, visual_spec)
VALUES ('comp-08-loop-timeline', 'LoopTimeline', 'screen-07-loop-history', 'Loops', 'A vertical timeline of all Loops rows, grouped by Status. Each entry shows LoopId, Title, Status indicator, NewConcept chip, and an expandable section with DomainQuestion, MockDataNote, and NextSuggestion.', 'LoopId, Title, Status, NewConcept, DomainQuestion, MockDataNote, NextSuggestion', 'Vertical list. Status=complete: solid circle; in-progress: half-filled; planned: open circle. Expandable accordion per entry. Color: complete=green, in-progress=blue, planned=grey.') ON CONFLICT (component_id) DO UPDATE SET component_name = EXCLUDED.component_name, used_on_screens = EXCLUDED.used_on_screens, primary_entity = EXCLUDED.primary_entity, description = EXCLUDED.description, required_fields = EXCLUDED.required_fields, visual_spec = EXCLUDED.visual_spec;

INSERT INTO ui_components (component_id, component_name, used_on_screens, primary_entity, description, required_fields, visual_spec)
VALUES ('comp-09-policy-action-banner', 'PolicyActionBanner', 'screen-02-study-detail', 'TreatmentRankings', 'A prominent banner at the top of the Study Detail screen showing PolicyImplication as a clear action statement, color-coded by DistortionType. Includes a one-sentence explanation of why this action follows from the geometry.', 'PolicyImplication, DistortionType, AllocationDistortion, IsSignFlip', 'Full-width colored banner. Large icon (e.g. warning triangle for A, magnifying glass for B, scale for C, checkmark for D). Bold action text. Secondary line explaining the geometric basis.') ON CONFLICT (component_id) DO UPDATE SET component_name = EXCLUDED.component_name, used_on_screens = EXCLUDED.used_on_screens, primary_entity = EXCLUDED.primary_entity, description = EXCLUDED.description, required_fields = EXCLUDED.required_fields, visual_spec = EXCLUDED.visual_spec;

INSERT INTO ui_components (component_id, component_name, used_on_screens, primary_entity, description, required_fields, visual_spec)
VALUES ('comp-10-conclusion-list', 'ConclusionList', 'screen-09-conclusions', 'Conclusions', 'A filterable list of Conclusions rows grouped by Category and Status. Each entry shows the Title, Status badge, Evidence summary, and a link to the WitnessedInLoop or TargetLoop.', 'Category, Status, Title, Evidence, WitnessedInLoop, TargetLoop', 'Grouped list with category headers. Status badge: witnessed=green, planned=blue, open=orange. Evidence shown as collapsed text (expand on click). Loop links navigate to LoopTimeline.') ON CONFLICT (component_id) DO UPDATE SET component_name = EXCLUDED.component_name, used_on_screens = EXCLUDED.used_on_screens, primary_entity = EXCLUDED.primary_entity, description = EXCLUDED.description, required_fields = EXCLUDED.required_fields, visual_spec = EXCLUDED.visual_spec;

