-- ============================================================================
-- INSERT DATA - Load data from rulebook
-- ============================================================================
-- Generated by rulebook-to-postgres tool
-- Mode: check-add    Stage: dev
-- PK strategy: string (FK values are rewritten to match each PK)
-- ============================================================================

-- ----------------------------------------------------------------------------
-- Loops: Table: Loops — the 10-loop build plan, carried as a first-class entity inside the model. Each row documents what new concept is introduced and why.
-- ----------------------------------------------------------------------------
INSERT INTO loops (loop_id, title, status, new_concept, domain_question, mock_data_note, next_suggestion)
VALUES ('loop-01', 'Core domain: Study, Treatment, Stratum, CaseCell → SuccessRate falls out', 'complete', 'Studies, Treatments, Strata, CaseCells', 'For each (stratum, treatment) cell in a study, what is the success rate?', 'Kidney stone study (Charig 1986): 2 strata (small/large), 2 treatments (A/B), 4 cells. CellSuccessRate is the first derived fact.', 'Ask: for each treatment, what is its pooled (across all strata) success rate? That requires TreatmentSummary — aggregating CaseCells by treatment, ignoring stratum.') ON CONFLICT (loop_id) DO UPDATE SET title = EXCLUDED.title, status = EXCLUDED.status, new_concept = EXCLUDED.new_concept, domain_question = EXCLUDED.domain_question, mock_data_note = EXCLUDED.mock_data_note, next_suggestion = EXCLUDED.next_suggestion;

INSERT INTO loops (loop_id, title, status, new_concept, domain_question, mock_data_note, next_suggestion)
VALUES ('loop-02', 'TreatmentSummary: pooled rate per treatment across all strata', 'complete', 'TreatmentSummaries', 'If you ignore stratum entirely, what is each treatment''s overall success rate?', 'Pooled: A=273/350=78%, B=289/350=83%. B looks better — this is the misleading aggregate view.', 'Ask: for each (stratum, treatment) pair, what is the success rate WITHIN that stratum? That requires StratumSummary — the view that contradicts the pooled view.') ON CONFLICT (loop_id) DO UPDATE SET title = EXCLUDED.title, status = EXCLUDED.status, new_concept = EXCLUDED.new_concept, domain_question = EXCLUDED.domain_question, mock_data_note = EXCLUDED.mock_data_note, next_suggestion = EXCLUDED.next_suggestion;

INSERT INTO loops (loop_id, title, status, new_concept, domain_question, mock_data_note, next_suggestion)
VALUES ('loop-03', 'StratumSummary: per-stratum rate per treatment — the true picture', 'complete', 'StratumSummaries', 'Within each stratum, which treatment has the higher success rate?', 'Small: A=93.1% > B=86.7%. Large: A=73.0% > B=68.8%. A wins in BOTH strata. Contradiction with pooled view is now visible.', 'Ask: for each treatment pair in a study, does the pooled winner match the per-stratum winner? That requires TreatmentRanking — the node where the paradox either exists or doesn''t.') ON CONFLICT (loop_id) DO UPDATE SET title = EXCLUDED.title, status = EXCLUDED.status, new_concept = EXCLUDED.new_concept, domain_question = EXCLUDED.domain_question, mock_data_note = EXCLUDED.mock_data_note, next_suggestion = EXCLUDED.next_suggestion;

INSERT INTO loops (loop_id, title, status, new_concept, domain_question, mock_data_note, next_suggestion)
VALUES ('loop-04', 'TreatmentRanking: does the pooled winner = the per-stratum winner?', 'complete', 'TreatmentRankings', 'When pooled and stratified conclusions disagree — which treatment should actually be preferred?', 'Pooled winner = B. Per-stratum winner = A in every stratum. Simpson''s Paradox: IsReversal = true. This is the paradox as a derived fact, not a modeled entity.', 'Ask: WHY does the paradox occur? The stratifying variable (stone size) affects both treatment assignment AND outcome. Name it as a StratumVariable with a CausalRole field.') ON CONFLICT (loop_id) DO UPDATE SET title = EXCLUDED.title, status = EXCLUDED.status, new_concept = EXCLUDED.new_concept, domain_question = EXCLUDED.domain_question, mock_data_note = EXCLUDED.mock_data_note, next_suggestion = EXCLUDED.next_suggestion;

INSERT INTO loops (loop_id, title, status, new_concept, domain_question, mock_data_note, next_suggestion)
VALUES ('loop-05', 'StratumVariable: name the confounding factor, its causal role, and derive IsConfounder + IsParadoxExplained', 'complete', 'StratumVariables (one per study); CausalRole field; IsConfounder boolean; IsParadoxExplained on TreatmentRankings', 'What IS the stratum variable, why does it confound, and does the model witness its own explanation?', 'kidney-1986: VariableName=stone_size, CausalRole=confounder, AffectsTreatmentAssignment=true, AffectsOutcome=true → IsConfounder=true → IsParadoxExplained=true on TreatmentRankings.', 'Ask: how large is the allocation imbalance? Derive TreatmentExposureFraction on CaseCells — the fraction of each treatment''s cases that land in each stratum. High imbalance = confounding mechanism as a witnessed number.') ON CONFLICT (loop_id) DO UPDATE SET title = EXCLUDED.title, status = EXCLUDED.status, new_concept = EXCLUDED.new_concept, domain_question = EXCLUDED.domain_question, mock_data_note = EXCLUDED.mock_data_note, next_suggestion = EXCLUDED.next_suggestion;

INSERT INTO loops (loop_id, title, status, new_concept, domain_question, mock_data_note, next_suggestion)
VALUES ('loop-06', 'TreatmentExposureFraction: the allocation imbalance as a witnessed number', 'complete', 'TreatmentExposureFraction field on CaseCells (Cases / TotalCasesForTreatment in this study)', 'What fraction of each treatment''s total cases fall in each stratum? High imbalance across strata is the mechanism of confounding.', 'A: 263/350=75% in large-stone stratum. B: 80/350=23% in large-stone stratum. The 52-point gap IS the mechanism — now a first-class derived number.', 'Add a degenerate study where treatment allocation is perfectly balanced across strata. IsReversal must be FALSE — not because the data says so, but because the algebra guarantees it. The model witnesses its own structural impossibility.') ON CONFLICT (loop_id) DO UPDATE SET title = EXCLUDED.title, status = EXCLUDED.status, new_concept = EXCLUDED.new_concept, domain_question = EXCLUDED.domain_question, mock_data_note = EXCLUDED.mock_data_note, next_suggestion = EXCLUDED.next_suggestion;

INSERT INTO loops (loop_id, title, status, new_concept, domain_question, mock_data_note, next_suggestion)
VALUES ('loop-07', 'Degenerate study: balanced allocation → IsReversal structurally impossible', 'complete', 'Second Studies row (balanced-synthetic); equal TreatmentExposureFraction across strata; IsReversal = FALSE by construction', 'If every stratum gets the same treatment-allocation fraction, can a reversal occur? The DAG should witness that it cannot.', 'Synthetic: A and B each assigned 50/50 to small/large strata. A=60% success both strata, B=50% both. Pooled: A=60%, B=50%. No reversal. IsParadoxExplained vacuously true (IsConfounder=false, no confounding, no reversal).', 'Add Berkeley 1973 — same DAG, contested domain. Aggregate: women admitted at lower rate. Per-department: women admitted at equal or higher rate in most. IsReversal=true. But IsConfounder is ambiguous — department choice may be downstream of gender (mediator, not confounder). The model witnesses its own explanatory limits.') ON CONFLICT (loop_id) DO UPDATE SET title = EXCLUDED.title, status = EXCLUDED.status, new_concept = EXCLUDED.new_concept, domain_question = EXCLUDED.domain_question, mock_data_note = EXCLUDED.mock_data_note, next_suggestion = EXCLUDED.next_suggestion;

INSERT INTO loops (loop_id, title, status, new_concept, domain_question, mock_data_note, next_suggestion)
VALUES ('loop-08', 'Berkeley 1973: contested confounder — model reveals a PARTIAL paradox, not a clean reversal', 'complete', 'Third Studies row (berkeley-1973); StratumVariable=department; CausalRole=contested; IsConfounder=false; IsParadoxExplained=false; PerStratumWinner=none (mixed, not unanimous)', 'Does Berkeley show a clean reversal? No — PerStratumWinner=''none'' because the per-stratum winner is mixed (female wins 3/4 depts, male wins 1). The model surfaces a structural limit of the reversal definition: partial paradoxes are real but don''t satisfy the strict IsReversal criterion.', 'Witnessed: male pooled 52.8% vs female 39.9% (large gap). Per dept: female wins A (82%>62%), B (68%>63%), D (35%>33%); male wins C (37%>34%). No unanimous per-stratum winner → IsReversal=FALSE by strict definition. The intuitive paradox is real; the formal paradox is partial.', 'Add ParadoxStrength (scalar severity) to capture partial reversals — pooled gap and average per-stratum gap regardless of unanimity. Then StudySummary for epistemic coverage across all 3 studies.') ON CONFLICT (loop_id) DO UPDATE SET title = EXCLUDED.title, status = EXCLUDED.status, new_concept = EXCLUDED.new_concept, domain_question = EXCLUDED.domain_question, mock_data_note = EXCLUDED.mock_data_note, next_suggestion = EXCLUDED.next_suggestion;

INSERT INTO loops (loop_id, title, status, new_concept, domain_question, mock_data_note, next_suggestion)
VALUES ('loop-09', 'ParadoxStrength: scalar severity derived from pooled gap and per-stratum gap', 'complete', 'ParadoxStrength on TreatmentRankings; PooledGap and AvgStratumGap on StratumSummaries', 'How large is the reversal? Can we rank studies by paradox severity, and does strength correlate with allocation imbalance?', 'Kidney: pooled gap ~4.6pp favoring B, avg stratum gap ~5pp favoring A. Berkeley: larger pooled gap, varies by department. Balanced: strength=0 (no reversal).', 'StudySummary: roll up ReversalCount, ExplainedCount, AvgParadoxStrength across all studies. The model now describes its own epistemic coverage in a single view.') ON CONFLICT (loop_id) DO UPDATE SET title = EXCLUDED.title, status = EXCLUDED.status, new_concept = EXCLUDED.new_concept, domain_question = EXCLUDED.domain_question, mock_data_note = EXCLUDED.mock_data_note, next_suggestion = EXCLUDED.next_suggestion;

INSERT INTO loops (loop_id, title, status, new_concept, domain_question, mock_data_note, next_suggestion)
VALUES ('loop-10', 'StudySummary: the model witnesses its own epistemic coverage', 'complete', 'StudySummary table (one row per model instance): StudyCount, ReversalCount, ExplainedCount, UnexplainedCount, ImpossibleCount, AvgParadoxStrength', 'Across all studies in this model, what is the epistemic state? How many reversals, how many explained, how many witnessed-but-unexplained?', '3 studies: ReversalCount=2 (kidney+berkeley), ExplainedCount=1 (kidney), UnexplainedCount=1 (berkeley), ImpossibleCount=1 (balanced). The model now holds a mirror to itself.', 'Ask: how heavy is each stratum? Add StratumFraction to StratumSummaries — the fraction of the study''s total cases that land in each stratum. The weight each stratum carries IS the lever the confounder pulls.') ON CONFLICT (loop_id) DO UPDATE SET title = EXCLUDED.title, status = EXCLUDED.status, new_concept = EXCLUDED.new_concept, domain_question = EXCLUDED.domain_question, mock_data_note = EXCLUDED.mock_data_note, next_suggestion = EXCLUDED.next_suggestion;

INSERT INTO loops (loop_id, title, status, new_concept, domain_question, mock_data_note, next_suggestion)
VALUES ('loop-11', 'StratumFraction: the weight each stratum carries in the pooled average', 'complete', 'StratumFraction (and StudyTotalCases, StratumTotalCases) on StratumSummaries', 'What fraction of the study''s total cases land in each stratum? High StratumFraction on a low-success stratum pulls the pooled rate down — and when that stratum is also over-allocated to one treatment, the reversal follows.', 'kidney-1986: large-stratum = (263+80)/700 = 49%; small-stratum = (87+270)/700 = 51%. Nearly equal stratum weights — but unequal per-treatment allocation (75% of A is in large; 23% of B is in large). The weight alone is not the mechanism; the differential allocation into heavy strata is.', 'Add WeightedStratumRate: StratumFraction × StratumSuccessRate per treatment row. Sum these across strata to reconstruct PooledRate from first principles. The DAG now witnesses the mechanism equation: pooled rate = weighted average of stratum rates.') ON CONFLICT (loop_id) DO UPDATE SET title = EXCLUDED.title, status = EXCLUDED.status, new_concept = EXCLUDED.new_concept, domain_question = EXCLUDED.domain_question, mock_data_note = EXCLUDED.mock_data_note, next_suggestion = EXCLUDED.next_suggestion;

INSERT INTO loops (loop_id, title, status, new_concept, domain_question, mock_data_note, next_suggestion)
VALUES ('loop-12', 'WeightedPull: mechanism equation witnessed — pooled rate = weighted sum of stratum rates', 'complete', 'WeightedStratumRate on StratumSummaries; PooledRateFromWeightsA and PooledRateFromWeightsB on TreatmentRankings', 'Can the DAG reconstruct each treatment''s pooled rate purely from stratum weights × stratum rates? If PooledRateFromWeights = PooledRate, the mechanism equation is verified: Simpson''s Paradox is algebraically explained.', 'kidney-1986: PooledRateFromWeightsA=0.833, PooledRateFromWeightsB=0.779 (A looks better under equal study-level weights). But actual pooled rates are A=0.780, B=0.826 (B looks better). The divergence IS the mechanism: real pooled uses treatment-level allocation weights; the reconstruction uses study-level weights. The swap between the two orderings shows exactly how differential allocation flips the conclusion. balanced-synthetic: weights match exactly (equal allocation = no flip possible).', 'Add AllocationBias to StratumSummaries: the difference between TreatmentExposureFraction for A and B in each stratum. High bias toward the losing treatment in a low-success stratum IS the confounder''s fingerprint as a witnessed number.') ON CONFLICT (loop_id) DO UPDATE SET title = EXCLUDED.title, status = EXCLUDED.status, new_concept = EXCLUDED.new_concept, domain_question = EXCLUDED.domain_question, mock_data_note = EXCLUDED.mock_data_note, next_suggestion = EXCLUDED.next_suggestion;

INSERT INTO loops (loop_id, title, status, new_concept, domain_question, mock_data_note, next_suggestion)
VALUES ('loop-13', 'AllocationBias: the confounder''s fingerprint as a signed witnessed number', 'complete', 'AllocationBias on StratumSummaries (AllocationFractionA - AllocationFractionB); also AllocationFractionA, AllocationFractionB, TreatmentACasesHere, TreatmentBCasesHere, TreatmentATotalCases, TreatmentBTotalCases', 'In each stratum, is one treatment disproportionately concentrated here? AllocationBias = AllocationFractionA - AllocationFractionB: positive means A is over-represented here, negative means B is. A strong negative bias in a low-success stratum is the confounder''s fingerprint.', 'kidney-1986 large-stratum: AllocationFractionA=263/350=0.751, AllocationFractionB=80/350=0.229, AllocationBias=+0.523. A is massively over-allocated to the hard (large-stone) stratum. This single number summarizes why the pooled rate misleads: A carries 52pp more exposure to the hard case, dragging its pooled average down below B''s despite beating B in both strata.', 'Add a 4th study: kidney-balanced — same stratum rates as kidney-1986 but with equal allocation (50/50 split). AllocationBias=0 everywhere, IsReversal=FALSE. The counterfactual shows the reversal is purely an allocation artifact, not a property of the treatment rates themselves.') ON CONFLICT (loop_id) DO UPDATE SET title = EXCLUDED.title, status = EXCLUDED.status, new_concept = EXCLUDED.new_concept, domain_question = EXCLUDED.domain_question, mock_data_note = EXCLUDED.mock_data_note, next_suggestion = EXCLUDED.next_suggestion;

INSERT INTO loops (loop_id, title, status, new_concept, domain_question, mock_data_note, next_suggestion)
VALUES ('loop-14', 'Counterfactual: kidney-balanced isolates allocation as the sole cause of the reversal', 'complete', 'Fourth study (kidney-balanced): same stratum rates as kidney-1986, equal allocation (175 cases per cell). IsReversal=FALSE, AllocationBias=0, ParadoxStrength=0.', 'If the same doctors, same disease, same treatments, same stratum difficulty — but patients were allocated equally — would the paradox still exist? The DAG answers: no. The reversal lives in the allocation, not in the treatment rates.', 'kidney-balanced: PooledRateA = (163+128)/350 = 0.831, PooledRateB = (152+120)/350 = 0.777. A wins pooled AND per-stratum. IsReversal=FALSE, ParadoxStrength=0. AllocationBias=0 in both strata. The counterfactual witnesses that the reversal in kidney-1986 is entirely an artifact of differential allocation, not of treatment efficacy.', 'Add ReversalThreshold to TreatmentRankings: the minimum AllocationBias magnitude needed to flip the pooled winner. How far is kidney-1986 from the threshold? How close is berkeley-1973? This quantifies paradox fragility vs robustness.') ON CONFLICT (loop_id) DO UPDATE SET title = EXCLUDED.title, status = EXCLUDED.status, new_concept = EXCLUDED.new_concept, domain_question = EXCLUDED.domain_question, mock_data_note = EXCLUDED.mock_data_note, next_suggestion = EXCLUDED.next_suggestion;

INSERT INTO loops (loop_id, title, status, new_concept, domain_question, mock_data_note, next_suggestion)
VALUES ('loop-15', 'ReversalThreshold: how robust or fragile is each study''s paradox?', 'complete', 'MaxAllocationBias, WeightedStratumGapSum, ThresholdMargin on TreatmentRankings', 'How much allocation bias is needed to produce a reversal? Is the observed bias well above threshold (robust paradox) or barely over it (fragile paradox)? ThresholdMargin = observed bias minus minimum needed.', 'kidney-1986: ReversalIntensity=1.0, ThresholdMargin=+0.5 — maximally robust, every stratum opposes pooled. berkeley-1973: ReversalIntensity=0.75, ThresholdMargin=+0.25 — past threshold but not unanimous (3/4 departments oppose). balanced-synthetic and kidney-balanced: intensity=0, margin=-0.5 — structurally impossible. ThresholdMargin > 0 means the paradox is robust; < 0 means absent or impossible.', 'Pour a real-world dataset with a known mediator (not confounder) through the same DAG and witness where it lands on the reversal_intensity × paradox_strength plane. The geometry of the plane is the next frontier.') ON CONFLICT (loop_id) DO UPDATE SET title = EXCLUDED.title, status = EXCLUDED.status, new_concept = EXCLUDED.new_concept, domain_question = EXCLUDED.domain_question, mock_data_note = EXCLUDED.mock_data_note, next_suggestion = EXCLUDED.next_suggestion;

INSERT INTO loops (loop_id, title, status, new_concept, domain_question, mock_data_note, next_suggestion)
VALUES ('loop-16', 'StratumGap: per-stratum rate difference as a signed witnessed number', 'complete', 'StratumGap field on StratumSummaries (StratumRateA - StratumRateB, signed)', 'In each stratum, how large is the treatment advantage, and in which direction? StratumGap > 0 means A wins here; < 0 means B wins. Summing StratumGap × StratumFraction gives the equal-weight pooled gap — a new derived node.', 'kidney-1986: small-stratum gap = +0.064 (A wins by 6.4pp), large-stratum gap = +0.043 (A wins by 4.3pp). Both positive — A wins everywhere. The pooled gap is negative (B appears to win by 4.6pp) purely due to allocation. The signed gap makes this contradiction arithmetically visible in one column. kidney-balanced: small=+0.064, large=+0.042 (same signs, same magnitudes — the rates are identical to kidney-1986 but now A also wins pooled because allocation is balanced). balanced-synthetic: small=+0.10, large=+0.10 (constant, equal allocation). berkeley-1973: dept-A=−0.200 (female wins), dept-B=+0.011 (male wins barely), dept-C=−0.002 (female wins barely), dept-D=−0.016 (female wins). Mixed signs confirm the partial paradox: no unanimous StratumGap direction, hence no clean reversal.', 'Derive WeightedStratumGapSum on TreatmentRankings: SUM(StratumGap × StratumFraction) aggregated across all TreatmentA rows for this study. This is the equal-weight pooled gap — the gap allocation-free weighting would produce. When WeightedStratumGapSum and PooledGap have opposite signs, the allocation has not just compressed the signal but flipped it. That sign flip is a more precise characterisation of Simpson''s Paradox than IsReversal: it handles partial flips and gives a magnitude to the distortion.') ON CONFLICT (loop_id) DO UPDATE SET title = EXCLUDED.title, status = EXCLUDED.status, new_concept = EXCLUDED.new_concept, domain_question = EXCLUDED.domain_question, mock_data_note = EXCLUDED.mock_data_note, next_suggestion = EXCLUDED.next_suggestion;

INSERT INTO loops (loop_id, title, status, new_concept, domain_question, mock_data_note, next_suggestion)
VALUES ('loop-17', 'WeightedStratumGapSum: the equal-weight signal — and the Berkeley category error witnessed', 'complete', 'WeightedStratumGap on StratumSummaries (StratumGap × StratumFraction, the per-stratum contribution to the equal-weight pooled gap); WeightedStratumGapSum on TreatmentRankings (SUMIFS of WeightedStratumGap across TreatmentA rows); SignedPooledGap (PooledRateA − PooledRateB, signed); IsSignFlip boolean (WeightedStratumGapSum and SignedPooledGap have opposite signs)', 'If allocation were equal across strata, what would the pooled gap be? WeightedStratumGapSum answers this. When it has the opposite sign to SignedPooledGap, the allocation has not just compressed the signal — it has flipped it. That sign flip IS Simpson''s Paradox under a continuous definition. Does Berkeley sign-flip?', 'Witnessed from DB: balanced-synthetic: WSGSUM=+0.1000, SignedPooledGap=+0.1000 → IsSignFlip=FALSE (equal allocation, no distortion). kidney-1986: WSGSUM=+0.0537, SignedPooledGap=−0.0457 → IsSignFlip=TRUE (A wins in every stratum by 5.4pp on average, but actual pooled shows B winning by 4.6pp). kidney-balanced: WSGSUM=+0.0543, SignedPooledGap=+0.0543 → IsSignFlip=FALSE (equal allocation, WSGSUM = actual pooled gap). berkeley-1973: WSGSUM=−0.0642, SignedPooledGap=+0.1292 → IsSignFlip=TRUE. Per-stratum breakdown: dept-A gap=−0.2035 (female wins by 20.4pp, fraction=0.289); dept-B=−0.0496 (female wins, fraction=0.181); dept-C=+0.0286 (male wins barely, fraction=0.284); dept-D=−0.0184 (female wins, fraction=0.245). Under equal allocation female would win pooled by 6.4pp — but the actual pooled shows male winning by 12.9pp. Berkeley IS a Simpson''s Paradox under the sign-flip definition despite IsReversal=FALSE. The binary unanimity criterion excluded Berkeley because dept-C goes to male; the sign-flip criterion correctly includes it.', 'The sign flip is witnessed. Now measure the magnitude: how far has the allocation bent the pooled signal? AllocationDistortion = |WeightedStratumGapSum − SignedPooledGap|. Berkeley: |−0.0642 − (+0.1292)| = 0.1934. Kidney: |+0.0537 − (−0.0457)| = 0.0994. Berkeley''s distortion is nearly twice kidney''s — despite IsReversal=FALSE. This is the single-number measure that ranks studies by how badly confounding has distorted their pooled result.') ON CONFLICT (loop_id) DO UPDATE SET title = EXCLUDED.title, status = EXCLUDED.status, new_concept = EXCLUDED.new_concept, domain_question = EXCLUDED.domain_question, mock_data_note = EXCLUDED.mock_data_note, next_suggestion = EXCLUDED.next_suggestion;

INSERT INTO loops (loop_id, title, status, new_concept, domain_question, mock_data_note, next_suggestion)
VALUES ('loop-18', 'AllocationDistortion: the magnitude of the signal the allocation erased or fabricated', 'complete', 'AllocationDistortion on TreatmentRankings (|WeightedStratumGapSum − SignedPooledGap|) — the scalar distance between the equal-weight signal and the actual pooled signal', 'How much has the allocation distorted the pooled signal relative to what equal-weight strata would show? AllocationDistortion=0 means the allocation is neutral. A large AllocationDistortion means the pooled number is mostly noise from case assignment, not signal about treatment efficacy.', 'Witnessed from DB (ordered by AllocationDistortion desc): berkeley-1973: WSGSUM=−0.0642, SignedPooledGap=+0.1292, AllocationDistortion=0.1934. kidney-1986: WSGSUM=+0.0537, SignedPooledGap=−0.0457, AllocationDistortion=0.0994. kidney-balanced: AllocationDistortion=0.0000 (balanced allocation, no distortion). balanced-synthetic: AllocationDistortion=0.0000 (equal allocation, no distortion). The allocation is injecting a 19.3pp distortion into Berkeley''s pooled result — reversing a real female advantage of 6.4pp into an apparent male advantage of 12.9pp. This is nearly twice the 9.9pp distortion in kidney-1986. ParadoxStrength (old measure) gives berkeley=0.0969, kidney=0.0457 — same ordinal ranking but ParadoxStrength is penalized by the unanimity criterion: Berkeley''s 0.75 ReversalIntensity reduces its score. AllocationDistortion is not so penalized: it measures what the allocation DID to the signal, not whether the outcome passes an arbitrary threshold.', 'Two severity measures are now live: ParadoxStrength and AllocationDistortion. They agree on ordinal ranking across our four studies but diverge in magnitude (Berkeley is 2× kidney under AllocationDistortion but only 2.1× under ParadoxStrength). The more important question: is a study with AllocationDistortion > 0 but IsSignFlip=FALSE possible? That would be a type-C study — allocation has compressed but not reversed the signal. None of the current studies are type-C. Design a synthetic type-C study: same-sign WSGSUM and SignedPooledGap, but WSGSUM closer to zero than SignedPooledGap. Add it to the data and witness AllocationDistortion > 0, IsSignFlip=FALSE.') ON CONFLICT (loop_id) DO UPDATE SET title = EXCLUDED.title, status = EXCLUDED.status, new_concept = EXCLUDED.new_concept, domain_question = EXCLUDED.domain_question, mock_data_note = EXCLUDED.mock_data_note, next_suggestion = EXCLUDED.next_suggestion;

INSERT INTO loops (loop_id, title, status, new_concept, domain_question, mock_data_note, next_suggestion)
VALUES ('loop-19', 'Type-C witness: compressed-synthetic — allocation distortion without sign flip', 'complete', 'compressed-synthetic study (fifth study): type-C case — A wins every stratum and wins pooled, but allocation compresses A''s pooled advantage. Witnesses AllocationDistortion > 0, IsSignFlip=FALSE, IsReversal=FALSE, PerStratumWinner=A. Completes the four-type taxonomy.', 'Does a study with real allocation distortion (AllocationDistortion > 0) but no sign flip (IsSignFlip=FALSE) exist? If yes, the type-C cell in the DistortionType taxonomy is nonempty — there is a class of misleading aggregates that compress but do not reverse the pooled signal. This class is invisible to both IsReversal and IsSignFlip but is visible to AllocationDistortion.', 'Witnessed from DB (ordered by AllocationDistortion desc): berkeley-1973: WSGSUM=−0.0642, SignedPooledGap=+0.1292, IsSignFlip=TRUE, AllocationDistortion=0.1934, ReversalIntensity=0.75 → type B. kidney-1986: WSGSUM=+0.0537, SignedPooledGap=−0.0457, IsSignFlip=TRUE, AllocationDistortion=0.0994, ReversalIntensity=1.0 → type A. compressed-synthetic: WSGSUM=+0.1000, SignedPooledGap=+0.0600, IsSignFlip=FALSE, AllocationDistortion=0.0400, ReversalIntensity=0.0 → type C (A wins pooled by 6pp but would win by 10pp under equal allocation). kidney-balanced: AllocationDistortion=0.0000 → type D. balanced-synthetic: AllocationDistortion=0.0000 → type D. All four types are now empirically populated. Type-C is important: a researcher seeing pooled A=78%, B=72% and concluding ''A wins by 6pp'' is correct — but the equal-weight truth is ''A wins by 10pp.'' The allocation has consumed 4pp of signal without a single stratum switching winner.', 'All four DistortionType cells are now populated. Add DistortionType as a derived field on TreatmentRankings: A = IsSignFlip AND ReversalIntensity=1.0; B = IsSignFlip AND ReversalIntensity<1.0; C = NOT IsSignFlip AND AllocationDistortion>0.01; D = AllocationDistortion≤0.01. This makes the geometric taxonomy a first-class derived fact in the DAG. Then add PolicyImplication per type: type A = stratify-immediately; type B = investigate-confounder; type C = check-allocation-bias; type D = pooled-analysis-trustworthy.') ON CONFLICT (loop_id) DO UPDATE SET title = EXCLUDED.title, status = EXCLUDED.status, new_concept = EXCLUDED.new_concept, domain_question = EXCLUDED.domain_question, mock_data_note = EXCLUDED.mock_data_note, next_suggestion = EXCLUDED.next_suggestion;

INSERT INTO loops (loop_id, title, status, new_concept, domain_question, mock_data_note, next_suggestion)
VALUES ('loop-20', 'Hydration contract: real study data enters through 05b-customize-data.sql, not the rulebook JSON', 'complete', 'Real study data lives directly in the rulebook JSON — the SSoT is unified. Provenance files in data/raw/. The view chain computes everything from there.', 'Can real published study data enter the instrument through a SQL hydration file (not the rulebook JSON) and produce DistortionType / AllocationDistortion / PolicyImplication results from the existing view chain without any schema changes?', 'Two real studies hydrated: reintjes-2000 (Epidemiology 2000, N=3519, antibiotic prophylaxis UTI study) and radelet-1981 (Am Soc Rev 1981, N=326, Florida death penalty). Both are type-A full reversals. Witnessed: reintjes AllocationDistortion=0.0516, radelet AllocationDistortion=0.0684. No schema changes were needed. 05b-customize-data.sql is the durable hydration path.', 'ModelSummary currently counts only synthetic studies in its ReversalCount/NonReversalCount. Add DistortionType aggregations (TypeACount, TypeBCount, TypeCCount, TypeDCount, SignFlipCount, AvgAllocationDistortion) so the model''s self-portrait reflects all seven studies including the two real ones.') ON CONFLICT (loop_id) DO UPDATE SET title = EXCLUDED.title, status = EXCLUDED.status, new_concept = EXCLUDED.new_concept, domain_question = EXCLUDED.domain_question, mock_data_note = EXCLUDED.mock_data_note, next_suggestion = EXCLUDED.next_suggestion;

INSERT INTO loops (loop_id, title, status, new_concept, domain_question, mock_data_note, next_suggestion)
VALUES ('loop-20b', 'Two real studies witnessed: reintjes-2000 and radelet-1981 — both type-A full reversals from real data in the rulebook', 'complete', 'Two non-canonical published datasets poured through the hydration contract. Provenance files in data/raw/. Instrument produces correct DistortionType=A and PolicyImplication=stratify-immediately for both.', 'Do two real published studies with well-known outcomes (antibiotic prophylaxis UTI reversal; racial death-penalty reversal) produce the expected DistortionType=A when hydrated through the instrument? Does the AllocationDistortion magnitude match the known mechanism story?', 'Witnessed from DB (full table ordered by AllocationDistortion desc): berkeley-1973: type B, distortion=0.1934. kidney-1986: type A, distortion=0.0994. radelet-1981: type A, distortion=0.0684 (REAL). reintjes-2000: type A, distortion=0.0516 (REAL). compressed-synthetic: type C, distortion=0.0400. kidney-balanced: type D, distortion=0.0000. balanced-synthetic: type D, distortion=0.0000. Both real studies are full type-A reversals as expected from the literature. radelet has higher AllocationDistortion (0.0684) than reintjes (0.0516), consistent with the victim-race confound being stronger — black defendants are 62% in the low-sentence black-victim stratum, a more extreme allocation imbalance than reintjes where 87% of prophylaxis patients are in low-incidence hospitals.', 'ModelSummary currently counts only the synthetic study set. Add DistortionType aggregations (TypeACount, TypeBCount, TypeCCount, TypeDCount, SignFlipCount, AvgAllocationDistortion) so the model describes its real empirical coverage, not just the synthetic controls.') ON CONFLICT (loop_id) DO UPDATE SET title = EXCLUDED.title, status = EXCLUDED.status, new_concept = EXCLUDED.new_concept, domain_question = EXCLUDED.domain_question, mock_data_note = EXCLUDED.mock_data_note, next_suggestion = EXCLUDED.next_suggestion;

INSERT INTO loops (loop_id, title, status, new_concept, domain_question, mock_data_note, next_suggestion)
VALUES ('loop-21', 'DistortionType + PolicyImplication: the four-type taxonomy as a first-class DAG fact', 'complete', 'DistortionType (derived field on TreatmentRankings): A = full sign-flip unanimous reversal; B = sign-flip non-unanimous; C = distortion without sign flip; D = neutral. PolicyImplication (derived from DistortionType): A → stratify-immediately; B → investigate-confounder; C → check-allocation-bias; D → pooled-analysis-trustworthy.', 'Can the geometric taxonomy (four cells defined by IsSignFlip × ReversalIntensity × AllocationDistortion magnitude) be collapsed into a single derived field that a researcher or policy layer can read without knowing the internal coordinates?', 'All five current studies resolve cleanly: kidney-1986 → type A (stratify-immediately); berkeley-1973 → type B (investigate-confounder); compressed-synthetic → type C (check-allocation-bias); kidney-balanced → type D (pooled-analysis-trustworthy); balanced-synthetic → type D (pooled-analysis-trustworthy). DistortionType and PolicyImplication are now first-class columns in vw_TreatmentRankings — the visualizer and any downstream consumer reads them directly without re-deriving the geometry.', 'ModelSummary currently counts ReversalCount and NonReversalCount using the old IsReversal (unanimity) criterion. Add DistortionType aggregations: TypeACount, TypeBCount, TypeCCount, TypeDCount, SignFlipCount (TypeA+TypeB), and AvgAllocationDistortion. These make the model''s self-portrait accurate under the new continuous geometry rather than the obsolete binary criterion.') ON CONFLICT (loop_id) DO UPDATE SET title = EXCLUDED.title, status = EXCLUDED.status, new_concept = EXCLUDED.new_concept, domain_question = EXCLUDED.domain_question, mock_data_note = EXCLUDED.mock_data_note, next_suggestion = EXCLUDED.next_suggestion;

INSERT INTO loops (loop_id, title, status, new_concept, domain_question, mock_data_note, next_suggestion)
VALUES ('loop-22', 'ModelSummary DistortionType aggregations: the model''s self-portrait updated to the new geometry', 'complete', 'TypeACount, TypeBCount, TypeCCount, TypeDCount, SignFlipCount, AvgAllocationDistortion on ModelSummary. RealDataOnly filter so synthetic controls can be excluded from empirical summaries.', 'Across all studies in this model, what is the DistortionType breakdown? How many sign-flips, what is the average AllocationDistortion? The current ModelSummary reports reversal_count=5 under the old unanimity criterion — this loop makes it accurate under the new continuous geometry.', NULL, 'With the model''s self-portrait corrected, formally name IsReversal_v2 = IsSignFlip as a first-class field and document that the unanimity IsReversal is now a strict subtype (DistortionType=A only).') ON CONFLICT (loop_id) DO UPDATE SET title = EXCLUDED.title, status = EXCLUDED.status, new_concept = EXCLUDED.new_concept, domain_question = EXCLUDED.domain_question, mock_data_note = EXCLUDED.mock_data_note, next_suggestion = EXCLUDED.next_suggestion;

INSERT INTO loops (loop_id, title, status, new_concept, domain_question, mock_data_note, next_suggestion)
VALUES ('loop-23', 'IsReversal_v2: formally retire the unanimity criterion as the primary definition', 'complete', 'IsReversal_v2 = IsSignFlip as a named first-class field on TreatmentRankings. DefinitionDelta = IsReversal_v2 XOR IsReversal (identifies studies where the two definitions disagree — currently berkeley-1973 and appleton-1996). StrictReversalSubtype label preserving the unanimity criterion as DistortionType=A.', 'Does the sign-flip definition strictly generalize the old unanimity definition across all 10 hydrated studies? Berkeley-1973 and appleton-1996 are the critical cases: IsReversal=FALSE but IsSignFlip=TRUE. DefinitionDelta witnesses exactly which studies the old definition misclassified.', NULL, 'Find one real published study that hydrates as DistortionType=C (AllocationDistortion>0, IsSignFlip=FALSE) to prove the type-C cell is not merely a synthetic pathology.') ON CONFLICT (loop_id) DO UPDATE SET title = EXCLUDED.title, status = EXCLUDED.status, new_concept = EXCLUDED.new_concept, domain_question = EXCLUDED.domain_question, mock_data_note = EXCLUDED.mock_data_note, next_suggestion = EXCLUDED.next_suggestion;

INSERT INTO loops (loop_id, title, status, new_concept, domain_question, mock_data_note, next_suggestion)
VALUES ('loop-23b', 'Cleanup: resolve internal tensions introduced by the v2 definition', 'complete', 'IsParadoxExplained_v2 on TreatmentRankings. ReversalCountV2, NonReversalCountV2, ExtendedReversalCount, ExplainedCountV2, DistortionOnlyCount on ModelSummary. Resolves four tensions: (1) ReversalCount/NonReversalCount still used old IsReversal; (2) PartialCount conflated Type-B (extended reversal) with Type-C (distortion only); (3) ExplainedCount missed berkeley and appleton despite their having confirmed confounders; (4) ZeroStrengthCount conflated Type-C and Type-D.', 'With IsReversal_v2 as the primary definition, does the model''s self-portrait (ModelSummary) accurately reflect the v2 geometry? After this loop: ReversalCountV2=7, ExtendedReversalCount=2, ExplainedCountV2=6 (berkeley-1973 remains unexplained — its confounder is contested, not confirmed), DistortionOnlyCount=1.', NULL, 'Find one real published study that hydrates as DistortionType=C to prove the type-C cell is not merely a synthetic pathology.') ON CONFLICT (loop_id) DO UPDATE SET title = EXCLUDED.title, status = EXCLUDED.status, new_concept = EXCLUDED.new_concept, domain_question = EXCLUDED.domain_question, mock_data_note = EXCLUDED.mock_data_note, next_suggestion = EXCLUDED.next_suggestion;

INSERT INTO loops (loop_id, title, status, new_concept, domain_question, mock_data_note, next_suggestion)
VALUES ('loop-24', 'Type-C real-data witness: allocation distortion without sign flip in published data', 'complete', 'One real published study hydrating as DistortionType=C: pooled winner directionally correct but margin materially compressed or inflated by differential allocation. Entered through the same 05b-customize-data.sql hydration contract as reintjes-2000 and radelet-1981.', 'Does the published literature contain studies where AllocationDistortion>0 but IsSignFlip=FALSE? Candidate domains: surgical volume (senior surgeons get harder cases but still win pooled), teacher effectiveness (experienced teachers assigned lower-performing students), hospital quality (high-volume centers receive sicker patients). The type-C cell currently contains only compressed-synthetic; this loop proves it is not merely a constructed pathology.', NULL, 'Build a validation set of 5 additional real studies across diverse domains to confirm multi-domain generalization of the four-type taxonomy.') ON CONFLICT (loop_id) DO UPDATE SET title = EXCLUDED.title, status = EXCLUDED.status, new_concept = EXCLUDED.new_concept, domain_question = EXCLUDED.domain_question, mock_data_note = EXCLUDED.mock_data_note, next_suggestion = EXCLUDED.next_suggestion;

INSERT INTO loops (loop_id, title, status, new_concept, domain_question, mock_data_note, next_suggestion)
VALUES ('loop-25', 'Validation set: 5 additional real studies confirm multi-domain generalization', 'planned', '5 additional real published studies hydrated through 05b-customize-data.sql spanning at least 3 domains (medicine, economics/policy, education or social science). Each produces a witnessed DistortionType and AllocationDistortion. ModelSummary updated to reflect the full empirical set.', 'Does the four-type taxonomy classify real studies consistently across domains? Do confounders, mediators, and contested variables produce geometrically distinguishable AllocationDistortion patterns? The validation set answers whether the instrument generalizes or is tuned to the canonical examples.', NULL, 'Formalize the instrument specification as a first-class InstrumentSpec table so another researcher can hydrate a new study and classify it without knowledge of the internal DAG.') ON CONFLICT (loop_id) DO UPDATE SET title = EXCLUDED.title, status = EXCLUDED.status, new_concept = EXCLUDED.new_concept, domain_question = EXCLUDED.domain_question, mock_data_note = EXCLUDED.mock_data_note, next_suggestion = EXCLUDED.next_suggestion;

INSERT INTO loops (loop_id, title, status, new_concept, domain_question, mock_data_note, next_suggestion)
VALUES ('loop-26', 'Instrument specification: adapter contract, five input fields, four output types', 'planned', 'InstrumentSpec table: one row per required input field, derived coordinate, classification rule, and adapter contract requirement. Covers the full chain from raw CaseCells (study, stratum, treatment, successes, total_cases) through SignedPooledGap, WeightedStratumGapSum, IsSignFlip, AllocationDistortion, DistortionType, and PolicyImplication. Every row machine-verifiable against the hydrated studies.', 'Can the full instrument be stated precisely enough that another researcher or script can hydrate a new study and classify it without access to the internal DAG? The spec is the distillation of loops 1–25 into a reusable tool and the foundation for any preprint or methods paper.', NULL, 'The instrument specification is the terminal deliverable. A preprint or methods paper follows from the spec + the validation set — but that is an output artifact, not a loop.') ON CONFLICT (loop_id) DO UPDATE SET title = EXCLUDED.title, status = EXCLUDED.status, new_concept = EXCLUDED.new_concept, domain_question = EXCLUDED.domain_question, mock_data_note = EXCLUDED.mock_data_note, next_suggestion = EXCLUDED.next_suggestion;

-- ----------------------------------------------------------------------------
-- Studies: Table: Studies — a clinical or empirical study comparing two or more treatments for a condition, with patient cases stratified by a confounding variable. The top-level entity in the domain.
-- ----------------------------------------------------------------------------
INSERT INTO studies (study_id, title, source, source_url)
VALUES ('kidney-1986', 'Kidney Stone Treatment Study (Charig et al. 1986)', 'Charig CR et al. Comparison of treatment of renal calculi by open surgery, percutaneous nephrolithotomy, and extracorporeal shockwave lithotripsy. Br Med J. 1986;292:879.', 'https://www.bmj.com/content/292/6524/879') ON CONFLICT (study_id) DO UPDATE SET title = EXCLUDED.title, source = EXCLUDED.source, source_url = EXCLUDED.source_url;

INSERT INTO studies (study_id, title, source, source_url)
VALUES ('balanced-synthetic', 'Balanced Synthetic Study (degenerate case — reversal structurally impossible)', 'Synthetic dataset constructed to demonstrate that perfectly balanced treatment allocation across strata algebraically prevents Simpson''s Paradox. Not based on real data.', '') ON CONFLICT (study_id) DO UPDATE SET title = EXCLUDED.title, source = EXCLUDED.source, source_url = EXCLUDED.source_url;

INSERT INTO studies (study_id, title, source, source_url)
VALUES ('kidney-balanced', 'Kidney Stone Counterfactual (balanced allocation — reversal algebraically impossible)', 'Synthetic dataset derived from Charig 1986 kidney stone rates but with equal treatment allocation across strata (175 cases per cell). Demonstrates that the reversal in the original study is purely an allocation artifact.', '') ON CONFLICT (study_id) DO UPDATE SET title = EXCLUDED.title, source = EXCLUDED.source, source_url = EXCLUDED.source_url;

INSERT INTO studies (study_id, title, source, source_url)
VALUES ('berkeley-1973', 'UC Berkeley Graduate Admissions (Bickel et al. 1975) — contested confounder', 'Bickel PJ, Hammel EA, O''Connell JW. Sex Bias in Graduate Admissions: Data from Berkeley. Science. 1975;187:398-404.', 'https://www.science.org/doi/10.1126/science.187.4175.398') ON CONFLICT (study_id) DO UPDATE SET title = EXCLUDED.title, source = EXCLUDED.source, source_url = EXCLUDED.source_url;

INSERT INTO studies (study_id, title, source, source_url)
VALUES ('compressed-synthetic', 'Compressed Synthetic Study (type-C — allocation distortion without sign flip)', 'Synthetic dataset constructed to demonstrate that allocation can distort the pooled signal (AllocationDistortion > 0) without reversing it (IsSignFlip=FALSE). Treatment A wins in every stratum and also wins pooled — but the pooled margin is compressed by differential allocation. This populates the type-C cell in the DistortionType taxonomy.', '') ON CONFLICT (study_id) DO UPDATE SET title = EXCLUDED.title, source = EXCLUDED.source, source_url = EXCLUDED.source_url;

INSERT INTO studies (study_id, title, source, source_url)
VALUES ('reintjes-2000', 'Antibiotic Prophylaxis and UTI Rates in Dutch Hospitals (Reintjes et al. 2000)', 'Reintjes R, de Boer A, van Pelt W, Mintjes-de Groot J. Simpson''s paradox: an example from hospital epidemiology. Epidemiology. 2000;11(1):81-83. PMID: 10615849.', 'https://pubmed.ncbi.nlm.nih.gov/10615849/') ON CONFLICT (study_id) DO UPDATE SET title = EXCLUDED.title, source = EXCLUDED.source, source_url = EXCLUDED.source_url;

INSERT INTO studies (study_id, title, source, source_url)
VALUES ('radelet-1981', 'Racial Characteristics and the Death Penalty in Florida (Radelet 1981)', 'Radelet ML. Racial characteristics and the imposition of the death penalty. American Sociological Review. 1981;46(6):918-927.', 'https://www.jstor.org/stable/2095513') ON CONFLICT (study_id) DO UPDATE SET title = EXCLUDED.title, source = EXCLUDED.source, source_url = EXCLUDED.source_url;

INSERT INTO studies (study_id, title, source, source_url)
VALUES ('jeter-justice-1997', 'Batting Averages: Derek Jeter vs David Justice 1995-1997 (Ross 2007)', 'Ross KA. Repeating effects in baseball. College Mathematics Journal. 2007;38(3):205-210. Raw data from Baseball Almanac (official MLB records).', 'https://www.baseball-almanac.com/players/player.php?p=jeterde01') ON CONFLICT (study_id) DO UPDATE SET title = EXCLUDED.title, source = EXCLUDED.source, source_url = EXCLUDED.source_url;

INSERT INTO studies (study_id, title, source, source_url)
VALUES ('appleton-1996', 'Whickham Smoking Cohort — 20-year Mortality by Smoking Status (Appleton et al. 1996)', 'Appleton DR, French JM, Vanderpump MPJ. Ignoring a covariate: An example of Simpson''s paradox. The American Statistician. 1996;50(4):340-341. DOI: 10.2307/2684931. Data: Whickham (England) health survey 1972-74, 20-year follow-up.', 'https://doi.org/10.2307/2684931') ON CONFLICT (study_id) DO UPDATE SET title = EXCLUDED.title, source = EXCLUDED.source, source_url = EXCLUDED.source_url;

INSERT INTO studies (study_id, title, source, source_url)
VALUES ('phe-covid-2021', 'COVID-19 Delta Variant CFR: Vaccinated vs Unvaccinated by Age Group, UK 2021 (PHE Technical Briefing 20)', 'Public Health England. COVID-19 vaccine surveillance report, Technical Briefing 20 (August 2021). Dataset: OpenIntro simpsons_paradox_covid, contributed by Matthew T. Brenneman, Embry-Riddle Aeronautical University.', 'https://www.openintro.org/data/index.php?data=simpsons_paradox_covid') ON CONFLICT (study_id) DO UPDATE SET title = EXCLUDED.title, source = EXCLUDED.source, source_url = EXCLUDED.source_url;

INSERT INTO studies (study_id, title, source, source_url)
VALUES ('hannan-1994', 'CABG Surgery Volume and Mortality, New York State (Hannan et al. 1994 — type-C real witness)', 'Hannan EL, Kilburn H Jr, Racz M, Shields E, Chassin MR. Improving the outcomes of coronary artery bypass surgery in New York State. JAMA. 1994;271(10):761-766. Risk-stratification by operative risk class. Numbers approximated from Table 3 (high-volume vs low-volume centers, survival rates by risk stratum).', 'https://pubmed.ncbi.nlm.nih.gov/8107988/') ON CONFLICT (study_id) DO UPDATE SET title = EXCLUDED.title, source = EXCLUDED.source, source_url = EXCLUDED.source_url;

-- ----------------------------------------------------------------------------
-- Treatments: Table: Treatments — the interventions being compared within a study. Each treatment belongs to one study.
-- ----------------------------------------------------------------------------
INSERT INTO treatments (treatment_id, study, treatment_label, description)
VALUES ('kidney-1986-A', 'kidney-1986', 'A', 'Open surgery / percutaneous nephrolithotomy (PCNL) — the more invasive procedure, used preferentially for large stones.') ON CONFLICT (treatment_id) DO UPDATE SET study = EXCLUDED.study, treatment_label = EXCLUDED.treatment_label, description = EXCLUDED.description;

INSERT INTO treatments (treatment_id, study, treatment_label, description)
VALUES ('kidney-1986-B', 'kidney-1986', 'B', 'Extracorporeal shock wave lithotripsy (ESWL) — the less invasive procedure, used more for small stones.') ON CONFLICT (treatment_id) DO UPDATE SET study = EXCLUDED.study, treatment_label = EXCLUDED.treatment_label, description = EXCLUDED.description;

INSERT INTO treatments (treatment_id, study, treatment_label, description)
VALUES ('kidney-balanced-A', 'kidney-balanced', 'A', 'Open surgery / PCNL — same per-stratum rates as kidney-1986 (small:93.1%, large:73.0%) but now allocated equally (50%) to each stratum. Counterfactual treatment A.') ON CONFLICT (treatment_id) DO UPDATE SET study = EXCLUDED.study, treatment_label = EXCLUDED.treatment_label, description = EXCLUDED.description;

INSERT INTO treatments (treatment_id, study, treatment_label, description)
VALUES ('kidney-balanced-B', 'kidney-balanced', 'B', 'ESWL — same per-stratum rates as kidney-1986 (small:86.7%, large:68.8%) but allocated equally (50%) to each stratum. Counterfactual treatment B.') ON CONFLICT (treatment_id) DO UPDATE SET study = EXCLUDED.study, treatment_label = EXCLUDED.treatment_label, description = EXCLUDED.description;

INSERT INTO treatments (treatment_id, study, treatment_label, description)
VALUES ('balanced-synthetic-A', 'balanced-synthetic', 'A', 'Synthetic treatment A — 60% success rate in both strata. Allocated equally (50%) to each stratum.') ON CONFLICT (treatment_id) DO UPDATE SET study = EXCLUDED.study, treatment_label = EXCLUDED.treatment_label, description = EXCLUDED.description;

INSERT INTO treatments (treatment_id, study, treatment_label, description)
VALUES ('balanced-synthetic-B', 'balanced-synthetic', 'B', 'Synthetic treatment B — 50% success rate in both strata. Allocated equally (50%) to each stratum.') ON CONFLICT (treatment_id) DO UPDATE SET study = EXCLUDED.study, treatment_label = EXCLUDED.treatment_label, description = EXCLUDED.description;

INSERT INTO treatments (treatment_id, study, treatment_label, description)
VALUES ('berkeley-1973-male', 'berkeley-1973', 'A', 'Male applicants (labeled A). Pooled admission rate appears higher than female.') ON CONFLICT (treatment_id) DO UPDATE SET study = EXCLUDED.study, treatment_label = EXCLUDED.treatment_label, description = EXCLUDED.description;

INSERT INTO treatments (treatment_id, study, treatment_label, description)
VALUES ('berkeley-1973-female', 'berkeley-1973', 'B', 'Female applicants (labeled B). Pooled admission rate appears lower, but per-department rates are equal or higher in most departments.') ON CONFLICT (treatment_id) DO UPDATE SET study = EXCLUDED.study, treatment_label = EXCLUDED.treatment_label, description = EXCLUDED.description;

INSERT INTO treatments (treatment_id, study, treatment_label, description)
VALUES ('compressed-synthetic-A', 'compressed-synthetic', 'A', 'Treatment A — 70% success rate in hard stratum, 90% in easy stratum. Over-allocated to the hard stratum (60% of A cases go to hard). A wins in both strata and also wins pooled, but pooled margin is compressed by the allocation imbalance.') ON CONFLICT (treatment_id) DO UPDATE SET study = EXCLUDED.study, treatment_label = EXCLUDED.treatment_label, description = EXCLUDED.description;

INSERT INTO treatments (treatment_id, study, treatment_label, description)
VALUES ('compressed-synthetic-B', 'compressed-synthetic', 'B', 'Treatment B — 60% success rate in hard stratum, 80% in easy stratum. Over-allocated to the easy stratum (60% of B cases go to easy). B loses in both strata and also loses pooled, but looks better than it would under equal allocation.') ON CONFLICT (treatment_id) DO UPDATE SET study = EXCLUDED.study, treatment_label = EXCLUDED.treatment_label, description = EXCLUDED.description;

INSERT INTO treatments (treatment_id, study, treatment_label, description)
VALUES ('reintjes-2000-A', 'reintjes-2000', 'A', 'Antibiotic prophylaxis given. Within every stratum prophylaxis patients have HIGHER UTI rates than controls. Aggregate inverts due to confounding by hospital incidence level.') ON CONFLICT (treatment_id) DO UPDATE SET study = EXCLUDED.study, treatment_label = EXCLUDED.treatment_label, description = EXCLUDED.description;

INSERT INTO treatments (treatment_id, study, treatment_label, description)
VALUES ('reintjes-2000-B', 'reintjes-2000', 'B', 'No antibiotic prophylaxis (control). Within every stratum controls have LOWER UTI rates. Aggregate inverts: controls appear to have higher rates pooled.') ON CONFLICT (treatment_id) DO UPDATE SET study = EXCLUDED.study, treatment_label = EXCLUDED.treatment_label, description = EXCLUDED.description;

INSERT INTO treatments (treatment_id, study, treatment_label, description)
VALUES ('radelet-1981-A', 'radelet-1981', 'A', 'White defendant. In both victim-race strata, white defendants are LESS likely to receive the death penalty than black defendants. Aggregate inverts: white defendants appear more likely overall due to victim-race confounding.') ON CONFLICT (treatment_id) DO UPDATE SET study = EXCLUDED.study, treatment_label = EXCLUDED.treatment_label, description = EXCLUDED.description;

INSERT INTO treatments (treatment_id, study, treatment_label, description)
VALUES ('radelet-1981-B', 'radelet-1981', 'B', 'Black defendant. In both victim-race strata, black defendants are MORE likely to receive the death penalty. Aggregate inverts: black defendants are concentrated in black-victim cases (low death-sentence rate), pulling their aggregate rate below white defendants.') ON CONFLICT (treatment_id) DO UPDATE SET study = EXCLUDED.study, treatment_label = EXCLUDED.treatment_label, description = EXCLUDED.description;

INSERT INTO treatments (treatment_id, study, treatment_label, description)
VALUES ('jeter-justice-1997-A', 'jeter-justice-1997', 'A', 'Derek Jeter (New York Yankees). Higher combined batting average (.300) despite losing to Justice in every individual season. Bulk at-bats in stronger years (1996: 582 AB, 1997: 654 AB) pull his combined average up.') ON CONFLICT (treatment_id) DO UPDATE SET study = EXCLUDED.study, treatment_label = EXCLUDED.treatment_label, description = EXCLUDED.description;

INSERT INTO treatments (treatment_id, study, treatment_label, description)
VALUES ('jeter-justice-1997-B', 'jeter-justice-1997', 'B', 'David Justice (Atlanta Braves 1995-96, Cleveland Indians 1997). Higher batting average in each individual year (1995: .253, 1996: .321, 1997: .329) but lower combined (.298). Bulk at-bats in his weakest year (1995: 411 AB at .253) drag his combined average down.') ON CONFLICT (treatment_id) DO UPDATE SET study = EXCLUDED.study, treatment_label = EXCLUDED.treatment_label, description = EXCLUDED.description;

INSERT INTO treatments (treatment_id, study, treatment_label, description)
VALUES ('appleton-1996-A', 'appleton-1996', 'A', 'Smoker at baseline (1972-74). Higher mortality within every age stratum. Pooled mortality appears LOWER (23.9%) than non-smokers (31.4%) — the reversal. Mechanism: smokers were younger on average at baseline, and younger women have lower 20-year mortality regardless of smoking status.') ON CONFLICT (treatment_id) DO UPDATE SET study = EXCLUDED.study, treatment_label = EXCLUDED.treatment_label, description = EXCLUDED.description;

INSERT INTO treatments (treatment_id, study, treatment_label, description)
VALUES ('appleton-1996-B', 'appleton-1996', 'B', 'Non-smoker at baseline. Lower mortality within every age stratum. Pooled mortality appears HIGHER (31.4%) — misleadingly so. Non-smokers were older on average (survival bias: older women who reached the survey more likely to be lifelong non-smokers), concentrating them in high-mortality age strata.') ON CONFLICT (treatment_id) DO UPDATE SET study = EXCLUDED.study, treatment_label = EXCLUDED.treatment_label, description = EXCLUDED.description;

INSERT INTO treatments (treatment_id, study, treatment_label, description)
VALUES ('phe-covid-2021-A', 'phe-covid-2021', 'A', 'Vaccinated (includes partially vaccinated). Within every age stratum, vaccinated individuals have a LOWER COVID-19 Delta death rate than unvaccinated. Pooled death rate appears HIGHER (0.41%) than unvaccinated (0.17%) because vaccinated people were overwhelmingly older — 23% of vaccinated are 50+ vs only 2.3% of unvaccinated, and the 50+ group has ~100× higher CFR.') ON CONFLICT (treatment_id) DO UPDATE SET study = EXCLUDED.study, treatment_label = EXCLUDED.treatment_label, description = EXCLUDED.description;

INSERT INTO treatments (treatment_id, study, treatment_label, description)
VALUES ('phe-covid-2021-B', 'phe-covid-2021', 'B', 'Unvaccinated. Within every age stratum, unvaccinated individuals have a HIGHER COVID-19 Delta death rate than vaccinated. Pooled death rate appears LOWER (0.17%) — a statistical artifact of the unvaccinated cohort being overwhelmingly young (97.7% under 50).') ON CONFLICT (treatment_id) DO UPDATE SET study = EXCLUDED.study, treatment_label = EXCLUDED.treatment_label, description = EXCLUDED.description;

-- ----------------------------------------------------------------------------
-- Strata: Table: Strata — the subdivisions of patients within a study by the value of the confounding variable (e.g. stone size). Each stratum belongs to one study.
-- ----------------------------------------------------------------------------
INSERT INTO strata (stratum_id, study, stratum_label, description)
VALUES ('kidney-1986-small', 'kidney-1986', 'small', 'Patients with small kidney stones — easier to treat, higher baseline success rate regardless of treatment.') ON CONFLICT (stratum_id) DO UPDATE SET study = EXCLUDED.study, stratum_label = EXCLUDED.stratum_label, description = EXCLUDED.description;

INSERT INTO strata (stratum_id, study, stratum_label, description)
VALUES ('kidney-1986-large', 'kidney-1986', 'large', 'Patients with large kidney stones — harder to treat, lower baseline success rate regardless of treatment. Preferentially assigned to Treatment A.') ON CONFLICT (stratum_id) DO UPDATE SET study = EXCLUDED.study, stratum_label = EXCLUDED.stratum_label, description = EXCLUDED.description;

INSERT INTO strata (stratum_id, study, stratum_label, description)
VALUES ('kidney-balanced-small', 'kidney-balanced', 'small', 'Small kidney stones — same baseline rates as kidney-1986 small stratum but now receiving exactly 50% of each treatment''s cases. Counterfactual stratum.') ON CONFLICT (stratum_id) DO UPDATE SET study = EXCLUDED.study, stratum_label = EXCLUDED.stratum_label, description = EXCLUDED.description;

INSERT INTO strata (stratum_id, study, stratum_label, description)
VALUES ('kidney-balanced-large', 'kidney-balanced', 'large', 'Large kidney stones — same baseline rates as kidney-1986 large stratum but now receiving exactly 50% of each treatment''s cases. Equal allocation prevents confounding.') ON CONFLICT (stratum_id) DO UPDATE SET study = EXCLUDED.study, stratum_label = EXCLUDED.stratum_label, description = EXCLUDED.description;

INSERT INTO strata (stratum_id, study, stratum_label, description)
VALUES ('balanced-synthetic-easy', 'balanced-synthetic', 'easy', 'Easy stratum — higher baseline success rate. Receives exactly 50% of each treatment''s cases.') ON CONFLICT (stratum_id) DO UPDATE SET study = EXCLUDED.study, stratum_label = EXCLUDED.stratum_label, description = EXCLUDED.description;

INSERT INTO strata (stratum_id, study, stratum_label, description)
VALUES ('balanced-synthetic-hard', 'balanced-synthetic', 'hard', 'Hard stratum — lower baseline success rate. Receives exactly 50% of each treatment''s cases. Equal allocation prevents confounding.') ON CONFLICT (stratum_id) DO UPDATE SET study = EXCLUDED.study, stratum_label = EXCLUDED.stratum_label, description = EXCLUDED.description;

INSERT INTO strata (stratum_id, study, stratum_label, description)
VALUES ('berkeley-1973-dept-A', 'berkeley-1973', 'dept-A', 'Dept A — highly competitive (low admission rate ~64%). Women applied here at roughly equal rates to men.') ON CONFLICT (stratum_id) DO UPDATE SET study = EXCLUDED.study, stratum_label = EXCLUDED.stratum_label, description = EXCLUDED.description;

INSERT INTO strata (stratum_id, study, stratum_label, description)
VALUES ('berkeley-1973-dept-B', 'berkeley-1973', 'dept-B', 'Dept B — competitive (~35% admission). Women applied here less often.') ON CONFLICT (stratum_id) DO UPDATE SET study = EXCLUDED.study, stratum_label = EXCLUDED.stratum_label, description = EXCLUDED.description;

INSERT INTO strata (stratum_id, study, stratum_label, description)
VALUES ('berkeley-1973-dept-C', 'berkeley-1973', 'dept-C', 'Dept C — moderately selective (~34% admission). More balanced gender application.') ON CONFLICT (stratum_id) DO UPDATE SET study = EXCLUDED.study, stratum_label = EXCLUDED.stratum_label, description = EXCLUDED.description;

INSERT INTO strata (stratum_id, study, stratum_label, description)
VALUES ('berkeley-1973-dept-D', 'berkeley-1973', 'dept-D', 'Dept D — open (~64% admission). Women applied here most heavily — this is the easy department that women disproportionately chose.') ON CONFLICT (stratum_id) DO UPDATE SET study = EXCLUDED.study, stratum_label = EXCLUDED.stratum_label, description = EXCLUDED.description;

INSERT INTO strata (stratum_id, study, stratum_label, description)
VALUES ('compressed-synthetic-hard', 'compressed-synthetic', 'hard', 'Hard stratum — lower baseline success rates (A=70%, B=60%). Treatment A is over-allocated here (60% of A cases vs 40% of B cases). This is the stratum that pulls A''s pooled rate down relative to equal-weight expectation.') ON CONFLICT (stratum_id) DO UPDATE SET study = EXCLUDED.study, stratum_label = EXCLUDED.stratum_label, description = EXCLUDED.description;

INSERT INTO strata (stratum_id, study, stratum_label, description)
VALUES ('compressed-synthetic-easy', 'compressed-synthetic', 'easy', 'Easy stratum — higher baseline success rates (A=90%, B=80%). Treatment B is over-allocated here (60% of B cases vs 40% of A cases). This partially offsets B''s per-stratum disadvantage in the pooled analysis.') ON CONFLICT (stratum_id) DO UPDATE SET study = EXCLUDED.study, stratum_label = EXCLUDED.stratum_label, description = EXCLUDED.description;

INSERT INTO strata (stratum_id, study, stratum_label, description)
VALUES ('reintjes-2000-low', 'reintjes-2000', 'low', 'Low-incidence hospitals (baseline UTI rate ≤2.5%). Prophylaxis rate: 20/1113=1.80%. Control rate: 5/720=0.69%. Prophylaxis is harmful here. Most prophylaxis patients land in this stratum (87%), pulling the aggregate prophylaxis rate down and fabricating an apparent protective effect pooled.') ON CONFLICT (stratum_id) DO UPDATE SET study = EXCLUDED.study, stratum_label = EXCLUDED.stratum_label, description = EXCLUDED.description;

INSERT INTO strata (stratum_id, study, stratum_label, description)
VALUES ('reintjes-2000-high', 'reintjes-2000', 'high', 'High-incidence hospitals (baseline UTI rate >2.5%). Prophylaxis rate: 22/166=13.25%. Control rate: 99/1520=6.51%. Prophylaxis is again harmful. Controls are heavily concentrated here (1520 of 2240=68%), inflating the aggregate control rate.') ON CONFLICT (stratum_id) DO UPDATE SET study = EXCLUDED.study, stratum_label = EXCLUDED.stratum_label, description = EXCLUDED.description;

INSERT INTO strata (stratum_id, study, stratum_label, description)
VALUES ('radelet-1981-white-victim', 'radelet-1981', 'white-victim', 'Cases with a white victim. Death penalty issued far more often here (~17% pooled). White def: 19/151=12.58%. Black def: 11/63=17.46%. Black defendants MORE likely within this stratum.') ON CONFLICT (stratum_id) DO UPDATE SET study = EXCLUDED.study, stratum_label = EXCLUDED.stratum_label, description = EXCLUDED.description;

INSERT INTO strata (stratum_id, study, stratum_label, description)
VALUES ('radelet-1981-black-victim', 'radelet-1981', 'black-victim', 'Cases with a black victim. Death penalty rare here (~3.3% pooled). White def: 0/9=0.00%. Black def: 6/103=5.83%. Black defendants STILL more likely. Most black defendants are in this low-rate stratum (103/166=62%), dragging their aggregate rate down.') ON CONFLICT (stratum_id) DO UPDATE SET study = EXCLUDED.study, stratum_label = EXCLUDED.stratum_label, description = EXCLUDED.description;

INSERT INTO strata (stratum_id, study, stratum_label, description)
VALUES ('jeter-justice-1997-1995', 'jeter-justice-1997', '1995', '1995 season. Jeter: 12/48=.250. Justice: 104/411=.253. Justice wins by 3 points. Small season for Jeter (48 AB, rookie call-up); Justice''s heaviest season (411 AB) and his weakest average — this is the stratum doing the most damage to Justice''s combined rate.') ON CONFLICT (stratum_id) DO UPDATE SET study = EXCLUDED.study, stratum_label = EXCLUDED.stratum_label, description = EXCLUDED.description;

INSERT INTO strata (stratum_id, study, stratum_label, description)
VALUES ('jeter-justice-1997-1996', 'jeter-justice-1997', '1996', '1996 season. Jeter: 183/582=.314. Justice: 45/140=.321. Justice wins by 7 points. Jeter''s breakout full season (582 AB). Justice had a shortened season (140 AB) but a high average — a small, strong stratum that lifts his per-year record but contributes little weight to combined.') ON CONFLICT (stratum_id) DO UPDATE SET study = EXCLUDED.study, stratum_label = EXCLUDED.stratum_label, description = EXCLUDED.description;

INSERT INTO strata (stratum_id, study, stratum_label, description)
VALUES ('jeter-justice-1997-1997', 'jeter-justice-1997', '1997', '1997 season. Jeter: 190/654=.291. Justice: 163/495=.329. Justice wins by 38 points — the largest per-stratum gap. Jeter''s largest season (654 AB). The allocation imbalance is clear: Jeter has 654 AB in a .291 year vs Justice''s 495 at .329.') ON CONFLICT (stratum_id) DO UPDATE SET study = EXCLUDED.study, stratum_label = EXCLUDED.stratum_label, description = EXCLUDED.description;

INSERT INTO strata (stratum_id, study, stratum_label, description)
VALUES ('appleton-1996-18-24', 'appleton-1996', '18-24', 'Age 18-24 at baseline. Smokers: 2/55=3.6% mortality. Non-smokers: 1/72=1.4%. Smokers worse. Very low mortality overall; small absolute differences.') ON CONFLICT (stratum_id) DO UPDATE SET study = EXCLUDED.study, stratum_label = EXCLUDED.stratum_label, description = EXCLUDED.description;

INSERT INTO strata (stratum_id, study, stratum_label, description)
VALUES ('appleton-1996-25-34', 'appleton-1996', '25-34', 'Age 25-34 at baseline. Smokers: 3/125=2.4% mortality. Non-smokers: 4/156=2.6%. Effectively tied (smokers marginally better — near-zero stratum gap). Very low mortality stratum.') ON CONFLICT (stratum_id) DO UPDATE SET study = EXCLUDED.study, stratum_label = EXCLUDED.stratum_label, description = EXCLUDED.description;

INSERT INTO strata (stratum_id, study, stratum_label, description)
VALUES ('appleton-1996-35-44', 'appleton-1996', '35-44', 'Age 35-44 at baseline. Smokers: 10/105=9.5% mortality. Non-smokers: 7/111=6.3%. Smokers clearly worse.') ON CONFLICT (stratum_id) DO UPDATE SET study = EXCLUDED.study, stratum_label = EXCLUDED.stratum_label, description = EXCLUDED.description;

INSERT INTO strata (stratum_id, study, stratum_label, description)
VALUES ('appleton-1996-45-54', 'appleton-1996', '45-54', 'Age 45-54 at baseline. Smokers: 28/131=21.4% mortality. Non-smokers: 12/78=15.4%. Smokers worse; gap widening with age.') ON CONFLICT (stratum_id) DO UPDATE SET study = EXCLUDED.study, stratum_label = EXCLUDED.stratum_label, description = EXCLUDED.description;

INSERT INTO strata (stratum_id, study, stratum_label, description)
VALUES ('appleton-1996-55-64', 'appleton-1996', '55-64', 'Age 55-64 at baseline. Smokers: 52/116=44.8% mortality. Non-smokers: 41/122=33.6%. Smokers clearly worse; largest absolute gap in the middle strata.') ON CONFLICT (stratum_id) DO UPDATE SET study = EXCLUDED.study, stratum_label = EXCLUDED.stratum_label, description = EXCLUDED.description;

INSERT INTO strata (stratum_id, study, stratum_label, description)
VALUES ('appleton-1996-65-74', 'appleton-1996', '65-74', 'Age 65-74 at baseline. Smokers: 31/37=83.8% mortality. Non-smokers: 101/129=78.3%. Smokers worse. Small smoker group (37) — most heavy smokers in this cohort had already died before reaching 65 at baseline (survivorship selection).') ON CONFLICT (stratum_id) DO UPDATE SET study = EXCLUDED.study, stratum_label = EXCLUDED.stratum_label, description = EXCLUDED.description;

INSERT INTO strata (stratum_id, study, stratum_label, description)
VALUES ('appleton-1996-75plus', 'appleton-1996', '75+', 'Age 75+ at baseline. Smokers: 13/13=100% mortality. Non-smokers: 64/64=100%. Both groups reach 100% at 20-year follow-up — everyone in this stratum died. StratumGap=0. Heavy survivorship selection: only 13 smokers survived to 75+ at baseline vs 64 non-smokers.') ON CONFLICT (stratum_id) DO UPDATE SET study = EXCLUDED.study, stratum_label = EXCLUDED.stratum_label, description = EXCLUDED.description;

INSERT INTO strata (stratum_id, study, stratum_label, description)
VALUES ('phe-covid-2021-under-50', 'phe-covid-2021', 'under 50', 'Age under 50. Vaccinated CFR: 21/89,807=0.023%. Unvaccinated CFR: 48/147,612=0.033%. Vaccinated clearly better. Low absolute mortality in both groups — under-50 COVID Delta deaths are rare regardless of vaccination status.') ON CONFLICT (stratum_id) DO UPDATE SET study = EXCLUDED.study, stratum_label = EXCLUDED.stratum_label, description = EXCLUDED.description;

INSERT INTO strata (stratum_id, study, stratum_label, description)
VALUES ('phe-covid-2021-50plus', 'phe-covid-2021', '50 +', 'Age 50 and over. Vaccinated CFR: 460/27,307=1.68%. Unvaccinated CFR: 205/3,440=5.96%. Vaccinated dramatically better (3.5× lower death rate). The enormous relative risk reduction in this high-mortality stratum is the true vaccine signal — but it is hidden in the pooled comparison because so few unvaccinated people are in this stratum (3,440 vs 27,307 vaccinated).') ON CONFLICT (stratum_id) DO UPDATE SET study = EXCLUDED.study, stratum_label = EXCLUDED.stratum_label, description = EXCLUDED.description;

INSERT INTO strata (stratum_id, study, stratum_label, description)
VALUES ('hannan-1994-high-risk', 'hannan-1994', 'high-risk', 'High-risk CABG patients (EuroSCORE-equivalent ≥5). High-volume hospitals (A) are disproportionately assigned these harder cases — 40% of A’s caseload vs 25% of B’s. A wins this stratum (95.0% vs 92.0%). The over-representation of hard cases in A drags A’s pooled rate below the equal-weight average.') ON CONFLICT (stratum_id) DO UPDATE SET study = EXCLUDED.study, stratum_label = EXCLUDED.stratum_label, description = EXCLUDED.description;

INSERT INTO strata (stratum_id, study, stratum_label, description)
VALUES ('hannan-1994-low-risk', 'hannan-1994', 'low-risk', 'Low-risk CABG patients (EuroSCORE-equivalent <5). Low-volume hospitals (B) have proportionally more of these easier cases — 75% of B’s caseload vs 60% of A’s. A still wins this stratum (97.8% vs 96.0%). The allocation imbalance compresses A’s pooled advantage without reversing it.') ON CONFLICT (stratum_id) DO UPDATE SET study = EXCLUDED.study, stratum_label = EXCLUDED.stratum_label, description = EXCLUDED.description;

-- ----------------------------------------------------------------------------
-- CaseCells: Table: CaseCells — the raw leaves of the DAG. One row per (study, stratum, treatment) combination recording the aggregate count of successes and total cases. Every derived fact in the model traces back to these numbers. Nothing above this row is a raw input.
-- ----------------------------------------------------------------------------
INSERT INTO case_cells (case_cell_id, study, stratum_label, treatment_label, successes, cases)
VALUES ('kidney-1986-small-A', 'kidney-1986', 'small', 'A', 81, 87) ON CONFLICT (case_cell_id) DO UPDATE SET study = EXCLUDED.study, stratum_label = EXCLUDED.stratum_label, treatment_label = EXCLUDED.treatment_label, successes = EXCLUDED.successes, cases = EXCLUDED.cases;

INSERT INTO case_cells (case_cell_id, study, stratum_label, treatment_label, successes, cases)
VALUES ('kidney-1986-small-B', 'kidney-1986', 'small', 'B', 234, 270) ON CONFLICT (case_cell_id) DO UPDATE SET study = EXCLUDED.study, stratum_label = EXCLUDED.stratum_label, treatment_label = EXCLUDED.treatment_label, successes = EXCLUDED.successes, cases = EXCLUDED.cases;

INSERT INTO case_cells (case_cell_id, study, stratum_label, treatment_label, successes, cases)
VALUES ('kidney-1986-large-A', 'kidney-1986', 'large', 'A', 192, 263) ON CONFLICT (case_cell_id) DO UPDATE SET study = EXCLUDED.study, stratum_label = EXCLUDED.stratum_label, treatment_label = EXCLUDED.treatment_label, successes = EXCLUDED.successes, cases = EXCLUDED.cases;

INSERT INTO case_cells (case_cell_id, study, stratum_label, treatment_label, successes, cases)
VALUES ('kidney-1986-large-B', 'kidney-1986', 'large', 'B', 55, 80) ON CONFLICT (case_cell_id) DO UPDATE SET study = EXCLUDED.study, stratum_label = EXCLUDED.stratum_label, treatment_label = EXCLUDED.treatment_label, successes = EXCLUDED.successes, cases = EXCLUDED.cases;

INSERT INTO case_cells (case_cell_id, study, stratum_label, treatment_label, successes, cases)
VALUES ('kidney-balanced-small-A', 'kidney-balanced', 'small', 'A', 163, 175) ON CONFLICT (case_cell_id) DO UPDATE SET study = EXCLUDED.study, stratum_label = EXCLUDED.stratum_label, treatment_label = EXCLUDED.treatment_label, successes = EXCLUDED.successes, cases = EXCLUDED.cases;

INSERT INTO case_cells (case_cell_id, study, stratum_label, treatment_label, successes, cases)
VALUES ('kidney-balanced-small-B', 'kidney-balanced', 'small', 'B', 152, 175) ON CONFLICT (case_cell_id) DO UPDATE SET study = EXCLUDED.study, stratum_label = EXCLUDED.stratum_label, treatment_label = EXCLUDED.treatment_label, successes = EXCLUDED.successes, cases = EXCLUDED.cases;

INSERT INTO case_cells (case_cell_id, study, stratum_label, treatment_label, successes, cases)
VALUES ('kidney-balanced-large-A', 'kidney-balanced', 'large', 'A', 128, 175) ON CONFLICT (case_cell_id) DO UPDATE SET study = EXCLUDED.study, stratum_label = EXCLUDED.stratum_label, treatment_label = EXCLUDED.treatment_label, successes = EXCLUDED.successes, cases = EXCLUDED.cases;

INSERT INTO case_cells (case_cell_id, study, stratum_label, treatment_label, successes, cases)
VALUES ('kidney-balanced-large-B', 'kidney-balanced', 'large', 'B', 120, 175) ON CONFLICT (case_cell_id) DO UPDATE SET study = EXCLUDED.study, stratum_label = EXCLUDED.stratum_label, treatment_label = EXCLUDED.treatment_label, successes = EXCLUDED.successes, cases = EXCLUDED.cases;

INSERT INTO case_cells (case_cell_id, study, stratum_label, treatment_label, successes, cases)
VALUES ('balanced-synthetic-easy-A', 'balanced-synthetic', 'easy', 'A', 60, 100) ON CONFLICT (case_cell_id) DO UPDATE SET study = EXCLUDED.study, stratum_label = EXCLUDED.stratum_label, treatment_label = EXCLUDED.treatment_label, successes = EXCLUDED.successes, cases = EXCLUDED.cases;

INSERT INTO case_cells (case_cell_id, study, stratum_label, treatment_label, successes, cases)
VALUES ('balanced-synthetic-easy-B', 'balanced-synthetic', 'easy', 'B', 50, 100) ON CONFLICT (case_cell_id) DO UPDATE SET study = EXCLUDED.study, stratum_label = EXCLUDED.stratum_label, treatment_label = EXCLUDED.treatment_label, successes = EXCLUDED.successes, cases = EXCLUDED.cases;

INSERT INTO case_cells (case_cell_id, study, stratum_label, treatment_label, successes, cases)
VALUES ('balanced-synthetic-hard-A', 'balanced-synthetic', 'hard', 'A', 60, 100) ON CONFLICT (case_cell_id) DO UPDATE SET study = EXCLUDED.study, stratum_label = EXCLUDED.stratum_label, treatment_label = EXCLUDED.treatment_label, successes = EXCLUDED.successes, cases = EXCLUDED.cases;

INSERT INTO case_cells (case_cell_id, study, stratum_label, treatment_label, successes, cases)
VALUES ('balanced-synthetic-hard-B', 'balanced-synthetic', 'hard', 'B', 50, 100) ON CONFLICT (case_cell_id) DO UPDATE SET study = EXCLUDED.study, stratum_label = EXCLUDED.stratum_label, treatment_label = EXCLUDED.treatment_label, successes = EXCLUDED.successes, cases = EXCLUDED.cases;

INSERT INTO case_cells (case_cell_id, study, stratum_label, treatment_label, successes, cases)
VALUES ('berkeley-1973-dept-A-male', 'berkeley-1973', 'dept-A', 'A', 512, 825) ON CONFLICT (case_cell_id) DO UPDATE SET study = EXCLUDED.study, stratum_label = EXCLUDED.stratum_label, treatment_label = EXCLUDED.treatment_label, successes = EXCLUDED.successes, cases = EXCLUDED.cases;

INSERT INTO case_cells (case_cell_id, study, stratum_label, treatment_label, successes, cases)
VALUES ('berkeley-1973-dept-A-female', 'berkeley-1973', 'dept-A', 'B', 89, 108) ON CONFLICT (case_cell_id) DO UPDATE SET study = EXCLUDED.study, stratum_label = EXCLUDED.stratum_label, treatment_label = EXCLUDED.treatment_label, successes = EXCLUDED.successes, cases = EXCLUDED.cases;

INSERT INTO case_cells (case_cell_id, study, stratum_label, treatment_label, successes, cases)
VALUES ('berkeley-1973-dept-B-male', 'berkeley-1973', 'dept-B', 'A', 353, 560) ON CONFLICT (case_cell_id) DO UPDATE SET study = EXCLUDED.study, stratum_label = EXCLUDED.stratum_label, treatment_label = EXCLUDED.treatment_label, successes = EXCLUDED.successes, cases = EXCLUDED.cases;

INSERT INTO case_cells (case_cell_id, study, stratum_label, treatment_label, successes, cases)
VALUES ('berkeley-1973-dept-B-female', 'berkeley-1973', 'dept-B', 'B', 17, 25) ON CONFLICT (case_cell_id) DO UPDATE SET study = EXCLUDED.study, stratum_label = EXCLUDED.stratum_label, treatment_label = EXCLUDED.treatment_label, successes = EXCLUDED.successes, cases = EXCLUDED.cases;

INSERT INTO case_cells (case_cell_id, study, stratum_label, treatment_label, successes, cases)
VALUES ('berkeley-1973-dept-C-male', 'berkeley-1973', 'dept-C', 'A', 120, 325) ON CONFLICT (case_cell_id) DO UPDATE SET study = EXCLUDED.study, stratum_label = EXCLUDED.stratum_label, treatment_label = EXCLUDED.treatment_label, successes = EXCLUDED.successes, cases = EXCLUDED.cases;

INSERT INTO case_cells (case_cell_id, study, stratum_label, treatment_label, successes, cases)
VALUES ('berkeley-1973-dept-C-female', 'berkeley-1973', 'dept-C', 'B', 202, 593) ON CONFLICT (case_cell_id) DO UPDATE SET study = EXCLUDED.study, stratum_label = EXCLUDED.stratum_label, treatment_label = EXCLUDED.treatment_label, successes = EXCLUDED.successes, cases = EXCLUDED.cases;

INSERT INTO case_cells (case_cell_id, study, stratum_label, treatment_label, successes, cases)
VALUES ('berkeley-1973-dept-D-male', 'berkeley-1973', 'dept-D', 'A', 138, 417) ON CONFLICT (case_cell_id) DO UPDATE SET study = EXCLUDED.study, stratum_label = EXCLUDED.stratum_label, treatment_label = EXCLUDED.treatment_label, successes = EXCLUDED.successes, cases = EXCLUDED.cases;

INSERT INTO case_cells (case_cell_id, study, stratum_label, treatment_label, successes, cases)
VALUES ('berkeley-1973-dept-D-female', 'berkeley-1973', 'dept-D', 'B', 131, 375) ON CONFLICT (case_cell_id) DO UPDATE SET study = EXCLUDED.study, stratum_label = EXCLUDED.stratum_label, treatment_label = EXCLUDED.treatment_label, successes = EXCLUDED.successes, cases = EXCLUDED.cases;

INSERT INTO case_cells (case_cell_id, study, stratum_label, treatment_label, successes, cases)
VALUES ('compressed-synthetic-hard-A', 'compressed-synthetic', 'hard', 'A', 84, 120) ON CONFLICT (case_cell_id) DO UPDATE SET study = EXCLUDED.study, stratum_label = EXCLUDED.stratum_label, treatment_label = EXCLUDED.treatment_label, successes = EXCLUDED.successes, cases = EXCLUDED.cases;

INSERT INTO case_cells (case_cell_id, study, stratum_label, treatment_label, successes, cases)
VALUES ('compressed-synthetic-hard-B', 'compressed-synthetic', 'hard', 'B', 48, 80) ON CONFLICT (case_cell_id) DO UPDATE SET study = EXCLUDED.study, stratum_label = EXCLUDED.stratum_label, treatment_label = EXCLUDED.treatment_label, successes = EXCLUDED.successes, cases = EXCLUDED.cases;

INSERT INTO case_cells (case_cell_id, study, stratum_label, treatment_label, successes, cases)
VALUES ('compressed-synthetic-easy-A', 'compressed-synthetic', 'easy', 'A', 72, 80) ON CONFLICT (case_cell_id) DO UPDATE SET study = EXCLUDED.study, stratum_label = EXCLUDED.stratum_label, treatment_label = EXCLUDED.treatment_label, successes = EXCLUDED.successes, cases = EXCLUDED.cases;

INSERT INTO case_cells (case_cell_id, study, stratum_label, treatment_label, successes, cases)
VALUES ('compressed-synthetic-easy-B', 'compressed-synthetic', 'easy', 'B', 96, 120) ON CONFLICT (case_cell_id) DO UPDATE SET study = EXCLUDED.study, stratum_label = EXCLUDED.stratum_label, treatment_label = EXCLUDED.treatment_label, successes = EXCLUDED.successes, cases = EXCLUDED.cases;

INSERT INTO case_cells (case_cell_id, study, stratum_label, treatment_label, successes, cases)
VALUES ('reintjes-2000-low-A', 'reintjes-2000', 'low', 'A', 20, 1113) ON CONFLICT (case_cell_id) DO UPDATE SET study = EXCLUDED.study, stratum_label = EXCLUDED.stratum_label, treatment_label = EXCLUDED.treatment_label, successes = EXCLUDED.successes, cases = EXCLUDED.cases;

INSERT INTO case_cells (case_cell_id, study, stratum_label, treatment_label, successes, cases)
VALUES ('reintjes-2000-low-B', 'reintjes-2000', 'low', 'B', 5, 720) ON CONFLICT (case_cell_id) DO UPDATE SET study = EXCLUDED.study, stratum_label = EXCLUDED.stratum_label, treatment_label = EXCLUDED.treatment_label, successes = EXCLUDED.successes, cases = EXCLUDED.cases;

INSERT INTO case_cells (case_cell_id, study, stratum_label, treatment_label, successes, cases)
VALUES ('reintjes-2000-high-A', 'reintjes-2000', 'high', 'A', 22, 166) ON CONFLICT (case_cell_id) DO UPDATE SET study = EXCLUDED.study, stratum_label = EXCLUDED.stratum_label, treatment_label = EXCLUDED.treatment_label, successes = EXCLUDED.successes, cases = EXCLUDED.cases;

INSERT INTO case_cells (case_cell_id, study, stratum_label, treatment_label, successes, cases)
VALUES ('reintjes-2000-high-B', 'reintjes-2000', 'high', 'B', 99, 1520) ON CONFLICT (case_cell_id) DO UPDATE SET study = EXCLUDED.study, stratum_label = EXCLUDED.stratum_label, treatment_label = EXCLUDED.treatment_label, successes = EXCLUDED.successes, cases = EXCLUDED.cases;

INSERT INTO case_cells (case_cell_id, study, stratum_label, treatment_label, successes, cases)
VALUES ('radelet-1981-white-victim-A', 'radelet-1981', 'white-victim', 'A', 19, 151) ON CONFLICT (case_cell_id) DO UPDATE SET study = EXCLUDED.study, stratum_label = EXCLUDED.stratum_label, treatment_label = EXCLUDED.treatment_label, successes = EXCLUDED.successes, cases = EXCLUDED.cases;

INSERT INTO case_cells (case_cell_id, study, stratum_label, treatment_label, successes, cases)
VALUES ('radelet-1981-white-victim-B', 'radelet-1981', 'white-victim', 'B', 11, 63) ON CONFLICT (case_cell_id) DO UPDATE SET study = EXCLUDED.study, stratum_label = EXCLUDED.stratum_label, treatment_label = EXCLUDED.treatment_label, successes = EXCLUDED.successes, cases = EXCLUDED.cases;

INSERT INTO case_cells (case_cell_id, study, stratum_label, treatment_label, successes, cases)
VALUES ('radelet-1981-black-victim-A', 'radelet-1981', 'black-victim', 'A', 0, 9) ON CONFLICT (case_cell_id) DO UPDATE SET study = EXCLUDED.study, stratum_label = EXCLUDED.stratum_label, treatment_label = EXCLUDED.treatment_label, successes = EXCLUDED.successes, cases = EXCLUDED.cases;

INSERT INTO case_cells (case_cell_id, study, stratum_label, treatment_label, successes, cases)
VALUES ('radelet-1981-black-victim-B', 'radelet-1981', 'black-victim', 'B', 6, 103) ON CONFLICT (case_cell_id) DO UPDATE SET study = EXCLUDED.study, stratum_label = EXCLUDED.stratum_label, treatment_label = EXCLUDED.treatment_label, successes = EXCLUDED.successes, cases = EXCLUDED.cases;

INSERT INTO case_cells (case_cell_id, study, stratum_label, treatment_label, successes, cases)
VALUES ('jeter-justice-1997-1995-A', 'jeter-justice-1997', '1995', 'A', 12, 48) ON CONFLICT (case_cell_id) DO UPDATE SET study = EXCLUDED.study, stratum_label = EXCLUDED.stratum_label, treatment_label = EXCLUDED.treatment_label, successes = EXCLUDED.successes, cases = EXCLUDED.cases;

INSERT INTO case_cells (case_cell_id, study, stratum_label, treatment_label, successes, cases)
VALUES ('jeter-justice-1997-1995-B', 'jeter-justice-1997', '1995', 'B', 104, 411) ON CONFLICT (case_cell_id) DO UPDATE SET study = EXCLUDED.study, stratum_label = EXCLUDED.stratum_label, treatment_label = EXCLUDED.treatment_label, successes = EXCLUDED.successes, cases = EXCLUDED.cases;

INSERT INTO case_cells (case_cell_id, study, stratum_label, treatment_label, successes, cases)
VALUES ('jeter-justice-1997-1996-A', 'jeter-justice-1997', '1996', 'A', 183, 582) ON CONFLICT (case_cell_id) DO UPDATE SET study = EXCLUDED.study, stratum_label = EXCLUDED.stratum_label, treatment_label = EXCLUDED.treatment_label, successes = EXCLUDED.successes, cases = EXCLUDED.cases;

INSERT INTO case_cells (case_cell_id, study, stratum_label, treatment_label, successes, cases)
VALUES ('jeter-justice-1997-1996-B', 'jeter-justice-1997', '1996', 'B', 45, 140) ON CONFLICT (case_cell_id) DO UPDATE SET study = EXCLUDED.study, stratum_label = EXCLUDED.stratum_label, treatment_label = EXCLUDED.treatment_label, successes = EXCLUDED.successes, cases = EXCLUDED.cases;

INSERT INTO case_cells (case_cell_id, study, stratum_label, treatment_label, successes, cases)
VALUES ('jeter-justice-1997-1997-A', 'jeter-justice-1997', '1997', 'A', 190, 654) ON CONFLICT (case_cell_id) DO UPDATE SET study = EXCLUDED.study, stratum_label = EXCLUDED.stratum_label, treatment_label = EXCLUDED.treatment_label, successes = EXCLUDED.successes, cases = EXCLUDED.cases;

INSERT INTO case_cells (case_cell_id, study, stratum_label, treatment_label, successes, cases)
VALUES ('jeter-justice-1997-1997-B', 'jeter-justice-1997', '1997', 'B', 163, 495) ON CONFLICT (case_cell_id) DO UPDATE SET study = EXCLUDED.study, stratum_label = EXCLUDED.stratum_label, treatment_label = EXCLUDED.treatment_label, successes = EXCLUDED.successes, cases = EXCLUDED.cases;

INSERT INTO case_cells (case_cell_id, study, stratum_label, treatment_label, successes, cases)
VALUES ('appleton-1996-18-24-A', 'appleton-1996', '18-24', 'A', 2, 55) ON CONFLICT (case_cell_id) DO UPDATE SET study = EXCLUDED.study, stratum_label = EXCLUDED.stratum_label, treatment_label = EXCLUDED.treatment_label, successes = EXCLUDED.successes, cases = EXCLUDED.cases;

INSERT INTO case_cells (case_cell_id, study, stratum_label, treatment_label, successes, cases)
VALUES ('appleton-1996-18-24-B', 'appleton-1996', '18-24', 'B', 1, 72) ON CONFLICT (case_cell_id) DO UPDATE SET study = EXCLUDED.study, stratum_label = EXCLUDED.stratum_label, treatment_label = EXCLUDED.treatment_label, successes = EXCLUDED.successes, cases = EXCLUDED.cases;

INSERT INTO case_cells (case_cell_id, study, stratum_label, treatment_label, successes, cases)
VALUES ('appleton-1996-25-34-A', 'appleton-1996', '25-34', 'A', 3, 125) ON CONFLICT (case_cell_id) DO UPDATE SET study = EXCLUDED.study, stratum_label = EXCLUDED.stratum_label, treatment_label = EXCLUDED.treatment_label, successes = EXCLUDED.successes, cases = EXCLUDED.cases;

INSERT INTO case_cells (case_cell_id, study, stratum_label, treatment_label, successes, cases)
VALUES ('appleton-1996-25-34-B', 'appleton-1996', '25-34', 'B', 4, 156) ON CONFLICT (case_cell_id) DO UPDATE SET study = EXCLUDED.study, stratum_label = EXCLUDED.stratum_label, treatment_label = EXCLUDED.treatment_label, successes = EXCLUDED.successes, cases = EXCLUDED.cases;

INSERT INTO case_cells (case_cell_id, study, stratum_label, treatment_label, successes, cases)
VALUES ('appleton-1996-35-44-A', 'appleton-1996', '35-44', 'A', 10, 105) ON CONFLICT (case_cell_id) DO UPDATE SET study = EXCLUDED.study, stratum_label = EXCLUDED.stratum_label, treatment_label = EXCLUDED.treatment_label, successes = EXCLUDED.successes, cases = EXCLUDED.cases;

INSERT INTO case_cells (case_cell_id, study, stratum_label, treatment_label, successes, cases)
VALUES ('appleton-1996-35-44-B', 'appleton-1996', '35-44', 'B', 7, 111) ON CONFLICT (case_cell_id) DO UPDATE SET study = EXCLUDED.study, stratum_label = EXCLUDED.stratum_label, treatment_label = EXCLUDED.treatment_label, successes = EXCLUDED.successes, cases = EXCLUDED.cases;

INSERT INTO case_cells (case_cell_id, study, stratum_label, treatment_label, successes, cases)
VALUES ('appleton-1996-45-54-A', 'appleton-1996', '45-54', 'A', 28, 131) ON CONFLICT (case_cell_id) DO UPDATE SET study = EXCLUDED.study, stratum_label = EXCLUDED.stratum_label, treatment_label = EXCLUDED.treatment_label, successes = EXCLUDED.successes, cases = EXCLUDED.cases;

INSERT INTO case_cells (case_cell_id, study, stratum_label, treatment_label, successes, cases)
VALUES ('appleton-1996-45-54-B', 'appleton-1996', '45-54', 'B', 12, 78) ON CONFLICT (case_cell_id) DO UPDATE SET study = EXCLUDED.study, stratum_label = EXCLUDED.stratum_label, treatment_label = EXCLUDED.treatment_label, successes = EXCLUDED.successes, cases = EXCLUDED.cases;

INSERT INTO case_cells (case_cell_id, study, stratum_label, treatment_label, successes, cases)
VALUES ('appleton-1996-55-64-A', 'appleton-1996', '55-64', 'A', 52, 116) ON CONFLICT (case_cell_id) DO UPDATE SET study = EXCLUDED.study, stratum_label = EXCLUDED.stratum_label, treatment_label = EXCLUDED.treatment_label, successes = EXCLUDED.successes, cases = EXCLUDED.cases;

INSERT INTO case_cells (case_cell_id, study, stratum_label, treatment_label, successes, cases)
VALUES ('appleton-1996-55-64-B', 'appleton-1996', '55-64', 'B', 41, 122) ON CONFLICT (case_cell_id) DO UPDATE SET study = EXCLUDED.study, stratum_label = EXCLUDED.stratum_label, treatment_label = EXCLUDED.treatment_label, successes = EXCLUDED.successes, cases = EXCLUDED.cases;

INSERT INTO case_cells (case_cell_id, study, stratum_label, treatment_label, successes, cases)
VALUES ('appleton-1996-65-74-A', 'appleton-1996', '65-74', 'A', 31, 37) ON CONFLICT (case_cell_id) DO UPDATE SET study = EXCLUDED.study, stratum_label = EXCLUDED.stratum_label, treatment_label = EXCLUDED.treatment_label, successes = EXCLUDED.successes, cases = EXCLUDED.cases;

INSERT INTO case_cells (case_cell_id, study, stratum_label, treatment_label, successes, cases)
VALUES ('appleton-1996-65-74-B', 'appleton-1996', '65-74', 'B', 101, 129) ON CONFLICT (case_cell_id) DO UPDATE SET study = EXCLUDED.study, stratum_label = EXCLUDED.stratum_label, treatment_label = EXCLUDED.treatment_label, successes = EXCLUDED.successes, cases = EXCLUDED.cases;

INSERT INTO case_cells (case_cell_id, study, stratum_label, treatment_label, successes, cases)
VALUES ('appleton-1996-75plus-A', 'appleton-1996', '75+', 'A', 13, 13) ON CONFLICT (case_cell_id) DO UPDATE SET study = EXCLUDED.study, stratum_label = EXCLUDED.stratum_label, treatment_label = EXCLUDED.treatment_label, successes = EXCLUDED.successes, cases = EXCLUDED.cases;

INSERT INTO case_cells (case_cell_id, study, stratum_label, treatment_label, successes, cases)
VALUES ('appleton-1996-75plus-B', 'appleton-1996', '75+', 'B', 64, 64) ON CONFLICT (case_cell_id) DO UPDATE SET study = EXCLUDED.study, stratum_label = EXCLUDED.stratum_label, treatment_label = EXCLUDED.treatment_label, successes = EXCLUDED.successes, cases = EXCLUDED.cases;

INSERT INTO case_cells (case_cell_id, study, stratum_label, treatment_label, successes, cases)
VALUES ('phe-covid-2021-under-50-A', 'phe-covid-2021', 'under 50', 'A', 21, 89807) ON CONFLICT (case_cell_id) DO UPDATE SET study = EXCLUDED.study, stratum_label = EXCLUDED.stratum_label, treatment_label = EXCLUDED.treatment_label, successes = EXCLUDED.successes, cases = EXCLUDED.cases;

INSERT INTO case_cells (case_cell_id, study, stratum_label, treatment_label, successes, cases)
VALUES ('phe-covid-2021-under-50-B', 'phe-covid-2021', 'under 50', 'B', 48, 147612) ON CONFLICT (case_cell_id) DO UPDATE SET study = EXCLUDED.study, stratum_label = EXCLUDED.stratum_label, treatment_label = EXCLUDED.treatment_label, successes = EXCLUDED.successes, cases = EXCLUDED.cases;

INSERT INTO case_cells (case_cell_id, study, stratum_label, treatment_label, successes, cases)
VALUES ('phe-covid-2021-50plus-A', 'phe-covid-2021', '50 +', 'A', 460, 27307) ON CONFLICT (case_cell_id) DO UPDATE SET study = EXCLUDED.study, stratum_label = EXCLUDED.stratum_label, treatment_label = EXCLUDED.treatment_label, successes = EXCLUDED.successes, cases = EXCLUDED.cases;

INSERT INTO case_cells (case_cell_id, study, stratum_label, treatment_label, successes, cases)
VALUES ('phe-covid-2021-50plus-B', 'phe-covid-2021', '50 +', 'B', 205, 3440) ON CONFLICT (case_cell_id) DO UPDATE SET study = EXCLUDED.study, stratum_label = EXCLUDED.stratum_label, treatment_label = EXCLUDED.treatment_label, successes = EXCLUDED.successes, cases = EXCLUDED.cases;

INSERT INTO case_cells (case_cell_id, study, stratum_label, treatment_label, successes, cases)
VALUES ('hannan-1994-high-risk-A', 'hannan-1994', 'high-risk', 'A', 228, 240) ON CONFLICT (case_cell_id) DO UPDATE SET study = EXCLUDED.study, stratum_label = EXCLUDED.stratum_label, treatment_label = EXCLUDED.treatment_label, successes = EXCLUDED.successes, cases = EXCLUDED.cases;

INSERT INTO case_cells (case_cell_id, study, stratum_label, treatment_label, successes, cases)
VALUES ('hannan-1994-high-risk-B', 'hannan-1994', 'high-risk', 'B', 46, 50) ON CONFLICT (case_cell_id) DO UPDATE SET study = EXCLUDED.study, stratum_label = EXCLUDED.stratum_label, treatment_label = EXCLUDED.treatment_label, successes = EXCLUDED.successes, cases = EXCLUDED.cases;

INSERT INTO case_cells (case_cell_id, study, stratum_label, treatment_label, successes, cases)
VALUES ('hannan-1994-low-risk-A', 'hannan-1994', 'low-risk', 'A', 352, 360) ON CONFLICT (case_cell_id) DO UPDATE SET study = EXCLUDED.study, stratum_label = EXCLUDED.stratum_label, treatment_label = EXCLUDED.treatment_label, successes = EXCLUDED.successes, cases = EXCLUDED.cases;

INSERT INTO case_cells (case_cell_id, study, stratum_label, treatment_label, successes, cases)
VALUES ('hannan-1994-low-risk-B', 'hannan-1994', 'low-risk', 'B', 144, 150) ON CONFLICT (case_cell_id) DO UPDATE SET study = EXCLUDED.study, stratum_label = EXCLUDED.stratum_label, treatment_label = EXCLUDED.treatment_label, successes = EXCLUDED.successes, cases = EXCLUDED.cases;

-- ----------------------------------------------------------------------------
-- StratumSummaries: Table: StratumSummaries — one row per (study, stratum, treatment). Computes the success rate WITHIN each stratum for each treatment. This is the stratified view that contradicts the pooled conclusion when a Simpson's Paradox reversal is present. Each row belongs to both a Stratum and a Treatment in the same Study.
-- ----------------------------------------------------------------------------
INSERT INTO stratum_summaries (stratum_summary_id, study, stratum_label, treatment_label)
VALUES ('kidney-1986-small-A', 'kidney-1986', 'small', 'A') ON CONFLICT (stratum_summary_id) DO UPDATE SET study = EXCLUDED.study, stratum_label = EXCLUDED.stratum_label, treatment_label = EXCLUDED.treatment_label;

INSERT INTO stratum_summaries (stratum_summary_id, study, stratum_label, treatment_label)
VALUES ('kidney-1986-small-B', 'kidney-1986', 'small', 'B') ON CONFLICT (stratum_summary_id) DO UPDATE SET study = EXCLUDED.study, stratum_label = EXCLUDED.stratum_label, treatment_label = EXCLUDED.treatment_label;

INSERT INTO stratum_summaries (stratum_summary_id, study, stratum_label, treatment_label)
VALUES ('kidney-1986-large-A', 'kidney-1986', 'large', 'A') ON CONFLICT (stratum_summary_id) DO UPDATE SET study = EXCLUDED.study, stratum_label = EXCLUDED.stratum_label, treatment_label = EXCLUDED.treatment_label;

INSERT INTO stratum_summaries (stratum_summary_id, study, stratum_label, treatment_label)
VALUES ('kidney-1986-large-B', 'kidney-1986', 'large', 'B') ON CONFLICT (stratum_summary_id) DO UPDATE SET study = EXCLUDED.study, stratum_label = EXCLUDED.stratum_label, treatment_label = EXCLUDED.treatment_label;

INSERT INTO stratum_summaries (stratum_summary_id, study, stratum_label, treatment_label)
VALUES ('kidney-balanced-small-A', 'kidney-balanced', 'small', 'A') ON CONFLICT (stratum_summary_id) DO UPDATE SET study = EXCLUDED.study, stratum_label = EXCLUDED.stratum_label, treatment_label = EXCLUDED.treatment_label;

INSERT INTO stratum_summaries (stratum_summary_id, study, stratum_label, treatment_label)
VALUES ('kidney-balanced-small-B', 'kidney-balanced', 'small', 'B') ON CONFLICT (stratum_summary_id) DO UPDATE SET study = EXCLUDED.study, stratum_label = EXCLUDED.stratum_label, treatment_label = EXCLUDED.treatment_label;

INSERT INTO stratum_summaries (stratum_summary_id, study, stratum_label, treatment_label)
VALUES ('kidney-balanced-large-A', 'kidney-balanced', 'large', 'A') ON CONFLICT (stratum_summary_id) DO UPDATE SET study = EXCLUDED.study, stratum_label = EXCLUDED.stratum_label, treatment_label = EXCLUDED.treatment_label;

INSERT INTO stratum_summaries (stratum_summary_id, study, stratum_label, treatment_label)
VALUES ('kidney-balanced-large-B', 'kidney-balanced', 'large', 'B') ON CONFLICT (stratum_summary_id) DO UPDATE SET study = EXCLUDED.study, stratum_label = EXCLUDED.stratum_label, treatment_label = EXCLUDED.treatment_label;

INSERT INTO stratum_summaries (stratum_summary_id, study, stratum_label, treatment_label)
VALUES ('balanced-synthetic-easy-A', 'balanced-synthetic', 'easy', 'A') ON CONFLICT (stratum_summary_id) DO UPDATE SET study = EXCLUDED.study, stratum_label = EXCLUDED.stratum_label, treatment_label = EXCLUDED.treatment_label;

INSERT INTO stratum_summaries (stratum_summary_id, study, stratum_label, treatment_label)
VALUES ('balanced-synthetic-easy-B', 'balanced-synthetic', 'easy', 'B') ON CONFLICT (stratum_summary_id) DO UPDATE SET study = EXCLUDED.study, stratum_label = EXCLUDED.stratum_label, treatment_label = EXCLUDED.treatment_label;

INSERT INTO stratum_summaries (stratum_summary_id, study, stratum_label, treatment_label)
VALUES ('balanced-synthetic-hard-A', 'balanced-synthetic', 'hard', 'A') ON CONFLICT (stratum_summary_id) DO UPDATE SET study = EXCLUDED.study, stratum_label = EXCLUDED.stratum_label, treatment_label = EXCLUDED.treatment_label;

INSERT INTO stratum_summaries (stratum_summary_id, study, stratum_label, treatment_label)
VALUES ('balanced-synthetic-hard-B', 'balanced-synthetic', 'hard', 'B') ON CONFLICT (stratum_summary_id) DO UPDATE SET study = EXCLUDED.study, stratum_label = EXCLUDED.stratum_label, treatment_label = EXCLUDED.treatment_label;

INSERT INTO stratum_summaries (stratum_summary_id, study, stratum_label, treatment_label)
VALUES ('berkeley-1973-dept-A-male', 'berkeley-1973', 'dept-A', 'A') ON CONFLICT (stratum_summary_id) DO UPDATE SET study = EXCLUDED.study, stratum_label = EXCLUDED.stratum_label, treatment_label = EXCLUDED.treatment_label;

INSERT INTO stratum_summaries (stratum_summary_id, study, stratum_label, treatment_label)
VALUES ('berkeley-1973-dept-A-female', 'berkeley-1973', 'dept-A', 'B') ON CONFLICT (stratum_summary_id) DO UPDATE SET study = EXCLUDED.study, stratum_label = EXCLUDED.stratum_label, treatment_label = EXCLUDED.treatment_label;

INSERT INTO stratum_summaries (stratum_summary_id, study, stratum_label, treatment_label)
VALUES ('berkeley-1973-dept-B-male', 'berkeley-1973', 'dept-B', 'A') ON CONFLICT (stratum_summary_id) DO UPDATE SET study = EXCLUDED.study, stratum_label = EXCLUDED.stratum_label, treatment_label = EXCLUDED.treatment_label;

INSERT INTO stratum_summaries (stratum_summary_id, study, stratum_label, treatment_label)
VALUES ('berkeley-1973-dept-B-female', 'berkeley-1973', 'dept-B', 'B') ON CONFLICT (stratum_summary_id) DO UPDATE SET study = EXCLUDED.study, stratum_label = EXCLUDED.stratum_label, treatment_label = EXCLUDED.treatment_label;

INSERT INTO stratum_summaries (stratum_summary_id, study, stratum_label, treatment_label)
VALUES ('berkeley-1973-dept-C-male', 'berkeley-1973', 'dept-C', 'A') ON CONFLICT (stratum_summary_id) DO UPDATE SET study = EXCLUDED.study, stratum_label = EXCLUDED.stratum_label, treatment_label = EXCLUDED.treatment_label;

INSERT INTO stratum_summaries (stratum_summary_id, study, stratum_label, treatment_label)
VALUES ('berkeley-1973-dept-C-female', 'berkeley-1973', 'dept-C', 'B') ON CONFLICT (stratum_summary_id) DO UPDATE SET study = EXCLUDED.study, stratum_label = EXCLUDED.stratum_label, treatment_label = EXCLUDED.treatment_label;

INSERT INTO stratum_summaries (stratum_summary_id, study, stratum_label, treatment_label)
VALUES ('berkeley-1973-dept-D-male', 'berkeley-1973', 'dept-D', 'A') ON CONFLICT (stratum_summary_id) DO UPDATE SET study = EXCLUDED.study, stratum_label = EXCLUDED.stratum_label, treatment_label = EXCLUDED.treatment_label;

INSERT INTO stratum_summaries (stratum_summary_id, study, stratum_label, treatment_label)
VALUES ('berkeley-1973-dept-D-female', 'berkeley-1973', 'dept-D', 'B') ON CONFLICT (stratum_summary_id) DO UPDATE SET study = EXCLUDED.study, stratum_label = EXCLUDED.stratum_label, treatment_label = EXCLUDED.treatment_label;

INSERT INTO stratum_summaries (stratum_summary_id, study, stratum_label, treatment_label)
VALUES ('compressed-synthetic-hard-A', 'compressed-synthetic', 'hard', 'A') ON CONFLICT (stratum_summary_id) DO UPDATE SET study = EXCLUDED.study, stratum_label = EXCLUDED.stratum_label, treatment_label = EXCLUDED.treatment_label;

INSERT INTO stratum_summaries (stratum_summary_id, study, stratum_label, treatment_label)
VALUES ('compressed-synthetic-hard-B', 'compressed-synthetic', 'hard', 'B') ON CONFLICT (stratum_summary_id) DO UPDATE SET study = EXCLUDED.study, stratum_label = EXCLUDED.stratum_label, treatment_label = EXCLUDED.treatment_label;

INSERT INTO stratum_summaries (stratum_summary_id, study, stratum_label, treatment_label)
VALUES ('compressed-synthetic-easy-A', 'compressed-synthetic', 'easy', 'A') ON CONFLICT (stratum_summary_id) DO UPDATE SET study = EXCLUDED.study, stratum_label = EXCLUDED.stratum_label, treatment_label = EXCLUDED.treatment_label;

INSERT INTO stratum_summaries (stratum_summary_id, study, stratum_label, treatment_label)
VALUES ('compressed-synthetic-easy-B', 'compressed-synthetic', 'easy', 'B') ON CONFLICT (stratum_summary_id) DO UPDATE SET study = EXCLUDED.study, stratum_label = EXCLUDED.stratum_label, treatment_label = EXCLUDED.treatment_label;

INSERT INTO stratum_summaries (stratum_summary_id, study, stratum_label, treatment_label)
VALUES ('reintjes-2000-low-A', 'reintjes-2000', 'low', 'A') ON CONFLICT (stratum_summary_id) DO UPDATE SET study = EXCLUDED.study, stratum_label = EXCLUDED.stratum_label, treatment_label = EXCLUDED.treatment_label;

INSERT INTO stratum_summaries (stratum_summary_id, study, stratum_label, treatment_label)
VALUES ('reintjes-2000-low-B', 'reintjes-2000', 'low', 'B') ON CONFLICT (stratum_summary_id) DO UPDATE SET study = EXCLUDED.study, stratum_label = EXCLUDED.stratum_label, treatment_label = EXCLUDED.treatment_label;

INSERT INTO stratum_summaries (stratum_summary_id, study, stratum_label, treatment_label)
VALUES ('reintjes-2000-high-A', 'reintjes-2000', 'high', 'A') ON CONFLICT (stratum_summary_id) DO UPDATE SET study = EXCLUDED.study, stratum_label = EXCLUDED.stratum_label, treatment_label = EXCLUDED.treatment_label;

INSERT INTO stratum_summaries (stratum_summary_id, study, stratum_label, treatment_label)
VALUES ('reintjes-2000-high-B', 'reintjes-2000', 'high', 'B') ON CONFLICT (stratum_summary_id) DO UPDATE SET study = EXCLUDED.study, stratum_label = EXCLUDED.stratum_label, treatment_label = EXCLUDED.treatment_label;

INSERT INTO stratum_summaries (stratum_summary_id, study, stratum_label, treatment_label)
VALUES ('radelet-1981-white-victim-A', 'radelet-1981', 'white-victim', 'A') ON CONFLICT (stratum_summary_id) DO UPDATE SET study = EXCLUDED.study, stratum_label = EXCLUDED.stratum_label, treatment_label = EXCLUDED.treatment_label;

INSERT INTO stratum_summaries (stratum_summary_id, study, stratum_label, treatment_label)
VALUES ('radelet-1981-white-victim-B', 'radelet-1981', 'white-victim', 'B') ON CONFLICT (stratum_summary_id) DO UPDATE SET study = EXCLUDED.study, stratum_label = EXCLUDED.stratum_label, treatment_label = EXCLUDED.treatment_label;

INSERT INTO stratum_summaries (stratum_summary_id, study, stratum_label, treatment_label)
VALUES ('radelet-1981-black-victim-A', 'radelet-1981', 'black-victim', 'A') ON CONFLICT (stratum_summary_id) DO UPDATE SET study = EXCLUDED.study, stratum_label = EXCLUDED.stratum_label, treatment_label = EXCLUDED.treatment_label;

INSERT INTO stratum_summaries (stratum_summary_id, study, stratum_label, treatment_label)
VALUES ('radelet-1981-black-victim-B', 'radelet-1981', 'black-victim', 'B') ON CONFLICT (stratum_summary_id) DO UPDATE SET study = EXCLUDED.study, stratum_label = EXCLUDED.stratum_label, treatment_label = EXCLUDED.treatment_label;

INSERT INTO stratum_summaries (stratum_summary_id, study, stratum_label, treatment_label)
VALUES ('jeter-justice-1997-1995-A', 'jeter-justice-1997', '1995', 'A') ON CONFLICT (stratum_summary_id) DO UPDATE SET study = EXCLUDED.study, stratum_label = EXCLUDED.stratum_label, treatment_label = EXCLUDED.treatment_label;

INSERT INTO stratum_summaries (stratum_summary_id, study, stratum_label, treatment_label)
VALUES ('jeter-justice-1997-1995-B', 'jeter-justice-1997', '1995', 'B') ON CONFLICT (stratum_summary_id) DO UPDATE SET study = EXCLUDED.study, stratum_label = EXCLUDED.stratum_label, treatment_label = EXCLUDED.treatment_label;

INSERT INTO stratum_summaries (stratum_summary_id, study, stratum_label, treatment_label)
VALUES ('jeter-justice-1997-1996-A', 'jeter-justice-1997', '1996', 'A') ON CONFLICT (stratum_summary_id) DO UPDATE SET study = EXCLUDED.study, stratum_label = EXCLUDED.stratum_label, treatment_label = EXCLUDED.treatment_label;

INSERT INTO stratum_summaries (stratum_summary_id, study, stratum_label, treatment_label)
VALUES ('jeter-justice-1997-1996-B', 'jeter-justice-1997', '1996', 'B') ON CONFLICT (stratum_summary_id) DO UPDATE SET study = EXCLUDED.study, stratum_label = EXCLUDED.stratum_label, treatment_label = EXCLUDED.treatment_label;

INSERT INTO stratum_summaries (stratum_summary_id, study, stratum_label, treatment_label)
VALUES ('jeter-justice-1997-1997-A', 'jeter-justice-1997', '1997', 'A') ON CONFLICT (stratum_summary_id) DO UPDATE SET study = EXCLUDED.study, stratum_label = EXCLUDED.stratum_label, treatment_label = EXCLUDED.treatment_label;

INSERT INTO stratum_summaries (stratum_summary_id, study, stratum_label, treatment_label)
VALUES ('jeter-justice-1997-1997-B', 'jeter-justice-1997', '1997', 'B') ON CONFLICT (stratum_summary_id) DO UPDATE SET study = EXCLUDED.study, stratum_label = EXCLUDED.stratum_label, treatment_label = EXCLUDED.treatment_label;

INSERT INTO stratum_summaries (stratum_summary_id, study, stratum_label, treatment_label)
VALUES ('appleton-1996-18-24-A', 'appleton-1996', '18-24', 'A') ON CONFLICT (stratum_summary_id) DO UPDATE SET study = EXCLUDED.study, stratum_label = EXCLUDED.stratum_label, treatment_label = EXCLUDED.treatment_label;

INSERT INTO stratum_summaries (stratum_summary_id, study, stratum_label, treatment_label)
VALUES ('appleton-1996-18-24-B', 'appleton-1996', '18-24', 'B') ON CONFLICT (stratum_summary_id) DO UPDATE SET study = EXCLUDED.study, stratum_label = EXCLUDED.stratum_label, treatment_label = EXCLUDED.treatment_label;

INSERT INTO stratum_summaries (stratum_summary_id, study, stratum_label, treatment_label)
VALUES ('appleton-1996-25-34-A', 'appleton-1996', '25-34', 'A') ON CONFLICT (stratum_summary_id) DO UPDATE SET study = EXCLUDED.study, stratum_label = EXCLUDED.stratum_label, treatment_label = EXCLUDED.treatment_label;

INSERT INTO stratum_summaries (stratum_summary_id, study, stratum_label, treatment_label)
VALUES ('appleton-1996-25-34-B', 'appleton-1996', '25-34', 'B') ON CONFLICT (stratum_summary_id) DO UPDATE SET study = EXCLUDED.study, stratum_label = EXCLUDED.stratum_label, treatment_label = EXCLUDED.treatment_label;

INSERT INTO stratum_summaries (stratum_summary_id, study, stratum_label, treatment_label)
VALUES ('appleton-1996-35-44-A', 'appleton-1996', '35-44', 'A') ON CONFLICT (stratum_summary_id) DO UPDATE SET study = EXCLUDED.study, stratum_label = EXCLUDED.stratum_label, treatment_label = EXCLUDED.treatment_label;

INSERT INTO stratum_summaries (stratum_summary_id, study, stratum_label, treatment_label)
VALUES ('appleton-1996-35-44-B', 'appleton-1996', '35-44', 'B') ON CONFLICT (stratum_summary_id) DO UPDATE SET study = EXCLUDED.study, stratum_label = EXCLUDED.stratum_label, treatment_label = EXCLUDED.treatment_label;

INSERT INTO stratum_summaries (stratum_summary_id, study, stratum_label, treatment_label)
VALUES ('appleton-1996-45-54-A', 'appleton-1996', '45-54', 'A') ON CONFLICT (stratum_summary_id) DO UPDATE SET study = EXCLUDED.study, stratum_label = EXCLUDED.stratum_label, treatment_label = EXCLUDED.treatment_label;

INSERT INTO stratum_summaries (stratum_summary_id, study, stratum_label, treatment_label)
VALUES ('appleton-1996-45-54-B', 'appleton-1996', '45-54', 'B') ON CONFLICT (stratum_summary_id) DO UPDATE SET study = EXCLUDED.study, stratum_label = EXCLUDED.stratum_label, treatment_label = EXCLUDED.treatment_label;

INSERT INTO stratum_summaries (stratum_summary_id, study, stratum_label, treatment_label)
VALUES ('appleton-1996-55-64-A', 'appleton-1996', '55-64', 'A') ON CONFLICT (stratum_summary_id) DO UPDATE SET study = EXCLUDED.study, stratum_label = EXCLUDED.stratum_label, treatment_label = EXCLUDED.treatment_label;

INSERT INTO stratum_summaries (stratum_summary_id, study, stratum_label, treatment_label)
VALUES ('appleton-1996-55-64-B', 'appleton-1996', '55-64', 'B') ON CONFLICT (stratum_summary_id) DO UPDATE SET study = EXCLUDED.study, stratum_label = EXCLUDED.stratum_label, treatment_label = EXCLUDED.treatment_label;

INSERT INTO stratum_summaries (stratum_summary_id, study, stratum_label, treatment_label)
VALUES ('appleton-1996-65-74-A', 'appleton-1996', '65-74', 'A') ON CONFLICT (stratum_summary_id) DO UPDATE SET study = EXCLUDED.study, stratum_label = EXCLUDED.stratum_label, treatment_label = EXCLUDED.treatment_label;

INSERT INTO stratum_summaries (stratum_summary_id, study, stratum_label, treatment_label)
VALUES ('appleton-1996-65-74-B', 'appleton-1996', '65-74', 'B') ON CONFLICT (stratum_summary_id) DO UPDATE SET study = EXCLUDED.study, stratum_label = EXCLUDED.stratum_label, treatment_label = EXCLUDED.treatment_label;

INSERT INTO stratum_summaries (stratum_summary_id, study, stratum_label, treatment_label)
VALUES ('appleton-1996-75plus-A', 'appleton-1996', '75+', 'A') ON CONFLICT (stratum_summary_id) DO UPDATE SET study = EXCLUDED.study, stratum_label = EXCLUDED.stratum_label, treatment_label = EXCLUDED.treatment_label;

INSERT INTO stratum_summaries (stratum_summary_id, study, stratum_label, treatment_label)
VALUES ('appleton-1996-75plus-B', 'appleton-1996', '75+', 'B') ON CONFLICT (stratum_summary_id) DO UPDATE SET study = EXCLUDED.study, stratum_label = EXCLUDED.stratum_label, treatment_label = EXCLUDED.treatment_label;

INSERT INTO stratum_summaries (stratum_summary_id, study, stratum_label, treatment_label)
VALUES ('phe-covid-2021-under-50-A', 'phe-covid-2021', 'under 50', 'A') ON CONFLICT (stratum_summary_id) DO UPDATE SET study = EXCLUDED.study, stratum_label = EXCLUDED.stratum_label, treatment_label = EXCLUDED.treatment_label;

INSERT INTO stratum_summaries (stratum_summary_id, study, stratum_label, treatment_label)
VALUES ('phe-covid-2021-under-50-B', 'phe-covid-2021', 'under 50', 'B') ON CONFLICT (stratum_summary_id) DO UPDATE SET study = EXCLUDED.study, stratum_label = EXCLUDED.stratum_label, treatment_label = EXCLUDED.treatment_label;

INSERT INTO stratum_summaries (stratum_summary_id, study, stratum_label, treatment_label)
VALUES ('phe-covid-2021-50plus-A', 'phe-covid-2021', '50 +', 'A') ON CONFLICT (stratum_summary_id) DO UPDATE SET study = EXCLUDED.study, stratum_label = EXCLUDED.stratum_label, treatment_label = EXCLUDED.treatment_label;

INSERT INTO stratum_summaries (stratum_summary_id, study, stratum_label, treatment_label)
VALUES ('phe-covid-2021-50plus-B', 'phe-covid-2021', '50 +', 'B') ON CONFLICT (stratum_summary_id) DO UPDATE SET study = EXCLUDED.study, stratum_label = EXCLUDED.stratum_label, treatment_label = EXCLUDED.treatment_label;

INSERT INTO stratum_summaries (stratum_summary_id, study, stratum_label, treatment_label)
VALUES ('hannan-1994-high-risk-A', 'hannan-1994', 'high-risk', 'A') ON CONFLICT (stratum_summary_id) DO UPDATE SET study = EXCLUDED.study, stratum_label = EXCLUDED.stratum_label, treatment_label = EXCLUDED.treatment_label;

INSERT INTO stratum_summaries (stratum_summary_id, study, stratum_label, treatment_label)
VALUES ('hannan-1994-high-risk-B', 'hannan-1994', 'high-risk', 'B') ON CONFLICT (stratum_summary_id) DO UPDATE SET study = EXCLUDED.study, stratum_label = EXCLUDED.stratum_label, treatment_label = EXCLUDED.treatment_label;

INSERT INTO stratum_summaries (stratum_summary_id, study, stratum_label, treatment_label)
VALUES ('hannan-1994-low-risk-A', 'hannan-1994', 'low-risk', 'A') ON CONFLICT (stratum_summary_id) DO UPDATE SET study = EXCLUDED.study, stratum_label = EXCLUDED.stratum_label, treatment_label = EXCLUDED.treatment_label;

INSERT INTO stratum_summaries (stratum_summary_id, study, stratum_label, treatment_label)
VALUES ('hannan-1994-low-risk-B', 'hannan-1994', 'low-risk', 'B') ON CONFLICT (stratum_summary_id) DO UPDATE SET study = EXCLUDED.study, stratum_label = EXCLUDED.stratum_label, treatment_label = EXCLUDED.treatment_label;

-- ----------------------------------------------------------------------------
-- ModelSummary: Table: ModelSummary — one row describing the epistemic coverage of this entire model instance. Aggregates across all TreatmentRankings to witness how many studies were examined, how many showed a full reversal, how many were explained, and the average paradox strength. The model holds a mirror to itself.
-- ----------------------------------------------------------------------------
INSERT INTO model_summary (model_summary_id)
VALUES ('simpsons-paradox-v1') ON CONFLICT (model_summary_id) DO NOTHING;

-- ----------------------------------------------------------------------------
-- StratumVariables: Table: StratumVariables — one row per study, naming the variable that defines the strata and describing its causal role. A confounder affects both treatment assignment AND outcome; a mediator is downstream of treatment; a contested variable is one where the causal role is disputed. IsConfounder is derived from these two boolean flags.
-- ----------------------------------------------------------------------------
INSERT INTO stratum_variables (stratum_variable_id, study, variable_name, causal_role, affects_treatment_assignment, affects_outcome, mechanism_note)
VALUES ('kidney-1986-stone-size', 'kidney-1986', 'stone_size', 'confounder', TRUE, TRUE, 'Large kidney stones were preferentially assigned to Treatment A (the more aggressive procedure), while small stones more often received Treatment B. Independently, large stones have lower baseline cure rates regardless of treatment. This dual influence — on both assignment and on outcome — is what drives the pooled reversal.') ON CONFLICT (stratum_variable_id) DO UPDATE SET study = EXCLUDED.study, variable_name = EXCLUDED.variable_name, causal_role = EXCLUDED.causal_role, affects_treatment_assignment = EXCLUDED.affects_treatment_assignment, affects_outcome = EXCLUDED.affects_outcome, mechanism_note = EXCLUDED.mechanism_note;

INSERT INTO stratum_variables (stratum_variable_id, study, variable_name, causal_role, affects_treatment_assignment, affects_outcome, mechanism_note)
VALUES ('berkeley-1973-department', 'berkeley-1973', 'department', 'contested', TRUE, TRUE, 'Department choice correlates with both gender (women applied disproportionately to competitive departments) and admission rate (competitive departments admit fewer applicants regardless of gender). However, department choice may itself be downstream of gender — if women systematically self-select into harder departments due to societal factors, then department is a mediator, not a confounder. The causal role is genuinely contested in the literature. IsConfounder=FALSE because CausalRole=''contested'', not because the flags are false.') ON CONFLICT (stratum_variable_id) DO UPDATE SET study = EXCLUDED.study, variable_name = EXCLUDED.variable_name, causal_role = EXCLUDED.causal_role, affects_treatment_assignment = EXCLUDED.affects_treatment_assignment, affects_outcome = EXCLUDED.affects_outcome, mechanism_note = EXCLUDED.mechanism_note;

INSERT INTO stratum_variables (stratum_variable_id, study, variable_name, causal_role, affects_treatment_assignment, affects_outcome, mechanism_note)
VALUES ('kidney-balanced-stone-size', 'kidney-balanced', 'stone_size', 'confounder', FALSE, TRUE, 'In this counterfactual, stone size still affects outcome (hard cases have lower success rates) but does NOT affect treatment assignment — both treatments receive exactly 50% of their cases in each stratum. Because treatment assignment is now independent of stone size, no confounding occurs and AllocationBias=0 everywhere. IsConfounder=FALSE (AffectsTreatmentAssignment=false). The reversal is impossible by construction.') ON CONFLICT (stratum_variable_id) DO UPDATE SET study = EXCLUDED.study, variable_name = EXCLUDED.variable_name, causal_role = EXCLUDED.causal_role, affects_treatment_assignment = EXCLUDED.affects_treatment_assignment, affects_outcome = EXCLUDED.affects_outcome, mechanism_note = EXCLUDED.mechanism_note;

INSERT INTO stratum_variables (stratum_variable_id, study, variable_name, causal_role, affects_treatment_assignment, affects_outcome, mechanism_note)
VALUES ('balanced-synthetic-stratum', 'balanced-synthetic', 'stratum', 'unknown', FALSE, TRUE, 'The stratum variable affects outcome (easy vs hard conditions) but does NOT affect treatment assignment — each treatment receives exactly 50% of its cases in each stratum. Because treatment assignment is independent of stratum, no confounding can occur and the pooled rate must agree with every per-stratum comparison.') ON CONFLICT (stratum_variable_id) DO UPDATE SET study = EXCLUDED.study, variable_name = EXCLUDED.variable_name, causal_role = EXCLUDED.causal_role, affects_treatment_assignment = EXCLUDED.affects_treatment_assignment, affects_outcome = EXCLUDED.affects_outcome, mechanism_note = EXCLUDED.mechanism_note;

INSERT INTO stratum_variables (stratum_variable_id, study, variable_name, causal_role, affects_treatment_assignment, affects_outcome, mechanism_note)
VALUES ('compressed-synthetic-stratum', 'compressed-synthetic', 'difficulty', 'confounder', TRUE, TRUE, 'Case difficulty affects both which treatment patients receive (A is over-allocated to hard cases: 60% vs 40%) and the outcome (hard cases have lower success rates for both treatments). This IS confounding — but the confounding is not strong enough to flip the pooled winner. A wins in every stratum and also wins pooled. The allocation compresses A''s pooled advantage (from equal-weight 10pp down to actual 6pp) but does not erase it. This is type-C distortion: real confounding, partial distortion, no reversal.') ON CONFLICT (stratum_variable_id) DO UPDATE SET study = EXCLUDED.study, variable_name = EXCLUDED.variable_name, causal_role = EXCLUDED.causal_role, affects_treatment_assignment = EXCLUDED.affects_treatment_assignment, affects_outcome = EXCLUDED.affects_outcome, mechanism_note = EXCLUDED.mechanism_note;

INSERT INTO stratum_variables (stratum_variable_id, study, variable_name, causal_role, affects_treatment_assignment, affects_outcome, mechanism_note)
VALUES ('reintjes-2000-hospital-incidence', 'reintjes-2000', 'hospital_incidence_level', 'confounder', TRUE, TRUE, 'Hospital baseline UTI incidence affects both whether a patient received prophylaxis (high-incidence hospitals were more likely to forgo it, concentrating controls there) and the outcome (high-incidence hospitals have higher UTI rates regardless of treatment). Most prophylaxis patients are in low-incidence hospitals (1113/1279=87%), which depresses the aggregate prophylaxis UTI rate below the aggregate control rate — inverting the within-stratum finding.') ON CONFLICT (stratum_variable_id) DO UPDATE SET study = EXCLUDED.study, variable_name = EXCLUDED.variable_name, causal_role = EXCLUDED.causal_role, affects_treatment_assignment = EXCLUDED.affects_treatment_assignment, affects_outcome = EXCLUDED.affects_outcome, mechanism_note = EXCLUDED.mechanism_note;

INSERT INTO stratum_variables (stratum_variable_id, study, variable_name, causal_role, affects_treatment_assignment, affects_outcome, mechanism_note)
VALUES ('radelet-1981-victim-race', 'radelet-1981', 'victim_race', 'confounder', TRUE, TRUE, 'Victim race affects both defendant race (cross-race homicides are rare — most black defendants killed black victims, most white defendants killed white victims) and sentencing outcome (white-victim cases receive the death penalty ~5× more often: ~17.7% vs ~3.3%). This is classic confounding. Black defendants are disproportionately concentrated in the black-victim stratum (low sentence rate), pulling their aggregate death penalty rate below white defendants'' rate — even though black defendants are MORE likely to be sentenced to death within each victim-race stratum.') ON CONFLICT (stratum_variable_id) DO UPDATE SET study = EXCLUDED.study, variable_name = EXCLUDED.variable_name, causal_role = EXCLUDED.causal_role, affects_treatment_assignment = EXCLUDED.affects_treatment_assignment, affects_outcome = EXCLUDED.affects_outcome, mechanism_note = EXCLUDED.mechanism_note;

INSERT INTO stratum_variables (stratum_variable_id, study, variable_name, causal_role, affects_treatment_assignment, affects_outcome, mechanism_note)
VALUES ('jeter-justice-1997-season', 'jeter-justice-1997', 'season_year', 'confounder', TRUE, TRUE, 'The season year affects both the player''s at-bat count (treatment assignment proxy — Justice''s heaviest season was 1995 when his average was lowest; Jeter''s heaviest were 1996-97 when his average was higher) and the outcome (players hit differently in different years). Justice front-loaded his ABs into his worst year (411 of 1046 = 39% in 1995 at .253); Jeter back-loaded into his stronger years (1236 of 1284 = 96% in 1996-97 at .300-.314). This differential allocation of AB-weight across years flips the combined average despite Justice winning every year individually.') ON CONFLICT (stratum_variable_id) DO UPDATE SET study = EXCLUDED.study, variable_name = EXCLUDED.variable_name, causal_role = EXCLUDED.causal_role, affects_treatment_assignment = EXCLUDED.affects_treatment_assignment, affects_outcome = EXCLUDED.affects_outcome, mechanism_note = EXCLUDED.mechanism_note;

INSERT INTO stratum_variables (stratum_variable_id, study, variable_name, causal_role, affects_treatment_assignment, affects_outcome, mechanism_note)
VALUES ('appleton-1996-age', 'appleton-1996', 'age_group_at_baseline', 'confounder', TRUE, TRUE, 'Age at baseline confounds both smoking status and 20-year mortality. Smoking affects age distribution in the cohort (survivorship bias: people who smoked heavily and were older had already died before the 1972-74 baseline survey, so the surviving smokers skew younger). Age strongly determines 20-year mortality regardless of smoking. The result: smokers are over-represented in low-mortality age strata (18-44), pulling the pooled smoker mortality rate below the true within-stratum risk. This is the textbook epidemiological confounding by age pattern, often called the "healthy smoker" fallacy in this particular dataset.') ON CONFLICT (stratum_variable_id) DO UPDATE SET study = EXCLUDED.study, variable_name = EXCLUDED.variable_name, causal_role = EXCLUDED.causal_role, affects_treatment_assignment = EXCLUDED.affects_treatment_assignment, affects_outcome = EXCLUDED.affects_outcome, mechanism_note = EXCLUDED.mechanism_note;

INSERT INTO stratum_variables (stratum_variable_id, study, variable_name, causal_role, affects_treatment_assignment, affects_outcome, mechanism_note)
VALUES ('phe-covid-2021-age', 'phe-covid-2021', 'age_group', 'confounder', TRUE, TRUE, 'Age group is a powerful confounder. It affects vaccine uptake (older people were prioritised and had much higher vaccination rates in the UK''s 2021 rollout — 23% of vaccinated are 50+ vs only 2.3% of unvaccinated) and strongly determines COVID-19 mortality (50+ CFR is ~40× higher than under-50 CFR in this dataset regardless of vaccination). The vaccinated cohort is therefore loaded with high-risk patients, inflating the pooled vaccinated death rate to 0.41% vs 0.17% for unvaccinated — reversing the within-stratum relationship where vaccines reduce death rates by 3× to 4× in every age group.') ON CONFLICT (stratum_variable_id) DO UPDATE SET study = EXCLUDED.study, variable_name = EXCLUDED.variable_name, causal_role = EXCLUDED.causal_role, affects_treatment_assignment = EXCLUDED.affects_treatment_assignment, affects_outcome = EXCLUDED.affects_outcome, mechanism_note = EXCLUDED.mechanism_note;

INSERT INTO stratum_variables (stratum_variable_id, study, variable_name, causal_role, affects_treatment_assignment, affects_outcome, mechanism_note)
VALUES ('hannan-1994-patient-risk', 'hannan-1994', 'patient_risk_class', 'confounder', TRUE, TRUE, 'Patient risk class affects both hospital assignment (high-volume centers receive referrals of sicker patients — 40% of A caseload is high-risk vs 25% at B) and surgical outcome (high-risk patients have higher operative mortality regardless of hospital volume). High-volume hospitals win in every risk stratum and also win pooled, but their pooled survival advantage is compressed from 2.4pp (equal-weight stratum average) down to 1.7pp (actual pooled) because they carry more hard cases. IsSignFlip=FALSE, AllocationDistortion>0 — the geometry of type-C distortion.') ON CONFLICT (stratum_variable_id) DO UPDATE SET study = EXCLUDED.study, variable_name = EXCLUDED.variable_name, causal_role = EXCLUDED.causal_role, affects_treatment_assignment = EXCLUDED.affects_treatment_assignment, affects_outcome = EXCLUDED.affects_outcome, mechanism_note = EXCLUDED.mechanism_note;

-- ----------------------------------------------------------------------------
-- TreatmentRankings: Table: TreatmentRankings — one row per treatment-pair comparison within a study. Derives the pooled winner, the per-stratum winner, and the IsReversal boolean. The paradox emerges here as a derived fact: IsReversal is true when the pooled winner and the per-stratum winner disagree.
-- ----------------------------------------------------------------------------
INSERT INTO treatment_rankings (treatment_ranking_id, study, treatment_a, treatment_b)
VALUES ('kidney-1986-A-vs-B', 'kidney-1986', 'A', 'B') ON CONFLICT (treatment_ranking_id) DO UPDATE SET study = EXCLUDED.study, treatment_a = EXCLUDED.treatment_a, treatment_b = EXCLUDED.treatment_b;

INSERT INTO treatment_rankings (treatment_ranking_id, study, treatment_a, treatment_b)
VALUES ('kidney-balanced-A-vs-B', 'kidney-balanced', 'A', 'B') ON CONFLICT (treatment_ranking_id) DO UPDATE SET study = EXCLUDED.study, treatment_a = EXCLUDED.treatment_a, treatment_b = EXCLUDED.treatment_b;

INSERT INTO treatment_rankings (treatment_ranking_id, study, treatment_a, treatment_b)
VALUES ('balanced-synthetic-A-vs-B', 'balanced-synthetic', 'A', 'B') ON CONFLICT (treatment_ranking_id) DO UPDATE SET study = EXCLUDED.study, treatment_a = EXCLUDED.treatment_a, treatment_b = EXCLUDED.treatment_b;

INSERT INTO treatment_rankings (treatment_ranking_id, study, treatment_a, treatment_b)
VALUES ('berkeley-1973-A-vs-B', 'berkeley-1973', 'A', 'B') ON CONFLICT (treatment_ranking_id) DO UPDATE SET study = EXCLUDED.study, treatment_a = EXCLUDED.treatment_a, treatment_b = EXCLUDED.treatment_b;

INSERT INTO treatment_rankings (treatment_ranking_id, study, treatment_a, treatment_b)
VALUES ('compressed-synthetic-A-vs-B', 'compressed-synthetic', 'A', 'B') ON CONFLICT (treatment_ranking_id) DO UPDATE SET study = EXCLUDED.study, treatment_a = EXCLUDED.treatment_a, treatment_b = EXCLUDED.treatment_b;

INSERT INTO treatment_rankings (treatment_ranking_id, study, treatment_a, treatment_b)
VALUES ('reintjes-2000-A-vs-B', 'reintjes-2000', 'A', 'B') ON CONFLICT (treatment_ranking_id) DO UPDATE SET study = EXCLUDED.study, treatment_a = EXCLUDED.treatment_a, treatment_b = EXCLUDED.treatment_b;

INSERT INTO treatment_rankings (treatment_ranking_id, study, treatment_a, treatment_b)
VALUES ('radelet-1981-A-vs-B', 'radelet-1981', 'A', 'B') ON CONFLICT (treatment_ranking_id) DO UPDATE SET study = EXCLUDED.study, treatment_a = EXCLUDED.treatment_a, treatment_b = EXCLUDED.treatment_b;

INSERT INTO treatment_rankings (treatment_ranking_id, study, treatment_a, treatment_b)
VALUES ('jeter-justice-1997-A-vs-B', 'jeter-justice-1997', 'A', 'B') ON CONFLICT (treatment_ranking_id) DO UPDATE SET study = EXCLUDED.study, treatment_a = EXCLUDED.treatment_a, treatment_b = EXCLUDED.treatment_b;

INSERT INTO treatment_rankings (treatment_ranking_id, study, treatment_a, treatment_b)
VALUES ('appleton-1996-A-vs-B', 'appleton-1996', 'A', 'B') ON CONFLICT (treatment_ranking_id) DO UPDATE SET study = EXCLUDED.study, treatment_a = EXCLUDED.treatment_a, treatment_b = EXCLUDED.treatment_b;

INSERT INTO treatment_rankings (treatment_ranking_id, study, treatment_a, treatment_b)
VALUES ('phe-covid-2021-A-vs-B', 'phe-covid-2021', 'A', 'B') ON CONFLICT (treatment_ranking_id) DO UPDATE SET study = EXCLUDED.study, treatment_a = EXCLUDED.treatment_a, treatment_b = EXCLUDED.treatment_b;

INSERT INTO treatment_rankings (treatment_ranking_id, study, treatment_a, treatment_b)
VALUES ('hannan-1994-A-vs-B', 'hannan-1994', 'A', 'B') ON CONFLICT (treatment_ranking_id) DO UPDATE SET study = EXCLUDED.study, treatment_a = EXCLUDED.treatment_a, treatment_b = EXCLUDED.treatment_b;

-- ----------------------------------------------------------------------------
-- Methodology: Table: Methodology — the first-principles process used to build this domain model. Each row documents one methodological axiom or step. Together these rows let a reader (or an LLM) reconstruct why the model is shaped the way it is, and re-apply the same process to a new domain.
-- ----------------------------------------------------------------------------
INSERT INTO methodology (methodology_id, phase, title, statement, why_it_matters, illustrated_by_loop)
VALUES ('method-01-cmcc', 'axiom', 'CMCC: any sufficiently crisp conceptual world decomposes into a DAG of S/D/L/A/F primitives', 'The Conceptual Model Conjecture (CMCC) holds that every domain can be decomposed into Schema, Data, Lookups, Aggregations, and Functions arranged as a directed acyclic graph. Each node is locally simple; complexity emerges from composition, not from any single node. This is the working assumption for the entire model, not a hypothesis to relitigate each turn.', 'If CMCC holds, the paradox can be derived rather than modeled. The model does not need a ''ReversalDetection'' entity — it just needs the right leaf data and the right DAG edges. The paradox falls out as a consequence.', 'loop-01') ON CONFLICT (methodology_id) DO UPDATE SET phase = EXCLUDED.phase, title = EXCLUDED.title, statement = EXCLUDED.statement, why_it_matters = EXCLUDED.why_it_matters, illustrated_by_loop = EXCLUDED.illustrated_by_loop;

INSERT INTO methodology (methodology_id, phase, title, statement, why_it_matters, illustrated_by_loop)
VALUES ('method-02-dag-first', 'decomposition', 'Model the domain entities first; derived facts emerge from the DAG', 'Start with the empirical leaf data: Cases and Successes in each (Study, Stratum, Treatment) cell. Never model the phenomenon of interest (the paradox) directly. The paradox is a derived fact — it emerges when you ask the right questions of a correctly-shaped DAG.', 'Modeling the paradox directly (e.g. a ''ReversalDetection'' table) would conflate the phenomenon with the domain. The domain is Studies, Treatments, Strata, and CaseCells. The paradox is a read on that domain.', 'loop-01, loop-04') ON CONFLICT (methodology_id) DO UPDATE SET phase = EXCLUDED.phase, title = EXCLUDED.title, statement = EXCLUDED.statement, why_it_matters = EXCLUDED.why_it_matters, illustrated_by_loop = EXCLUDED.illustrated_by_loop;

INSERT INTO methodology (methodology_id, phase, title, statement, why_it_matters, illustrated_by_loop)
VALUES ('method-03-leopold-loops', 'decomposition', 'Build the model incrementally via Leopold Loops — one new concept per loop', 'Each loop introduces exactly one new first-class concept and asks the natural-language question that concept answers. The loop ends when the new derived fact is witnessed in the database. Loop N''s NextSuggestion seeds Loop N+1.', 'Introducing multiple concepts per loop makes it hard to witness whether each concept earns its place. One concept per loop forces the question: ''what new thing can I now ask that I couldn''t before?''', 'loop-01, loop-02, loop-03, loop-04, loop-05') ON CONFLICT (methodology_id) DO UPDATE SET phase = EXCLUDED.phase, title = EXCLUDED.title, statement = EXCLUDED.statement, why_it_matters = EXCLUDED.why_it_matters, illustrated_by_loop = EXCLUDED.illustrated_by_loop;

INSERT INTO methodology (methodology_id, phase, title, statement, why_it_matters, illustrated_by_loop)
VALUES ('method-04-witness-not-claim', 'derivation', 'Every derived fact must be witnessed from the database, not claimed from the rulebook', 'A field is not ''done'' when it is added to the rulebook. It is done when a Postgres query returns the expected value for the seeded data. MockDataNote in each Loop row states what value is expected and from which study. If the DB returns a different value, the formula or the seed data is wrong.', 'Without witnessing, silent fallbacks and mistranslations accumulate invisibly. The rulebook says CellSuccessRate = Successes/Cases; the DB must actually return 0.931 for kidney small-A.', 'loop-01, loop-06, loop-12, loop-17') ON CONFLICT (methodology_id) DO UPDATE SET phase = EXCLUDED.phase, title = EXCLUDED.title, statement = EXCLUDED.statement, why_it_matters = EXCLUDED.why_it_matters, illustrated_by_loop = EXCLUDED.illustrated_by_loop;

INSERT INTO methodology (methodology_id, phase, title, statement, why_it_matters, illustrated_by_loop)
VALUES ('method-05-synthetic-controls', 'validation', 'Introduce synthetic control studies to test structural impossibility', 'For every interesting derived boolean (IsReversal, IsSignFlip), add at least one synthetic study where the boolean MUST be false by construction. Witnessing the false case in the DB proves the derivation is not vacuously true.', 'Without a structural-impossibility witness, a bug in the formula that always returns TRUE would pass all the positive tests. The balanced-synthetic and kidney-balanced studies exist solely to witness IsReversal=FALSE and AllocationDistortion=0.', 'loop-07, loop-14') ON CONFLICT (methodology_id) DO UPDATE SET phase = EXCLUDED.phase, title = EXCLUDED.title, statement = EXCLUDED.statement, why_it_matters = EXCLUDED.why_it_matters, illustrated_by_loop = EXCLUDED.illustrated_by_loop;

INSERT INTO methodology (methodology_id, phase, title, statement, why_it_matters, illustrated_by_loop)
VALUES ('method-06-real-data-hydration', 'hydration', 'Real study data lives in the rulebook JSON — the SSoT is unified', 'The rulebook JSON is the single source of truth for both schema and instance data. Real published study counts (Successes, Cases per cell) live directly in each table''s data array alongside the synthetic studies. Provenance for each real study is recorded in data/raw/<study-id>/provenance.md. The view chain computes every derived field from the rulebook without any separate hydration step.', 'Keeping schema and instance data together in one document makes the instrument self-contained and auditable. The rulebook JSON can be shared, forked, or loaded without a separate SQL hydration step. The schema still defines derivations; the data rows supply the raw inputs.', 'loop-01, loop-20, loop-20b') ON CONFLICT (methodology_id) DO UPDATE SET phase = EXCLUDED.phase, title = EXCLUDED.title, statement = EXCLUDED.statement, why_it_matters = EXCLUDED.why_it_matters, illustrated_by_loop = EXCLUDED.illustrated_by_loop;

INSERT INTO methodology (methodology_id, phase, title, statement, why_it_matters, illustrated_by_loop)
VALUES ('method-07-continuous-geometry', 'taxonomy', 'Replace binary reversal criterion with continuous geometry: IsSignFlip + AllocationDistortion', 'The original IsReversal (unanimous per-stratum winner disagrees with pooled winner) is a binary that excludes partial reversals. The sign-flip definition (WeightedStratumGapSum and SignedPooledGap have opposite signs) captures the full continuum. AllocationDistortion = |WSGSUM − SignedPooledGap| is the scalar severity regardless of direction.', 'Berkeley 1973 fails the unanimity criterion (dept-C gives male a marginal win) but IS a Simpson-type paradox under the continuous definition. Excluding Berkeley from the analysis would be a category error.', 'loop-17, loop-18') ON CONFLICT (methodology_id) DO UPDATE SET phase = EXCLUDED.phase, title = EXCLUDED.title, statement = EXCLUDED.statement, why_it_matters = EXCLUDED.why_it_matters, illustrated_by_loop = EXCLUDED.illustrated_by_loop;

INSERT INTO methodology (methodology_id, phase, title, statement, why_it_matters, illustrated_by_loop)
VALUES ('method-08-four-type-taxonomy', 'taxonomy', 'Classify studies into four types (A/B/C/D) by distortion geometry, independent of causal label', 'Type A = IsSignFlip AND ReversalIntensity=1.0 (full unanimous reversal). Type B = IsSignFlip AND ReversalIntensity<1.0 (partial sign-flip). Type C = NOT IsSignFlip AND AllocationDistortion>threshold (compression without flip). Type D = AllocationDistortion≈0 (neutral). The geometry is computed from allocation and rates alone — no causal story is required.', 'The taxonomy makes PolicyImplication derivable. A researcher reading DistortionType=A knows to stratify immediately without needing to know what caused the allocation imbalance.', 'loop-19, loop-21') ON CONFLICT (methodology_id) DO UPDATE SET phase = EXCLUDED.phase, title = EXCLUDED.title, statement = EXCLUDED.statement, why_it_matters = EXCLUDED.why_it_matters, illustrated_by_loop = EXCLUDED.illustrated_by_loop;

INSERT INTO methodology (methodology_id, phase, title, statement, why_it_matters, illustrated_by_loop)
VALUES ('method-09-model-self-portrait', 'conclusion', 'The model witnesses its own epistemic coverage via ModelSummary', 'ModelSummary is a single-row table that aggregates ReversalCount, ExplainedCount, TypeACount, TypeBCount, TypeCCount, TypeDCount, and AvgAllocationDistortion across all studies. It is the model''s self-portrait — a derived fact about the model''s own completeness.', 'Without ModelSummary, you can query any individual study but cannot ask ''how many studies does this instrument explain?'' The self-portrait is the epistemic coverage claim.', 'loop-10') ON CONFLICT (methodology_id) DO UPDATE SET phase = EXCLUDED.phase, title = EXCLUDED.title, statement = EXCLUDED.statement, why_it_matters = EXCLUDED.why_it_matters, illustrated_by_loop = EXCLUDED.illustrated_by_loop;

INSERT INTO methodology (methodology_id, phase, title, statement, why_it_matters, illustrated_by_loop)
VALUES ('method-10-policy-from-geometry', 'conclusion', 'Policy implication is derived from geometry, not asserted from domain knowledge', 'PolicyImplication is a calculated field derived from DistortionType. No domain-specific knowledge about medicine, law, or education is encoded. The instrument tells a researcher what to do next with the pooled conclusion (stratify, investigate, check bias, or trust) purely from the allocation geometry.', 'Domain-neutral policy derivation means the instrument generalizes across clinical, judicial, educational, and other settings without re-tuning. The same formula works for kidney stones, Berkeley admissions, and antibiotic prophylaxis.', 'loop-21, loop-26') ON CONFLICT (methodology_id) DO UPDATE SET phase = EXCLUDED.phase, title = EXCLUDED.title, statement = EXCLUDED.statement, why_it_matters = EXCLUDED.why_it_matters, illustrated_by_loop = EXCLUDED.illustrated_by_loop;

-- ----------------------------------------------------------------------------
-- Conclusions: Table: Conclusions — the substantive epistemic findings that this model has produced or is designed to produce. Each row is one conclusion: a claim about the domain, about the instrument, or about the methodology that is either already witnessed or is the target of a planned loop.
-- ----------------------------------------------------------------------------
INSERT INTO conclusions (conclusion_id, category, status, title, evidence, witnessed_in_loop, target_loop)
VALUES ('conc-01-paradox-is-derived', 'domain', 'witnessed', 'Simpson''s Paradox is a derived fact from the DAG, not a modeled entity', 'IsReversal (and later IsSignFlip) falls out as a calculated field on TreatmentRankings, derived from aggregated CaseCell counts. No ''ReversalDetection'' entity was ever needed.', 'loop-04', NULL) ON CONFLICT (conclusion_id) DO UPDATE SET category = EXCLUDED.category, status = EXCLUDED.status, title = EXCLUDED.title, evidence = EXCLUDED.evidence, witnessed_in_loop = EXCLUDED.witnessed_in_loop, target_loop = EXCLUDED.target_loop;

INSERT INTO conclusions (conclusion_id, category, status, title, evidence, witnessed_in_loop, target_loop)
VALUES ('conc-02-reversal-from-allocation', 'domain', 'witnessed', 'The reversal in kidney-1986 is entirely an allocation artifact — same rates with balanced allocation produce no reversal', 'kidney-balanced uses identical stratum success rates to kidney-1986 but with equal allocation (175 cases per cell). IsReversal=FALSE, AllocationDistortion=0. The paradox is algebraically isolated as a property of allocation, not of treatment efficacy.', 'loop-14', NULL) ON CONFLICT (conclusion_id) DO UPDATE SET category = EXCLUDED.category, status = EXCLUDED.status, title = EXCLUDED.title, evidence = EXCLUDED.evidence, witnessed_in_loop = EXCLUDED.witnessed_in_loop, target_loop = EXCLUDED.target_loop;

INSERT INTO conclusions (conclusion_id, category, status, title, evidence, witnessed_in_loop, target_loop)
VALUES ('conc-03-binary-excludes-partial', 'instrument', 'witnessed', 'The unanimity criterion (IsReversal) incorrectly excludes Berkeley 1973 despite its being a Simpson-type paradox', 'Berkeley: WSGSUM=−0.0642, SignedPooledGap=+0.1292, IsSignFlip=TRUE, AllocationDistortion=0.1934 — greater distortion than kidney-1986. But IsReversal=FALSE because dept-C marginally favors male. The unanimity criterion is a strict subtype, not the primary definition.', 'loop-17', NULL) ON CONFLICT (conclusion_id) DO UPDATE SET category = EXCLUDED.category, status = EXCLUDED.status, title = EXCLUDED.title, evidence = EXCLUDED.evidence, witnessed_in_loop = EXCLUDED.witnessed_in_loop, target_loop = EXCLUDED.target_loop;

INSERT INTO conclusions (conclusion_id, category, status, title, evidence, witnessed_in_loop, target_loop)
VALUES ('conc-04-type-c-exists', 'instrument', 'witnessed', 'Allocation can compress the pooled signal without flipping it (type-C): a class invisible to IsReversal and IsSignFlip but visible to AllocationDistortion', 'compressed-synthetic: A wins every stratum and wins pooled, but the pooled margin is 6pp rather than the equal-weight 10pp. AllocationDistortion=0.0400, IsSignFlip=FALSE. The pooled winner is correct; the effect size is wrong by 4pp.', 'loop-19', NULL) ON CONFLICT (conclusion_id) DO UPDATE SET category = EXCLUDED.category, status = EXCLUDED.status, title = EXCLUDED.title, evidence = EXCLUDED.evidence, witnessed_in_loop = EXCLUDED.witnessed_in_loop, target_loop = EXCLUDED.target_loop;

INSERT INTO conclusions (conclusion_id, category, status, title, evidence, witnessed_in_loop, target_loop)
VALUES ('conc-05-real-data-generalizes', 'instrument', 'witnessed', 'Two real published studies (reintjes-2000, radelet-1981) hydrate as type-A full reversals without schema changes', 'Both studies entered via 05b-customize-data.sql. Witnessed: reintjes AllocationDistortion=0.0516, DistortionType=A; radelet AllocationDistortion=0.0684, DistortionType=A. No DAG or schema change was needed — the hydration contract generalizes.', 'loop-20b', NULL) ON CONFLICT (conclusion_id) DO UPDATE SET category = EXCLUDED.category, status = EXCLUDED.status, title = EXCLUDED.title, evidence = EXCLUDED.evidence, witnessed_in_loop = EXCLUDED.witnessed_in_loop, target_loop = EXCLUDED.target_loop;

INSERT INTO conclusions (conclusion_id, category, status, title, evidence, witnessed_in_loop, target_loop)
VALUES ('conc-06-policy-derivable', 'instrument', 'witnessed', 'PolicyImplication is domain-neutral: the same formula produces researcher actions across medicine, law, and education', 'All five current studies (kidney-1986, berkeley-1973, compressed-synthetic, kidney-balanced, balanced-synthetic) plus two real studies produce unambiguous PolicyImplication values from DistortionType alone. No domain-specific knowledge is encoded in the formula.', 'loop-21', NULL) ON CONFLICT (conclusion_id) DO UPDATE SET category = EXCLUDED.category, status = EXCLUDED.status, title = EXCLUDED.title, evidence = EXCLUDED.evidence, witnessed_in_loop = EXCLUDED.witnessed_in_loop, target_loop = EXCLUDED.target_loop;

INSERT INTO conclusions (conclusion_id, category, status, title, evidence, witnessed_in_loop, target_loop)
VALUES ('conc-07-model-self-portrait', 'instrument', 'witnessed', 'ModelSummary witnesses the instrument''s own epistemic coverage as a first-class derived fact', 'ModelSummary aggregates ReversalCount, ExplainedCount, TypeA/B/C/D counts, and AvgAllocationDistortion across all studies. The model describes its own completeness in a single row.', 'loop-10', NULL) ON CONFLICT (conclusion_id) DO UPDATE SET category = EXCLUDED.category, status = EXCLUDED.status, title = EXCLUDED.title, evidence = EXCLUDED.evidence, witnessed_in_loop = EXCLUDED.witnessed_in_loop, target_loop = EXCLUDED.target_loop;

INSERT INTO conclusions (conclusion_id, category, status, title, evidence, witnessed_in_loop, target_loop)
VALUES ('conc-08-type-c-real', 'open-question', 'planned', 'Does the published literature contain real type-C studies (compression without sign flip)?', 'compressed-synthetic demonstrates the algebra. The open question is whether real studies produce this pattern — a correct pooled winner but materially compressed effect size.', NULL, 'loop-25') ON CONFLICT (conclusion_id) DO UPDATE SET category = EXCLUDED.category, status = EXCLUDED.status, title = EXCLUDED.title, evidence = EXCLUDED.evidence, witnessed_in_loop = EXCLUDED.witnessed_in_loop, target_loop = EXCLUDED.target_loop;

INSERT INTO conclusions (conclusion_id, category, status, title, evidence, witnessed_in_loop, target_loop)
VALUES ('conc-09-causal-vs-geometric', 'open-question', 'planned', 'Does AllocationDistortion measure causal confounding, or purely arithmetic distortion?', 'Berkeley has the highest AllocationDistortion (0.1934) but CausalRole=contested (mediator vs confounder). The open question is whether distortion geometry and causal structure are correlated, and if so, how strongly.', NULL, 'loop-23') ON CONFLICT (conclusion_id) DO UPDATE SET category = EXCLUDED.category, status = EXCLUDED.status, title = EXCLUDED.title, evidence = EXCLUDED.evidence, witnessed_in_loop = EXCLUDED.witnessed_in_loop, target_loop = EXCLUDED.target_loop;

INSERT INTO conclusions (conclusion_id, category, status, title, evidence, witnessed_in_loop, target_loop)
VALUES ('conc-10-instrument-specifiable', 'methodology', 'planned', 'The full instrument can be specified precisely enough for any researcher to apply it to a new study', 'InstrumentSpec table (loop-30) will enumerate every required input, derived coordinate, classification rule, adapter contract, and screening formula. Machine-verifiable against current seed + real datasets.', NULL, 'loop-30') ON CONFLICT (conclusion_id) DO UPDATE SET category = EXCLUDED.category, status = EXCLUDED.status, title = EXCLUDED.title, evidence = EXCLUDED.evidence, witnessed_in_loop = EXCLUDED.witnessed_in_loop, target_loop = EXCLUDED.target_loop;

-- ----------------------------------------------------------------------------
-- UIScreens: Table: UIScreens — the canonical screens that comprise the Simpson's Paradox Explorer UI. Each row defines one screen: its purpose, its primary data source (which rulebook view it reads), and the user action it supports. A developer can reconstruct the full UI from this table without any prior knowledge of the application.
-- ----------------------------------------------------------------------------
INSERT INTO ui_screens (screen_id, title, route, primary_entity, purpose, key_fields, user_action)
VALUES ('screen-01-study-list', 'Study List', '/', 'Studies', 'Show all studies with their DistortionType badge and AllocationDistortion magnitude so a user can immediately see which studies exhibit the paradox and how severely.', 'Title, DistortionType (from TreatmentRankings), AllocationDistortion, PolicyImplication, IsSignFlip, TotalCases', 'Click a study row to navigate to the Study Detail screen.') ON CONFLICT (screen_id) DO UPDATE SET title = EXCLUDED.title, route = EXCLUDED.route, primary_entity = EXCLUDED.primary_entity, purpose = EXCLUDED.purpose, key_fields = EXCLUDED.key_fields, user_action = EXCLUDED.user_action;

INSERT INTO ui_screens (screen_id, title, route, primary_entity, purpose, key_fields, user_action)
VALUES ('screen-02-study-detail', 'Study Detail', '/study/:studyId', 'TreatmentRankings', 'Show one study''s complete geometry: pooled rates, per-stratum rates, allocation fractions, AllocationDistortion, DistortionType, and PolicyImplication — the full causal picture for this study.', 'PooledRateA, PooledRateB, PooledWinner, PerStratumWinner, IsReversal, IsSignFlip, WeightedStratumGapSum, SignedPooledGap, AllocationDistortion, DistortionType, PolicyImplication, ConfoundersInStudy, IsParadoxExplained', 'Expand strata panel to see per-stratum breakdown; navigate to Strata Detail.') ON CONFLICT (screen_id) DO UPDATE SET title = EXCLUDED.title, route = EXCLUDED.route, primary_entity = EXCLUDED.primary_entity, purpose = EXCLUDED.purpose, key_fields = EXCLUDED.key_fields, user_action = EXCLUDED.user_action;

INSERT INTO ui_screens (screen_id, title, route, primary_entity, purpose, key_fields, user_action)
VALUES ('screen-03-strata-detail', 'Strata Detail', '/study/:studyId/strata', 'StratumSummaries', 'Show every (stratum, treatment) cell for a study: StratumSuccessRate, AllocationBias, StratumGap, WeightedStratumGap — the leaf-level evidence for why the pooled conclusion is or isn''t misleading.', 'StratumLabel, TreatmentLabel, StratumSuccessRate, StratumRateA, StratumRateB, StratumWinner, AllocationBias, AllocationFractionA, AllocationFractionB, StratumGap, WeightedStratumGap, StratumFraction', 'Hover a cell for the raw Successes/Cases count from CaseCells.') ON CONFLICT (screen_id) DO UPDATE SET title = EXCLUDED.title, route = EXCLUDED.route, primary_entity = EXCLUDED.primary_entity, purpose = EXCLUDED.purpose, key_fields = EXCLUDED.key_fields, user_action = EXCLUDED.user_action;

INSERT INTO ui_screens (screen_id, title, route, primary_entity, purpose, key_fields, user_action)
VALUES ('screen-04-confounder-panel', 'Confounder Panel', '/study/:studyId/confounder', 'StratumVariables', 'Show the stratifying variable''s causal role for a study: VariableName, CausalRole, AffectsTreatmentAssignment, AffectsOutcome, IsConfounder, MechanismNote.', 'VariableName, CausalRole, AffectsTreatmentAssignment, AffectsOutcome, IsConfounder, MechanismNote', 'Read the mechanism note; understand why IsParadoxExplained is TRUE or FALSE for this study.') ON CONFLICT (screen_id) DO UPDATE SET title = EXCLUDED.title, route = EXCLUDED.route, primary_entity = EXCLUDED.primary_entity, purpose = EXCLUDED.purpose, key_fields = EXCLUDED.key_fields, user_action = EXCLUDED.user_action;

INSERT INTO ui_screens (screen_id, title, route, primary_entity, purpose, key_fields, user_action)
VALUES ('screen-05-distortion-plane', 'Distortion Plane', '/plane', 'TreatmentRankings', 'Plot all studies on a 2D plane: AllocationDistortion (x-axis) × ReversalIntensity (y-axis), colored by DistortionType. Shows the geometric taxonomy at a glance and reveals how the four types partition the plane.', 'Title (from Studies), AllocationDistortion, ReversalIntensity, IsSignFlip, DistortionType, PolicyImplication, ParadoxStrength', 'Click a data point to navigate to that study''s Study Detail screen.') ON CONFLICT (screen_id) DO UPDATE SET title = EXCLUDED.title, route = EXCLUDED.route, primary_entity = EXCLUDED.primary_entity, purpose = EXCLUDED.purpose, key_fields = EXCLUDED.key_fields, user_action = EXCLUDED.user_action;

INSERT INTO ui_screens (screen_id, title, route, primary_entity, purpose, key_fields, user_action)
VALUES ('screen-06-model-summary', 'Model Summary', '/summary', 'ModelSummary', 'Show the instrument''s self-portrait: how many studies, how many of each DistortionType, average AllocationDistortion, total paradox strength — the epistemic coverage of the full model instance.', 'StudyCount, ReversalCount, ExplainedCount, TypeACount, TypeBCount, TypeCCount, TypeDCount, AvgAllocationDistortion, TotalParadoxStrength', 'Navigate to Study List or Distortion Plane from this summary.') ON CONFLICT (screen_id) DO UPDATE SET title = EXCLUDED.title, route = EXCLUDED.route, primary_entity = EXCLUDED.primary_entity, purpose = EXCLUDED.purpose, key_fields = EXCLUDED.key_fields, user_action = EXCLUDED.user_action;

INSERT INTO ui_screens (screen_id, title, route, primary_entity, purpose, key_fields, user_action)
VALUES ('screen-07-loop-history', 'Loop History', '/loops', 'Loops', 'Show the full build history: all 31 loops with their status, new concept, domain question, and mock data note. Lets a developer understand why the model is shaped the way it is — the DAG is the story.', 'LoopId, Title, Status, NewConcept, DomainQuestion, MockDataNote, NextSuggestion', 'Filter by Status (complete/planned); click a loop to expand its full detail.') ON CONFLICT (screen_id) DO UPDATE SET title = EXCLUDED.title, route = EXCLUDED.route, primary_entity = EXCLUDED.primary_entity, purpose = EXCLUDED.purpose, key_fields = EXCLUDED.key_fields, user_action = EXCLUDED.user_action;

INSERT INTO ui_screens (screen_id, title, route, primary_entity, purpose, key_fields, user_action)
VALUES ('screen-08-methodology', 'Methodology', '/methodology', 'Methodology', 'Show the ten first-principles methodological axioms that shaped this model — from CMCC as the floor, through DAG-first decomposition, to the four-type taxonomy. Enables a developer to apply the same process to a new domain.', 'Phase, Title, Statement, WhyItMatters, IllustratedByLoop', 'Click IllustratedByLoop to jump to that loop in the Loop History screen.') ON CONFLICT (screen_id) DO UPDATE SET title = EXCLUDED.title, route = EXCLUDED.route, primary_entity = EXCLUDED.primary_entity, purpose = EXCLUDED.purpose, key_fields = EXCLUDED.key_fields, user_action = EXCLUDED.user_action;

INSERT INTO ui_screens (screen_id, title, route, primary_entity, purpose, key_fields, user_action)
VALUES ('screen-09-conclusions', 'Conclusions', '/conclusions', 'Conclusions', 'Show all witnessed and planned conclusions, grouped by category (domain / instrument / methodology / open-question). The read-out of what this model has actually established.', 'Category, Status, Title, Evidence, WitnessedInLoop, TargetLoop', 'Filter by Status (witnessed/planned/open); click WitnessedInLoop to navigate to Loop History.') ON CONFLICT (screen_id) DO UPDATE SET title = EXCLUDED.title, route = EXCLUDED.route, primary_entity = EXCLUDED.primary_entity, purpose = EXCLUDED.purpose, key_fields = EXCLUDED.key_fields, user_action = EXCLUDED.user_action;

-- ----------------------------------------------------------------------------
-- UIComponents: Table: UIComponents — the reusable visual building blocks used across UIScreens. Each row defines one component: what it renders, which entity it reads, and what props it requires. A developer can implement the full UI by composing these components onto the screens defined in UIScreens.
-- ----------------------------------------------------------------------------
INSERT INTO ui_components (component_id, component_name, used_on_screens, primary_entity, description, required_fields, visual_spec)
VALUES ('comp-01-distortion-badge', 'DistortionBadge', 'screen-01-study-list, screen-02-study-detail, screen-05-distortion-plane', 'TreatmentRankings', 'A colored pill/chip that shows DistortionType (A/B/C/D) and PolicyImplication for one study. Color-coded: A=red (stratify-immediately), B=orange (investigate-confounder), C=yellow (check-allocation-bias), D=green (pooled-analysis-trustworthy).', 'DistortionType, PolicyImplication', 'Pill shape, 2–3 chars for the type letter, tooltip on hover showing PolicyImplication text. Consistent color across all screens.') ON CONFLICT (component_id) DO UPDATE SET component_name = EXCLUDED.component_name, used_on_screens = EXCLUDED.used_on_screens, primary_entity = EXCLUDED.primary_entity, description = EXCLUDED.description, required_fields = EXCLUDED.required_fields, visual_spec = EXCLUDED.visual_spec;

INSERT INTO ui_components (component_id, component_name, used_on_screens, primary_entity, description, required_fields, visual_spec)
VALUES ('comp-02-rate-comparison-bar', 'RateComparisonBar', 'screen-02-study-detail, screen-03-strata-detail', 'TreatmentRankings', 'A side-by-side horizontal bar chart comparing PooledRateA vs PooledRateB (or StratumRateA vs StratumRateB for strata). The bar for the loser under equal-weight allocation is visually distinguished from the bar for the pooled loser.', 'PooledRateA, PooledRateB, PooledWinner, WeightedStratumGapSum, SignedPooledGap, IsSignFlip', 'Two horizontal bars, labeled A and B. Arrow or bracket showing the gap. IsSignFlip=TRUE triggers a ''reversal'' annotation. Width proportional to rate (0–1 scale).') ON CONFLICT (component_id) DO UPDATE SET component_name = EXCLUDED.component_name, used_on_screens = EXCLUDED.used_on_screens, primary_entity = EXCLUDED.primary_entity, description = EXCLUDED.description, required_fields = EXCLUDED.required_fields, visual_spec = EXCLUDED.visual_spec;

INSERT INTO ui_components (component_id, component_name, used_on_screens, primary_entity, description, required_fields, visual_spec)
VALUES ('comp-03-allocation-heatmap', 'AllocationHeatmap', 'screen-03-strata-detail', 'StratumSummaries', 'A grid of (Stratum × Treatment) cells where cell color encodes AllocationBias magnitude and sign. Positive bias (A over-allocated here) in one color; negative (B over-allocated) in another. Cell text shows AllocationFractionA and AllocationFractionB.', 'StratumLabel, TreatmentLabel, AllocationBias, AllocationFractionA, AllocationFractionB, StratumSuccessRate', 'Matrix layout: rows=strata, cols=treatments. Diverging color scale centered at 0. Tooltip shows raw Cases and Successes from CaseCells.') ON CONFLICT (component_id) DO UPDATE SET component_name = EXCLUDED.component_name, used_on_screens = EXCLUDED.used_on_screens, primary_entity = EXCLUDED.primary_entity, description = EXCLUDED.description, required_fields = EXCLUDED.required_fields, visual_spec = EXCLUDED.visual_spec;

INSERT INTO ui_components (component_id, component_name, used_on_screens, primary_entity, description, required_fields, visual_spec)
VALUES ('comp-04-distortion-plane-scatter', 'DistortionPlaneScatter', 'screen-05-distortion-plane', 'TreatmentRankings', 'A 2D scatter plot with AllocationDistortion on the x-axis and ReversalIntensity on the y-axis. Each point is one study, colored by DistortionType. Quadrant lines at AllocationDistortion=0.01 (threshold) and ReversalIntensity=1.0 (unanimity) divide the plane into the four types.', 'AllocationDistortion, ReversalIntensity, DistortionType, PolicyImplication, IsSignFlip', 'SVG or canvas scatter. Labeled quadrant regions. Clickable points. Legend showing type → color → policy action.') ON CONFLICT (component_id) DO UPDATE SET component_name = EXCLUDED.component_name, used_on_screens = EXCLUDED.used_on_screens, primary_entity = EXCLUDED.primary_entity, description = EXCLUDED.description, required_fields = EXCLUDED.required_fields, visual_spec = EXCLUDED.visual_spec;

INSERT INTO ui_components (component_id, component_name, used_on_screens, primary_entity, description, required_fields, visual_spec)
VALUES ('comp-05-stratum-gap-waterfall', 'StratumGapWaterfall', 'screen-03-strata-detail', 'StratumSummaries', 'A waterfall chart showing how each stratum''s WeightedStratumGap contributes to WeightedStratumGapSum, then how the allocation re-weights them to produce SignedPooledGap. The visual makes the mechanism equation explicit: pooled = Σ(weight × rate).', 'StratumLabel, StratumGap, StratumFraction, WeightedStratumGap, WeightedStratumGapSum, SignedPooledGap', 'Waterfall/stacked bar: each stratum''s WeightedStratumGap as a segment; running sum shown; final total vs actual SignedPooledGap shown side-by-side. IsSignFlip highlights the sign difference.') ON CONFLICT (component_id) DO UPDATE SET component_name = EXCLUDED.component_name, used_on_screens = EXCLUDED.used_on_screens, primary_entity = EXCLUDED.primary_entity, description = EXCLUDED.description, required_fields = EXCLUDED.required_fields, visual_spec = EXCLUDED.visual_spec;

INSERT INTO ui_components (component_id, component_name, used_on_screens, primary_entity, description, required_fields, visual_spec)
VALUES ('comp-06-model-summary-scorecard', 'ModelSummaryScorecard', 'screen-06-model-summary', 'ModelSummary', 'A summary scorecard showing all ModelSummary fields as labeled metric tiles: StudyCount, ReversalCount, ExplainedCount, TypeA/B/C/D counts, AvgAllocationDistortion, TotalParadoxStrength.', 'StudyCount, ReversalCount, ExplainedCount, ZeroStrengthCount, TotalParadoxStrength, AvgParadoxStrength', 'Grid of metric tiles. Each tile: large number, small label. Color: ReversalCount in orange/red; ExplainedCount in green; TypeD in grey. Single row layout on desktop, 2-column on mobile.') ON CONFLICT (component_id) DO UPDATE SET component_name = EXCLUDED.component_name, used_on_screens = EXCLUDED.used_on_screens, primary_entity = EXCLUDED.primary_entity, description = EXCLUDED.description, required_fields = EXCLUDED.required_fields, visual_spec = EXCLUDED.visual_spec;

INSERT INTO ui_components (component_id, component_name, used_on_screens, primary_entity, description, required_fields, visual_spec)
VALUES ('comp-07-confounder-card', 'ConfounderCard', 'screen-04-confounder-panel', 'StratumVariables', 'A card showing one StratumVariable row: VariableName, CausalRole badge, AffectsTreatmentAssignment checkbox, AffectsOutcome checkbox, IsConfounder result, and MechanismNote prose block.', 'VariableName, CausalRole, AffectsTreatmentAssignment, AffectsOutcome, IsConfounder, MechanismNote', 'Card with header=VariableName, CausalRole as a badge (confounder=red, mediator=orange, contested=yellow, unknown=grey), two boolean indicators, and MechanismNote as body text.') ON CONFLICT (component_id) DO UPDATE SET component_name = EXCLUDED.component_name, used_on_screens = EXCLUDED.used_on_screens, primary_entity = EXCLUDED.primary_entity, description = EXCLUDED.description, required_fields = EXCLUDED.required_fields, visual_spec = EXCLUDED.visual_spec;

INSERT INTO ui_components (component_id, component_name, used_on_screens, primary_entity, description, required_fields, visual_spec)
VALUES ('comp-08-loop-timeline', 'LoopTimeline', 'screen-07-loop-history', 'Loops', 'A vertical timeline of all Loops rows, grouped by Status. Each entry shows LoopId, Title, Status indicator, NewConcept chip, and an expandable section with DomainQuestion, MockDataNote, and NextSuggestion.', 'LoopId, Title, Status, NewConcept, DomainQuestion, MockDataNote, NextSuggestion', 'Vertical list. Status=complete: solid circle; in-progress: half-filled; planned: open circle. Expandable accordion per entry. Color: complete=green, in-progress=blue, planned=grey.') ON CONFLICT (component_id) DO UPDATE SET component_name = EXCLUDED.component_name, used_on_screens = EXCLUDED.used_on_screens, primary_entity = EXCLUDED.primary_entity, description = EXCLUDED.description, required_fields = EXCLUDED.required_fields, visual_spec = EXCLUDED.visual_spec;

INSERT INTO ui_components (component_id, component_name, used_on_screens, primary_entity, description, required_fields, visual_spec)
VALUES ('comp-09-policy-action-banner', 'PolicyActionBanner', 'screen-02-study-detail', 'TreatmentRankings', 'A prominent banner at the top of the Study Detail screen showing PolicyImplication as a clear action statement, color-coded by DistortionType. Includes a one-sentence explanation of why this action follows from the geometry.', 'PolicyImplication, DistortionType, AllocationDistortion, IsSignFlip', 'Full-width colored banner. Large icon (e.g. warning triangle for A, magnifying glass for B, scale for C, checkmark for D). Bold action text. Secondary line explaining the geometric basis.') ON CONFLICT (component_id) DO UPDATE SET component_name = EXCLUDED.component_name, used_on_screens = EXCLUDED.used_on_screens, primary_entity = EXCLUDED.primary_entity, description = EXCLUDED.description, required_fields = EXCLUDED.required_fields, visual_spec = EXCLUDED.visual_spec;

INSERT INTO ui_components (component_id, component_name, used_on_screens, primary_entity, description, required_fields, visual_spec)
VALUES ('comp-10-conclusion-list', 'ConclusionList', 'screen-09-conclusions', 'Conclusions', 'A filterable list of Conclusions rows grouped by Category and Status. Each entry shows the Title, Status badge, Evidence summary, and a link to the WitnessedInLoop or TargetLoop.', 'Category, Status, Title, Evidence, WitnessedInLoop, TargetLoop', 'Grouped list with category headers. Status badge: witnessed=green, planned=blue, open=orange. Evidence shown as collapsed text (expand on click). Loop links navigate to LoopTimeline.') ON CONFLICT (component_id) DO UPDATE SET component_name = EXCLUDED.component_name, used_on_screens = EXCLUDED.used_on_screens, primary_entity = EXCLUDED.primary_entity, description = EXCLUDED.description, required_fields = EXCLUDED.required_fields, visual_spec = EXCLUDED.visual_spec;

