-- ============================================================================
-- INSERT DATA - Load data from rulebook
-- ============================================================================
-- Generated by rulebook-to-postgres tool
-- Mode: check-add    Stage: dev
-- PK strategy: string (FK values are rewritten to match each PK)
-- ============================================================================

-- ----------------------------------------------------------------------------
-- Loops: Table: Loops — the 10-loop build plan, carried as a first-class entity inside the model. Each row documents what new concept is introduced and why.
-- ----------------------------------------------------------------------------
INSERT INTO loops (loop_id, title, status, new_concept, domain_question, mock_data_note, next_suggestion)
VALUES ('loop-01', 'Core domain: Study, Treatment, Stratum, CaseCell → SuccessRate falls out', 'complete', 'Studies, Treatments, Strata, CaseCells', 'For each (stratum, treatment) cell in a study, what is the success rate?', 'Kidney stone study (Charig 1986): 2 strata (small/large), 2 treatments (A/B), 4 cells. CellSuccessRate is the first derived fact.', 'Ask: for each treatment, what is its pooled (across all strata) success rate? That requires TreatmentSummary — aggregating CaseCells by treatment, ignoring stratum.') ON CONFLICT (loop_id) DO UPDATE SET title = EXCLUDED.title, status = EXCLUDED.status, new_concept = EXCLUDED.new_concept, domain_question = EXCLUDED.domain_question, mock_data_note = EXCLUDED.mock_data_note, next_suggestion = EXCLUDED.next_suggestion;

INSERT INTO loops (loop_id, title, status, new_concept, domain_question, mock_data_note, next_suggestion)
VALUES ('loop-02', 'TreatmentSummary: pooled rate per treatment across all strata', 'complete', 'TreatmentSummaries', 'If you ignore stratum entirely, what is each treatment''s overall success rate?', 'Pooled: A=273/350=78%, B=289/350=83%. B looks better — this is the misleading aggregate view.', 'Ask: for each (stratum, treatment) pair, what is the success rate WITHIN that stratum? That requires StratumSummary — the view that contradicts the pooled view.') ON CONFLICT (loop_id) DO UPDATE SET title = EXCLUDED.title, status = EXCLUDED.status, new_concept = EXCLUDED.new_concept, domain_question = EXCLUDED.domain_question, mock_data_note = EXCLUDED.mock_data_note, next_suggestion = EXCLUDED.next_suggestion;

INSERT INTO loops (loop_id, title, status, new_concept, domain_question, mock_data_note, next_suggestion)
VALUES ('loop-03', 'StratumSummary: per-stratum rate per treatment — the true picture', 'complete', 'StratumSummaries', 'Within each stratum, which treatment has the higher success rate?', 'Small: A=93.1% > B=86.7%. Large: A=73.0% > B=68.8%. A wins in BOTH strata. Contradiction with pooled view is now visible.', 'Ask: for each treatment pair in a study, does the pooled winner match the per-stratum winner? That requires TreatmentRanking — the node where the paradox either exists or doesn''t.') ON CONFLICT (loop_id) DO UPDATE SET title = EXCLUDED.title, status = EXCLUDED.status, new_concept = EXCLUDED.new_concept, domain_question = EXCLUDED.domain_question, mock_data_note = EXCLUDED.mock_data_note, next_suggestion = EXCLUDED.next_suggestion;

INSERT INTO loops (loop_id, title, status, new_concept, domain_question, mock_data_note, next_suggestion)
VALUES ('loop-04', 'TreatmentRanking: does the pooled winner = the per-stratum winner?', 'complete', 'TreatmentRankings', 'When pooled and stratified conclusions disagree — which treatment should actually be preferred?', 'Pooled winner = B. Per-stratum winner = A in every stratum. Simpson''s Paradox: IsReversal = true. This is the paradox as a derived fact, not a modeled entity.', 'Ask: WHY does the paradox occur? The stratifying variable (stone size) affects both treatment assignment AND outcome. Name it as a StratumVariable with a CausalRole field.') ON CONFLICT (loop_id) DO UPDATE SET title = EXCLUDED.title, status = EXCLUDED.status, new_concept = EXCLUDED.new_concept, domain_question = EXCLUDED.domain_question, mock_data_note = EXCLUDED.mock_data_note, next_suggestion = EXCLUDED.next_suggestion;

INSERT INTO loops (loop_id, title, status, new_concept, domain_question, mock_data_note, next_suggestion)
VALUES ('loop-05', 'StratumVariable: name the confounding factor, its causal role, and derive IsConfounder + IsParadoxExplained', 'complete', 'StratumVariables (one per study); CausalRole field; IsConfounder boolean; IsParadoxExplained on TreatmentRankings', 'What IS the stratum variable, why does it confound, and does the model witness its own explanation?', 'kidney-1986: VariableName=stone_size, CausalRole=confounder, AffectsTreatmentAssignment=true, AffectsOutcome=true → IsConfounder=true → IsParadoxExplained=true on TreatmentRankings.', 'Ask: how large is the allocation imbalance? Derive TreatmentExposureFraction on CaseCells — the fraction of each treatment''s cases that land in each stratum. High imbalance = confounding mechanism as a witnessed number.') ON CONFLICT (loop_id) DO UPDATE SET title = EXCLUDED.title, status = EXCLUDED.status, new_concept = EXCLUDED.new_concept, domain_question = EXCLUDED.domain_question, mock_data_note = EXCLUDED.mock_data_note, next_suggestion = EXCLUDED.next_suggestion;

INSERT INTO loops (loop_id, title, status, new_concept, domain_question, mock_data_note, next_suggestion)
VALUES ('loop-06', 'TreatmentExposureFraction: the allocation imbalance as a witnessed number', 'complete', 'TreatmentExposureFraction field on CaseCells (Cases / TotalCasesForTreatment in this study)', 'What fraction of each treatment''s total cases fall in each stratum? High imbalance across strata is the mechanism of confounding.', 'A: 263/350=75% in large-stone stratum. B: 80/350=23% in large-stone stratum. The 52-point gap IS the mechanism — now a first-class derived number.', 'Add a degenerate study where treatment allocation is perfectly balanced across strata. IsReversal must be FALSE — not because the data says so, but because the algebra guarantees it. The model witnesses its own structural impossibility.') ON CONFLICT (loop_id) DO UPDATE SET title = EXCLUDED.title, status = EXCLUDED.status, new_concept = EXCLUDED.new_concept, domain_question = EXCLUDED.domain_question, mock_data_note = EXCLUDED.mock_data_note, next_suggestion = EXCLUDED.next_suggestion;

INSERT INTO loops (loop_id, title, status, new_concept, domain_question, mock_data_note, next_suggestion)
VALUES ('loop-07', 'Degenerate study: balanced allocation → IsReversal structurally impossible', 'complete', 'Second Studies row (balanced-synthetic); equal TreatmentExposureFraction across strata; IsReversal = FALSE by construction', 'If every stratum gets the same treatment-allocation fraction, can a reversal occur? The DAG should witness that it cannot.', 'Synthetic: A and B each assigned 50/50 to small/large strata. A=60% success both strata, B=50% both. Pooled: A=60%, B=50%. No reversal. IsParadoxExplained vacuously true (IsConfounder=false, no confounding, no reversal).', 'Add Berkeley 1973 — same DAG, contested domain. Aggregate: women admitted at lower rate. Per-department: women admitted at equal or higher rate in most. IsReversal=true. But IsConfounder is ambiguous — department choice may be downstream of gender (mediator, not confounder). The model witnesses its own explanatory limits.') ON CONFLICT (loop_id) DO UPDATE SET title = EXCLUDED.title, status = EXCLUDED.status, new_concept = EXCLUDED.new_concept, domain_question = EXCLUDED.domain_question, mock_data_note = EXCLUDED.mock_data_note, next_suggestion = EXCLUDED.next_suggestion;

INSERT INTO loops (loop_id, title, status, new_concept, domain_question, mock_data_note, next_suggestion)
VALUES ('loop-08', 'Berkeley 1973: contested confounder — model reveals a PARTIAL paradox, not a clean reversal', 'complete', 'Third Studies row (berkeley-1973); StratumVariable=department; CausalRole=contested; IsConfounder=false; IsParadoxExplained=false; PerStratumWinner=none (mixed, not unanimous)', 'Does Berkeley show a clean reversal? No — PerStratumWinner=''none'' because the per-stratum winner is mixed (female wins 3/4 depts, male wins 1). The model surfaces a structural limit of the reversal definition: partial paradoxes are real but don''t satisfy the strict IsReversal criterion.', 'Witnessed: male pooled 52.8% vs female 39.9% (large gap). Per dept: female wins A (82%>62%), B (68%>63%), D (35%>33%); male wins C (37%>34%). No unanimous per-stratum winner → IsReversal=FALSE by strict definition. The intuitive paradox is real; the formal paradox is partial.', 'Add ParadoxStrength (scalar severity) to capture partial reversals — pooled gap and average per-stratum gap regardless of unanimity. Then StudySummary for epistemic coverage across all 3 studies.') ON CONFLICT (loop_id) DO UPDATE SET title = EXCLUDED.title, status = EXCLUDED.status, new_concept = EXCLUDED.new_concept, domain_question = EXCLUDED.domain_question, mock_data_note = EXCLUDED.mock_data_note, next_suggestion = EXCLUDED.next_suggestion;

INSERT INTO loops (loop_id, title, status, new_concept, domain_question, mock_data_note, next_suggestion)
VALUES ('loop-09', 'ParadoxStrength: scalar severity derived from pooled gap and per-stratum gap', 'complete', 'ParadoxStrength on TreatmentRankings; PooledGap and AvgStratumGap on StratumSummaries', 'How large is the reversal? Can we rank studies by paradox severity, and does strength correlate with allocation imbalance?', 'Kidney: pooled gap ~4.6pp favoring B, avg stratum gap ~5pp favoring A. Berkeley: larger pooled gap, varies by department. Balanced: strength=0 (no reversal).', 'StudySummary: roll up ReversalCount, ExplainedCount, AvgParadoxStrength across all studies. The model now describes its own epistemic coverage in a single view.') ON CONFLICT (loop_id) DO UPDATE SET title = EXCLUDED.title, status = EXCLUDED.status, new_concept = EXCLUDED.new_concept, domain_question = EXCLUDED.domain_question, mock_data_note = EXCLUDED.mock_data_note, next_suggestion = EXCLUDED.next_suggestion;

INSERT INTO loops (loop_id, title, status, new_concept, domain_question, mock_data_note, next_suggestion)
VALUES ('loop-10', 'StudySummary: the model witnesses its own epistemic coverage', 'complete', 'StudySummary table (one row per model instance): StudyCount, ReversalCount, ExplainedCount, UnexplainedCount, ImpossibleCount, AvgParadoxStrength', 'Across all studies in this model, what is the epistemic state? How many reversals, how many explained, how many witnessed-but-unexplained?', '3 studies: ReversalCount=2 (kidney+berkeley), ExplainedCount=1 (kidney), UnexplainedCount=1 (berkeley), ImpossibleCount=1 (balanced). The model now holds a mirror to itself.', 'Ask: how heavy is each stratum? Add StratumFraction to StratumSummaries — the fraction of the study''s total cases that land in each stratum. The weight each stratum carries IS the lever the confounder pulls.') ON CONFLICT (loop_id) DO UPDATE SET title = EXCLUDED.title, status = EXCLUDED.status, new_concept = EXCLUDED.new_concept, domain_question = EXCLUDED.domain_question, mock_data_note = EXCLUDED.mock_data_note, next_suggestion = EXCLUDED.next_suggestion;

INSERT INTO loops (loop_id, title, status, new_concept, domain_question, mock_data_note, next_suggestion)
VALUES ('loop-11', 'StratumFraction: the weight each stratum carries in the pooled average', 'complete', 'StratumFraction (and StudyTotalCases, StratumTotalCases) on StratumSummaries', 'What fraction of the study''s total cases land in each stratum? High StratumFraction on a low-success stratum pulls the pooled rate down — and when that stratum is also over-allocated to one treatment, the reversal follows.', 'kidney-1986: large-stratum = (263+80)/700 = 49%; small-stratum = (87+270)/700 = 51%. Nearly equal stratum weights — but unequal per-treatment allocation (75% of A is in large; 23% of B is in large). The weight alone is not the mechanism; the differential allocation into heavy strata is.', 'Add WeightedStratumRate: StratumFraction × StratumSuccessRate per treatment row. Sum these across strata to reconstruct PooledRate from first principles. The DAG now witnesses the mechanism equation: pooled rate = weighted average of stratum rates.') ON CONFLICT (loop_id) DO UPDATE SET title = EXCLUDED.title, status = EXCLUDED.status, new_concept = EXCLUDED.new_concept, domain_question = EXCLUDED.domain_question, mock_data_note = EXCLUDED.mock_data_note, next_suggestion = EXCLUDED.next_suggestion;

INSERT INTO loops (loop_id, title, status, new_concept, domain_question, mock_data_note, next_suggestion)
VALUES ('loop-12', 'WeightedPull: mechanism equation witnessed — pooled rate = weighted sum of stratum rates', 'complete', 'WeightedStratumRate on StratumSummaries; PooledRateFromWeightsA and PooledRateFromWeightsB on TreatmentRankings', 'Can the DAG reconstruct each treatment''s pooled rate purely from stratum weights × stratum rates? If PooledRateFromWeights = PooledRate, the mechanism equation is verified: Simpson''s Paradox is algebraically explained.', 'kidney-1986: PooledRateFromWeightsA=0.833, PooledRateFromWeightsB=0.779 (A looks better under equal study-level weights). But actual pooled rates are A=0.780, B=0.826 (B looks better). The divergence IS the mechanism: real pooled uses treatment-level allocation weights; the reconstruction uses study-level weights. The swap between the two orderings shows exactly how differential allocation flips the conclusion. balanced-synthetic: weights match exactly (equal allocation = no flip possible).', 'Add AllocationBias to StratumSummaries: the difference between TreatmentExposureFraction for A and B in each stratum. High bias toward the losing treatment in a low-success stratum IS the confounder''s fingerprint as a witnessed number.') ON CONFLICT (loop_id) DO UPDATE SET title = EXCLUDED.title, status = EXCLUDED.status, new_concept = EXCLUDED.new_concept, domain_question = EXCLUDED.domain_question, mock_data_note = EXCLUDED.mock_data_note, next_suggestion = EXCLUDED.next_suggestion;

INSERT INTO loops (loop_id, title, status, new_concept, domain_question, mock_data_note, next_suggestion)
VALUES ('loop-13', 'AllocationBias: the confounder''s fingerprint as a signed witnessed number', 'complete', 'AllocationBias on StratumSummaries (AllocationFractionA - AllocationFractionB); also AllocationFractionA, AllocationFractionB, TreatmentACasesHere, TreatmentBCasesHere, TreatmentATotalCases, TreatmentBTotalCases', 'In each stratum, is one treatment disproportionately concentrated here? AllocationBias = AllocationFractionA - AllocationFractionB: positive means A is over-represented here, negative means B is. A strong negative bias in a low-success stratum is the confounder''s fingerprint.', 'kidney-1986 large-stratum: AllocationFractionA=263/350=0.751, AllocationFractionB=80/350=0.229, AllocationBias=+0.523. A is massively over-allocated to the hard (large-stone) stratum. This single number summarizes why the pooled rate misleads: A carries 52pp more exposure to the hard case, dragging its pooled average down below B''s despite beating B in both strata.', 'Add a 4th study: kidney-balanced — same stratum rates as kidney-1986 but with equal allocation (50/50 split). AllocationBias=0 everywhere, IsReversal=FALSE. The counterfactual shows the reversal is purely an allocation artifact, not a property of the treatment rates themselves.') ON CONFLICT (loop_id) DO UPDATE SET title = EXCLUDED.title, status = EXCLUDED.status, new_concept = EXCLUDED.new_concept, domain_question = EXCLUDED.domain_question, mock_data_note = EXCLUDED.mock_data_note, next_suggestion = EXCLUDED.next_suggestion;

INSERT INTO loops (loop_id, title, status, new_concept, domain_question, mock_data_note, next_suggestion)
VALUES ('loop-14', 'Counterfactual: kidney-balanced isolates allocation as the sole cause of the reversal', 'complete', 'Fourth study (kidney-balanced): same stratum rates as kidney-1986, equal allocation (175 cases per cell). IsReversal=FALSE, AllocationBias=0, ParadoxStrength=0.', 'If the same doctors, same disease, same treatments, same stratum difficulty — but patients were allocated equally — would the paradox still exist? The DAG answers: no. The reversal lives in the allocation, not in the treatment rates.', 'kidney-balanced: PooledRateA = (163+128)/350 = 0.831, PooledRateB = (152+120)/350 = 0.777. A wins pooled AND per-stratum. IsReversal=FALSE, ParadoxStrength=0. AllocationBias=0 in both strata. The counterfactual witnesses that the reversal in kidney-1986 is entirely an artifact of differential allocation, not of treatment efficacy.', 'Add ReversalThreshold to TreatmentRankings: the minimum AllocationBias magnitude needed to flip the pooled winner. How far is kidney-1986 from the threshold? How close is berkeley-1973? This quantifies paradox fragility vs robustness.') ON CONFLICT (loop_id) DO UPDATE SET title = EXCLUDED.title, status = EXCLUDED.status, new_concept = EXCLUDED.new_concept, domain_question = EXCLUDED.domain_question, mock_data_note = EXCLUDED.mock_data_note, next_suggestion = EXCLUDED.next_suggestion;

INSERT INTO loops (loop_id, title, status, new_concept, domain_question, mock_data_note, next_suggestion)
VALUES ('loop-15', 'ReversalThreshold: how robust or fragile is each study''s paradox?', 'complete', 'MaxAllocationBias, WeightedStratumGapSum, ThresholdMargin on TreatmentRankings', 'How much allocation bias is needed to produce a reversal? Is the observed bias well above threshold (robust paradox) or barely over it (fragile paradox)? ThresholdMargin = observed bias minus minimum needed.', 'kidney-1986: ReversalIntensity=1.0, ThresholdMargin=+0.5 — maximally robust, every stratum opposes pooled. berkeley-1973: ReversalIntensity=0.75, ThresholdMargin=+0.25 — past threshold but not unanimous (3/4 departments oppose). balanced-synthetic and kidney-balanced: intensity=0, margin=-0.5 — structurally impossible. ThresholdMargin > 0 means the paradox is robust; < 0 means absent or impossible.', 'Pour a real-world dataset with a known mediator (not confounder) through the same DAG and witness where it lands on the reversal_intensity × paradox_strength plane. The geometry of the plane is the next frontier.') ON CONFLICT (loop_id) DO UPDATE SET title = EXCLUDED.title, status = EXCLUDED.status, new_concept = EXCLUDED.new_concept, domain_question = EXCLUDED.domain_question, mock_data_note = EXCLUDED.mock_data_note, next_suggestion = EXCLUDED.next_suggestion;

INSERT INTO loops (loop_id, title, status, new_concept, domain_question, mock_data_note, next_suggestion)
VALUES ('loop-16', 'StratumGap: per-stratum rate difference as a signed witnessed number', 'complete', 'StratumGap field on StratumSummaries (StratumRateA - StratumRateB, signed)', 'In each stratum, how large is the treatment advantage, and in which direction? StratumGap > 0 means A wins here; < 0 means B wins. Summing StratumGap × StratumFraction gives the equal-weight pooled gap — a new derived node.', 'kidney-1986: small-stratum gap = +0.064 (A wins by 6.4pp), large-stratum gap = +0.043 (A wins by 4.3pp). Both positive — A wins everywhere. The pooled gap is negative (B appears to win by 4.6pp) purely due to allocation. The signed gap makes this contradiction arithmetically visible in one column. kidney-balanced: small=+0.064, large=+0.042 (same signs, same magnitudes — the rates are identical to kidney-1986 but now A also wins pooled because allocation is balanced). balanced-synthetic: small=+0.10, large=+0.10 (constant, equal allocation). berkeley-1973: dept-A=−0.200 (female wins), dept-B=+0.011 (male wins barely), dept-C=−0.002 (female wins barely), dept-D=−0.016 (female wins). Mixed signs confirm the partial paradox: no unanimous StratumGap direction, hence no clean reversal.', 'Derive WeightedStratumGapSum on TreatmentRankings: SUM(StratumGap × StratumFraction) aggregated across all TreatmentA rows for this study. This is the equal-weight pooled gap — the gap allocation-free weighting would produce. When WeightedStratumGapSum and PooledGap have opposite signs, the allocation has not just compressed the signal but flipped it. That sign flip is a more precise characterisation of Simpson''s Paradox than IsReversal: it handles partial flips and gives a magnitude to the distortion.') ON CONFLICT (loop_id) DO UPDATE SET title = EXCLUDED.title, status = EXCLUDED.status, new_concept = EXCLUDED.new_concept, domain_question = EXCLUDED.domain_question, mock_data_note = EXCLUDED.mock_data_note, next_suggestion = EXCLUDED.next_suggestion;

INSERT INTO loops (loop_id, title, status, new_concept, domain_question, mock_data_note, next_suggestion)
VALUES ('loop-17', 'WeightedStratumGapSum: the equal-weight signal — and the Berkeley category error witnessed', 'complete', 'WeightedStratumGap on StratumSummaries (StratumGap × StratumFraction, the per-stratum contribution to the equal-weight pooled gap); WeightedStratumGapSum on TreatmentRankings (SUMIFS of WeightedStratumGap across TreatmentA rows); SignedPooledGap (PooledRateA − PooledRateB, signed); IsSignFlip boolean (WeightedStratumGapSum and SignedPooledGap have opposite signs)', 'If allocation were equal across strata, what would the pooled gap be? WeightedStratumGapSum answers this. When it has the opposite sign to SignedPooledGap, the allocation has not just compressed the signal — it has flipped it. That sign flip IS Simpson''s Paradox under a continuous definition. Does Berkeley sign-flip?', 'Witnessed from DB: balanced-synthetic: WSGSUM=+0.1000, SignedPooledGap=+0.1000 → IsSignFlip=FALSE (equal allocation, no distortion). kidney-1986: WSGSUM=+0.0537, SignedPooledGap=−0.0457 → IsSignFlip=TRUE (A wins in every stratum by 5.4pp on average, but actual pooled shows B winning by 4.6pp). kidney-balanced: WSGSUM=+0.0543, SignedPooledGap=+0.0543 → IsSignFlip=FALSE (equal allocation, WSGSUM = actual pooled gap). berkeley-1973: WSGSUM=−0.0642, SignedPooledGap=+0.1292 → IsSignFlip=TRUE. Per-stratum breakdown: dept-A gap=−0.2035 (female wins by 20.4pp, fraction=0.289); dept-B=−0.0496 (female wins, fraction=0.181); dept-C=+0.0286 (male wins barely, fraction=0.284); dept-D=−0.0184 (female wins, fraction=0.245). Under equal allocation female would win pooled by 6.4pp — but the actual pooled shows male winning by 12.9pp. Berkeley IS a Simpson''s Paradox under the sign-flip definition despite IsReversal=FALSE. The binary unanimity criterion excluded Berkeley because dept-C goes to male; the sign-flip criterion correctly includes it.', 'The sign flip is witnessed. Now measure the magnitude: how far has the allocation bent the pooled signal? AllocationDistortion = |WeightedStratumGapSum − SignedPooledGap|. Berkeley: |−0.0642 − (+0.1292)| = 0.1934. Kidney: |+0.0537 − (−0.0457)| = 0.0994. Berkeley''s distortion is nearly twice kidney''s — despite IsReversal=FALSE. This is the single-number measure that ranks studies by how badly confounding has distorted their pooled result.') ON CONFLICT (loop_id) DO UPDATE SET title = EXCLUDED.title, status = EXCLUDED.status, new_concept = EXCLUDED.new_concept, domain_question = EXCLUDED.domain_question, mock_data_note = EXCLUDED.mock_data_note, next_suggestion = EXCLUDED.next_suggestion;

INSERT INTO loops (loop_id, title, status, new_concept, domain_question, mock_data_note, next_suggestion)
VALUES ('loop-18', 'AllocationDistortion: the magnitude of the signal the allocation erased or fabricated', 'complete', 'AllocationDistortion on TreatmentRankings (|WeightedStratumGapSum − SignedPooledGap|) — the scalar distance between the equal-weight signal and the actual pooled signal', 'How much has the allocation distorted the pooled signal relative to what equal-weight strata would show? AllocationDistortion=0 means the allocation is neutral. A large AllocationDistortion means the pooled number is mostly noise from case assignment, not signal about treatment efficacy.', 'Witnessed from DB (ordered by AllocationDistortion desc): berkeley-1973: WSGSUM=−0.0642, SignedPooledGap=+0.1292, AllocationDistortion=0.1934. kidney-1986: WSGSUM=+0.0537, SignedPooledGap=−0.0457, AllocationDistortion=0.0994. kidney-balanced: AllocationDistortion=0.0000 (balanced allocation, no distortion). balanced-synthetic: AllocationDistortion=0.0000 (equal allocation, no distortion). The allocation is injecting a 19.3pp distortion into Berkeley''s pooled result — reversing a real female advantage of 6.4pp into an apparent male advantage of 12.9pp. This is nearly twice the 9.9pp distortion in kidney-1986. ParadoxStrength (old measure) gives berkeley=0.0969, kidney=0.0457 — same ordinal ranking but ParadoxStrength is penalized by the unanimity criterion: Berkeley''s 0.75 ReversalIntensity reduces its score. AllocationDistortion is not so penalized: it measures what the allocation DID to the signal, not whether the outcome passes an arbitrary threshold.', 'Two severity measures are now live: ParadoxStrength and AllocationDistortion. They agree on ordinal ranking across our four studies but diverge in magnitude (Berkeley is 2× kidney under AllocationDistortion but only 2.1× under ParadoxStrength). The more important question: is a study with AllocationDistortion > 0 but IsSignFlip=FALSE possible? That would be a type-C study — allocation has compressed but not reversed the signal. None of the current studies are type-C. Design a synthetic type-C study: same-sign WSGSUM and SignedPooledGap, but WSGSUM closer to zero than SignedPooledGap. Add it to the data and witness AllocationDistortion > 0, IsSignFlip=FALSE.') ON CONFLICT (loop_id) DO UPDATE SET title = EXCLUDED.title, status = EXCLUDED.status, new_concept = EXCLUDED.new_concept, domain_question = EXCLUDED.domain_question, mock_data_note = EXCLUDED.mock_data_note, next_suggestion = EXCLUDED.next_suggestion;

INSERT INTO loops (loop_id, title, status, new_concept, domain_question, mock_data_note, next_suggestion)
VALUES ('loop-19', 'Type-C witness: compressed-synthetic — allocation distortion without sign flip', 'complete', 'compressed-synthetic study (fifth study): type-C case — A wins every stratum and wins pooled, but allocation compresses A''s pooled advantage. Witnesses AllocationDistortion > 0, IsSignFlip=FALSE, IsReversal=FALSE, PerStratumWinner=A. Completes the four-type taxonomy.', 'Does a study with real allocation distortion (AllocationDistortion > 0) but no sign flip (IsSignFlip=FALSE) exist? If yes, the type-C cell in the DistortionType taxonomy is nonempty — there is a class of misleading aggregates that compress but do not reverse the pooled signal. This class is invisible to both IsReversal and IsSignFlip but is visible to AllocationDistortion.', 'Witnessed from DB (ordered by AllocationDistortion desc): berkeley-1973: WSGSUM=−0.0642, SignedPooledGap=+0.1292, IsSignFlip=TRUE, AllocationDistortion=0.1934, ReversalIntensity=0.75 → type B. kidney-1986: WSGSUM=+0.0537, SignedPooledGap=−0.0457, IsSignFlip=TRUE, AllocationDistortion=0.0994, ReversalIntensity=1.0 → type A. compressed-synthetic: WSGSUM=+0.1000, SignedPooledGap=+0.0600, IsSignFlip=FALSE, AllocationDistortion=0.0400, ReversalIntensity=0.0 → type C (A wins pooled by 6pp but would win by 10pp under equal allocation). kidney-balanced: AllocationDistortion=0.0000 → type D. balanced-synthetic: AllocationDistortion=0.0000 → type D. All four types are now empirically populated. Type-C is important: a researcher seeing pooled A=78%, B=72% and concluding ''A wins by 6pp'' is correct — but the equal-weight truth is ''A wins by 10pp.'' The allocation has consumed 4pp of signal without a single stratum switching winner.', 'All four DistortionType cells are now populated. Add DistortionType as a derived field on TreatmentRankings: A = IsSignFlip AND ReversalIntensity=1.0; B = IsSignFlip AND ReversalIntensity<1.0; C = NOT IsSignFlip AND AllocationDistortion>0.01; D = AllocationDistortion≤0.01. This makes the geometric taxonomy a first-class derived fact in the DAG. Then add PolicyImplication per type: type A = stratify-immediately; type B = investigate-confounder; type C = check-allocation-bias; type D = pooled-analysis-trustworthy.') ON CONFLICT (loop_id) DO UPDATE SET title = EXCLUDED.title, status = EXCLUDED.status, new_concept = EXCLUDED.new_concept, domain_question = EXCLUDED.domain_question, mock_data_note = EXCLUDED.mock_data_note, next_suggestion = EXCLUDED.next_suggestion;

INSERT INTO loops (loop_id, title, status, new_concept, domain_question, mock_data_note, next_suggestion)
VALUES ('loop-20', 'Hydrator regression: write kidney-1986 through the adapter and diff against known-correct output', 'planned', 'Implementation-layer infrastructure, not a new domain concept: DevDbHydrator (idempotent upsert of rulebook leaves into dev Postgres), one boring explicit adapter for kidney-1986, round-trip diff. The rulebook remains the analytic contract; this loop proves the hydrator works before any new data enters.', 'Can kidney-1986 — whose CaseCells are already in the rulebook — be written through a hydrator adapter, upserted into the dev DB, materialized by the existing Postgres inference chain, and produce AllocationDistortion/IsSignFlip/DistortionType numbers that exactly match the witnessed values from loop-19?', 'Steps: (1) Store source capture under data/raw/kidney-1986/ with provenance note (Charig et al. BMJ 1986, table extracted manually). (2) Write scripts/adapters/kidney_1986.py (or .ts) that returns the five canonical leaf tables: Studies, Treatments, Strata, StratumVariables, CaseCells — boring and explicit, no abstraction. (3) Write scripts/hydrate.py that idempotently upserts adapter output into the dev DB, tagged by study_id and ingestion_run_id. (4) Run the existing Postgres view chain. (5) Diff computed output against expected values: PooledRateA=0.780, PooledRateB=0.826, IsReversal=TRUE, IsSignFlip=TRUE, AllocationDistortion=0.0994, DistortionType=A. If all match, the hydrator is validated. Success criterion is a passing diff, not a visualizer change.', 'Hydrator validated. Now pour one new non-canonical real study through the same adapter contract (loop-20b). The new study should be consequential, have a clean 2×N shape, and not be a known Simpson example — so the instrument makes a genuine claim rather than reproducing a textbook result.') ON CONFLICT (loop_id) DO UPDATE SET title = EXCLUDED.title, status = EXCLUDED.status, new_concept = EXCLUDED.new_concept, domain_question = EXCLUDED.domain_question, mock_data_note = EXCLUDED.mock_data_note, next_suggestion = EXCLUDED.next_suggestion;

INSERT INTO loops (loop_id, title, status, new_concept, domain_question, mock_data_note, next_suggestion)
VALUES ('loop-20b', 'First new real study: pour a non-canonical published dataset through the validated hydrator', 'planned', 'One new real study row set, produced by an explicit adapter and entered through the loop-20 hydrator. The domain concept is provenance: source URL/PDF/table/page, extraction date, and normalization notes stored under data/raw/<study_id>/.', 'Does the instrument produce a geometrically informative result (a non-trivial DistortionType and AllocationDistortion value) when a real published study that is NOT a known Simpson example is poured through the hydrator?', 'Candidate criteria: two comparison groups, discrete strata, successes and total cases available per cell, denominators unambiguous, adapter writable in under an hour. Good candidate domains: clinical outcomes by risk group, sentencing outcomes by legally meaningful strata, education outcomes by program/school type, hospital/surgeon volume outcomes. The result is informative regardless of DistortionType — a type-D (neutral) result is a valid finding, not a failure. Do not generalize the adapter until this study survives the round trip.', 'After two real studies have survived the round trip, add schema fields the real import proves are needed: provenance, completeness flags, RawDataRequired. Do not generalize the hydrator before witnessing what breaks.') ON CONFLICT (loop_id) DO UPDATE SET title = EXCLUDED.title, status = EXCLUDED.status, new_concept = EXCLUDED.new_concept, domain_question = EXCLUDED.domain_question, mock_data_note = EXCLUDED.mock_data_note, next_suggestion = EXCLUDED.next_suggestion;

INSERT INTO loops (loop_id, title, status, new_concept, domain_question, mock_data_note, next_suggestion)
VALUES ('loop-21', 'DistortionType + PolicyImplication: the four-type taxonomy as a first-class DAG fact', 'complete', 'DistortionType (derived field on TreatmentRankings): A = full sign-flip unanimous reversal; B = sign-flip non-unanimous; C = distortion without sign flip; D = neutral. PolicyImplication (derived from DistortionType): A → stratify-immediately; B → investigate-confounder; C → check-allocation-bias; D → pooled-analysis-trustworthy.', 'Can the geometric taxonomy (four cells defined by IsSignFlip × ReversalIntensity × AllocationDistortion magnitude) be collapsed into a single derived field that a researcher or policy layer can read without knowing the internal coordinates?', 'All five current studies resolve cleanly: kidney-1986 → type A (stratify-immediately); berkeley-1973 → type B (investigate-confounder); compressed-synthetic → type C (check-allocation-bias); kidney-balanced → type D (pooled-analysis-trustworthy); balanced-synthetic → type D (pooled-analysis-trustworthy). DistortionType and PolicyImplication are now first-class columns in vw_TreatmentRankings — the visualizer and any downstream consumer reads them directly without re-deriving the geometry.', 'ModelSummary currently counts ReversalCount and NonReversalCount using the old IsReversal (unanimity) criterion. Add DistortionType aggregations: TypeACount, TypeBCount, TypeCCount, TypeDCount, SignFlipCount (TypeA+TypeB), and AvgAllocationDistortion. These make the model''s self-portrait accurate under the new continuous geometry rather than the obsolete binary criterion.') ON CONFLICT (loop_id) DO UPDATE SET title = EXCLUDED.title, status = EXCLUDED.status, new_concept = EXCLUDED.new_concept, domain_question = EXCLUDED.domain_question, mock_data_note = EXCLUDED.mock_data_note, next_suggestion = EXCLUDED.next_suggestion;

INSERT INTO loops (loop_id, title, status, new_concept, domain_question, mock_data_note, next_suggestion)
VALUES ('loop-22', 'Third real dataset: a new domain poured through the hydrator', 'planned', 'ThirdRealStudy row set produced by an adapter, not hand-authored directly in the rulebook. The new study enters through the same dev DB hydration script used in loop-20.', 'Does the instrument''s geometry generalize beyond the two initial smoke-test studies when the data arrives through the adapter/hydrator path?', 'Choose a consequential domain with a clean 2×N shape: clinical outcomes by risk group, sentencing by legally meaningful strata, education outcomes by program/school type, or another published setting with successes and total cases by group and stratum. Priority criteria: source tables are inspectable, denominators are unambiguous, and the adapter can be written in under an hour. The result is informative whether it lands as sign-flip, distortion-no-flip, or neutral.', 'Once three real datasets have round-tripped, compare geometric distortion to the annotated causal role. This tests whether AllocationDistortion is measuring causal confounding, allocation-induced distortion, or both.') ON CONFLICT (loop_id) DO UPDATE SET title = EXCLUDED.title, status = EXCLUDED.status, new_concept = EXCLUDED.new_concept, domain_question = EXCLUDED.domain_question, mock_data_note = EXCLUDED.mock_data_note, next_suggestion = EXCLUDED.next_suggestion;

INSERT INTO loops (loop_id, title, status, new_concept, domain_question, mock_data_note, next_suggestion)
VALUES ('loop-23', 'CausalStructureSignal: compare distortion geometry to causal role after real ingestion', 'planned', 'CausalRoleGroup field on StratumVariables; AvgDistortionByRole aggregation on ModelSummary; optional RealDataOnly filter so synthetic controls do not contaminate empirical summaries.', 'After real studies enter through the hydrator, do true confounders, contested variables, mediators, and neutral strata produce different AllocationDistortion patterns?', 'Current seed data suggests that a contested causal role can still produce very high arithmetic distortion. The empirical question should therefore be framed carefully: AllocationDistortion may not identify a causal confounder; it identifies allocation-induced signal distortion. CausalRole explains why the distortion exists; the geometry measures how much it bent the observed aggregate.', 'Make the geometric classification first-class so the visualizer and policy layers do not need to re-derive it ad hoc.') ON CONFLICT (loop_id) DO UPDATE SET title = EXCLUDED.title, status = EXCLUDED.status, new_concept = EXCLUDED.new_concept, domain_question = EXCLUDED.domain_question, mock_data_note = EXCLUDED.mock_data_note, next_suggestion = EXCLUDED.next_suggestion;

INSERT INTO loops (loop_id, title, status, new_concept, domain_question, mock_data_note, next_suggestion)
VALUES ('loop-24', 'DistortionType: classify studies by geometry independent of causal label', 'planned', 'DistortionType field on TreatmentRankings derived from IsSignFlip, ReversalIntensity, and AllocationDistortion magnitude; optional DistortionTypeLabel and DistortionTypeDescription for the visualizer.', 'Can every hydrated study be classified into a small number of geometrically meaningful outcomes without relying on a causal story?', 'Proposed types: A = full-reversal (IsSignFlip=true and ReversalIntensity=1.0); B = partial-reversal/sign-flip (IsSignFlip=true and ReversalIntensity<1.0); C = distortion-no-flip (IsSignFlip=false and AllocationDistortion above threshold); D = neutral (AllocationDistortion near zero). Loop-20 may implement this temporarily in the UI for color-coding, but this loop makes it a rulebook-derived fact.', 'Now deliberately seek a real type-C case: measurable distortion without a sign flip. This tests whether type-C is merely synthetic or common in published work.') ON CONFLICT (loop_id) DO UPDATE SET title = EXCLUDED.title, status = EXCLUDED.status, new_concept = EXCLUDED.new_concept, domain_question = EXCLUDED.domain_question, mock_data_note = EXCLUDED.mock_data_note, next_suggestion = EXCLUDED.next_suggestion;

INSERT INTO loops (loop_id, title, status, new_concept, domain_question, mock_data_note, next_suggestion)
VALUES ('loop-25', 'Type-C real-data witness: allocation distortion without sign flip', 'planned', 'A real, published study that hydrates as DistortionType=C if AllocationDistortion>threshold and IsSignFlip=false.', 'Does the published literature contain studies where the pooled winner is directionally correct but the margin is materially compressed or inflated by allocation?', 'Candidate pattern: senior surgeons, hospitals, treatments, schools, or programs receive systematically harder cases, but the superior group still wins pooled. The adapter should prove that the pooled conclusion is not wrong, but its magnitude is wrong. This is practically important because many policy decisions depend on effect size, not just winner identity.', 'Map each DistortionType to an epistemic action so the visualizer can tell a researcher what to do next.') ON CONFLICT (loop_id) DO UPDATE SET title = EXCLUDED.title, status = EXCLUDED.status, new_concept = EXCLUDED.new_concept, domain_question = EXCLUDED.domain_question, mock_data_note = EXCLUDED.mock_data_note, next_suggestion = EXCLUDED.next_suggestion;

INSERT INTO loops (loop_id, title, status, new_concept, domain_question, mock_data_note, next_suggestion)
VALUES ('loop-26', 'PolicyImplication: convert geometry into researcher action', 'planned', 'PolicyImplication field on TreatmentRankings derived from DistortionType, IsParadoxExplained, InferenceReadiness, and RawDataRequired.', 'Given a study''s geometry and data-readiness state, what should a researcher do with the pooled conclusion?', 'Type A: stratify immediately; the pooled conclusion is directionally wrong. Type B: investigate the stratifying mechanism; the aggregate has sign-flipped but the per-stratum story is mixed. Type C: report adjusted or standardized margins; the winner may be right but the effect size is distorted. Type D: pooled analysis is likely safe with respect to this stratification. If RawDataRequired=true or InferenceReadiness fails, the implication is ''insufficient data'' rather than a substantive judgment.', 'Test those policy implications retrospectively against historical cases where pooled analysis contributed to a wrong or fragile decision.') ON CONFLICT (loop_id) DO UPDATE SET title = EXCLUDED.title, status = EXCLUDED.status, new_concept = EXCLUDED.new_concept, domain_question = EXCLUDED.domain_question, mock_data_note = EXCLUDED.mock_data_note, next_suggestion = EXCLUDED.next_suggestion;

INSERT INTO loops (loop_id, title, status, new_concept, domain_question, mock_data_note, next_suggestion)
VALUES ('loop-27', 'Retrospective validation: would the instrument have flagged known historical errors?', 'planned', 'RetrospectiveTestStudy rows hydrated through the same adapter path; PlaneCoordinateAtDecisionTime vs PlaneCoordinateWithFullData; optional HistoricalDecisionOutcome annotation.', 'Given only the data that was available at the time of a consequential decision, would the instrument have recommended stratify-immediately, investigate-confounder, or insufficient-data?', 'Use the loop-20 hydrator, not a bespoke notebook. Candidate cases should have a clear historical pooled claim and later evidence that stratification or confounding mattered. The key validation is whether the rulebook could have raised the warning before the error was widely recognized.', 'If retrospective validation works, shift from hand-picked studies to a small literature screen using the ScreeningApproximation and adapter contract.') ON CONFLICT (loop_id) DO UPDATE SET title = EXCLUDED.title, status = EXCLUDED.status, new_concept = EXCLUDED.new_concept, domain_question = EXCLUDED.domain_question, mock_data_note = EXCLUDED.mock_data_note, next_suggestion = EXCLUDED.next_suggestion;

INSERT INTO loops (loop_id, title, status, new_concept, domain_question, mock_data_note, next_suggestion)
VALUES ('loop-28', 'Literature screen: rank candidate studies using published tables', 'planned', 'LiteratureCandidates table or external candidate manifest; ScreeningApprox coordinates; RawDataRequired flag; CandidatePriorityScore.', 'Which currently published studies appear to have high allocation-induced distortion from their published summaries alone?', 'This loop should not scrape the visualizer. It should scrape or manually capture source papers/tables into the adapter input format, then produce candidate coordinates. The visualizer reads the exported candidate rulebook or live DB view. Candidate domains: clinical subgroup tables, education outcome tables, hospital/surgeon volume studies, sentencing/outcome tables, or other settings where group allocation across strata is visibly non-random.', 'Pick the highest-priority candidate and obtain enough source detail to compute exact coordinates, then compare exact DistortionType to the screening classification.') ON CONFLICT (loop_id) DO UPDATE SET title = EXCLUDED.title, status = EXCLUDED.status, new_concept = EXCLUDED.new_concept, domain_question = EXCLUDED.domain_question, mock_data_note = EXCLUDED.mock_data_note, next_suggestion = EXCLUDED.next_suggestion;

INSERT INTO loops (loop_id, title, status, new_concept, domain_question, mock_data_note, next_suggestion)
VALUES ('loop-29', 'Prospective validation: confirm a high-scoring literature candidate', 'planned', 'ProspectiveValidationStudy; ExactVsScreeningClassification; ProspectiveClassificationAccuracy on ModelSummary.', 'Does a candidate flagged by the screening process retain the same DistortionType and high AllocationDistortion when exact or near-exact CaseCells are hydrated?', 'The success criterion is not that every candidate is paradoxical. The success criterion is that the screening approximation points the hydrator toward studies where the exact geometry is worth inspecting. Confirming a type-B or type-C currently influential study would be the strongest prospective result.', 'After prospective validation, formalize the instrument so another researcher can apply it without knowing the internal DAG.') ON CONFLICT (loop_id) DO UPDATE SET title = EXCLUDED.title, status = EXCLUDED.status, new_concept = EXCLUDED.new_concept, domain_question = EXCLUDED.domain_question, mock_data_note = EXCLUDED.mock_data_note, next_suggestion = EXCLUDED.next_suggestion;

INSERT INTO loops (loop_id, title, status, new_concept, domain_question, mock_data_note, next_suggestion)
VALUES ('loop-30', 'Instrument specification: adapter contract, five fields, four types, and screening formula', 'planned', 'InstrumentSpec table: one row per required input, derived coordinate, classification rule, adapter contract requirement, and screening approximation formula.', 'Can the full instrument be specified precisely enough that another researcher or script can hydrate a new study, compute the geometry, and understand the classification?', 'The spec should include both the analytic coordinates and the implementation contract proven in loop-20: required leaf tables, acceptable data modes, provenance fields, validation checks, SignedPooledGap, WeightedStratumGapSum, IsSignFlip, AllocationDistortion, DistortionType, PolicyImplication, and ScreeningApproximation. Every claim should be machine-verifiable against the current seed plus real hydrated datasets.', 'Formally retire or demote the old unanimity-based IsReversal in favor of IsReversal_v2=IsSignFlip, while preserving the old field as a stricter subtype.') ON CONFLICT (loop_id) DO UPDATE SET title = EXCLUDED.title, status = EXCLUDED.status, new_concept = EXCLUDED.new_concept, domain_question = EXCLUDED.domain_question, mock_data_note = EXCLUDED.mock_data_note, next_suggestion = EXCLUDED.next_suggestion;

INSERT INTO loops (loop_id, title, status, new_concept, domain_question, mock_data_note, next_suggestion)
VALUES ('loop-31', 'IsReversal_v2: retire the unanimity criterion as the primary definition', 'planned', 'IsReversal_v2 = IsSignFlip; DefinitionDelta = IsReversal_v2 XOR IsReversal; StrictReversalSubtype preserving the old unanimity criterion.', 'Does the sign-flip definition strictly generalize the old full-unanimity definition across synthetic controls, canonical examples, and newly hydrated real datasets?', 'Expected pattern: old full reversals remain positive under IsReversal_v2; partial sign-flips such as Berkeley become positive; type-C and type-D remain negative for directional reversal but still carry AllocationDistortion if applicable. The conclusion becomes cleaner: IsReversal is a strict subtype, IsSignFlip is the primary Simpson-type reversal criterion, and AllocationDistortion is the continuous severity measure.', 'Write the preprint abstract or technical memo from the witnessed coordinates, the adapter-backed real-data validation, and the rulebook/Postgres/visualizer round trip.') ON CONFLICT (loop_id) DO UPDATE SET title = EXCLUDED.title, status = EXCLUDED.status, new_concept = EXCLUDED.new_concept, domain_question = EXCLUDED.domain_question, mock_data_note = EXCLUDED.mock_data_note, next_suggestion = EXCLUDED.next_suggestion;

-- ----------------------------------------------------------------------------
-- Studies: Table: Studies — a clinical or empirical study comparing two or more treatments for a condition, with patient cases stratified by a confounding variable. The top-level entity in the domain.
-- ----------------------------------------------------------------------------
INSERT INTO studies (study_id, title, source, source_url)
VALUES ('kidney-1986', 'Kidney Stone Treatment Study (Charig et al. 1986)', 'Charig CR et al. Comparison of treatment of renal calculi by open surgery, percutaneous nephrolithotomy, and extracorporeal shockwave lithotripsy. Br Med J. 1986;292:879.', 'https://www.bmj.com/content/292/6524/879') ON CONFLICT (study_id) DO UPDATE SET title = EXCLUDED.title, source = EXCLUDED.source, source_url = EXCLUDED.source_url;

INSERT INTO studies (study_id, title, source, source_url)
VALUES ('balanced-synthetic', 'Balanced Synthetic Study (degenerate case — reversal structurally impossible)', 'Synthetic dataset constructed to demonstrate that perfectly balanced treatment allocation across strata algebraically prevents Simpson''s Paradox. Not based on real data.', '') ON CONFLICT (study_id) DO UPDATE SET title = EXCLUDED.title, source = EXCLUDED.source, source_url = EXCLUDED.source_url;

INSERT INTO studies (study_id, title, source, source_url)
VALUES ('kidney-balanced', 'Kidney Stone Counterfactual (balanced allocation — reversal algebraically impossible)', 'Synthetic dataset derived from Charig 1986 kidney stone rates but with equal treatment allocation across strata (175 cases per cell). Demonstrates that the reversal in the original study is purely an allocation artifact.', '') ON CONFLICT (study_id) DO UPDATE SET title = EXCLUDED.title, source = EXCLUDED.source, source_url = EXCLUDED.source_url;

INSERT INTO studies (study_id, title, source, source_url)
VALUES ('berkeley-1973', 'UC Berkeley Graduate Admissions (Bickel et al. 1975) — contested confounder', 'Bickel PJ, Hammel EA, O''Connell JW. Sex Bias in Graduate Admissions: Data from Berkeley. Science. 1975;187:398-404.', 'https://www.science.org/doi/10.1126/science.187.4175.398') ON CONFLICT (study_id) DO UPDATE SET title = EXCLUDED.title, source = EXCLUDED.source, source_url = EXCLUDED.source_url;

INSERT INTO studies (study_id, title, source, source_url)
VALUES ('compressed-synthetic', 'Compressed Synthetic Study (type-C — allocation distortion without sign flip)', 'Synthetic dataset constructed to demonstrate that allocation can distort the pooled signal (AllocationDistortion > 0) without reversing it (IsSignFlip=FALSE). Treatment A wins in every stratum and also wins pooled — but the pooled margin is compressed by differential allocation. This populates the type-C cell in the DistortionType taxonomy.', '') ON CONFLICT (study_id) DO UPDATE SET title = EXCLUDED.title, source = EXCLUDED.source, source_url = EXCLUDED.source_url;

-- ----------------------------------------------------------------------------
-- Treatments: Table: Treatments — the interventions being compared within a study. Each treatment belongs to one study.
-- ----------------------------------------------------------------------------
INSERT INTO treatments (treatment_id, study, treatment_label, description)
VALUES ('kidney-1986-A', 'kidney-1986', 'A', 'Open surgery / percutaneous nephrolithotomy (PCNL) — the more invasive procedure, used preferentially for large stones.') ON CONFLICT (treatment_id) DO UPDATE SET study = EXCLUDED.study, treatment_label = EXCLUDED.treatment_label, description = EXCLUDED.description;

INSERT INTO treatments (treatment_id, study, treatment_label, description)
VALUES ('kidney-1986-B', 'kidney-1986', 'B', 'Extracorporeal shock wave lithotripsy (ESWL) — the less invasive procedure, used more for small stones.') ON CONFLICT (treatment_id) DO UPDATE SET study = EXCLUDED.study, treatment_label = EXCLUDED.treatment_label, description = EXCLUDED.description;

INSERT INTO treatments (treatment_id, study, treatment_label, description)
VALUES ('kidney-balanced-A', 'kidney-balanced', 'A', 'Open surgery / PCNL — same per-stratum rates as kidney-1986 (small:93.1%, large:73.0%) but now allocated equally (50%) to each stratum. Counterfactual treatment A.') ON CONFLICT (treatment_id) DO UPDATE SET study = EXCLUDED.study, treatment_label = EXCLUDED.treatment_label, description = EXCLUDED.description;

INSERT INTO treatments (treatment_id, study, treatment_label, description)
VALUES ('kidney-balanced-B', 'kidney-balanced', 'B', 'ESWL — same per-stratum rates as kidney-1986 (small:86.7%, large:68.8%) but allocated equally (50%) to each stratum. Counterfactual treatment B.') ON CONFLICT (treatment_id) DO UPDATE SET study = EXCLUDED.study, treatment_label = EXCLUDED.treatment_label, description = EXCLUDED.description;

INSERT INTO treatments (treatment_id, study, treatment_label, description)
VALUES ('balanced-synthetic-A', 'balanced-synthetic', 'A', 'Synthetic treatment A — 60% success rate in both strata. Allocated equally (50%) to each stratum.') ON CONFLICT (treatment_id) DO UPDATE SET study = EXCLUDED.study, treatment_label = EXCLUDED.treatment_label, description = EXCLUDED.description;

INSERT INTO treatments (treatment_id, study, treatment_label, description)
VALUES ('balanced-synthetic-B', 'balanced-synthetic', 'B', 'Synthetic treatment B — 50% success rate in both strata. Allocated equally (50%) to each stratum.') ON CONFLICT (treatment_id) DO UPDATE SET study = EXCLUDED.study, treatment_label = EXCLUDED.treatment_label, description = EXCLUDED.description;

INSERT INTO treatments (treatment_id, study, treatment_label, description)
VALUES ('berkeley-1973-male', 'berkeley-1973', 'A', 'Male applicants (labeled A). Pooled admission rate appears higher than female.') ON CONFLICT (treatment_id) DO UPDATE SET study = EXCLUDED.study, treatment_label = EXCLUDED.treatment_label, description = EXCLUDED.description;

INSERT INTO treatments (treatment_id, study, treatment_label, description)
VALUES ('berkeley-1973-female', 'berkeley-1973', 'B', 'Female applicants (labeled B). Pooled admission rate appears lower, but per-department rates are equal or higher in most departments.') ON CONFLICT (treatment_id) DO UPDATE SET study = EXCLUDED.study, treatment_label = EXCLUDED.treatment_label, description = EXCLUDED.description;

INSERT INTO treatments (treatment_id, study, treatment_label, description)
VALUES ('compressed-synthetic-A', 'compressed-synthetic', 'A', 'Treatment A — 70% success rate in hard stratum, 90% in easy stratum. Over-allocated to the hard stratum (60% of A cases go to hard). A wins in both strata and also wins pooled, but pooled margin is compressed by the allocation imbalance.') ON CONFLICT (treatment_id) DO UPDATE SET study = EXCLUDED.study, treatment_label = EXCLUDED.treatment_label, description = EXCLUDED.description;

INSERT INTO treatments (treatment_id, study, treatment_label, description)
VALUES ('compressed-synthetic-B', 'compressed-synthetic', 'B', 'Treatment B — 60% success rate in hard stratum, 80% in easy stratum. Over-allocated to the easy stratum (60% of B cases go to easy). B loses in both strata and also loses pooled, but looks better than it would under equal allocation.') ON CONFLICT (treatment_id) DO UPDATE SET study = EXCLUDED.study, treatment_label = EXCLUDED.treatment_label, description = EXCLUDED.description;

-- ----------------------------------------------------------------------------
-- Strata: Table: Strata — the subdivisions of patients within a study by the value of the confounding variable (e.g. stone size). Each stratum belongs to one study.
-- ----------------------------------------------------------------------------
INSERT INTO strata (stratum_id, study, stratum_label, description)
VALUES ('kidney-1986-small', 'kidney-1986', 'small', 'Patients with small kidney stones — easier to treat, higher baseline success rate regardless of treatment.') ON CONFLICT (stratum_id) DO UPDATE SET study = EXCLUDED.study, stratum_label = EXCLUDED.stratum_label, description = EXCLUDED.description;

INSERT INTO strata (stratum_id, study, stratum_label, description)
VALUES ('kidney-1986-large', 'kidney-1986', 'large', 'Patients with large kidney stones — harder to treat, lower baseline success rate regardless of treatment. Preferentially assigned to Treatment A.') ON CONFLICT (stratum_id) DO UPDATE SET study = EXCLUDED.study, stratum_label = EXCLUDED.stratum_label, description = EXCLUDED.description;

INSERT INTO strata (stratum_id, study, stratum_label, description)
VALUES ('kidney-balanced-small', 'kidney-balanced', 'small', 'Small kidney stones — same baseline rates as kidney-1986 small stratum but now receiving exactly 50% of each treatment''s cases. Counterfactual stratum.') ON CONFLICT (stratum_id) DO UPDATE SET study = EXCLUDED.study, stratum_label = EXCLUDED.stratum_label, description = EXCLUDED.description;

INSERT INTO strata (stratum_id, study, stratum_label, description)
VALUES ('kidney-balanced-large', 'kidney-balanced', 'large', 'Large kidney stones — same baseline rates as kidney-1986 large stratum but now receiving exactly 50% of each treatment''s cases. Equal allocation prevents confounding.') ON CONFLICT (stratum_id) DO UPDATE SET study = EXCLUDED.study, stratum_label = EXCLUDED.stratum_label, description = EXCLUDED.description;

INSERT INTO strata (stratum_id, study, stratum_label, description)
VALUES ('balanced-synthetic-easy', 'balanced-synthetic', 'easy', 'Easy stratum — higher baseline success rate. Receives exactly 50% of each treatment''s cases.') ON CONFLICT (stratum_id) DO UPDATE SET study = EXCLUDED.study, stratum_label = EXCLUDED.stratum_label, description = EXCLUDED.description;

INSERT INTO strata (stratum_id, study, stratum_label, description)
VALUES ('balanced-synthetic-hard', 'balanced-synthetic', 'hard', 'Hard stratum — lower baseline success rate. Receives exactly 50% of each treatment''s cases. Equal allocation prevents confounding.') ON CONFLICT (stratum_id) DO UPDATE SET study = EXCLUDED.study, stratum_label = EXCLUDED.stratum_label, description = EXCLUDED.description;

INSERT INTO strata (stratum_id, study, stratum_label, description)
VALUES ('berkeley-1973-dept-A', 'berkeley-1973', 'dept-A', 'Dept A — highly competitive (low admission rate ~64%). Women applied here at roughly equal rates to men.') ON CONFLICT (stratum_id) DO UPDATE SET study = EXCLUDED.study, stratum_label = EXCLUDED.stratum_label, description = EXCLUDED.description;

INSERT INTO strata (stratum_id, study, stratum_label, description)
VALUES ('berkeley-1973-dept-B', 'berkeley-1973', 'dept-B', 'Dept B — competitive (~35% admission). Women applied here less often.') ON CONFLICT (stratum_id) DO UPDATE SET study = EXCLUDED.study, stratum_label = EXCLUDED.stratum_label, description = EXCLUDED.description;

INSERT INTO strata (stratum_id, study, stratum_label, description)
VALUES ('berkeley-1973-dept-C', 'berkeley-1973', 'dept-C', 'Dept C — moderately selective (~34% admission). More balanced gender application.') ON CONFLICT (stratum_id) DO UPDATE SET study = EXCLUDED.study, stratum_label = EXCLUDED.stratum_label, description = EXCLUDED.description;

INSERT INTO strata (stratum_id, study, stratum_label, description)
VALUES ('berkeley-1973-dept-D', 'berkeley-1973', 'dept-D', 'Dept D — open (~64% admission). Women applied here most heavily — this is the easy department that women disproportionately chose.') ON CONFLICT (stratum_id) DO UPDATE SET study = EXCLUDED.study, stratum_label = EXCLUDED.stratum_label, description = EXCLUDED.description;

INSERT INTO strata (stratum_id, study, stratum_label, description)
VALUES ('compressed-synthetic-hard', 'compressed-synthetic', 'hard', 'Hard stratum — lower baseline success rates (A=70%, B=60%). Treatment A is over-allocated here (60% of A cases vs 40% of B cases). This is the stratum that pulls A''s pooled rate down relative to equal-weight expectation.') ON CONFLICT (stratum_id) DO UPDATE SET study = EXCLUDED.study, stratum_label = EXCLUDED.stratum_label, description = EXCLUDED.description;

INSERT INTO strata (stratum_id, study, stratum_label, description)
VALUES ('compressed-synthetic-easy', 'compressed-synthetic', 'easy', 'Easy stratum — higher baseline success rates (A=90%, B=80%). Treatment B is over-allocated here (60% of B cases vs 40% of A cases). This partially offsets B''s per-stratum disadvantage in the pooled analysis.') ON CONFLICT (stratum_id) DO UPDATE SET study = EXCLUDED.study, stratum_label = EXCLUDED.stratum_label, description = EXCLUDED.description;

-- ----------------------------------------------------------------------------
-- CaseCells: Table: CaseCells — the raw leaves of the DAG. One row per (study, stratum, treatment) combination recording the aggregate count of successes and total cases. Every derived fact in the model traces back to these numbers. Nothing above this row is a raw input.
-- ----------------------------------------------------------------------------
INSERT INTO case_cells (case_cell_id, study, stratum_label, treatment_label, successes, cases)
VALUES ('kidney-1986-small-A', 'kidney-1986', 'small', 'A', 81, 87) ON CONFLICT (case_cell_id) DO UPDATE SET study = EXCLUDED.study, stratum_label = EXCLUDED.stratum_label, treatment_label = EXCLUDED.treatment_label, successes = EXCLUDED.successes, cases = EXCLUDED.cases;

INSERT INTO case_cells (case_cell_id, study, stratum_label, treatment_label, successes, cases)
VALUES ('kidney-1986-small-B', 'kidney-1986', 'small', 'B', 234, 270) ON CONFLICT (case_cell_id) DO UPDATE SET study = EXCLUDED.study, stratum_label = EXCLUDED.stratum_label, treatment_label = EXCLUDED.treatment_label, successes = EXCLUDED.successes, cases = EXCLUDED.cases;

INSERT INTO case_cells (case_cell_id, study, stratum_label, treatment_label, successes, cases)
VALUES ('kidney-1986-large-A', 'kidney-1986', 'large', 'A', 192, 263) ON CONFLICT (case_cell_id) DO UPDATE SET study = EXCLUDED.study, stratum_label = EXCLUDED.stratum_label, treatment_label = EXCLUDED.treatment_label, successes = EXCLUDED.successes, cases = EXCLUDED.cases;

INSERT INTO case_cells (case_cell_id, study, stratum_label, treatment_label, successes, cases)
VALUES ('kidney-1986-large-B', 'kidney-1986', 'large', 'B', 55, 80) ON CONFLICT (case_cell_id) DO UPDATE SET study = EXCLUDED.study, stratum_label = EXCLUDED.stratum_label, treatment_label = EXCLUDED.treatment_label, successes = EXCLUDED.successes, cases = EXCLUDED.cases;

INSERT INTO case_cells (case_cell_id, study, stratum_label, treatment_label, successes, cases)
VALUES ('kidney-balanced-small-A', 'kidney-balanced', 'small', 'A', 163, 175) ON CONFLICT (case_cell_id) DO UPDATE SET study = EXCLUDED.study, stratum_label = EXCLUDED.stratum_label, treatment_label = EXCLUDED.treatment_label, successes = EXCLUDED.successes, cases = EXCLUDED.cases;

INSERT INTO case_cells (case_cell_id, study, stratum_label, treatment_label, successes, cases)
VALUES ('kidney-balanced-small-B', 'kidney-balanced', 'small', 'B', 152, 175) ON CONFLICT (case_cell_id) DO UPDATE SET study = EXCLUDED.study, stratum_label = EXCLUDED.stratum_label, treatment_label = EXCLUDED.treatment_label, successes = EXCLUDED.successes, cases = EXCLUDED.cases;

INSERT INTO case_cells (case_cell_id, study, stratum_label, treatment_label, successes, cases)
VALUES ('kidney-balanced-large-A', 'kidney-balanced', 'large', 'A', 128, 175) ON CONFLICT (case_cell_id) DO UPDATE SET study = EXCLUDED.study, stratum_label = EXCLUDED.stratum_label, treatment_label = EXCLUDED.treatment_label, successes = EXCLUDED.successes, cases = EXCLUDED.cases;

INSERT INTO case_cells (case_cell_id, study, stratum_label, treatment_label, successes, cases)
VALUES ('kidney-balanced-large-B', 'kidney-balanced', 'large', 'B', 120, 175) ON CONFLICT (case_cell_id) DO UPDATE SET study = EXCLUDED.study, stratum_label = EXCLUDED.stratum_label, treatment_label = EXCLUDED.treatment_label, successes = EXCLUDED.successes, cases = EXCLUDED.cases;

INSERT INTO case_cells (case_cell_id, study, stratum_label, treatment_label, successes, cases)
VALUES ('balanced-synthetic-easy-A', 'balanced-synthetic', 'easy', 'A', 60, 100) ON CONFLICT (case_cell_id) DO UPDATE SET study = EXCLUDED.study, stratum_label = EXCLUDED.stratum_label, treatment_label = EXCLUDED.treatment_label, successes = EXCLUDED.successes, cases = EXCLUDED.cases;

INSERT INTO case_cells (case_cell_id, study, stratum_label, treatment_label, successes, cases)
VALUES ('balanced-synthetic-easy-B', 'balanced-synthetic', 'easy', 'B', 50, 100) ON CONFLICT (case_cell_id) DO UPDATE SET study = EXCLUDED.study, stratum_label = EXCLUDED.stratum_label, treatment_label = EXCLUDED.treatment_label, successes = EXCLUDED.successes, cases = EXCLUDED.cases;

INSERT INTO case_cells (case_cell_id, study, stratum_label, treatment_label, successes, cases)
VALUES ('balanced-synthetic-hard-A', 'balanced-synthetic', 'hard', 'A', 60, 100) ON CONFLICT (case_cell_id) DO UPDATE SET study = EXCLUDED.study, stratum_label = EXCLUDED.stratum_label, treatment_label = EXCLUDED.treatment_label, successes = EXCLUDED.successes, cases = EXCLUDED.cases;

INSERT INTO case_cells (case_cell_id, study, stratum_label, treatment_label, successes, cases)
VALUES ('balanced-synthetic-hard-B', 'balanced-synthetic', 'hard', 'B', 50, 100) ON CONFLICT (case_cell_id) DO UPDATE SET study = EXCLUDED.study, stratum_label = EXCLUDED.stratum_label, treatment_label = EXCLUDED.treatment_label, successes = EXCLUDED.successes, cases = EXCLUDED.cases;

INSERT INTO case_cells (case_cell_id, study, stratum_label, treatment_label, successes, cases)
VALUES ('berkeley-1973-dept-A-male', 'berkeley-1973', 'dept-A', 'A', 512, 825) ON CONFLICT (case_cell_id) DO UPDATE SET study = EXCLUDED.study, stratum_label = EXCLUDED.stratum_label, treatment_label = EXCLUDED.treatment_label, successes = EXCLUDED.successes, cases = EXCLUDED.cases;

INSERT INTO case_cells (case_cell_id, study, stratum_label, treatment_label, successes, cases)
VALUES ('berkeley-1973-dept-A-female', 'berkeley-1973', 'dept-A', 'B', 89, 108) ON CONFLICT (case_cell_id) DO UPDATE SET study = EXCLUDED.study, stratum_label = EXCLUDED.stratum_label, treatment_label = EXCLUDED.treatment_label, successes = EXCLUDED.successes, cases = EXCLUDED.cases;

INSERT INTO case_cells (case_cell_id, study, stratum_label, treatment_label, successes, cases)
VALUES ('berkeley-1973-dept-B-male', 'berkeley-1973', 'dept-B', 'A', 353, 560) ON CONFLICT (case_cell_id) DO UPDATE SET study = EXCLUDED.study, stratum_label = EXCLUDED.stratum_label, treatment_label = EXCLUDED.treatment_label, successes = EXCLUDED.successes, cases = EXCLUDED.cases;

INSERT INTO case_cells (case_cell_id, study, stratum_label, treatment_label, successes, cases)
VALUES ('berkeley-1973-dept-B-female', 'berkeley-1973', 'dept-B', 'B', 17, 25) ON CONFLICT (case_cell_id) DO UPDATE SET study = EXCLUDED.study, stratum_label = EXCLUDED.stratum_label, treatment_label = EXCLUDED.treatment_label, successes = EXCLUDED.successes, cases = EXCLUDED.cases;

INSERT INTO case_cells (case_cell_id, study, stratum_label, treatment_label, successes, cases)
VALUES ('berkeley-1973-dept-C-male', 'berkeley-1973', 'dept-C', 'A', 120, 325) ON CONFLICT (case_cell_id) DO UPDATE SET study = EXCLUDED.study, stratum_label = EXCLUDED.stratum_label, treatment_label = EXCLUDED.treatment_label, successes = EXCLUDED.successes, cases = EXCLUDED.cases;

INSERT INTO case_cells (case_cell_id, study, stratum_label, treatment_label, successes, cases)
VALUES ('berkeley-1973-dept-C-female', 'berkeley-1973', 'dept-C', 'B', 202, 593) ON CONFLICT (case_cell_id) DO UPDATE SET study = EXCLUDED.study, stratum_label = EXCLUDED.stratum_label, treatment_label = EXCLUDED.treatment_label, successes = EXCLUDED.successes, cases = EXCLUDED.cases;

INSERT INTO case_cells (case_cell_id, study, stratum_label, treatment_label, successes, cases)
VALUES ('berkeley-1973-dept-D-male', 'berkeley-1973', 'dept-D', 'A', 138, 417) ON CONFLICT (case_cell_id) DO UPDATE SET study = EXCLUDED.study, stratum_label = EXCLUDED.stratum_label, treatment_label = EXCLUDED.treatment_label, successes = EXCLUDED.successes, cases = EXCLUDED.cases;

INSERT INTO case_cells (case_cell_id, study, stratum_label, treatment_label, successes, cases)
VALUES ('berkeley-1973-dept-D-female', 'berkeley-1973', 'dept-D', 'B', 131, 375) ON CONFLICT (case_cell_id) DO UPDATE SET study = EXCLUDED.study, stratum_label = EXCLUDED.stratum_label, treatment_label = EXCLUDED.treatment_label, successes = EXCLUDED.successes, cases = EXCLUDED.cases;

INSERT INTO case_cells (case_cell_id, study, stratum_label, treatment_label, successes, cases)
VALUES ('compressed-synthetic-hard-A', 'compressed-synthetic', 'hard', 'A', 84, 120) ON CONFLICT (case_cell_id) DO UPDATE SET study = EXCLUDED.study, stratum_label = EXCLUDED.stratum_label, treatment_label = EXCLUDED.treatment_label, successes = EXCLUDED.successes, cases = EXCLUDED.cases;

INSERT INTO case_cells (case_cell_id, study, stratum_label, treatment_label, successes, cases)
VALUES ('compressed-synthetic-hard-B', 'compressed-synthetic', 'hard', 'B', 48, 80) ON CONFLICT (case_cell_id) DO UPDATE SET study = EXCLUDED.study, stratum_label = EXCLUDED.stratum_label, treatment_label = EXCLUDED.treatment_label, successes = EXCLUDED.successes, cases = EXCLUDED.cases;

INSERT INTO case_cells (case_cell_id, study, stratum_label, treatment_label, successes, cases)
VALUES ('compressed-synthetic-easy-A', 'compressed-synthetic', 'easy', 'A', 72, 80) ON CONFLICT (case_cell_id) DO UPDATE SET study = EXCLUDED.study, stratum_label = EXCLUDED.stratum_label, treatment_label = EXCLUDED.treatment_label, successes = EXCLUDED.successes, cases = EXCLUDED.cases;

INSERT INTO case_cells (case_cell_id, study, stratum_label, treatment_label, successes, cases)
VALUES ('compressed-synthetic-easy-B', 'compressed-synthetic', 'easy', 'B', 96, 120) ON CONFLICT (case_cell_id) DO UPDATE SET study = EXCLUDED.study, stratum_label = EXCLUDED.stratum_label, treatment_label = EXCLUDED.treatment_label, successes = EXCLUDED.successes, cases = EXCLUDED.cases;

-- ----------------------------------------------------------------------------
-- StratumSummaries: Table: StratumSummaries — one row per (study, stratum, treatment). Computes the success rate WITHIN each stratum for each treatment. This is the stratified view that contradicts the pooled conclusion when a Simpson's Paradox reversal is present. Each row belongs to both a Stratum and a Treatment in the same Study.
-- ----------------------------------------------------------------------------
INSERT INTO stratum_summaries (stratum_summary_id, study, stratum_label, treatment_label)
VALUES ('kidney-1986-small-A', 'kidney-1986', 'small', 'A') ON CONFLICT (stratum_summary_id) DO UPDATE SET study = EXCLUDED.study, stratum_label = EXCLUDED.stratum_label, treatment_label = EXCLUDED.treatment_label;

INSERT INTO stratum_summaries (stratum_summary_id, study, stratum_label, treatment_label)
VALUES ('kidney-1986-small-B', 'kidney-1986', 'small', 'B') ON CONFLICT (stratum_summary_id) DO UPDATE SET study = EXCLUDED.study, stratum_label = EXCLUDED.stratum_label, treatment_label = EXCLUDED.treatment_label;

INSERT INTO stratum_summaries (stratum_summary_id, study, stratum_label, treatment_label)
VALUES ('kidney-1986-large-A', 'kidney-1986', 'large', 'A') ON CONFLICT (stratum_summary_id) DO UPDATE SET study = EXCLUDED.study, stratum_label = EXCLUDED.stratum_label, treatment_label = EXCLUDED.treatment_label;

INSERT INTO stratum_summaries (stratum_summary_id, study, stratum_label, treatment_label)
VALUES ('kidney-1986-large-B', 'kidney-1986', 'large', 'B') ON CONFLICT (stratum_summary_id) DO UPDATE SET study = EXCLUDED.study, stratum_label = EXCLUDED.stratum_label, treatment_label = EXCLUDED.treatment_label;

INSERT INTO stratum_summaries (stratum_summary_id, study, stratum_label, treatment_label)
VALUES ('kidney-balanced-small-A', 'kidney-balanced', 'small', 'A') ON CONFLICT (stratum_summary_id) DO UPDATE SET study = EXCLUDED.study, stratum_label = EXCLUDED.stratum_label, treatment_label = EXCLUDED.treatment_label;

INSERT INTO stratum_summaries (stratum_summary_id, study, stratum_label, treatment_label)
VALUES ('kidney-balanced-small-B', 'kidney-balanced', 'small', 'B') ON CONFLICT (stratum_summary_id) DO UPDATE SET study = EXCLUDED.study, stratum_label = EXCLUDED.stratum_label, treatment_label = EXCLUDED.treatment_label;

INSERT INTO stratum_summaries (stratum_summary_id, study, stratum_label, treatment_label)
VALUES ('kidney-balanced-large-A', 'kidney-balanced', 'large', 'A') ON CONFLICT (stratum_summary_id) DO UPDATE SET study = EXCLUDED.study, stratum_label = EXCLUDED.stratum_label, treatment_label = EXCLUDED.treatment_label;

INSERT INTO stratum_summaries (stratum_summary_id, study, stratum_label, treatment_label)
VALUES ('kidney-balanced-large-B', 'kidney-balanced', 'large', 'B') ON CONFLICT (stratum_summary_id) DO UPDATE SET study = EXCLUDED.study, stratum_label = EXCLUDED.stratum_label, treatment_label = EXCLUDED.treatment_label;

INSERT INTO stratum_summaries (stratum_summary_id, study, stratum_label, treatment_label)
VALUES ('balanced-synthetic-easy-A', 'balanced-synthetic', 'easy', 'A') ON CONFLICT (stratum_summary_id) DO UPDATE SET study = EXCLUDED.study, stratum_label = EXCLUDED.stratum_label, treatment_label = EXCLUDED.treatment_label;

INSERT INTO stratum_summaries (stratum_summary_id, study, stratum_label, treatment_label)
VALUES ('balanced-synthetic-easy-B', 'balanced-synthetic', 'easy', 'B') ON CONFLICT (stratum_summary_id) DO UPDATE SET study = EXCLUDED.study, stratum_label = EXCLUDED.stratum_label, treatment_label = EXCLUDED.treatment_label;

INSERT INTO stratum_summaries (stratum_summary_id, study, stratum_label, treatment_label)
VALUES ('balanced-synthetic-hard-A', 'balanced-synthetic', 'hard', 'A') ON CONFLICT (stratum_summary_id) DO UPDATE SET study = EXCLUDED.study, stratum_label = EXCLUDED.stratum_label, treatment_label = EXCLUDED.treatment_label;

INSERT INTO stratum_summaries (stratum_summary_id, study, stratum_label, treatment_label)
VALUES ('balanced-synthetic-hard-B', 'balanced-synthetic', 'hard', 'B') ON CONFLICT (stratum_summary_id) DO UPDATE SET study = EXCLUDED.study, stratum_label = EXCLUDED.stratum_label, treatment_label = EXCLUDED.treatment_label;

INSERT INTO stratum_summaries (stratum_summary_id, study, stratum_label, treatment_label)
VALUES ('berkeley-1973-dept-A-male', 'berkeley-1973', 'dept-A', 'A') ON CONFLICT (stratum_summary_id) DO UPDATE SET study = EXCLUDED.study, stratum_label = EXCLUDED.stratum_label, treatment_label = EXCLUDED.treatment_label;

INSERT INTO stratum_summaries (stratum_summary_id, study, stratum_label, treatment_label)
VALUES ('berkeley-1973-dept-A-female', 'berkeley-1973', 'dept-A', 'B') ON CONFLICT (stratum_summary_id) DO UPDATE SET study = EXCLUDED.study, stratum_label = EXCLUDED.stratum_label, treatment_label = EXCLUDED.treatment_label;

INSERT INTO stratum_summaries (stratum_summary_id, study, stratum_label, treatment_label)
VALUES ('berkeley-1973-dept-B-male', 'berkeley-1973', 'dept-B', 'A') ON CONFLICT (stratum_summary_id) DO UPDATE SET study = EXCLUDED.study, stratum_label = EXCLUDED.stratum_label, treatment_label = EXCLUDED.treatment_label;

INSERT INTO stratum_summaries (stratum_summary_id, study, stratum_label, treatment_label)
VALUES ('berkeley-1973-dept-B-female', 'berkeley-1973', 'dept-B', 'B') ON CONFLICT (stratum_summary_id) DO UPDATE SET study = EXCLUDED.study, stratum_label = EXCLUDED.stratum_label, treatment_label = EXCLUDED.treatment_label;

INSERT INTO stratum_summaries (stratum_summary_id, study, stratum_label, treatment_label)
VALUES ('berkeley-1973-dept-C-male', 'berkeley-1973', 'dept-C', 'A') ON CONFLICT (stratum_summary_id) DO UPDATE SET study = EXCLUDED.study, stratum_label = EXCLUDED.stratum_label, treatment_label = EXCLUDED.treatment_label;

INSERT INTO stratum_summaries (stratum_summary_id, study, stratum_label, treatment_label)
VALUES ('berkeley-1973-dept-C-female', 'berkeley-1973', 'dept-C', 'B') ON CONFLICT (stratum_summary_id) DO UPDATE SET study = EXCLUDED.study, stratum_label = EXCLUDED.stratum_label, treatment_label = EXCLUDED.treatment_label;

INSERT INTO stratum_summaries (stratum_summary_id, study, stratum_label, treatment_label)
VALUES ('berkeley-1973-dept-D-male', 'berkeley-1973', 'dept-D', 'A') ON CONFLICT (stratum_summary_id) DO UPDATE SET study = EXCLUDED.study, stratum_label = EXCLUDED.stratum_label, treatment_label = EXCLUDED.treatment_label;

INSERT INTO stratum_summaries (stratum_summary_id, study, stratum_label, treatment_label)
VALUES ('berkeley-1973-dept-D-female', 'berkeley-1973', 'dept-D', 'B') ON CONFLICT (stratum_summary_id) DO UPDATE SET study = EXCLUDED.study, stratum_label = EXCLUDED.stratum_label, treatment_label = EXCLUDED.treatment_label;

INSERT INTO stratum_summaries (stratum_summary_id, study, stratum_label, treatment_label)
VALUES ('compressed-synthetic-hard-A', 'compressed-synthetic', 'hard', 'A') ON CONFLICT (stratum_summary_id) DO UPDATE SET study = EXCLUDED.study, stratum_label = EXCLUDED.stratum_label, treatment_label = EXCLUDED.treatment_label;

INSERT INTO stratum_summaries (stratum_summary_id, study, stratum_label, treatment_label)
VALUES ('compressed-synthetic-hard-B', 'compressed-synthetic', 'hard', 'B') ON CONFLICT (stratum_summary_id) DO UPDATE SET study = EXCLUDED.study, stratum_label = EXCLUDED.stratum_label, treatment_label = EXCLUDED.treatment_label;

INSERT INTO stratum_summaries (stratum_summary_id, study, stratum_label, treatment_label)
VALUES ('compressed-synthetic-easy-A', 'compressed-synthetic', 'easy', 'A') ON CONFLICT (stratum_summary_id) DO UPDATE SET study = EXCLUDED.study, stratum_label = EXCLUDED.stratum_label, treatment_label = EXCLUDED.treatment_label;

INSERT INTO stratum_summaries (stratum_summary_id, study, stratum_label, treatment_label)
VALUES ('compressed-synthetic-easy-B', 'compressed-synthetic', 'easy', 'B') ON CONFLICT (stratum_summary_id) DO UPDATE SET study = EXCLUDED.study, stratum_label = EXCLUDED.stratum_label, treatment_label = EXCLUDED.treatment_label;

-- ----------------------------------------------------------------------------
-- ModelSummary: Table: ModelSummary — one row describing the epistemic coverage of this entire model instance. Aggregates across all TreatmentRankings to witness how many studies were examined, how many showed a full reversal, how many were explained, and the average paradox strength. The model holds a mirror to itself.
-- ----------------------------------------------------------------------------
INSERT INTO model_summary (model_summary_id)
VALUES ('simpsons-paradox-v1') ON CONFLICT (model_summary_id) DO NOTHING;

-- ----------------------------------------------------------------------------
-- StratumVariables: Table: StratumVariables — one row per study, naming the variable that defines the strata and describing its causal role. A confounder affects both treatment assignment AND outcome; a mediator is downstream of treatment; a contested variable is one where the causal role is disputed. IsConfounder is derived from these two boolean flags.
-- ----------------------------------------------------------------------------
INSERT INTO stratum_variables (stratum_variable_id, study, variable_name, causal_role, affects_treatment_assignment, affects_outcome, mechanism_note)
VALUES ('kidney-1986-stone-size', 'kidney-1986', 'stone_size', 'confounder', TRUE, TRUE, 'Large kidney stones were preferentially assigned to Treatment A (the more aggressive procedure), while small stones more often received Treatment B. Independently, large stones have lower baseline cure rates regardless of treatment. This dual influence — on both assignment and on outcome — is what drives the pooled reversal.') ON CONFLICT (stratum_variable_id) DO UPDATE SET study = EXCLUDED.study, variable_name = EXCLUDED.variable_name, causal_role = EXCLUDED.causal_role, affects_treatment_assignment = EXCLUDED.affects_treatment_assignment, affects_outcome = EXCLUDED.affects_outcome, mechanism_note = EXCLUDED.mechanism_note;

INSERT INTO stratum_variables (stratum_variable_id, study, variable_name, causal_role, affects_treatment_assignment, affects_outcome, mechanism_note)
VALUES ('berkeley-1973-department', 'berkeley-1973', 'department', 'contested', TRUE, TRUE, 'Department choice correlates with both gender (women applied disproportionately to competitive departments) and admission rate (competitive departments admit fewer applicants regardless of gender). However, department choice may itself be downstream of gender — if women systematically self-select into harder departments due to societal factors, then department is a mediator, not a confounder. The causal role is genuinely contested in the literature. IsConfounder=FALSE because CausalRole=''contested'', not because the flags are false.') ON CONFLICT (stratum_variable_id) DO UPDATE SET study = EXCLUDED.study, variable_name = EXCLUDED.variable_name, causal_role = EXCLUDED.causal_role, affects_treatment_assignment = EXCLUDED.affects_treatment_assignment, affects_outcome = EXCLUDED.affects_outcome, mechanism_note = EXCLUDED.mechanism_note;

INSERT INTO stratum_variables (stratum_variable_id, study, variable_name, causal_role, affects_treatment_assignment, affects_outcome, mechanism_note)
VALUES ('kidney-balanced-stone-size', 'kidney-balanced', 'stone_size', 'confounder', FALSE, TRUE, 'In this counterfactual, stone size still affects outcome (hard cases have lower success rates) but does NOT affect treatment assignment — both treatments receive exactly 50% of their cases in each stratum. Because treatment assignment is now independent of stone size, no confounding occurs and AllocationBias=0 everywhere. IsConfounder=FALSE (AffectsTreatmentAssignment=false). The reversal is impossible by construction.') ON CONFLICT (stratum_variable_id) DO UPDATE SET study = EXCLUDED.study, variable_name = EXCLUDED.variable_name, causal_role = EXCLUDED.causal_role, affects_treatment_assignment = EXCLUDED.affects_treatment_assignment, affects_outcome = EXCLUDED.affects_outcome, mechanism_note = EXCLUDED.mechanism_note;

INSERT INTO stratum_variables (stratum_variable_id, study, variable_name, causal_role, affects_treatment_assignment, affects_outcome, mechanism_note)
VALUES ('balanced-synthetic-stratum', 'balanced-synthetic', 'stratum', 'unknown', FALSE, TRUE, 'The stratum variable affects outcome (easy vs hard conditions) but does NOT affect treatment assignment — each treatment receives exactly 50% of its cases in each stratum. Because treatment assignment is independent of stratum, no confounding can occur and the pooled rate must agree with every per-stratum comparison.') ON CONFLICT (stratum_variable_id) DO UPDATE SET study = EXCLUDED.study, variable_name = EXCLUDED.variable_name, causal_role = EXCLUDED.causal_role, affects_treatment_assignment = EXCLUDED.affects_treatment_assignment, affects_outcome = EXCLUDED.affects_outcome, mechanism_note = EXCLUDED.mechanism_note;

INSERT INTO stratum_variables (stratum_variable_id, study, variable_name, causal_role, affects_treatment_assignment, affects_outcome, mechanism_note)
VALUES ('compressed-synthetic-stratum', 'compressed-synthetic', 'difficulty', 'confounder', TRUE, TRUE, 'Case difficulty affects both which treatment patients receive (A is over-allocated to hard cases: 60% vs 40%) and the outcome (hard cases have lower success rates for both treatments). This IS confounding — but the confounding is not strong enough to flip the pooled winner. A wins in every stratum and also wins pooled. The allocation compresses A''s pooled advantage (from equal-weight 10pp down to actual 6pp) but does not erase it. This is type-C distortion: real confounding, partial distortion, no reversal.') ON CONFLICT (stratum_variable_id) DO UPDATE SET study = EXCLUDED.study, variable_name = EXCLUDED.variable_name, causal_role = EXCLUDED.causal_role, affects_treatment_assignment = EXCLUDED.affects_treatment_assignment, affects_outcome = EXCLUDED.affects_outcome, mechanism_note = EXCLUDED.mechanism_note;

-- ----------------------------------------------------------------------------
-- TreatmentRankings: Table: TreatmentRankings — one row per treatment-pair comparison within a study. Derives the pooled winner, the per-stratum winner, and the IsReversal boolean. The paradox emerges here as a derived fact: IsReversal is true when the pooled winner and the per-stratum winner disagree.
-- ----------------------------------------------------------------------------
INSERT INTO treatment_rankings (treatment_ranking_id, study, treatment_a, treatment_b)
VALUES ('kidney-1986-A-vs-B', 'kidney-1986', 'A', 'B') ON CONFLICT (treatment_ranking_id) DO UPDATE SET study = EXCLUDED.study, treatment_a = EXCLUDED.treatment_a, treatment_b = EXCLUDED.treatment_b;

INSERT INTO treatment_rankings (treatment_ranking_id, study, treatment_a, treatment_b)
VALUES ('kidney-balanced-A-vs-B', 'kidney-balanced', 'A', 'B') ON CONFLICT (treatment_ranking_id) DO UPDATE SET study = EXCLUDED.study, treatment_a = EXCLUDED.treatment_a, treatment_b = EXCLUDED.treatment_b;

INSERT INTO treatment_rankings (treatment_ranking_id, study, treatment_a, treatment_b)
VALUES ('balanced-synthetic-A-vs-B', 'balanced-synthetic', 'A', 'B') ON CONFLICT (treatment_ranking_id) DO UPDATE SET study = EXCLUDED.study, treatment_a = EXCLUDED.treatment_a, treatment_b = EXCLUDED.treatment_b;

INSERT INTO treatment_rankings (treatment_ranking_id, study, treatment_a, treatment_b)
VALUES ('berkeley-1973-A-vs-B', 'berkeley-1973', 'A', 'B') ON CONFLICT (treatment_ranking_id) DO UPDATE SET study = EXCLUDED.study, treatment_a = EXCLUDED.treatment_a, treatment_b = EXCLUDED.treatment_b;

INSERT INTO treatment_rankings (treatment_ranking_id, study, treatment_a, treatment_b)
VALUES ('compressed-synthetic-A-vs-B', 'compressed-synthetic', 'A', 'B') ON CONFLICT (treatment_ranking_id) DO UPDATE SET study = EXCLUDED.study, treatment_a = EXCLUDED.treatment_a, treatment_b = EXCLUDED.treatment_b;

