-- ============================================================================
-- INSERT DATA - Load data from rulebook
-- ============================================================================
-- Generated by rulebook-to-postgres tool
-- ============================================================================

-- ----------------------------------------------------------------------------
-- Customers: Table: Customers
-- ----------------------------------------------------------------------------
INSERT INTO customers (customer_id, name, notes, status, email, phone, company_name, billing_address, shipping_address, created_at)
VALUES ('bob', 'Bob', 'A customer currently in launch.', 'on-hold', 'bob@launchpad.example', '+1-415-555-0101', 'Launchpad LLC', '742 Evergreen Terrace
Springfield, OR 97477', '742 Evergreen Terrace
Springfield, OR 97477', '2025-08-14T09:30:00Z') ON CONFLICT (customer_id) DO NOTHING;

INSERT INTO customers (customer_id, name, notes, status, email, phone, company_name, billing_address, shipping_address, created_at)
VALUES ('alice-johnson', 'Alice Johnson', 'Initial mock entry for Alice.', 'pending', 'alice.johnson@northwind.example', '+1-206-555-0142', 'Northwind Traders', '500 Pine St, Suite 200
Seattle, WA 98101', '500 Pine St, Suite 200
Seattle, WA 98101', '2025-09-02T14:15:00Z') ON CONFLICT (customer_id) DO NOTHING;

INSERT INTO customers (customer_id, name, notes, status, email, phone, company_name, billing_address, shipping_address, created_at)
VALUES ('brian-lee', 'Brian Lee', 'Initial mock entry for Brian.', 'new', 'brian.lee@contoso.example', '+1-512-555-0177', 'Contoso Manufacturing', '88 Industrial Way
Austin, TX 78701', '90 Industrial Way (Loading Dock B)
Austin, TX 78701', '2025-10-11T11:00:00Z') ON CONFLICT (customer_id) DO NOTHING;

INSERT INTO customers (customer_id, name, notes, status, email, phone, company_name, billing_address, shipping_address, created_at)
VALUES ('carla-smith', 'Carla Smith', 'Initial mock entry for Carla.', 'delayed', 'carla.smith@bluewave.example', '+1-305-555-0188', 'Bluewave Logistics', '1200 Ocean Dr
Miami, FL 33139', '1200 Ocean Dr
Miami, FL 33139', '2025-11-22T16:45:00Z') ON CONFLICT (customer_id) DO NOTHING;

INSERT INTO customers (customer_id, name, notes, status, email, phone, company_name, billing_address, shipping_address, created_at)
VALUES ('caroline', 'Caroline', '', 'processing', 'caroline@solo.example', '+1-718-555-0199', 'Solo Studio', '23 Hudson Lane
Brooklyn, NY 11201', '23 Hudson Lane
Brooklyn, NY 11201', '2026-01-08T08:20:00Z') ON CONFLICT (customer_id) DO NOTHING;

-- ----------------------------------------------------------------------------
-- Statuses: Table: Statuses
-- ----------------------------------------------------------------------------
INSERT INTO statuses (statuse_id, display_name, description, is_blocking, customers, sort_order)
VALUES ('delayed', 'Delayed', 'This status is used when the customer or request has been delayed and is not progressing as scheduled.', FALSE, 'carla-smith', 6) ON CONFLICT (statuse_id) DO NOTHING;

INSERT INTO statuses (statuse_id, display_name, description, is_blocking, customers, sort_order)
VALUES ('cancelled', 'Cancelled', 'This status means the customer or request has been cancelled and will not proceed further.', FALSE, '', 7) ON CONFLICT (statuse_id) DO NOTHING;

INSERT INTO statuses (statuse_id, display_name, description, is_blocking, customers, sort_order)
VALUES ('processing', 'Processing', 'This status means the customer or request is currently being processed.', FALSE, 'caroline', 2) ON CONFLICT (statuse_id) DO NOTHING;

INSERT INTO statuses (statuse_id, display_name, description, is_blocking, customers, sort_order)
VALUES ('new', 'New', 'This status indicates a newly created customer or request that has not yet been processed.', FALSE, 'brian-lee', 1) ON CONFLICT (statuse_id) DO NOTHING;

INSERT INTO statuses (statuse_id, display_name, description, is_blocking, customers, sort_order)
VALUES ('in-review', 'In-Review', 'This status is for customers or requests that are currently under review.', TRUE, '', 3) ON CONFLICT (statuse_id) DO NOTHING;

INSERT INTO statuses (statuse_id, display_name, description, is_blocking, customers, sort_order)
VALUES ('pending', 'Pending', 'This status shows the customer or request is pending further action or review.', TRUE, 'alice-johnson', 4) ON CONFLICT (statuse_id) DO NOTHING;

INSERT INTO statuses (statuse_id, display_name, description, is_blocking, customers, sort_order)
VALUES ('on-hold', 'On-Hold', 'This status indicates the customer or request is on hold and temporarily paused.', TRUE, 'bob', 5) ON CONFLICT (statuse_id) DO NOTHING;

-- ----------------------------------------------------------------------------
-- Products: Table: Products
-- ----------------------------------------------------------------------------
INSERT INTO products (product_id, sku, display_name, description, unit_price, cost, is_active, stock_quantity)
VALUES ('gadget-200', 'GADGET-200', 'Pro Gadget', 'Professional-grade gadget with extended battery life.', 89, 32, TRUE, 75) ON CONFLICT (product_id) DO NOTHING;

INSERT INTO products (product_id, sku, display_name, description, unit_price, cost, is_active, stock_quantity)
VALUES ('hub-7port', 'HUB-7PORT', '7-Port USB Hub', 'Powered 7-port USB-A hub with individual switches.', 34.99, 11.8, TRUE, 240) ON CONFLICT (product_id) DO NOTHING;

INSERT INTO products (product_id, sku, display_name, description, unit_price, cost, is_active, stock_quantity)
VALUES ('cable-usb-c', 'CABLE-USB-C', 'USB-C Cable (2m)', 'Two-meter braided USB-C to USB-C cable, 100W power delivery.', 12, 3.4, TRUE, 1240) ON CONFLICT (product_id) DO NOTHING;

INSERT INTO products (product_id, sku, display_name, description, unit_price, cost, is_active, stock_quantity)
VALUES ('stand-alu', 'STAND-ALU', 'Aluminum Stand', 'Adjustable aluminum stand for laptops and tablets.', 45, 18.75, TRUE, 92) ON CONFLICT (product_id) DO NOTHING;

INSERT INTO products (product_id, sku, display_name, description, unit_price, cost, is_active, stock_quantity)
VALUES ('widget-002', 'WIDGET-002', 'Deluxe Widget', 'Premium widget with reinforced housing and extended warranty.', 39.99, 14.2, TRUE, 180) ON CONFLICT (product_id) DO NOTHING;

INSERT INTO products (product_id, sku, display_name, description, unit_price, cost, is_active, stock_quantity)
VALUES ('widget-001', 'WIDGET-001', 'Standard Widget', 'Our flagship widget. Multipurpose, durable, and affordable.', 19.99, 7.5, TRUE, 425) ON CONFLICT (product_id) DO NOTHING;

INSERT INTO products (product_id, sku, display_name, description, unit_price, cost, is_active, stock_quantity)
VALUES ('case-leather', 'CASE-LEATHER', 'Leather Case', 'Hand-stitched full-grain leather carrying case.', 65, 22.5, FALSE, 0) ON CONFLICT (product_id) DO NOTHING;

INSERT INTO products (product_id, sku, display_name, description, unit_price, cost, is_active, stock_quantity)
VALUES ('gadget-100', 'GADGET-100', 'Pocket Gadget', 'Compact gadget that fits in your pocket. Bestseller for two years running.', 24.5, 9.1, TRUE, 612) ON CONFLICT (product_id) DO NOTHING;

-- ----------------------------------------------------------------------------
-- Orders: Table: Orders
-- ----------------------------------------------------------------------------
INSERT INTO orders (order_id, order_number, customer, order_date, order_status, shipping_address, billing_address, notes, tax_rate)
VALUES ('bob-1042', '1042', 'bob', '2026-02-20T13:15:00Z', 'Pending', '742 Evergreen Terrace
Springfield, OR 97477', '742 Evergreen Terrace
Springfield, OR 97477', 'Awaiting payment confirmation. Customer is on-hold.', 0.085) ON CONFLICT (order_id) DO NOTHING;

INSERT INTO orders (order_id, order_number, customer, order_date, order_status, shipping_address, billing_address, notes, tax_rate)
VALUES ('caroline-1045', '1045', 'caroline', '2026-03-12T10:00:00Z', 'New', '23 Hudson Lane
Brooklyn, NY 11201', '23 Hudson Lane
Brooklyn, NY 11201', 'First-time customer. Marketing wants white-glove handling.', 0.08875) ON CONFLICT (order_id) DO NOTHING;

INSERT INTO orders (order_id, order_number, customer, order_date, order_status, shipping_address, billing_address, notes, tax_rate)
VALUES ('alice-johnson-1010', '1010', 'alice-johnson', '2025-10-05T09:00:00Z', 'Shipped', '500 Pine St, Suite 200
Seattle, WA 98101', '500 Pine St, Suite 200
Seattle, WA 98101', 'Bulk order for Q4 inventory.', 0.101) ON CONFLICT (order_id) DO NOTHING;

INSERT INTO orders (order_id, order_number, customer, order_date, order_status, shipping_address, billing_address, notes, tax_rate)
VALUES ('bob-1001', '1001', 'bob', '2025-09-15T10:30:00Z', 'Delivered', '742 Evergreen Terrace
Springfield, OR 97477', '742 Evergreen Terrace
Springfield, OR 97477', 'Customer requested gift wrap.', 0.085) ON CONFLICT (order_id) DO NOTHING;

INSERT INTO orders (order_id, order_number, customer, order_date, order_status, shipping_address, billing_address, notes, tax_rate)
VALUES ('carla-smith-1024', '1024', 'carla-smith', '2025-12-01T11:20:00Z', 'Returned', '1200 Ocean Dr
Miami, FL 33139', '1200 Ocean Dr
Miami, FL 33139', 'Customer reported damaged shipment; full return processed.', 0.07) ON CONFLICT (order_id) DO NOTHING;

INSERT INTO orders (order_id, order_number, customer, order_date, order_status, shipping_address, billing_address, notes, tax_rate)
VALUES ('carla-smith-1037', '1037', 'carla-smith', '2026-01-28T14:00:00Z', 'Processing', '1200 Ocean Dr
Miami, FL 33139', '1200 Ocean Dr
Miami, FL 33139', 'Replacement order following 1024.', 0.07) ON CONFLICT (order_id) DO NOTHING;

INSERT INTO orders (order_id, order_number, customer, order_date, order_status, shipping_address, billing_address, notes, tax_rate)
VALUES ('brian-lee-1018', '1018', 'brian-lee', '2025-11-12T15:45:00Z', 'Delivered', '90 Industrial Way (Loading Dock B)
Austin, TX 78701', '88 Industrial Way
Austin, TX 78701', 'Deliver to loading dock B between 8am-4pm.', 0.0825) ON CONFLICT (order_id) DO NOTHING;

-- ----------------------------------------------------------------------------
-- OrderLineItems: Table: OrderLineItems
-- ----------------------------------------------------------------------------
INSERT INTO order_line_items (order_line_item_id, line_number, "order", product, quantity, unit_price, discount_percent, notes)
VALUES ('carla-smith-1037-line-2', '2', 'carla-smith-1037', 'gadget-200', 1, 89, 0.15, 'Goodwill discount for prior return.') ON CONFLICT (order_line_item_id) DO NOTHING;

INSERT INTO order_line_items (order_line_item_id, line_number, "order", product, quantity, unit_price, discount_percent, notes)
VALUES ('carla-smith-1024-line-2', '2', 'carla-smith-1024', 'gadget-200', 1, 89, 0, 'Returned: damaged in transit.') ON CONFLICT (order_line_item_id) DO NOTHING;

INSERT INTO order_line_items (order_line_item_id, line_number, "order", product, quantity, unit_price, discount_percent, notes)
VALUES ('caroline-1045-line-3', '3', 'caroline-1045', 'cable-usb-c', 1, 12, 0, 'Free with welcome bundle.') ON CONFLICT (order_line_item_id) DO NOTHING;

INSERT INTO order_line_items (order_line_item_id, line_number, "order", product, quantity, unit_price, discount_percent, notes)
VALUES ('carla-smith-1037-line-1', '1', 'carla-smith-1037', 'stand-alu', 3, 45, 0.15, 'Goodwill discount for prior return.') ON CONFLICT (order_line_item_id) DO NOTHING;

INSERT INTO order_line_items (order_line_item_id, line_number, "order", product, quantity, unit_price, discount_percent, notes)
VALUES ('alice-johnson-1010-line-2', '2', 'alice-johnson-1010', 'widget-002', 25, 35.99, 0.1, 'Bulk pricing tier 1.') ON CONFLICT (order_line_item_id) DO NOTHING;

INSERT INTO order_line_items (order_line_item_id, line_number, "order", product, quantity, unit_price, discount_percent, notes)
VALUES ('brian-lee-1018-line-2', '2', 'brian-lee-1018', 'cable-usb-c', 24, 11.4, 0.05, 'Volume discount.') ON CONFLICT (order_line_item_id) DO NOTHING;

INSERT INTO order_line_items (order_line_item_id, line_number, "order", product, quantity, unit_price, discount_percent, notes)
VALUES ('bob-1042-line-1', '1', 'bob-1042', 'gadget-200', 1, 89, 0, 'Backordered until 2026-04-15.') ON CONFLICT (order_line_item_id) DO NOTHING;

INSERT INTO order_line_items (order_line_item_id, line_number, "order", product, quantity, unit_price, discount_percent, notes)
VALUES ('brian-lee-1018-line-1', '1', 'brian-lee-1018', 'hub-7port', 12, 31.49, 0.1, 'Volume discount.') ON CONFLICT (order_line_item_id) DO NOTHING;

INSERT INTO order_line_items (order_line_item_id, line_number, "order", product, quantity, unit_price, discount_percent, notes)
VALUES ('caroline-1045-line-2', '2', 'caroline-1045', 'gadget-100', 1, 24.5, 0, '') ON CONFLICT (order_line_item_id) DO NOTHING;

INSERT INTO order_line_items (order_line_item_id, line_number, "order", product, quantity, unit_price, discount_percent, notes)
VALUES ('bob-1001-line-2', '2', 'bob-1001', 'cable-usb-c', 2, 12, 0, 'Add to gift wrap.') ON CONFLICT (order_line_item_id) DO NOTHING;

INSERT INTO order_line_items (order_line_item_id, line_number, "order", product, quantity, unit_price, discount_percent, notes)
VALUES ('carla-smith-1024-line-1', '1', 'carla-smith-1024', 'stand-alu', 3, 45, 0, 'Returned: damaged in transit.') ON CONFLICT (order_line_item_id) DO NOTHING;

INSERT INTO order_line_items (order_line_item_id, line_number, "order", product, quantity, unit_price, discount_percent, notes)
VALUES ('caroline-1045-line-1', '1', 'caroline-1045', 'widget-002', 2, 39.99, 0, 'First-order welcome bundle.') ON CONFLICT (order_line_item_id) DO NOTHING;

INSERT INTO order_line_items (order_line_item_id, line_number, "order", product, quantity, unit_price, discount_percent, notes)
VALUES ('alice-johnson-1010-line-1', '1', 'alice-johnson-1010', 'widget-001', 50, 17.99, 0.1, 'Bulk pricing tier 1.') ON CONFLICT (order_line_item_id) DO NOTHING;

INSERT INTO order_line_items (order_line_item_id, line_number, "order", product, quantity, unit_price, discount_percent, notes)
VALUES ('bob-1001-line-3', '3', 'bob-1001', 'stand-alu', 1, 45, 0.1, 'Loyalty discount applied.') ON CONFLICT (order_line_item_id) DO NOTHING;

INSERT INTO order_line_items (order_line_item_id, line_number, "order", product, quantity, unit_price, discount_percent, notes)
VALUES ('alice-johnson-1010-line-3', '3', 'alice-johnson-1010', 'gadget-100', 100, 22.05, 0.1, 'Bulk pricing tier 2.') ON CONFLICT (order_line_item_id) DO NOTHING;

INSERT INTO order_line_items (order_line_item_id, line_number, "order", product, quantity, unit_price, discount_percent, notes)
VALUES ('bob-1042-line-2', '2', 'bob-1042', 'hub-7port', 1, 34.99, 0, '') ON CONFLICT (order_line_item_id) DO NOTHING;

INSERT INTO order_line_items (order_line_item_id, line_number, "order", product, quantity, unit_price, discount_percent, notes)
VALUES ('bob-1001-line-1', '1', 'bob-1001', 'widget-001', 4, 19.99, 0, 'Standard packaging.') ON CONFLICT (order_line_item_id) DO NOTHING;

INSERT INTO order_line_items (order_line_item_id, line_number, "order", product, quantity, unit_price, discount_percent, notes)
VALUES ('alice-johnson-1010-line-4', '4', 'alice-johnson-1010', 'cable-usb-c', 75, 10.8, 0.1, 'Bulk pricing tier 2.') ON CONFLICT (order_line_item_id) DO NOTHING;

-- ----------------------------------------------------------------------------
-- Payments: Table: Payments
-- ----------------------------------------------------------------------------
INSERT INTO payments (payment_id, payment_number, "order", payment_date, payment_method, transaction_id, notes, amount, payment_status)
VALUES ('caroline-1045-pmt-1', '1', 'caroline-1045', '2026-03-12T10:05:00Z', 'CreditCard', 'ch_failed_9981', 'Card declined; customer to retry.', 126.82, 'Failed') ON CONFLICT (payment_id) DO NOTHING;

INSERT INTO payments (payment_id, payment_number, "order", payment_date, payment_method, transaction_id, notes, amount, payment_status)
VALUES ('caroline-1045-pmt-2', '2', 'caroline-1045', '2026-03-12T11:30:00Z', 'Cash', 'CASH-NY-20260312-001', 'Customer paid in cash at pickup.', 126.82, 'Completed') ON CONFLICT (payment_id) DO NOTHING;

INSERT INTO payments (payment_id, payment_number, "order", payment_date, payment_method, transaction_id, notes, amount, payment_status)
VALUES ('alice-johnson-1010-pmt-2', '2', 'alice-johnson-1010', '2025-10-12T11:30:00Z', 'BankTransfer', 'wire_NWT_20251012_b', 'Final balance.', 3270.44, 'Completed') ON CONFLICT (payment_id) DO NOTHING;

INSERT INTO payments (payment_id, payment_number, "order", payment_date, payment_method, transaction_id, notes, amount, payment_status)
VALUES ('carla-smith-1024-pmt-1', '1', 'carla-smith-1024', '2025-12-01T11:25:00Z', 'CreditCard', 'ch_3PrB9y3lM8No0OcS', 'Refunded in full on 2025-12-08 due to damaged shipment.', 239.68, 'Refunded') ON CONFLICT (payment_id) DO NOTHING;

INSERT INTO payments (payment_id, payment_number, "order", payment_date, payment_method, transaction_id, notes, amount, payment_status)
VALUES ('brian-lee-1018-pmt-1', '1', 'brian-lee-1018', '2025-11-15T09:00:00Z', 'Check', 'CHK-4471', 'Net-30 paid early.', 649.51, 'Completed') ON CONFLICT (payment_id) DO NOTHING;

INSERT INTO payments (payment_id, payment_number, "order", payment_date, payment_method, transaction_id, notes, amount, payment_status)
VALUES ('alice-johnson-1010-pmt-1', '1', 'alice-johnson-1010', '2025-10-05T09:05:00Z', 'BankTransfer', 'wire_NWT_20251005_a', 'Deposit payment.', 1500, 'Completed') ON CONFLICT (payment_id) DO NOTHING;

INSERT INTO payments (payment_id, payment_number, "order", payment_date, payment_method, transaction_id, notes, amount, payment_status)
VALUES ('bob-1001-pmt-1', '1', 'bob-1001', '2025-09-15T10:35:00Z', 'CreditCard', 'ch_3PqA8x2jK7Lm9NbR', 'Visa ending 4242. Authorized at checkout.', 156.74, 'Completed') ON CONFLICT (payment_id) DO NOTHING;

INSERT INTO payments (payment_id, payment_number, "order", payment_date, payment_method, transaction_id, notes, amount, payment_status)
VALUES ('carla-smith-1037-pmt-1', '1', 'carla-smith-1037', '2026-01-28T14:05:00Z', 'CreditCard', 'ch_3PsC0z4mN9Op1PdT', 'Charged to card on file.', 203.73, 'Completed') ON CONFLICT (payment_id) DO NOTHING;

INSERT INTO payments (payment_id, payment_number, "order", payment_date, payment_method, transaction_id, notes, amount, payment_status)
VALUES ('bob-1042-pmt-1', '1', 'bob-1042', '2026-02-20T13:20:00Z', 'BankTransfer', 'ach_pending_8821', 'ACH initiated; awaiting clearance.', 134.53, 'Pending') ON CONFLICT (payment_id) DO NOTHING;

-- ----------------------------------------------------------------------------
-- ERBVersions: Table: ERBVersions
-- ----------------------------------------------------------------------------
INSERT INTO erb_versions (erb_version_id, name, base_id, version, message, notes, commit_date, is_published, author)
VALUES ('v2026-04-07t00-45-14-766z', 'v2026-04-07t00-45-14-766z', '8d009876-5ceb-47a0-9b94-db653e0774dd', 'Version 2026-04-07 00:45:14', 'Testing function fixes.', '', '2026-04-07', FALSE, 'ej@ssot.me') ON CONFLICT (erb_version_id) DO NOTHING;

INSERT INTO erb_versions (erb_version_id, name, base_id, version, message, notes, commit_date, is_published, author)
VALUES ('version-2026-04-07-01-56-19', 'Version 2026-04-07 01:56:19', '8d009876-5ceb-47a0-9b94-db653e0774dd', '', 'fixed payments', '', '2026-04-07', FALSE, 'ej@ssot.me') ON CONFLICT (erb_version_id) DO NOTHING;

INSERT INTO erb_versions (erb_version_id, name, base_id, version, message, notes, commit_date, is_published, author)
VALUES ('version-2026-04-07-01-54-04', 'Version 2026-04-07 01:54:04', '8d009876-5ceb-47a0-9b94-db653e0774dd', '', 'tixed functions', '', '2026-04-07', FALSE, 'ej@ssot.me') ON CONFLICT (erb_version_id) DO NOTHING;

-- ----------------------------------------------------------------------------
-- ERBCustomizations: Table: ERBCustomizations
-- ----------------------------------------------------------------------------
INSERT INTO erb_customizations (erb_customization_id, name, title, sql_code, sql_target, customization_type)
VALUES ('calc-orders-item-count', 'calc_orders_item_count', '', '-- FunctionOverride: calc_orders_item_count
-- Errors in this file are non-fatal (runs without ON_ERROR_STOP).

CREATE OR REPLACE FUNCTION public.calc_orders_item_count(p_order_id text)
 RETURNS integer
 LANGUAGE plpgsql
 STABLE SECURITY DEFINER
AS $function$
BEGIN
  RETURN ((SELECT COUNT(*) FROM order_line_items WHERE "order" = p_order_id))::integer;
END;
$function$;
', 'Postgres', 'FunctionOverride') ON CONFLICT (erb_customization_id) DO NOTHING;

INSERT INTO erb_customizations (erb_customization_id, name, title, sql_code, sql_target, customization_type)
VALUES ('calc-orders-last-payment-date', 'calc_orders_last_payment_date', '', '-- FunctionOverride: calc_orders_last_payment_date
-- Errors in this file are non-fatal (runs without ON_ERROR_STOP).

CREATE OR REPLACE FUNCTION public.calc_orders_last_payment_date(p_order_id text)
 RETURNS timestamp with time zone
 LANGUAGE plpgsql
 STABLE SECURITY DEFINER
AS $function$
BEGIN
  RETURN (SELECT MAX(payment_date) FROM payments WHERE "order" = p_order_id);
END;
$function$;
', 'Postgres', 'FunctionOverride') ON CONFLICT (erb_customization_id) DO NOTHING;

INSERT INTO erb_customizations (erb_customization_id, name, title, sql_code, sql_target, customization_type)
VALUES ('calc-orders-payment-count', 'calc_orders_payment_count', '', '-- FunctionOverride: calc_orders_payment_count
-- Errors in this file are non-fatal (runs without ON_ERROR_STOP).

CREATE OR REPLACE FUNCTION public.calc_orders_payment_count(p_order_id text)
 RETURNS integer
 LANGUAGE plpgsql
 STABLE SECURITY DEFINER
AS $function$
BEGIN
  RETURN ((SELECT COUNT(*) FROM payments WHERE "order" = p_order_id))::integer;
END;
$function$;
', 'Postgres', 'FunctionOverride') ON CONFLICT (erb_customization_id) DO NOTHING;

