-- ============================================================================
-- INSERT DATA - Load data from rulebook
-- ============================================================================
-- Generated by rulebook-to-postgres tool
-- Mode: check-add    Stage: dev
-- ============================================================================

-- ----------------------------------------------------------------------------
-- Venues: Table: Venues
-- ----------------------------------------------------------------------------
INSERT INTO venues (venue_id, location, capacity)
VALUES ('main-hall', 'Downtown Community Center', 150) ON CONFLICT (venue_id) DO NOTHING;

INSERT INTO venues (venue_id, location, capacity)
VALUES ('conference-room', 'Tech Hub Building', 50) ON CONFLICT (venue_id) DO NOTHING;

INSERT INTO venues (venue_id, location, capacity)
VALUES ('outdoor-amphitheater', 'Central Park', 300) ON CONFLICT (venue_id) DO NOTHING;

-- ----------------------------------------------------------------------------
-- Speakers: Table: Speakers
-- ----------------------------------------------------------------------------
INSERT INTO speakers (speaker_id, availability_start, availability_end)
VALUES ('alice@speakers.local', '2026-05-24 14:00:00', '2026-05-24 21:00:00') ON CONFLICT (speaker_id) DO NOTHING;

INSERT INTO speakers (speaker_id, availability_start, availability_end)
VALUES ('bob@speakers.local', '2026-05-25 09:00:00', '2026-05-25 18:00:00') ON CONFLICT (speaker_id) DO NOTHING;

INSERT INTO speakers (speaker_id, availability_start, availability_end)
VALUES ('carol@speakers.local', '2026-05-23 15:00:00', '2026-05-23 20:00:00') ON CONFLICT (speaker_id) DO NOTHING;

INSERT INTO speakers (speaker_id, availability_start, availability_end)
VALUES ('dave@speakers.local', '2026-05-25 14:00:00', '2026-05-25 18:00:00') ON CONFLICT (speaker_id) DO NOTHING;

INSERT INTO speakers (speaker_id, availability_start, availability_end)
VALUES ('overbooked@speakers.local', '2026-05-23 09:00:00', '2026-05-25 21:00:00') ON CONFLICT (speaker_id) DO NOTHING;

-- ----------------------------------------------------------------------------
-- Events: Table: Events
-- ----------------------------------------------------------------------------
INSERT INTO events (event_id, venue, event_date, duration_minutes, category, registration_close_days_before_event)
VALUES ('tech-talk-1', 'main-hall', '2026-05-24 14:00:00', 60, 'Tech', 0) ON CONFLICT (event_id) DO NOTHING;

INSERT INTO events (event_id, venue, event_date, duration_minutes, category, registration_close_days_before_event)
VALUES ('workshop-1', 'conference-room', '2026-05-25 10:00:00', 120, 'Learning', 1) ON CONFLICT (event_id) DO NOTHING;

INSERT INTO events (event_id, venue, event_date, duration_minutes, category, registration_close_days_before_event)
VALUES ('panel-1', 'outdoor-amphitheater', '2026-05-25 15:00:00', 90, 'Community', 1) ON CONFLICT (event_id) DO NOTHING;

INSERT INTO events (event_id, venue, event_date, duration_minutes, category, registration_close_days_before_event)
VALUES ('meetup-1', 'main-hall', '2026-05-23 18:00:00', 120, 'Community', 1) ON CONFLICT (event_id) DO NOTHING;

-- ----------------------------------------------------------------------------
-- Assignments: Table: Assignments (many-to-many: Events to Speakers)
-- ----------------------------------------------------------------------------
INSERT INTO assignments (assignment_id, event_ref, speaker_ref)
VALUES ('assign-1', 'tech-talk-1', 'alice@speakers.local') ON CONFLICT (assignment_id) DO NOTHING;

INSERT INTO assignments (assignment_id, event_ref, speaker_ref)
VALUES ('assign-2', 'tech-talk-1', 'bob@speakers.local') ON CONFLICT (assignment_id) DO NOTHING;

INSERT INTO assignments (assignment_id, event_ref, speaker_ref)
VALUES ('assign-3', 'workshop-1', 'bob@speakers.local') ON CONFLICT (assignment_id) DO NOTHING;

INSERT INTO assignments (assignment_id, event_ref, speaker_ref)
VALUES ('assign-4', 'panel-1', 'alice@speakers.local') ON CONFLICT (assignment_id) DO NOTHING;

INSERT INTO assignments (assignment_id, event_ref, speaker_ref)
VALUES ('assign-5', 'panel-1', 'carol@speakers.local') ON CONFLICT (assignment_id) DO NOTHING;

INSERT INTO assignments (assignment_id, event_ref, speaker_ref)
VALUES ('assign-6', 'meetup-1', 'carol@speakers.local') ON CONFLICT (assignment_id) DO NOTHING;

INSERT INTO assignments (assignment_id, event_ref, speaker_ref)
VALUES ('assign-7', 'tech-talk-1', 'overbooked@speakers.local') ON CONFLICT (assignment_id) DO NOTHING;

INSERT INTO assignments (assignment_id, event_ref, speaker_ref)
VALUES ('assign-8', 'workshop-1', 'overbooked@speakers.local') ON CONFLICT (assignment_id) DO NOTHING;

INSERT INTO assignments (assignment_id, event_ref, speaker_ref)
VALUES ('assign-9', 'panel-1', 'overbooked@speakers.local') ON CONFLICT (assignment_id) DO NOTHING;

INSERT INTO assignments (assignment_id, event_ref, speaker_ref)
VALUES ('assign-10', 'meetup-1', 'overbooked@speakers.local') ON CONFLICT (assignment_id) DO NOTHING;

-- ----------------------------------------------------------------------------
-- Attendees: Table: Attendees
-- ----------------------------------------------------------------------------
INSERT INTO attendees (attendee_id)
VALUES ('user1@attendees.local') ON CONFLICT (attendee_id) DO NOTHING;

INSERT INTO attendees (attendee_id)
VALUES ('user2@attendees.local') ON CONFLICT (attendee_id) DO NOTHING;

INSERT INTO attendees (attendee_id)
VALUES ('user3@attendees.local') ON CONFLICT (attendee_id) DO NOTHING;

INSERT INTO attendees (attendee_id)
VALUES ('user4@attendees.local') ON CONFLICT (attendee_id) DO NOTHING;

INSERT INTO attendees (attendee_id)
VALUES ('user5@attendees.local') ON CONFLICT (attendee_id) DO NOTHING;

-- ----------------------------------------------------------------------------
-- RSVPs: Table: RSVPs (many-to-many: Events to Attendees)
-- ----------------------------------------------------------------------------
INSERT INTO rsvps (rsvp_id, event_ref, attendee_ref, status)
VALUES ('rsvp-1', 'tech-talk-1', 'user1@attendees.local', 'confirmed') ON CONFLICT (rsvp_id) DO NOTHING;

INSERT INTO rsvps (rsvp_id, event_ref, attendee_ref, status)
VALUES ('rsvp-2', 'tech-talk-1', 'user2@attendees.local', 'confirmed') ON CONFLICT (rsvp_id) DO NOTHING;

INSERT INTO rsvps (rsvp_id, event_ref, attendee_ref, status)
VALUES ('rsvp-3', 'workshop-1', 'user1@attendees.local', 'confirmed') ON CONFLICT (rsvp_id) DO NOTHING;

INSERT INTO rsvps (rsvp_id, event_ref, attendee_ref, status)
VALUES ('rsvp-4', 'workshop-1', 'user3@attendees.local', 'waitlist') ON CONFLICT (rsvp_id) DO NOTHING;

INSERT INTO rsvps (rsvp_id, event_ref, attendee_ref, status)
VALUES ('rsvp-5', 'panel-1', 'user4@attendees.local', 'confirmed') ON CONFLICT (rsvp_id) DO NOTHING;

INSERT INTO rsvps (rsvp_id, event_ref, attendee_ref, status)
VALUES ('rsvp-6', 'panel-1', 'user5@attendees.local', 'confirmed') ON CONFLICT (rsvp_id) DO NOTHING;

INSERT INTO rsvps (rsvp_id, event_ref, attendee_ref, status)
VALUES ('rsvp-7', 'meetup-1', 'user2@attendees.local', 'declined') ON CONFLICT (rsvp_id) DO NOTHING;

