-- ============================================================================
-- INSERT DATA - Load data from rulebook
-- ============================================================================
-- Generated by rulebook-to-postgres tool
-- Mode: check-add    Stage: dev
-- ============================================================================

-- ----------------------------------------------------------------------------
-- Events: Table: Events — top-level container (a festival, food bank shift, conference, etc.).
-- ----------------------------------------------------------------------------
INSERT INTO events (event_id, name, event_date)
VALUES ('harvest-festival-2026', 'Harvest Festival', '2026-10-12T09:00:00Z') ON CONFLICT (event_id) DO NOTHING;

INSERT INTO events (event_id, name, event_date)
VALUES ('food-bank-saturday', 'Food Bank Saturday', '2026-11-07T08:00:00Z') ON CONFLICT (event_id) DO NOTHING;

-- ----------------------------------------------------------------------------
-- Volunteers: Table: Volunteers — people available to be slotted into shifts.
-- ----------------------------------------------------------------------------
INSERT INTO volunteers (volunteer_id, first_name, last_name, email_address, reliability_score, max_hours)
VALUES ('morgan-lee', 'Morgan', 'Lee', 'morgan@example.com', 0.95, 10) ON CONFLICT (volunteer_id) DO NOTHING;

INSERT INTO volunteers (volunteer_id, first_name, last_name, email_address, reliability_score, max_hours)
VALUES ('sam-park', 'Sam', 'Park', 'sam@example.com', 0.80, 8) ON CONFLICT (volunteer_id) DO NOTHING;

INSERT INTO volunteers (volunteer_id, first_name, last_name, email_address, reliability_score, max_hours)
VALUES ('jamie-rivera', 'Jamie', 'Rivera', 'jamie@example.com', 0.90, 12) ON CONFLICT (volunteer_id) DO NOTHING;

INSERT INTO volunteers (volunteer_id, first_name, last_name, email_address, reliability_score, max_hours)
VALUES ('alex-kim', 'Alex', 'Kim', 'alex@example.com', 0.85, 10) ON CONFLICT (volunteer_id) DO NOTHING;

INSERT INTO volunteers (volunteer_id, first_name, last_name, email_address, reliability_score, max_hours)
VALUES ('casey-coordinator', 'Casey', 'Cole', 'casey@example.com', 1.0, 20) ON CONFLICT (volunteer_id) DO NOTHING;

-- ----------------------------------------------------------------------------
-- Shifts: Table: Shifts — a time block within an event needing N people with a required skill.
-- ----------------------------------------------------------------------------
INSERT INTO shifts (shift_id, name, event, required_skill, duration_hours, needed_count)
VALUES ('harvest-setup-morning', 'Setup Morning', 'harvest-festival-2026', 'setup', 3, 4) ON CONFLICT (shift_id) DO NOTHING;

INSERT INTO shifts (shift_id, name, event, required_skill, duration_hours, needed_count)
VALUES ('harvest-intake-midday', 'Intake Midday', 'harvest-festival-2026', 'intake', 4, 3) ON CONFLICT (shift_id) DO NOTHING;

INSERT INTO shifts (shift_id, name, event, required_skill, duration_hours, needed_count)
VALUES ('harvest-food-afternoon', 'Food Service Afternoon', 'harvest-festival-2026', 'food-handler', 4, 4) ON CONFLICT (shift_id) DO NOTHING;

INSERT INTO shifts (shift_id, name, event, required_skill, duration_hours, needed_count)
VALUES ('harvest-teardown-evening', 'Teardown Evening', 'harvest-festival-2026', 'setup', 3, 3) ON CONFLICT (shift_id) DO NOTHING;

INSERT INTO shifts (shift_id, name, event, required_skill, duration_hours, needed_count)
VALUES ('foodbank-sort-morning', 'Sort Morning', 'food-bank-saturday', 'intake', 3, 3) ON CONFLICT (shift_id) DO NOTHING;

INSERT INTO shifts (shift_id, name, event, required_skill, duration_hours, needed_count)
VALUES ('foodbank-distrib-afternoon', 'Distribution Afternoon', 'food-bank-saturday', 'food-handler', 3, 3) ON CONFLICT (shift_id) DO NOTHING;

-- ----------------------------------------------------------------------------
-- Assignments: Table: Assignments — a volunteer slotted into a shift. Join table between Volunteers and Shifts (ERB does not allow direct many-to-many).
-- ----------------------------------------------------------------------------
INSERT INTO assignments (assignment_id, volunteer, shift)
VALUES ('a-morgan-setup', 'morgan-lee', 'harvest-setup-morning') ON CONFLICT (assignment_id) DO NOTHING;

INSERT INTO assignments (assignment_id, volunteer, shift)
VALUES ('a-morgan-intake', 'morgan-lee', 'harvest-intake-midday') ON CONFLICT (assignment_id) DO NOTHING;

INSERT INTO assignments (assignment_id, volunteer, shift)
VALUES ('a-sam-setup', 'sam-park', 'harvest-setup-morning') ON CONFLICT (assignment_id) DO NOTHING;

INSERT INTO assignments (assignment_id, volunteer, shift)
VALUES ('a-sam-intake', 'sam-park', 'harvest-intake-midday') ON CONFLICT (assignment_id) DO NOTHING;

INSERT INTO assignments (assignment_id, volunteer, shift)
VALUES ('a-sam-teardown', 'sam-park', 'harvest-teardown-evening') ON CONFLICT (assignment_id) DO NOTHING;

INSERT INTO assignments (assignment_id, volunteer, shift)
VALUES ('a-jamie-setup', 'jamie-rivera', 'harvest-setup-morning') ON CONFLICT (assignment_id) DO NOTHING;

INSERT INTO assignments (assignment_id, volunteer, shift)
VALUES ('a-alex-intake', 'alex-kim', 'harvest-intake-midday') ON CONFLICT (assignment_id) DO NOTHING;

INSERT INTO assignments (assignment_id, volunteer, shift)
VALUES ('a-alex-teardown', 'alex-kim', 'harvest-teardown-evening') ON CONFLICT (assignment_id) DO NOTHING;

INSERT INTO assignments (assignment_id, volunteer, shift)
VALUES ('a-morgan-foodbank-sort', 'morgan-lee', 'foodbank-sort-morning') ON CONFLICT (assignment_id) DO NOTHING;

INSERT INTO assignments (assignment_id, volunteer, shift)
VALUES ('a-jamie-foodbank-distrib', 'jamie-rivera', 'foodbank-distrib-afternoon') ON CONFLICT (assignment_id) DO NOTHING;

