-- ============================================================================
-- INSERT DATA - Load data from rulebook
-- ============================================================================
-- Generated by rulebook-to-postgres tool
-- Mode: check-add    Stage: dev
-- ============================================================================

-- ----------------------------------------------------------------------------
-- Users: Application users. Therapists, supervisors, and clients log in via dev-login by user id (email).
-- ----------------------------------------------------------------------------
INSERT INTO users (users_id, full_name, role)
VALUES ('tess@example.com', 'Dr. Tess Brennan', 'therapist') ON CONFLICT (users_id) DO NOTHING;

INSERT INTO users (users_id, full_name, role)
VALUES ('rob@example.com', 'Dr. Rob Singh', 'therapist') ON CONFLICT (users_id) DO NOTHING;

INSERT INTO users (users_id, full_name, role)
VALUES ('sue@example.com', 'Dr. Sue Chen (Supervisor)', 'supervisor') ON CONFLICT (users_id) DO NOTHING;

INSERT INTO users (users_id, full_name, role)
VALUES ('client@example.com', 'Alex Rivera', 'client') ON CONFLICT (users_id) DO NOTHING;

-- ----------------------------------------------------------------------------
-- Clients: People in treatment. Each has an assigned therapist, a set of goals, and a stream of sessions.
-- ----------------------------------------------------------------------------
INSERT INTO clients (clients_id, client_name, therapist, start_date)
VALUES ('alex-r', 'Alex Rivera', 'tess@example.com', '2026-01-15') ON CONFLICT (clients_id) DO NOTHING;

INSERT INTO clients (clients_id, client_name, therapist, start_date)
VALUES ('blair-m', 'Blair Morgan', 'tess@example.com', '2026-02-03') ON CONFLICT (clients_id) DO NOTHING;

INSERT INTO clients (clients_id, client_name, therapist, start_date)
VALUES ('casey-l', 'Casey Lin', 'rob@example.com', '2025-11-22') ON CONFLICT (clients_id) DO NOTHING;

INSERT INTO clients (clients_id, client_name, therapist, start_date)
VALUES ('drew-p', 'Drew Patel', 'rob@example.com', '2026-03-01') ON CONFLICT (clients_id) DO NOTHING;

-- ----------------------------------------------------------------------------
-- Goals: Treatment goals owned by a client. TargetScore is editable.
-- ----------------------------------------------------------------------------
INSERT INTO goals (goals_id, title, client, target_score)
VALUES ('alex-anxiety', 'Reduce anxiety in social settings', 'alex-r', 8) ON CONFLICT (goals_id) DO NOTHING;

INSERT INTO goals (goals_id, title, client, target_score)
VALUES ('alex-sleep', 'Improve sleep quality', 'alex-r', 7) ON CONFLICT (goals_id) DO NOTHING;

INSERT INTO goals (goals_id, title, client, target_score)
VALUES ('blair-mood', 'Stabilize daily mood', 'blair-m', 8) ON CONFLICT (goals_id) DO NOTHING;

INSERT INTO goals (goals_id, title, client, target_score)
VALUES ('blair-journal', 'Daily journaling', 'blair-m', 6) ON CONFLICT (goals_id) DO NOTHING;

INSERT INTO goals (goals_id, title, client, target_score)
VALUES ('casey-grief', 'Work through grief', 'casey-l', 9) ON CONFLICT (goals_id) DO NOTHING;

INSERT INTO goals (goals_id, title, client, target_score)
VALUES ('casey-routine', 'Establish morning routine', 'casey-l', 7) ON CONFLICT (goals_id) DO NOTHING;

INSERT INTO goals (goals_id, title, client, target_score)
VALUES ('drew-focus', 'Improve work focus', 'drew-p', 8) ON CONFLICT (goals_id) DO NOTHING;

INSERT INTO goals (goals_id, title, client, target_score)
VALUES ('drew-exercise', 'Exercise 3x per week', 'drew-p', 7) ON CONFLICT (goals_id) DO NOTHING;

-- ----------------------------------------------------------------------------
-- Sessions: Therapy sessions. MoodRating is editable and feeds the client-level rollup.
-- ----------------------------------------------------------------------------
INSERT INTO sessions (sessions_id, client, session_label, duration_minutes, mood_rating, notes)
VALUES ('ses-001', 'alex-r', '2026-04-02 am', 50, 7, 'Good engagement.') ON CONFLICT (sessions_id) DO NOTHING;

INSERT INTO sessions (sessions_id, client, session_label, duration_minutes, mood_rating, notes)
VALUES ('ses-002', 'alex-r', '2026-04-09 am', 50, 8, 'Reported better sleep.') ON CONFLICT (sessions_id) DO NOTHING;

INSERT INTO sessions (sessions_id, client, session_label, duration_minutes, mood_rating, notes)
VALUES ('ses-003', 'alex-r', '2026-04-16 am', 50, 7, '') ON CONFLICT (sessions_id) DO NOTHING;

INSERT INTO sessions (sessions_id, client, session_label, duration_minutes, mood_rating, notes)
VALUES ('ses-004', 'blair-m', '2026-04-03 pm', 45, 4, 'Tough week.') ON CONFLICT (sessions_id) DO NOTHING;

INSERT INTO sessions (sessions_id, client, session_label, duration_minutes, mood_rating, notes)
VALUES ('ses-005', 'blair-m', '2026-04-10 pm', 45, 5, '') ON CONFLICT (sessions_id) DO NOTHING;

INSERT INTO sessions (sessions_id, client, session_label, duration_minutes, mood_rating, notes)
VALUES ('ses-006', 'blair-m', '2026-04-17 pm', 45, 3, 'Sleep poor.') ON CONFLICT (sessions_id) DO NOTHING;

INSERT INTO sessions (sessions_id, client, session_label, duration_minutes, mood_rating, notes)
VALUES ('ses-007', 'casey-l', '2026-04-04 am', 60, 6, 'Grief work.') ON CONFLICT (sessions_id) DO NOTHING;

INSERT INTO sessions (sessions_id, client, session_label, duration_minutes, mood_rating, notes)
VALUES ('ses-008', 'casey-l', '2026-04-11 am', 60, 7, '') ON CONFLICT (sessions_id) DO NOTHING;

INSERT INTO sessions (sessions_id, client, session_label, duration_minutes, mood_rating, notes)
VALUES ('ses-009', 'drew-p', '2026-04-05 pm', 50, 8, 'Strong.') ON CONFLICT (sessions_id) DO NOTHING;

INSERT INTO sessions (sessions_id, client, session_label, duration_minutes, mood_rating, notes)
VALUES ('ses-010', 'drew-p', '2026-04-12 pm', 50, 9, 'Excellent.') ON CONFLICT (sessions_id) DO NOTHING;

-- ----------------------------------------------------------------------------
-- GoalUpdates: Per-session goal progress entries. ScoreAchieved is editable.
-- ----------------------------------------------------------------------------
INSERT INTO goal_updates (goal_updates_id, goal, "session", score_achieved)
VALUES ('upd-001', 'alex-anxiety', 'ses-001', 5) ON CONFLICT (goal_updates_id) DO NOTHING;

INSERT INTO goal_updates (goal_updates_id, goal, "session", score_achieved)
VALUES ('upd-002', 'alex-anxiety', 'ses-002', 6) ON CONFLICT (goal_updates_id) DO NOTHING;

INSERT INTO goal_updates (goal_updates_id, goal, "session", score_achieved)
VALUES ('upd-003', 'alex-anxiety', 'ses-003', 7) ON CONFLICT (goal_updates_id) DO NOTHING;

INSERT INTO goal_updates (goal_updates_id, goal, "session", score_achieved)
VALUES ('upd-004', 'alex-sleep', 'ses-002', 6) ON CONFLICT (goal_updates_id) DO NOTHING;

INSERT INTO goal_updates (goal_updates_id, goal, "session", score_achieved)
VALUES ('upd-005', 'alex-sleep', 'ses-003', 6) ON CONFLICT (goal_updates_id) DO NOTHING;

INSERT INTO goal_updates (goal_updates_id, goal, "session", score_achieved)
VALUES ('upd-006', 'blair-mood', 'ses-004', 3) ON CONFLICT (goal_updates_id) DO NOTHING;

INSERT INTO goal_updates (goal_updates_id, goal, "session", score_achieved)
VALUES ('upd-007', 'blair-mood', 'ses-005', 3) ON CONFLICT (goal_updates_id) DO NOTHING;

INSERT INTO goal_updates (goal_updates_id, goal, "session", score_achieved)
VALUES ('upd-008', 'blair-mood', 'ses-006', 2) ON CONFLICT (goal_updates_id) DO NOTHING;

INSERT INTO goal_updates (goal_updates_id, goal, "session", score_achieved)
VALUES ('upd-009', 'blair-journal', 'ses-005', 4) ON CONFLICT (goal_updates_id) DO NOTHING;

INSERT INTO goal_updates (goal_updates_id, goal, "session", score_achieved)
VALUES ('upd-010', 'casey-grief', 'ses-007', 4) ON CONFLICT (goal_updates_id) DO NOTHING;

INSERT INTO goal_updates (goal_updates_id, goal, "session", score_achieved)
VALUES ('upd-011', 'casey-grief', 'ses-008', 5) ON CONFLICT (goal_updates_id) DO NOTHING;

INSERT INTO goal_updates (goal_updates_id, goal, "session", score_achieved)
VALUES ('upd-012', 'casey-routine', 'ses-008', 6) ON CONFLICT (goal_updates_id) DO NOTHING;

INSERT INTO goal_updates (goal_updates_id, goal, "session", score_achieved)
VALUES ('upd-013', 'drew-focus', 'ses-009', 7) ON CONFLICT (goal_updates_id) DO NOTHING;

INSERT INTO goal_updates (goal_updates_id, goal, "session", score_achieved)
VALUES ('upd-014', 'drew-focus', 'ses-010', 8) ON CONFLICT (goal_updates_id) DO NOTHING;

INSERT INTO goal_updates (goal_updates_id, goal, "session", score_achieved)
VALUES ('upd-015', 'drew-exercise', 'ses-010', 6) ON CONFLICT (goal_updates_id) DO NOTHING;

