-- ============================================================================
-- INSERT DATA - Load data from rulebook
-- ============================================================================
-- Generated by rulebook-to-postgres tool
-- Mode: check-add    Stage: dev
-- PK strategy: string (FK values are rewritten to match each PK)
-- ============================================================================

-- ----------------------------------------------------------------------------
-- Cities: Cities provide the outer spatial boundary for TSP instances.
-- ----------------------------------------------------------------------------
INSERT INTO cities (city_id, display_name, country_code, coordinate_system, description)
VALUES ('gridville', 'Gridville', 'US', 'LOCAL_INTEGER_GRID_V1', 'Deterministic five-address fixture used to bring the TSP Postgres substrate online.') ON CONFLICT (city_id) DO UPDATE SET display_name = EXCLUDED.display_name, country_code = EXCLUDED.country_code, coordinate_system = EXCLUDED.coordinate_system, description = EXCLUDED.description;

-- ----------------------------------------------------------------------------
-- Neighborhoods: Neighborhoods partition a city into first-class spatial clusters.
-- ----------------------------------------------------------------------------
INSERT INTO neighborhoods (neighborhood_id, display_name, city, cluster_kind, is_quotient_node, quotient_node_kind, required_boundary_degree, quotient_scope_id, region_interface_kind, boundary_port_count, internal_coverage_count, expansion_witness_kind, interface_status)
VALUES ('gridville-downtown', 'Downtown', 'gridville', 'CORE', FALSE, NULL, NULL, NULL, NULL, NULL, NULL, NULL, NULL) ON CONFLICT (neighborhood_id) DO UPDATE SET display_name = EXCLUDED.display_name, city = EXCLUDED.city, cluster_kind = EXCLUDED.cluster_kind, is_quotient_node = EXCLUDED.is_quotient_node, quotient_node_kind = EXCLUDED.quotient_node_kind, required_boundary_degree = EXCLUDED.required_boundary_degree, quotient_scope_id = EXCLUDED.quotient_scope_id, region_interface_kind = EXCLUDED.region_interface_kind, boundary_port_count = EXCLUDED.boundary_port_count, internal_coverage_count = EXCLUDED.internal_coverage_count, expansion_witness_kind = EXCLUDED.expansion_witness_kind, interface_status = EXCLUDED.interface_status;

INSERT INTO neighborhoods (neighborhood_id, display_name, city, cluster_kind, is_quotient_node, quotient_node_kind, required_boundary_degree, quotient_scope_id, region_interface_kind, boundary_port_count, internal_coverage_count, expansion_witness_kind, interface_status)
VALUES ('gridville-north', 'North Hills', 'gridville', 'RESIDENTIAL', FALSE, NULL, NULL, NULL, NULL, NULL, NULL, NULL, NULL) ON CONFLICT (neighborhood_id) DO UPDATE SET display_name = EXCLUDED.display_name, city = EXCLUDED.city, cluster_kind = EXCLUDED.cluster_kind, is_quotient_node = EXCLUDED.is_quotient_node, quotient_node_kind = EXCLUDED.quotient_node_kind, required_boundary_degree = EXCLUDED.required_boundary_degree, quotient_scope_id = EXCLUDED.quotient_scope_id, region_interface_kind = EXCLUDED.region_interface_kind, boundary_port_count = EXCLUDED.boundary_port_count, internal_coverage_count = EXCLUDED.internal_coverage_count, expansion_witness_kind = EXCLUDED.expansion_witness_kind, interface_status = EXCLUDED.interface_status;

INSERT INTO neighborhoods (neighborhood_id, display_name, city, cluster_kind, is_quotient_node, quotient_node_kind, required_boundary_degree, quotient_scope_id, region_interface_kind, boundary_port_count, internal_coverage_count, expansion_witness_kind, interface_status)
VALUES ('gridville-south', 'South Market', 'gridville', 'MIXED_USE', FALSE, NULL, NULL, NULL, NULL, NULL, NULL, NULL, NULL) ON CONFLICT (neighborhood_id) DO UPDATE SET display_name = EXCLUDED.display_name, city = EXCLUDED.city, cluster_kind = EXCLUDED.cluster_kind, is_quotient_node = EXCLUDED.is_quotient_node, quotient_node_kind = EXCLUDED.quotient_node_kind, required_boundary_degree = EXCLUDED.required_boundary_degree, quotient_scope_id = EXCLUDED.quotient_scope_id, region_interface_kind = EXCLUDED.region_interface_kind, boundary_port_count = EXCLUDED.boundary_port_count, internal_coverage_count = EXCLUDED.internal_coverage_count, expansion_witness_kind = EXCLUDED.expansion_witness_kind, interface_status = EXCLUDED.interface_status;

INSERT INTO neighborhoods (neighborhood_id, display_name, city, cluster_kind, is_quotient_node, quotient_node_kind, required_boundary_degree, quotient_scope_id, region_interface_kind, boundary_port_count, internal_coverage_count, expansion_witness_kind, interface_status)
VALUES ('gridville-west-triangle', 'West Triangle', 'gridville', 'TSP_CLUSTER_FIXTURE', TRUE, 'CONNECTED_COMPONENT_BOUNDARY_OBJECT', 2, 'tsp-twin-triangles-6', 'PORT_BEARING_QUOTIENT_REGION', 2, 3, 'ORDERED_BOUNDARY_PATH_EDGE_MEMBERS', 'CERTIFIED') ON CONFLICT (neighborhood_id) DO UPDATE SET display_name = EXCLUDED.display_name, city = EXCLUDED.city, cluster_kind = EXCLUDED.cluster_kind, is_quotient_node = EXCLUDED.is_quotient_node, quotient_node_kind = EXCLUDED.quotient_node_kind, required_boundary_degree = EXCLUDED.required_boundary_degree, quotient_scope_id = EXCLUDED.quotient_scope_id, region_interface_kind = EXCLUDED.region_interface_kind, boundary_port_count = EXCLUDED.boundary_port_count, internal_coverage_count = EXCLUDED.internal_coverage_count, expansion_witness_kind = EXCLUDED.expansion_witness_kind, interface_status = EXCLUDED.interface_status;

INSERT INTO neighborhoods (neighborhood_id, display_name, city, cluster_kind, is_quotient_node, quotient_node_kind, required_boundary_degree, quotient_scope_id, region_interface_kind, boundary_port_count, internal_coverage_count, expansion_witness_kind, interface_status)
VALUES ('gridville-east-triangle', 'East Triangle', 'gridville', 'TSP_CLUSTER_FIXTURE', TRUE, 'CONNECTED_COMPONENT_BOUNDARY_OBJECT', 2, 'tsp-twin-triangles-6', 'PORT_BEARING_QUOTIENT_REGION', 2, 3, 'ORDERED_BOUNDARY_PATH_EDGE_MEMBERS', 'CERTIFIED') ON CONFLICT (neighborhood_id) DO UPDATE SET display_name = EXCLUDED.display_name, city = EXCLUDED.city, cluster_kind = EXCLUDED.cluster_kind, is_quotient_node = EXCLUDED.is_quotient_node, quotient_node_kind = EXCLUDED.quotient_node_kind, required_boundary_degree = EXCLUDED.required_boundary_degree, quotient_scope_id = EXCLUDED.quotient_scope_id, region_interface_kind = EXCLUDED.region_interface_kind, boundary_port_count = EXCLUDED.boundary_port_count, internal_coverage_count = EXCLUDED.internal_coverage_count, expansion_witness_kind = EXCLUDED.expansion_witness_kind, interface_status = EXCLUDED.interface_status;

INSERT INTO neighborhoods (neighborhood_id, display_name, city, cluster_kind, is_quotient_node, quotient_node_kind, required_boundary_degree, quotient_scope_id, region_interface_kind, boundary_port_count, internal_coverage_count, expansion_witness_kind, interface_status)
VALUES ('gridville-asymmetric-four', 'Asymmetric Four', 'gridville', 'ASYMMETRIC_BOUNDARY_FIBER_FIXTURE', TRUE, 'BOUNDARY_FIBER_REGION', 2, 'tsp-asymmetric-four-4', 'PORT_BEARING_QUOTIENT_REGION', 2, 4, 'ORDERED_BOUNDARY_PATH_EDGE_MEMBERS', 'CERTIFIED') ON CONFLICT (neighborhood_id) DO UPDATE SET display_name = EXCLUDED.display_name, city = EXCLUDED.city, cluster_kind = EXCLUDED.cluster_kind, is_quotient_node = EXCLUDED.is_quotient_node, quotient_node_kind = EXCLUDED.quotient_node_kind, required_boundary_degree = EXCLUDED.required_boundary_degree, quotient_scope_id = EXCLUDED.quotient_scope_id, region_interface_kind = EXCLUDED.region_interface_kind, boundary_port_count = EXCLUDED.boundary_port_count, internal_coverage_count = EXCLUDED.internal_coverage_count, expansion_witness_kind = EXCLUDED.expansion_witness_kind, interface_status = EXCLUDED.interface_status;

INSERT INTO neighborhoods (neighborhood_id, display_name, city, cluster_kind, is_quotient_node, quotient_node_kind, required_boundary_degree, quotient_scope_id, region_interface_kind, boundary_port_count, internal_coverage_count, expansion_witness_kind, interface_status)
VALUES ('gridville-region-a', 'Region A', 'gridville', 'THREE_REGION_REPAIR_FIXTURE', TRUE, 'CONNECTED_COMPONENT_BOUNDARY_OBJECT', 2, 'tsp-three-regions-9', 'PORT_BEARING_QUOTIENT_REGION', 2, 3, 'ORDERED_BOUNDARY_PATH_EDGE_MEMBERS', 'CERTIFIED') ON CONFLICT (neighborhood_id) DO UPDATE SET display_name = EXCLUDED.display_name, city = EXCLUDED.city, cluster_kind = EXCLUDED.cluster_kind, is_quotient_node = EXCLUDED.is_quotient_node, quotient_node_kind = EXCLUDED.quotient_node_kind, required_boundary_degree = EXCLUDED.required_boundary_degree, quotient_scope_id = EXCLUDED.quotient_scope_id, region_interface_kind = EXCLUDED.region_interface_kind, boundary_port_count = EXCLUDED.boundary_port_count, internal_coverage_count = EXCLUDED.internal_coverage_count, expansion_witness_kind = EXCLUDED.expansion_witness_kind, interface_status = EXCLUDED.interface_status;

INSERT INTO neighborhoods (neighborhood_id, display_name, city, cluster_kind, is_quotient_node, quotient_node_kind, required_boundary_degree, quotient_scope_id, region_interface_kind, boundary_port_count, internal_coverage_count, expansion_witness_kind, interface_status)
VALUES ('gridville-region-b', 'Region B', 'gridville', 'THREE_REGION_REPAIR_FIXTURE', TRUE, 'CONNECTED_COMPONENT_BOUNDARY_OBJECT', 2, 'tsp-three-regions-9', 'PORT_BEARING_QUOTIENT_REGION', 2, 3, 'ORDERED_BOUNDARY_PATH_EDGE_MEMBERS', 'CERTIFIED') ON CONFLICT (neighborhood_id) DO UPDATE SET display_name = EXCLUDED.display_name, city = EXCLUDED.city, cluster_kind = EXCLUDED.cluster_kind, is_quotient_node = EXCLUDED.is_quotient_node, quotient_node_kind = EXCLUDED.quotient_node_kind, required_boundary_degree = EXCLUDED.required_boundary_degree, quotient_scope_id = EXCLUDED.quotient_scope_id, region_interface_kind = EXCLUDED.region_interface_kind, boundary_port_count = EXCLUDED.boundary_port_count, internal_coverage_count = EXCLUDED.internal_coverage_count, expansion_witness_kind = EXCLUDED.expansion_witness_kind, interface_status = EXCLUDED.interface_status;

INSERT INTO neighborhoods (neighborhood_id, display_name, city, cluster_kind, is_quotient_node, quotient_node_kind, required_boundary_degree, quotient_scope_id, region_interface_kind, boundary_port_count, internal_coverage_count, expansion_witness_kind, interface_status)
VALUES ('gridville-region-c', 'Region C', 'gridville', 'THREE_REGION_REPAIR_FIXTURE', TRUE, 'CONNECTED_COMPONENT_BOUNDARY_OBJECT', 2, 'tsp-three-regions-9', 'PORT_BEARING_QUOTIENT_REGION', 2, 3, 'ORDERED_BOUNDARY_PATH_EDGE_MEMBERS', 'CERTIFIED') ON CONFLICT (neighborhood_id) DO UPDATE SET display_name = EXCLUDED.display_name, city = EXCLUDED.city, cluster_kind = EXCLUDED.cluster_kind, is_quotient_node = EXCLUDED.is_quotient_node, quotient_node_kind = EXCLUDED.quotient_node_kind, required_boundary_degree = EXCLUDED.required_boundary_degree, quotient_scope_id = EXCLUDED.quotient_scope_id, region_interface_kind = EXCLUDED.region_interface_kind, boundary_port_count = EXCLUDED.boundary_port_count, internal_coverage_count = EXCLUDED.internal_coverage_count, expansion_witness_kind = EXCLUDED.expansion_witness_kind, interface_status = EXCLUDED.interface_status;

INSERT INTO neighborhoods (neighborhood_id, display_name, city, cluster_kind, is_quotient_node, quotient_node_kind, required_boundary_degree, quotient_scope_id, region_interface_kind, boundary_port_count, internal_coverage_count, expansion_witness_kind, interface_status)
VALUES ('gridville-optimal-face', 'Optimal Face', 'gridville', 'MULTIPLE_OPTIMAL_ROUTE_FIXTURE', FALSE, NULL, NULL, 'tsp-optimal-face-4', NULL, NULL, 4, 'SUPPLIED_ORDERED_CYCLE', 'NORMALIZED') ON CONFLICT (neighborhood_id) DO UPDATE SET display_name = EXCLUDED.display_name, city = EXCLUDED.city, cluster_kind = EXCLUDED.cluster_kind, is_quotient_node = EXCLUDED.is_quotient_node, quotient_node_kind = EXCLUDED.quotient_node_kind, required_boundary_degree = EXCLUDED.required_boundary_degree, quotient_scope_id = EXCLUDED.quotient_scope_id, region_interface_kind = EXCLUDED.region_interface_kind, boundary_port_count = EXCLUDED.boundary_port_count, internal_coverage_count = EXCLUDED.internal_coverage_count, expansion_witness_kind = EXCLUDED.expansion_witness_kind, interface_status = EXCLUDED.interface_status;

-- ----------------------------------------------------------------------------
-- Addresses: Addresses are visitable physical locations. Coordinates support visualization; edge costs remain explicit graph data.
-- ----------------------------------------------------------------------------
INSERT INTO addresses (address_id, street_label, neighborhood, x_coordinate, y_coordinate, is_depot_candidate)
VALUES ('addr-a-depot', '1 Center Plaza', 'gridville-downtown', 0, 0, TRUE) ON CONFLICT (address_id) DO UPDATE SET street_label = EXCLUDED.street_label, neighborhood = EXCLUDED.neighborhood, x_coordinate = EXCLUDED.x_coordinate, y_coordinate = EXCLUDED.y_coordinate, is_depot_candidate = EXCLUDED.is_depot_candidate;

INSERT INTO addresses (address_id, street_label, neighborhood, x_coordinate, y_coordinate, is_depot_candidate)
VALUES ('addr-b-market', '20 Market Street', 'gridville-downtown', 2, 0, FALSE) ON CONFLICT (address_id) DO UPDATE SET street_label = EXCLUDED.street_label, neighborhood = EXCLUDED.neighborhood, x_coordinate = EXCLUDED.x_coordinate, y_coordinate = EXCLUDED.y_coordinate, is_depot_candidate = EXCLUDED.is_depot_candidate;

INSERT INTO addresses (address_id, street_label, neighborhood, x_coordinate, y_coordinate, is_depot_candidate)
VALUES ('addr-c-north', '300 North Avenue', 'gridville-north', 3, 2, FALSE) ON CONFLICT (address_id) DO UPDATE SET street_label = EXCLUDED.street_label, neighborhood = EXCLUDED.neighborhood, x_coordinate = EXCLUDED.x_coordinate, y_coordinate = EXCLUDED.y_coordinate, is_depot_candidate = EXCLUDED.is_depot_candidate;

INSERT INTO addresses (address_id, street_label, neighborhood, x_coordinate, y_coordinate, is_depot_candidate)
VALUES ('addr-d-hill', '44 Hill Road', 'gridville-north', 1, 3, FALSE) ON CONFLICT (address_id) DO UPDATE SET street_label = EXCLUDED.street_label, neighborhood = EXCLUDED.neighborhood, x_coordinate = EXCLUDED.x_coordinate, y_coordinate = EXCLUDED.y_coordinate, is_depot_candidate = EXCLUDED.is_depot_candidate;

INSERT INTO addresses (address_id, street_label, neighborhood, x_coordinate, y_coordinate, is_depot_candidate)
VALUES ('addr-e-south', '9 South Lane', 'gridville-south', -1, 2, FALSE) ON CONFLICT (address_id) DO UPDATE SET street_label = EXCLUDED.street_label, neighborhood = EXCLUDED.neighborhood, x_coordinate = EXCLUDED.x_coordinate, y_coordinate = EXCLUDED.y_coordinate, is_depot_candidate = EXCLUDED.is_depot_candidate;

INSERT INTO addresses (address_id, street_label, neighborhood, x_coordinate, y_coordinate, is_depot_candidate)
VALUES ('addr-wa', 'Twin WA', 'gridville-west-triangle', 10, 0, TRUE) ON CONFLICT (address_id) DO UPDATE SET street_label = EXCLUDED.street_label, neighborhood = EXCLUDED.neighborhood, x_coordinate = EXCLUDED.x_coordinate, y_coordinate = EXCLUDED.y_coordinate, is_depot_candidate = EXCLUDED.is_depot_candidate;

INSERT INTO addresses (address_id, street_label, neighborhood, x_coordinate, y_coordinate, is_depot_candidate)
VALUES ('addr-wb', 'Twin WB', 'gridville-west-triangle', 11, 1, FALSE) ON CONFLICT (address_id) DO UPDATE SET street_label = EXCLUDED.street_label, neighborhood = EXCLUDED.neighborhood, x_coordinate = EXCLUDED.x_coordinate, y_coordinate = EXCLUDED.y_coordinate, is_depot_candidate = EXCLUDED.is_depot_candidate;

INSERT INTO addresses (address_id, street_label, neighborhood, x_coordinate, y_coordinate, is_depot_candidate)
VALUES ('addr-wc', 'Twin WC', 'gridville-west-triangle', 12, 0, FALSE) ON CONFLICT (address_id) DO UPDATE SET street_label = EXCLUDED.street_label, neighborhood = EXCLUDED.neighborhood, x_coordinate = EXCLUDED.x_coordinate, y_coordinate = EXCLUDED.y_coordinate, is_depot_candidate = EXCLUDED.is_depot_candidate;

INSERT INTO addresses (address_id, street_label, neighborhood, x_coordinate, y_coordinate, is_depot_candidate)
VALUES ('addr-ed', 'Twin ED', 'gridville-east-triangle', 20, 0, FALSE) ON CONFLICT (address_id) DO UPDATE SET street_label = EXCLUDED.street_label, neighborhood = EXCLUDED.neighborhood, x_coordinate = EXCLUDED.x_coordinate, y_coordinate = EXCLUDED.y_coordinate, is_depot_candidate = EXCLUDED.is_depot_candidate;

INSERT INTO addresses (address_id, street_label, neighborhood, x_coordinate, y_coordinate, is_depot_candidate)
VALUES ('addr-ee', 'Twin EE', 'gridville-east-triangle', 21, 1, FALSE) ON CONFLICT (address_id) DO UPDATE SET street_label = EXCLUDED.street_label, neighborhood = EXCLUDED.neighborhood, x_coordinate = EXCLUDED.x_coordinate, y_coordinate = EXCLUDED.y_coordinate, is_depot_candidate = EXCLUDED.is_depot_candidate;

INSERT INTO addresses (address_id, street_label, neighborhood, x_coordinate, y_coordinate, is_depot_candidate)
VALUES ('addr-ef', 'Twin EF', 'gridville-east-triangle', 22, 0, FALSE) ON CONFLICT (address_id) DO UPDATE SET street_label = EXCLUDED.street_label, neighborhood = EXCLUDED.neighborhood, x_coordinate = EXCLUDED.x_coordinate, y_coordinate = EXCLUDED.y_coordinate, is_depot_candidate = EXCLUDED.is_depot_candidate;

INSERT INTO addresses (address_id, street_label, neighborhood, x_coordinate, y_coordinate, is_depot_candidate)
VALUES ('addr-asym-1', 'Asymmetric 1', 'gridville-asymmetric-four', 31, 1, TRUE) ON CONFLICT (address_id) DO UPDATE SET street_label = EXCLUDED.street_label, neighborhood = EXCLUDED.neighborhood, x_coordinate = EXCLUDED.x_coordinate, y_coordinate = EXCLUDED.y_coordinate, is_depot_candidate = EXCLUDED.is_depot_candidate;

INSERT INTO addresses (address_id, street_label, neighborhood, x_coordinate, y_coordinate, is_depot_candidate)
VALUES ('addr-asym-2', 'Asymmetric 2', 'gridville-asymmetric-four', 32, 4, FALSE) ON CONFLICT (address_id) DO UPDATE SET street_label = EXCLUDED.street_label, neighborhood = EXCLUDED.neighborhood, x_coordinate = EXCLUDED.x_coordinate, y_coordinate = EXCLUDED.y_coordinate, is_depot_candidate = EXCLUDED.is_depot_candidate;

INSERT INTO addresses (address_id, street_label, neighborhood, x_coordinate, y_coordinate, is_depot_candidate)
VALUES ('addr-asym-3', 'Asymmetric 3', 'gridville-asymmetric-four', 33, 4, FALSE) ON CONFLICT (address_id) DO UPDATE SET street_label = EXCLUDED.street_label, neighborhood = EXCLUDED.neighborhood, x_coordinate = EXCLUDED.x_coordinate, y_coordinate = EXCLUDED.y_coordinate, is_depot_candidate = EXCLUDED.is_depot_candidate;

INSERT INTO addresses (address_id, street_label, neighborhood, x_coordinate, y_coordinate, is_depot_candidate)
VALUES ('addr-asym-4', 'Asymmetric 4', 'gridville-asymmetric-four', 34, 1, FALSE) ON CONFLICT (address_id) DO UPDATE SET street_label = EXCLUDED.street_label, neighborhood = EXCLUDED.neighborhood, x_coordinate = EXCLUDED.x_coordinate, y_coordinate = EXCLUDED.y_coordinate, is_depot_candidate = EXCLUDED.is_depot_candidate;

INSERT INTO addresses (address_id, street_label, neighborhood, x_coordinate, y_coordinate, is_depot_candidate)
VALUES ('addr-r3-a1', 'Region A Stop 1', 'gridville-region-a', 51, 5, TRUE) ON CONFLICT (address_id) DO UPDATE SET street_label = EXCLUDED.street_label, neighborhood = EXCLUDED.neighborhood, x_coordinate = EXCLUDED.x_coordinate, y_coordinate = EXCLUDED.y_coordinate, is_depot_candidate = EXCLUDED.is_depot_candidate;

INSERT INTO addresses (address_id, street_label, neighborhood, x_coordinate, y_coordinate, is_depot_candidate)
VALUES ('addr-r3-a2', 'Region A Stop 2', 'gridville-region-a', 52, 4, FALSE) ON CONFLICT (address_id) DO UPDATE SET street_label = EXCLUDED.street_label, neighborhood = EXCLUDED.neighborhood, x_coordinate = EXCLUDED.x_coordinate, y_coordinate = EXCLUDED.y_coordinate, is_depot_candidate = EXCLUDED.is_depot_candidate;

INSERT INTO addresses (address_id, street_label, neighborhood, x_coordinate, y_coordinate, is_depot_candidate)
VALUES ('addr-r3-a3', 'Region A Stop 3', 'gridville-region-a', 53, 5, FALSE) ON CONFLICT (address_id) DO UPDATE SET street_label = EXCLUDED.street_label, neighborhood = EXCLUDED.neighborhood, x_coordinate = EXCLUDED.x_coordinate, y_coordinate = EXCLUDED.y_coordinate, is_depot_candidate = EXCLUDED.is_depot_candidate;

INSERT INTO addresses (address_id, street_label, neighborhood, x_coordinate, y_coordinate, is_depot_candidate)
VALUES ('addr-r3-b1', 'Region B Stop 1', 'gridville-region-b', 61, 9, FALSE) ON CONFLICT (address_id) DO UPDATE SET street_label = EXCLUDED.street_label, neighborhood = EXCLUDED.neighborhood, x_coordinate = EXCLUDED.x_coordinate, y_coordinate = EXCLUDED.y_coordinate, is_depot_candidate = EXCLUDED.is_depot_candidate;

INSERT INTO addresses (address_id, street_label, neighborhood, x_coordinate, y_coordinate, is_depot_candidate)
VALUES ('addr-r3-b2', 'Region B Stop 2', 'gridville-region-b', 62, 8, FALSE) ON CONFLICT (address_id) DO UPDATE SET street_label = EXCLUDED.street_label, neighborhood = EXCLUDED.neighborhood, x_coordinate = EXCLUDED.x_coordinate, y_coordinate = EXCLUDED.y_coordinate, is_depot_candidate = EXCLUDED.is_depot_candidate;

INSERT INTO addresses (address_id, street_label, neighborhood, x_coordinate, y_coordinate, is_depot_candidate)
VALUES ('addr-r3-b3', 'Region B Stop 3', 'gridville-region-b', 63, 9, FALSE) ON CONFLICT (address_id) DO UPDATE SET street_label = EXCLUDED.street_label, neighborhood = EXCLUDED.neighborhood, x_coordinate = EXCLUDED.x_coordinate, y_coordinate = EXCLUDED.y_coordinate, is_depot_candidate = EXCLUDED.is_depot_candidate;

INSERT INTO addresses (address_id, street_label, neighborhood, x_coordinate, y_coordinate, is_depot_candidate)
VALUES ('addr-r3-c1', 'Region C Stop 1', 'gridville-region-c', 71, 13, FALSE) ON CONFLICT (address_id) DO UPDATE SET street_label = EXCLUDED.street_label, neighborhood = EXCLUDED.neighborhood, x_coordinate = EXCLUDED.x_coordinate, y_coordinate = EXCLUDED.y_coordinate, is_depot_candidate = EXCLUDED.is_depot_candidate;

INSERT INTO addresses (address_id, street_label, neighborhood, x_coordinate, y_coordinate, is_depot_candidate)
VALUES ('addr-r3-c2', 'Region C Stop 2', 'gridville-region-c', 72, 12, FALSE) ON CONFLICT (address_id) DO UPDATE SET street_label = EXCLUDED.street_label, neighborhood = EXCLUDED.neighborhood, x_coordinate = EXCLUDED.x_coordinate, y_coordinate = EXCLUDED.y_coordinate, is_depot_candidate = EXCLUDED.is_depot_candidate;

INSERT INTO addresses (address_id, street_label, neighborhood, x_coordinate, y_coordinate, is_depot_candidate)
VALUES ('addr-r3-c3', 'Region C Stop 3', 'gridville-region-c', 73, 13, FALSE) ON CONFLICT (address_id) DO UPDATE SET street_label = EXCLUDED.street_label, neighborhood = EXCLUDED.neighborhood, x_coordinate = EXCLUDED.x_coordinate, y_coordinate = EXCLUDED.y_coordinate, is_depot_candidate = EXCLUDED.is_depot_candidate;

INSERT INTO addresses (address_id, street_label, neighborhood, x_coordinate, y_coordinate, is_depot_candidate)
VALUES ('addr-face-a', 'Optimal Face A', 'gridville-optimal-face', 80, 0, TRUE) ON CONFLICT (address_id) DO UPDATE SET street_label = EXCLUDED.street_label, neighborhood = EXCLUDED.neighborhood, x_coordinate = EXCLUDED.x_coordinate, y_coordinate = EXCLUDED.y_coordinate, is_depot_candidate = EXCLUDED.is_depot_candidate;

INSERT INTO addresses (address_id, street_label, neighborhood, x_coordinate, y_coordinate, is_depot_candidate)
VALUES ('addr-face-b', 'Optimal Face B', 'gridville-optimal-face', 81, 3, FALSE) ON CONFLICT (address_id) DO UPDATE SET street_label = EXCLUDED.street_label, neighborhood = EXCLUDED.neighborhood, x_coordinate = EXCLUDED.x_coordinate, y_coordinate = EXCLUDED.y_coordinate, is_depot_candidate = EXCLUDED.is_depot_candidate;

INSERT INTO addresses (address_id, street_label, neighborhood, x_coordinate, y_coordinate, is_depot_candidate)
VALUES ('addr-face-c', 'Optimal Face C', 'gridville-optimal-face', 82, 1, FALSE) ON CONFLICT (address_id) DO UPDATE SET street_label = EXCLUDED.street_label, neighborhood = EXCLUDED.neighborhood, x_coordinate = EXCLUDED.x_coordinate, y_coordinate = EXCLUDED.y_coordinate, is_depot_candidate = EXCLUDED.is_depot_candidate;

INSERT INTO addresses (address_id, street_label, neighborhood, x_coordinate, y_coordinate, is_depot_candidate)
VALUES ('addr-face-d', 'Optimal Face D', 'gridville-optimal-face', 83, 4, FALSE) ON CONFLICT (address_id) DO UPDATE SET street_label = EXCLUDED.street_label, neighborhood = EXCLUDED.neighborhood, x_coordinate = EXCLUDED.x_coordinate, y_coordinate = EXCLUDED.y_coordinate, is_depot_candidate = EXCLUDED.is_depot_candidate;

-- ----------------------------------------------------------------------------
-- TSPInstances: One finite Traveling Salesman problem instance over required city addresses.
-- ----------------------------------------------------------------------------
INSERT INTO tsp_instances (tsp_instance_id, display_name, city, depot_address, distance_model, is_symmetric, status, search_policy, notes)
VALUES ('tsp-gridville-5', 'Gridville Five-Address Baseline', 'gridville', 'addr-a-depot', 'EXPLICIT_SYMMETRIC_COST', TRUE, 'NORMALIZED', 'SEMANTIC_CLOSURE_BEFORE_SEARCH', 'A five-stop complete weighted graph. It calibrates representation and tour validation; it does not establish a general TSP algorithm.') ON CONFLICT (tsp_instance_id) DO UPDATE SET display_name = EXCLUDED.display_name, city = EXCLUDED.city, depot_address = EXCLUDED.depot_address, distance_model = EXCLUDED.distance_model, is_symmetric = EXCLUDED.is_symmetric, status = EXCLUDED.status, search_policy = EXCLUDED.search_policy, notes = EXCLUDED.notes;

INSERT INTO tsp_instances (tsp_instance_id, display_name, city, depot_address, distance_model, is_symmetric, status, search_policy, notes)
VALUES ('tsp-gridville-broken-3', 'Gridville Three-Stop Duplicate-Pair Counterexample', 'gridville', 'addr-a-depot', 'EXPLICIT_SYMMETRIC_COST', TRUE, 'NEGATIVE_NORMALIZATION_FIXTURE', 'NO_SEARCH_GRAPH_VALIDATION_ONLY', 'Three edge rows equal n(n-1)/2, but AB appears twice and BC is missing; count alone must not certify completeness.') ON CONFLICT (tsp_instance_id) DO UPDATE SET display_name = EXCLUDED.display_name, city = EXCLUDED.city, depot_address = EXCLUDED.depot_address, distance_model = EXCLUDED.distance_model, is_symmetric = EXCLUDED.is_symmetric, status = EXCLUDED.status, search_policy = EXCLUDED.search_policy, notes = EXCLUDED.notes;

INSERT INTO tsp_instances (tsp_instance_id, display_name, city, depot_address, distance_model, is_symmetric, status, search_policy, notes)
VALUES ('tsp-twin-triangles-6', 'Twin Triangles Six-Stop Non-Tight Bound', 'gridville', 'addr-wa', 'EXPLICIT_SYMMETRIC_COST', TRUE, 'NON_TIGHT_BOUND_FIXTURE', 'SEMANTIC_CLOSURE_BEFORE_SEARCH', 'Two cheap internal triangles and expensive crossings; local degree-two bound is sound but disconnected and non-tight.') ON CONFLICT (tsp_instance_id) DO UPDATE SET display_name = EXCLUDED.display_name, city = EXCLUDED.city, depot_address = EXCLUDED.depot_address, distance_model = EXCLUDED.distance_model, is_symmetric = EXCLUDED.is_symmetric, status = EXCLUDED.status, search_policy = EXCLUDED.search_policy, notes = EXCLUDED.notes;

INSERT INTO tsp_instances (tsp_instance_id, display_name, city, depot_address, distance_model, is_symmetric, status, search_policy, notes)
VALUES ('tsp-sparse-forcing-5', 'Sparse degree-two forcing fixture', 'gridville', 'addr-a-depot', 'EXPLICIT_SYMMETRIC_COST_WITH_AVAILABILITY', TRUE, 'SPARSE_CONSTRAINT_FIXTURE', 'CONSTRAINT_CLOSURE_BEFORE_SEARCH', 'Only the five ring edges and one B-D chord are available; degree-two forcing selects the ring without branching.') ON CONFLICT (tsp_instance_id) DO UPDATE SET display_name = EXCLUDED.display_name, city = EXCLUDED.city, depot_address = EXCLUDED.depot_address, distance_model = EXCLUDED.distance_model, is_symmetric = EXCLUDED.is_symmetric, status = EXCLUDED.status, search_policy = EXCLUDED.search_policy, notes = EXCLUDED.notes;

INSERT INTO tsp_instances (tsp_instance_id, display_name, city, depot_address, distance_model, is_symmetric, status, search_policy, notes)
VALUES ('tsp-asymmetric-four-4', 'Asymmetric Four-Stop Boundary Fiber', 'gridville', 'addr-asym-1', 'EXPLICIT_SYMMETRIC_COST', TRUE, 'NORMALIZED', 'LOCAL_QUOTIENT_BEFORE_CITY_SEARCH', 'Four-stop complete internal cluster with unequal path valuations used to separate reversal quotienting from fiber dominance.') ON CONFLICT (tsp_instance_id) DO UPDATE SET display_name = EXCLUDED.display_name, city = EXCLUDED.city, depot_address = EXCLUDED.depot_address, distance_model = EXCLUDED.distance_model, is_symmetric = EXCLUDED.is_symmetric, status = EXCLUDED.status, search_policy = EXCLUDED.search_policy, notes = EXCLUDED.notes;

INSERT INTO tsp_instances (tsp_instance_id, display_name, city, depot_address, distance_model, is_symmetric, status, search_policy, notes)
VALUES ('tsp-three-regions-9', 'Three-Region Repair Nine-Stop Graph', 'gridville', 'addr-r3-a1', 'EXPLICIT_SYMMETRIC_COST', TRUE, 'NORMALIZED', 'REGION_REPAIR_BEFORE_ROUTE_SEARCH', 'Three cost-one triangles, three cost-ten ring crossings, and cost-one-hundred remaining crossings.') ON CONFLICT (tsp_instance_id) DO UPDATE SET display_name = EXCLUDED.display_name, city = EXCLUDED.city, depot_address = EXCLUDED.depot_address, distance_model = EXCLUDED.distance_model, is_symmetric = EXCLUDED.is_symmetric, status = EXCLUDED.status, search_policy = EXCLUDED.search_policy, notes = EXCLUDED.notes;

INSERT INTO tsp_instances (tsp_instance_id, display_name, city, depot_address, distance_model, is_symmetric, status, search_policy, notes)
VALUES ('tsp-optimal-face-4', 'Four-Stop Optimal Face', 'gridville', 'addr-face-a', 'EXPLICIT_SYMMETRIC_COST', TRUE, 'NORMALIZED', 'CERTIFY_VALUE_BEFORE_REPRESENTATIVE_SELECTION', 'Two non-reversal-equivalent Hamiltonian cycles attain the same optimum value four; a third class costs six.') ON CONFLICT (tsp_instance_id) DO UPDATE SET display_name = EXCLUDED.display_name, city = EXCLUDED.city, depot_address = EXCLUDED.depot_address, distance_model = EXCLUDED.distance_model, is_symmetric = EXCLUDED.is_symmetric, status = EXCLUDED.status, search_policy = EXCLUDED.search_policy, notes = EXCLUDED.notes;

-- ----------------------------------------------------------------------------
-- TSPGraphInvariantChecks: Graph-normalization acceptance checks, including a count-preserving duplicate-pair counterexample.
-- ----------------------------------------------------------------------------
INSERT INTO tsp_graph_invariant_checks (tsp_graph_invariant_check_id, display_name, tsp_instance, expected_complete_undirected_graph, expected_travel_edge_count, expected_non_unique_edge_pair_rows)
VALUES ('check-gridville-complete-graph', 'Gridville five-stop graph has one edge per unordered pair', 'tsp-gridville-5', TRUE, 10, 0) ON CONFLICT (tsp_graph_invariant_check_id) DO UPDATE SET display_name = EXCLUDED.display_name, tsp_instance = EXCLUDED.tsp_instance, expected_complete_undirected_graph = EXCLUDED.expected_complete_undirected_graph, expected_travel_edge_count = EXCLUDED.expected_travel_edge_count, expected_non_unique_edge_pair_rows = EXCLUDED.expected_non_unique_edge_pair_rows;

INSERT INTO tsp_graph_invariant_checks (tsp_graph_invariant_check_id, display_name, tsp_instance, expected_complete_undirected_graph, expected_travel_edge_count, expected_non_unique_edge_pair_rows)
VALUES ('check-broken-count-preserving-graph', 'Expected edge count cannot hide a duplicated pair and omitted pair', 'tsp-gridville-broken-3', FALSE, 3, 2) ON CONFLICT (tsp_graph_invariant_check_id) DO UPDATE SET display_name = EXCLUDED.display_name, tsp_instance = EXCLUDED.tsp_instance, expected_complete_undirected_graph = EXCLUDED.expected_complete_undirected_graph, expected_travel_edge_count = EXCLUDED.expected_travel_edge_count, expected_non_unique_edge_pair_rows = EXCLUDED.expected_non_unique_edge_pair_rows;

-- ----------------------------------------------------------------------------
-- InstanceStops: Junction entity selecting addresses into a TSP instance without introducing a many-to-many relationship.
-- ----------------------------------------------------------------------------
INSERT INTO instance_stops (instance_stop_id, tsp_instance, address, is_required)
VALUES ('stop-a', 'tsp-gridville-5', 'addr-a-depot', TRUE) ON CONFLICT (instance_stop_id) DO UPDATE SET tsp_instance = EXCLUDED.tsp_instance, address = EXCLUDED.address, is_required = EXCLUDED.is_required;

INSERT INTO instance_stops (instance_stop_id, tsp_instance, address, is_required)
VALUES ('stop-b', 'tsp-gridville-5', 'addr-b-market', TRUE) ON CONFLICT (instance_stop_id) DO UPDATE SET tsp_instance = EXCLUDED.tsp_instance, address = EXCLUDED.address, is_required = EXCLUDED.is_required;

INSERT INTO instance_stops (instance_stop_id, tsp_instance, address, is_required)
VALUES ('stop-c', 'tsp-gridville-5', 'addr-c-north', TRUE) ON CONFLICT (instance_stop_id) DO UPDATE SET tsp_instance = EXCLUDED.tsp_instance, address = EXCLUDED.address, is_required = EXCLUDED.is_required;

INSERT INTO instance_stops (instance_stop_id, tsp_instance, address, is_required)
VALUES ('stop-d', 'tsp-gridville-5', 'addr-d-hill', TRUE) ON CONFLICT (instance_stop_id) DO UPDATE SET tsp_instance = EXCLUDED.tsp_instance, address = EXCLUDED.address, is_required = EXCLUDED.is_required;

INSERT INTO instance_stops (instance_stop_id, tsp_instance, address, is_required)
VALUES ('stop-e', 'tsp-gridville-5', 'addr-e-south', TRUE) ON CONFLICT (instance_stop_id) DO UPDATE SET tsp_instance = EXCLUDED.tsp_instance, address = EXCLUDED.address, is_required = EXCLUDED.is_required;

INSERT INTO instance_stops (instance_stop_id, tsp_instance, address, is_required)
VALUES ('broken-stop-a', 'tsp-gridville-broken-3', 'addr-a-depot', TRUE) ON CONFLICT (instance_stop_id) DO UPDATE SET tsp_instance = EXCLUDED.tsp_instance, address = EXCLUDED.address, is_required = EXCLUDED.is_required;

INSERT INTO instance_stops (instance_stop_id, tsp_instance, address, is_required)
VALUES ('broken-stop-b', 'tsp-gridville-broken-3', 'addr-b-market', TRUE) ON CONFLICT (instance_stop_id) DO UPDATE SET tsp_instance = EXCLUDED.tsp_instance, address = EXCLUDED.address, is_required = EXCLUDED.is_required;

INSERT INTO instance_stops (instance_stop_id, tsp_instance, address, is_required)
VALUES ('broken-stop-c', 'tsp-gridville-broken-3', 'addr-c-north', TRUE) ON CONFLICT (instance_stop_id) DO UPDATE SET tsp_instance = EXCLUDED.tsp_instance, address = EXCLUDED.address, is_required = EXCLUDED.is_required;

INSERT INTO instance_stops (instance_stop_id, tsp_instance, address, is_required)
VALUES ('twin-stop-wa', 'tsp-twin-triangles-6', 'addr-wa', TRUE) ON CONFLICT (instance_stop_id) DO UPDATE SET tsp_instance = EXCLUDED.tsp_instance, address = EXCLUDED.address, is_required = EXCLUDED.is_required;

INSERT INTO instance_stops (instance_stop_id, tsp_instance, address, is_required)
VALUES ('twin-stop-wb', 'tsp-twin-triangles-6', 'addr-wb', TRUE) ON CONFLICT (instance_stop_id) DO UPDATE SET tsp_instance = EXCLUDED.tsp_instance, address = EXCLUDED.address, is_required = EXCLUDED.is_required;

INSERT INTO instance_stops (instance_stop_id, tsp_instance, address, is_required)
VALUES ('twin-stop-wc', 'tsp-twin-triangles-6', 'addr-wc', TRUE) ON CONFLICT (instance_stop_id) DO UPDATE SET tsp_instance = EXCLUDED.tsp_instance, address = EXCLUDED.address, is_required = EXCLUDED.is_required;

INSERT INTO instance_stops (instance_stop_id, tsp_instance, address, is_required)
VALUES ('twin-stop-ed', 'tsp-twin-triangles-6', 'addr-ed', TRUE) ON CONFLICT (instance_stop_id) DO UPDATE SET tsp_instance = EXCLUDED.tsp_instance, address = EXCLUDED.address, is_required = EXCLUDED.is_required;

INSERT INTO instance_stops (instance_stop_id, tsp_instance, address, is_required)
VALUES ('twin-stop-ee', 'tsp-twin-triangles-6', 'addr-ee', TRUE) ON CONFLICT (instance_stop_id) DO UPDATE SET tsp_instance = EXCLUDED.tsp_instance, address = EXCLUDED.address, is_required = EXCLUDED.is_required;

INSERT INTO instance_stops (instance_stop_id, tsp_instance, address, is_required)
VALUES ('twin-stop-ef', 'tsp-twin-triangles-6', 'addr-ef', TRUE) ON CONFLICT (instance_stop_id) DO UPDATE SET tsp_instance = EXCLUDED.tsp_instance, address = EXCLUDED.address, is_required = EXCLUDED.is_required;

INSERT INTO instance_stops (instance_stop_id, tsp_instance, address, is_required)
VALUES ('sparse-stop-a', 'tsp-sparse-forcing-5', 'addr-a-depot', TRUE) ON CONFLICT (instance_stop_id) DO UPDATE SET tsp_instance = EXCLUDED.tsp_instance, address = EXCLUDED.address, is_required = EXCLUDED.is_required;

INSERT INTO instance_stops (instance_stop_id, tsp_instance, address, is_required)
VALUES ('sparse-stop-b', 'tsp-sparse-forcing-5', 'addr-b-market', TRUE) ON CONFLICT (instance_stop_id) DO UPDATE SET tsp_instance = EXCLUDED.tsp_instance, address = EXCLUDED.address, is_required = EXCLUDED.is_required;

INSERT INTO instance_stops (instance_stop_id, tsp_instance, address, is_required)
VALUES ('sparse-stop-c', 'tsp-sparse-forcing-5', 'addr-c-north', TRUE) ON CONFLICT (instance_stop_id) DO UPDATE SET tsp_instance = EXCLUDED.tsp_instance, address = EXCLUDED.address, is_required = EXCLUDED.is_required;

INSERT INTO instance_stops (instance_stop_id, tsp_instance, address, is_required)
VALUES ('sparse-stop-d', 'tsp-sparse-forcing-5', 'addr-d-hill', TRUE) ON CONFLICT (instance_stop_id) DO UPDATE SET tsp_instance = EXCLUDED.tsp_instance, address = EXCLUDED.address, is_required = EXCLUDED.is_required;

INSERT INTO instance_stops (instance_stop_id, tsp_instance, address, is_required)
VALUES ('sparse-stop-e', 'tsp-sparse-forcing-5', 'addr-e-south', TRUE) ON CONFLICT (instance_stop_id) DO UPDATE SET tsp_instance = EXCLUDED.tsp_instance, address = EXCLUDED.address, is_required = EXCLUDED.is_required;

INSERT INTO instance_stops (instance_stop_id, tsp_instance, address, is_required)
VALUES ('asym-stop-1', 'tsp-asymmetric-four-4', 'addr-asym-1', TRUE) ON CONFLICT (instance_stop_id) DO UPDATE SET tsp_instance = EXCLUDED.tsp_instance, address = EXCLUDED.address, is_required = EXCLUDED.is_required;

INSERT INTO instance_stops (instance_stop_id, tsp_instance, address, is_required)
VALUES ('asym-stop-2', 'tsp-asymmetric-four-4', 'addr-asym-2', TRUE) ON CONFLICT (instance_stop_id) DO UPDATE SET tsp_instance = EXCLUDED.tsp_instance, address = EXCLUDED.address, is_required = EXCLUDED.is_required;

INSERT INTO instance_stops (instance_stop_id, tsp_instance, address, is_required)
VALUES ('asym-stop-3', 'tsp-asymmetric-four-4', 'addr-asym-3', TRUE) ON CONFLICT (instance_stop_id) DO UPDATE SET tsp_instance = EXCLUDED.tsp_instance, address = EXCLUDED.address, is_required = EXCLUDED.is_required;

INSERT INTO instance_stops (instance_stop_id, tsp_instance, address, is_required)
VALUES ('asym-stop-4', 'tsp-asymmetric-four-4', 'addr-asym-4', TRUE) ON CONFLICT (instance_stop_id) DO UPDATE SET tsp_instance = EXCLUDED.tsp_instance, address = EXCLUDED.address, is_required = EXCLUDED.is_required;

INSERT INTO instance_stops (instance_stop_id, tsp_instance, address, is_required)
VALUES ('r3-stop-a1', 'tsp-three-regions-9', 'addr-r3-a1', TRUE) ON CONFLICT (instance_stop_id) DO UPDATE SET tsp_instance = EXCLUDED.tsp_instance, address = EXCLUDED.address, is_required = EXCLUDED.is_required;

INSERT INTO instance_stops (instance_stop_id, tsp_instance, address, is_required)
VALUES ('r3-stop-a2', 'tsp-three-regions-9', 'addr-r3-a2', TRUE) ON CONFLICT (instance_stop_id) DO UPDATE SET tsp_instance = EXCLUDED.tsp_instance, address = EXCLUDED.address, is_required = EXCLUDED.is_required;

INSERT INTO instance_stops (instance_stop_id, tsp_instance, address, is_required)
VALUES ('r3-stop-a3', 'tsp-three-regions-9', 'addr-r3-a3', TRUE) ON CONFLICT (instance_stop_id) DO UPDATE SET tsp_instance = EXCLUDED.tsp_instance, address = EXCLUDED.address, is_required = EXCLUDED.is_required;

INSERT INTO instance_stops (instance_stop_id, tsp_instance, address, is_required)
VALUES ('r3-stop-b1', 'tsp-three-regions-9', 'addr-r3-b1', TRUE) ON CONFLICT (instance_stop_id) DO UPDATE SET tsp_instance = EXCLUDED.tsp_instance, address = EXCLUDED.address, is_required = EXCLUDED.is_required;

INSERT INTO instance_stops (instance_stop_id, tsp_instance, address, is_required)
VALUES ('r3-stop-b2', 'tsp-three-regions-9', 'addr-r3-b2', TRUE) ON CONFLICT (instance_stop_id) DO UPDATE SET tsp_instance = EXCLUDED.tsp_instance, address = EXCLUDED.address, is_required = EXCLUDED.is_required;

INSERT INTO instance_stops (instance_stop_id, tsp_instance, address, is_required)
VALUES ('r3-stop-b3', 'tsp-three-regions-9', 'addr-r3-b3', TRUE) ON CONFLICT (instance_stop_id) DO UPDATE SET tsp_instance = EXCLUDED.tsp_instance, address = EXCLUDED.address, is_required = EXCLUDED.is_required;

INSERT INTO instance_stops (instance_stop_id, tsp_instance, address, is_required)
VALUES ('r3-stop-c1', 'tsp-three-regions-9', 'addr-r3-c1', TRUE) ON CONFLICT (instance_stop_id) DO UPDATE SET tsp_instance = EXCLUDED.tsp_instance, address = EXCLUDED.address, is_required = EXCLUDED.is_required;

INSERT INTO instance_stops (instance_stop_id, tsp_instance, address, is_required)
VALUES ('r3-stop-c2', 'tsp-three-regions-9', 'addr-r3-c2', TRUE) ON CONFLICT (instance_stop_id) DO UPDATE SET tsp_instance = EXCLUDED.tsp_instance, address = EXCLUDED.address, is_required = EXCLUDED.is_required;

INSERT INTO instance_stops (instance_stop_id, tsp_instance, address, is_required)
VALUES ('r3-stop-c3', 'tsp-three-regions-9', 'addr-r3-c3', TRUE) ON CONFLICT (instance_stop_id) DO UPDATE SET tsp_instance = EXCLUDED.tsp_instance, address = EXCLUDED.address, is_required = EXCLUDED.is_required;

INSERT INTO instance_stops (instance_stop_id, tsp_instance, address, is_required)
VALUES ('face-stop-a', 'tsp-optimal-face-4', 'addr-face-a', TRUE) ON CONFLICT (instance_stop_id) DO UPDATE SET tsp_instance = EXCLUDED.tsp_instance, address = EXCLUDED.address, is_required = EXCLUDED.is_required;

INSERT INTO instance_stops (instance_stop_id, tsp_instance, address, is_required)
VALUES ('face-stop-b', 'tsp-optimal-face-4', 'addr-face-b', TRUE) ON CONFLICT (instance_stop_id) DO UPDATE SET tsp_instance = EXCLUDED.tsp_instance, address = EXCLUDED.address, is_required = EXCLUDED.is_required;

INSERT INTO instance_stops (instance_stop_id, tsp_instance, address, is_required)
VALUES ('face-stop-c', 'tsp-optimal-face-4', 'addr-face-c', TRUE) ON CONFLICT (instance_stop_id) DO UPDATE SET tsp_instance = EXCLUDED.tsp_instance, address = EXCLUDED.address, is_required = EXCLUDED.is_required;

INSERT INTO instance_stops (instance_stop_id, tsp_instance, address, is_required)
VALUES ('face-stop-d', 'tsp-optimal-face-4', 'addr-face-d', TRUE) ON CONFLICT (instance_stop_id) DO UPDATE SET tsp_instance = EXCLUDED.tsp_instance, address = EXCLUDED.address, is_required = EXCLUDED.is_required;

-- ----------------------------------------------------------------------------
-- TravelEdges: Canonical undirected weighted edges between instance stops. The edge entity resolves the address-to-address many-to-many relation.
-- ----------------------------------------------------------------------------
INSERT INTO travel_edges (travel_edge_id, tsp_instance, from_stop, to_stop, distance_meters, travel_cost, is_available, edge_source, canonical_pair_key)
VALUES ('edge-a-b', 'tsp-gridville-5', 'stop-a', 'stop-b', 2000, 2, TRUE, 'SEEDED_TEST_GRAPH', 'stop-a|stop-b') ON CONFLICT (travel_edge_id) DO UPDATE SET tsp_instance = EXCLUDED.tsp_instance, from_stop = EXCLUDED.from_stop, to_stop = EXCLUDED.to_stop, distance_meters = EXCLUDED.distance_meters, travel_cost = EXCLUDED.travel_cost, is_available = EXCLUDED.is_available, edge_source = EXCLUDED.edge_source, canonical_pair_key = EXCLUDED.canonical_pair_key;

INSERT INTO travel_edges (travel_edge_id, tsp_instance, from_stop, to_stop, distance_meters, travel_cost, is_available, edge_source, canonical_pair_key)
VALUES ('edge-a-c', 'tsp-gridville-5', 'stop-a', 'stop-c', 6000, 6, TRUE, 'SEEDED_TEST_GRAPH', 'stop-a|stop-c') ON CONFLICT (travel_edge_id) DO UPDATE SET tsp_instance = EXCLUDED.tsp_instance, from_stop = EXCLUDED.from_stop, to_stop = EXCLUDED.to_stop, distance_meters = EXCLUDED.distance_meters, travel_cost = EXCLUDED.travel_cost, is_available = EXCLUDED.is_available, edge_source = EXCLUDED.edge_source, canonical_pair_key = EXCLUDED.canonical_pair_key;

INSERT INTO travel_edges (travel_edge_id, tsp_instance, from_stop, to_stop, distance_meters, travel_cost, is_available, edge_source, canonical_pair_key)
VALUES ('edge-a-d', 'tsp-gridville-5', 'stop-a', 'stop-d', 5000, 5, TRUE, 'SEEDED_TEST_GRAPH', 'stop-a|stop-d') ON CONFLICT (travel_edge_id) DO UPDATE SET tsp_instance = EXCLUDED.tsp_instance, from_stop = EXCLUDED.from_stop, to_stop = EXCLUDED.to_stop, distance_meters = EXCLUDED.distance_meters, travel_cost = EXCLUDED.travel_cost, is_available = EXCLUDED.is_available, edge_source = EXCLUDED.edge_source, canonical_pair_key = EXCLUDED.canonical_pair_key;

INSERT INTO travel_edges (travel_edge_id, tsp_instance, from_stop, to_stop, distance_meters, travel_cost, is_available, edge_source, canonical_pair_key)
VALUES ('edge-a-e', 'tsp-gridville-5', 'stop-a', 'stop-e', 3000, 3, TRUE, 'SEEDED_TEST_GRAPH', 'stop-a|stop-e') ON CONFLICT (travel_edge_id) DO UPDATE SET tsp_instance = EXCLUDED.tsp_instance, from_stop = EXCLUDED.from_stop, to_stop = EXCLUDED.to_stop, distance_meters = EXCLUDED.distance_meters, travel_cost = EXCLUDED.travel_cost, is_available = EXCLUDED.is_available, edge_source = EXCLUDED.edge_source, canonical_pair_key = EXCLUDED.canonical_pair_key;

INSERT INTO travel_edges (travel_edge_id, tsp_instance, from_stop, to_stop, distance_meters, travel_cost, is_available, edge_source, canonical_pair_key)
VALUES ('edge-b-c', 'tsp-gridville-5', 'stop-b', 'stop-c', 3000, 3, TRUE, 'SEEDED_TEST_GRAPH', 'stop-b|stop-c') ON CONFLICT (travel_edge_id) DO UPDATE SET tsp_instance = EXCLUDED.tsp_instance, from_stop = EXCLUDED.from_stop, to_stop = EXCLUDED.to_stop, distance_meters = EXCLUDED.distance_meters, travel_cost = EXCLUDED.travel_cost, is_available = EXCLUDED.is_available, edge_source = EXCLUDED.edge_source, canonical_pair_key = EXCLUDED.canonical_pair_key;

INSERT INTO travel_edges (travel_edge_id, tsp_instance, from_stop, to_stop, distance_meters, travel_cost, is_available, edge_source, canonical_pair_key)
VALUES ('edge-b-d', 'tsp-gridville-5', 'stop-b', 'stop-d', 5000, 5, TRUE, 'SEEDED_TEST_GRAPH', 'stop-b|stop-d') ON CONFLICT (travel_edge_id) DO UPDATE SET tsp_instance = EXCLUDED.tsp_instance, from_stop = EXCLUDED.from_stop, to_stop = EXCLUDED.to_stop, distance_meters = EXCLUDED.distance_meters, travel_cost = EXCLUDED.travel_cost, is_available = EXCLUDED.is_available, edge_source = EXCLUDED.edge_source, canonical_pair_key = EXCLUDED.canonical_pair_key;

INSERT INTO travel_edges (travel_edge_id, tsp_instance, from_stop, to_stop, distance_meters, travel_cost, is_available, edge_source, canonical_pair_key)
VALUES ('edge-b-e', 'tsp-gridville-5', 'stop-b', 'stop-e', 6000, 6, TRUE, 'SEEDED_TEST_GRAPH', 'stop-b|stop-e') ON CONFLICT (travel_edge_id) DO UPDATE SET tsp_instance = EXCLUDED.tsp_instance, from_stop = EXCLUDED.from_stop, to_stop = EXCLUDED.to_stop, distance_meters = EXCLUDED.distance_meters, travel_cost = EXCLUDED.travel_cost, is_available = EXCLUDED.is_available, edge_source = EXCLUDED.edge_source, canonical_pair_key = EXCLUDED.canonical_pair_key;

INSERT INTO travel_edges (travel_edge_id, tsp_instance, from_stop, to_stop, distance_meters, travel_cost, is_available, edge_source, canonical_pair_key)
VALUES ('edge-c-d', 'tsp-gridville-5', 'stop-c', 'stop-d', 3000, 3, TRUE, 'SEEDED_TEST_GRAPH', 'stop-c|stop-d') ON CONFLICT (travel_edge_id) DO UPDATE SET tsp_instance = EXCLUDED.tsp_instance, from_stop = EXCLUDED.from_stop, to_stop = EXCLUDED.to_stop, distance_meters = EXCLUDED.distance_meters, travel_cost = EXCLUDED.travel_cost, is_available = EXCLUDED.is_available, edge_source = EXCLUDED.edge_source, canonical_pair_key = EXCLUDED.canonical_pair_key;

INSERT INTO travel_edges (travel_edge_id, tsp_instance, from_stop, to_stop, distance_meters, travel_cost, is_available, edge_source, canonical_pair_key)
VALUES ('edge-c-e', 'tsp-gridville-5', 'stop-c', 'stop-e', 5000, 5, TRUE, 'SEEDED_TEST_GRAPH', 'stop-c|stop-e') ON CONFLICT (travel_edge_id) DO UPDATE SET tsp_instance = EXCLUDED.tsp_instance, from_stop = EXCLUDED.from_stop, to_stop = EXCLUDED.to_stop, distance_meters = EXCLUDED.distance_meters, travel_cost = EXCLUDED.travel_cost, is_available = EXCLUDED.is_available, edge_source = EXCLUDED.edge_source, canonical_pair_key = EXCLUDED.canonical_pair_key;

INSERT INTO travel_edges (travel_edge_id, tsp_instance, from_stop, to_stop, distance_meters, travel_cost, is_available, edge_source, canonical_pair_key)
VALUES ('edge-d-e', 'tsp-gridville-5', 'stop-d', 'stop-e', 3000, 3, TRUE, 'SEEDED_TEST_GRAPH', 'stop-d|stop-e') ON CONFLICT (travel_edge_id) DO UPDATE SET tsp_instance = EXCLUDED.tsp_instance, from_stop = EXCLUDED.from_stop, to_stop = EXCLUDED.to_stop, distance_meters = EXCLUDED.distance_meters, travel_cost = EXCLUDED.travel_cost, is_available = EXCLUDED.is_available, edge_source = EXCLUDED.edge_source, canonical_pair_key = EXCLUDED.canonical_pair_key;

INSERT INTO travel_edges (travel_edge_id, tsp_instance, from_stop, to_stop, distance_meters, travel_cost, is_available, edge_source, canonical_pair_key)
VALUES ('broken-edge-a-b-1', 'tsp-gridville-broken-3', 'broken-stop-a', 'broken-stop-b', 1000, 1, TRUE, 'NEGATIVE_FIXTURE', 'broken-stop-a|broken-stop-b') ON CONFLICT (travel_edge_id) DO UPDATE SET tsp_instance = EXCLUDED.tsp_instance, from_stop = EXCLUDED.from_stop, to_stop = EXCLUDED.to_stop, distance_meters = EXCLUDED.distance_meters, travel_cost = EXCLUDED.travel_cost, is_available = EXCLUDED.is_available, edge_source = EXCLUDED.edge_source, canonical_pair_key = EXCLUDED.canonical_pair_key;

INSERT INTO travel_edges (travel_edge_id, tsp_instance, from_stop, to_stop, distance_meters, travel_cost, is_available, edge_source, canonical_pair_key)
VALUES ('broken-edge-a-b-2', 'tsp-gridville-broken-3', 'broken-stop-a', 'broken-stop-b', 2000, 2, TRUE, 'NEGATIVE_FIXTURE', 'broken-stop-a|broken-stop-b') ON CONFLICT (travel_edge_id) DO UPDATE SET tsp_instance = EXCLUDED.tsp_instance, from_stop = EXCLUDED.from_stop, to_stop = EXCLUDED.to_stop, distance_meters = EXCLUDED.distance_meters, travel_cost = EXCLUDED.travel_cost, is_available = EXCLUDED.is_available, edge_source = EXCLUDED.edge_source, canonical_pair_key = EXCLUDED.canonical_pair_key;

INSERT INTO travel_edges (travel_edge_id, tsp_instance, from_stop, to_stop, distance_meters, travel_cost, is_available, edge_source, canonical_pair_key)
VALUES ('broken-edge-a-c', 'tsp-gridville-broken-3', 'broken-stop-a', 'broken-stop-c', 3000, 3, TRUE, 'NEGATIVE_FIXTURE', 'broken-stop-a|broken-stop-c') ON CONFLICT (travel_edge_id) DO UPDATE SET tsp_instance = EXCLUDED.tsp_instance, from_stop = EXCLUDED.from_stop, to_stop = EXCLUDED.to_stop, distance_meters = EXCLUDED.distance_meters, travel_cost = EXCLUDED.travel_cost, is_available = EXCLUDED.is_available, edge_source = EXCLUDED.edge_source, canonical_pair_key = EXCLUDED.canonical_pair_key;

INSERT INTO travel_edges (travel_edge_id, tsp_instance, from_stop, to_stop, distance_meters, travel_cost, is_available, edge_source, canonical_pair_key)
VALUES ('twin-edge-wa-wb', 'tsp-twin-triangles-6', 'twin-stop-wa', 'twin-stop-wb', 1000, 1, TRUE, 'TWIN_TRIANGLES_FIXTURE', 'twin-stop-wa|twin-stop-wb') ON CONFLICT (travel_edge_id) DO UPDATE SET tsp_instance = EXCLUDED.tsp_instance, from_stop = EXCLUDED.from_stop, to_stop = EXCLUDED.to_stop, distance_meters = EXCLUDED.distance_meters, travel_cost = EXCLUDED.travel_cost, is_available = EXCLUDED.is_available, edge_source = EXCLUDED.edge_source, canonical_pair_key = EXCLUDED.canonical_pair_key;

INSERT INTO travel_edges (travel_edge_id, tsp_instance, from_stop, to_stop, distance_meters, travel_cost, is_available, edge_source, canonical_pair_key)
VALUES ('twin-edge-wa-wc', 'tsp-twin-triangles-6', 'twin-stop-wa', 'twin-stop-wc', 1000, 1, TRUE, 'TWIN_TRIANGLES_FIXTURE', 'twin-stop-wa|twin-stop-wc') ON CONFLICT (travel_edge_id) DO UPDATE SET tsp_instance = EXCLUDED.tsp_instance, from_stop = EXCLUDED.from_stop, to_stop = EXCLUDED.to_stop, distance_meters = EXCLUDED.distance_meters, travel_cost = EXCLUDED.travel_cost, is_available = EXCLUDED.is_available, edge_source = EXCLUDED.edge_source, canonical_pair_key = EXCLUDED.canonical_pair_key;

INSERT INTO travel_edges (travel_edge_id, tsp_instance, from_stop, to_stop, distance_meters, travel_cost, is_available, edge_source, canonical_pair_key)
VALUES ('twin-edge-wa-ed', 'tsp-twin-triangles-6', 'twin-stop-ed', 'twin-stop-wa', 10000, 10, TRUE, 'TWIN_TRIANGLES_FIXTURE', 'twin-stop-ed|twin-stop-wa') ON CONFLICT (travel_edge_id) DO UPDATE SET tsp_instance = EXCLUDED.tsp_instance, from_stop = EXCLUDED.from_stop, to_stop = EXCLUDED.to_stop, distance_meters = EXCLUDED.distance_meters, travel_cost = EXCLUDED.travel_cost, is_available = EXCLUDED.is_available, edge_source = EXCLUDED.edge_source, canonical_pair_key = EXCLUDED.canonical_pair_key;

INSERT INTO travel_edges (travel_edge_id, tsp_instance, from_stop, to_stop, distance_meters, travel_cost, is_available, edge_source, canonical_pair_key)
VALUES ('twin-edge-wa-ee', 'tsp-twin-triangles-6', 'twin-stop-ee', 'twin-stop-wa', 10000, 10, TRUE, 'TWIN_TRIANGLES_FIXTURE', 'twin-stop-ee|twin-stop-wa') ON CONFLICT (travel_edge_id) DO UPDATE SET tsp_instance = EXCLUDED.tsp_instance, from_stop = EXCLUDED.from_stop, to_stop = EXCLUDED.to_stop, distance_meters = EXCLUDED.distance_meters, travel_cost = EXCLUDED.travel_cost, is_available = EXCLUDED.is_available, edge_source = EXCLUDED.edge_source, canonical_pair_key = EXCLUDED.canonical_pair_key;

INSERT INTO travel_edges (travel_edge_id, tsp_instance, from_stop, to_stop, distance_meters, travel_cost, is_available, edge_source, canonical_pair_key)
VALUES ('twin-edge-wa-ef', 'tsp-twin-triangles-6', 'twin-stop-ef', 'twin-stop-wa', 10000, 10, TRUE, 'TWIN_TRIANGLES_FIXTURE', 'twin-stop-ef|twin-stop-wa') ON CONFLICT (travel_edge_id) DO UPDATE SET tsp_instance = EXCLUDED.tsp_instance, from_stop = EXCLUDED.from_stop, to_stop = EXCLUDED.to_stop, distance_meters = EXCLUDED.distance_meters, travel_cost = EXCLUDED.travel_cost, is_available = EXCLUDED.is_available, edge_source = EXCLUDED.edge_source, canonical_pair_key = EXCLUDED.canonical_pair_key;

INSERT INTO travel_edges (travel_edge_id, tsp_instance, from_stop, to_stop, distance_meters, travel_cost, is_available, edge_source, canonical_pair_key)
VALUES ('twin-edge-wb-wc', 'tsp-twin-triangles-6', 'twin-stop-wb', 'twin-stop-wc', 1000, 1, TRUE, 'TWIN_TRIANGLES_FIXTURE', 'twin-stop-wb|twin-stop-wc') ON CONFLICT (travel_edge_id) DO UPDATE SET tsp_instance = EXCLUDED.tsp_instance, from_stop = EXCLUDED.from_stop, to_stop = EXCLUDED.to_stop, distance_meters = EXCLUDED.distance_meters, travel_cost = EXCLUDED.travel_cost, is_available = EXCLUDED.is_available, edge_source = EXCLUDED.edge_source, canonical_pair_key = EXCLUDED.canonical_pair_key;

INSERT INTO travel_edges (travel_edge_id, tsp_instance, from_stop, to_stop, distance_meters, travel_cost, is_available, edge_source, canonical_pair_key)
VALUES ('twin-edge-wb-ed', 'tsp-twin-triangles-6', 'twin-stop-ed', 'twin-stop-wb', 10000, 10, TRUE, 'TWIN_TRIANGLES_FIXTURE', 'twin-stop-ed|twin-stop-wb') ON CONFLICT (travel_edge_id) DO UPDATE SET tsp_instance = EXCLUDED.tsp_instance, from_stop = EXCLUDED.from_stop, to_stop = EXCLUDED.to_stop, distance_meters = EXCLUDED.distance_meters, travel_cost = EXCLUDED.travel_cost, is_available = EXCLUDED.is_available, edge_source = EXCLUDED.edge_source, canonical_pair_key = EXCLUDED.canonical_pair_key;

INSERT INTO travel_edges (travel_edge_id, tsp_instance, from_stop, to_stop, distance_meters, travel_cost, is_available, edge_source, canonical_pair_key)
VALUES ('twin-edge-wb-ee', 'tsp-twin-triangles-6', 'twin-stop-ee', 'twin-stop-wb', 10000, 10, TRUE, 'TWIN_TRIANGLES_FIXTURE', 'twin-stop-ee|twin-stop-wb') ON CONFLICT (travel_edge_id) DO UPDATE SET tsp_instance = EXCLUDED.tsp_instance, from_stop = EXCLUDED.from_stop, to_stop = EXCLUDED.to_stop, distance_meters = EXCLUDED.distance_meters, travel_cost = EXCLUDED.travel_cost, is_available = EXCLUDED.is_available, edge_source = EXCLUDED.edge_source, canonical_pair_key = EXCLUDED.canonical_pair_key;

INSERT INTO travel_edges (travel_edge_id, tsp_instance, from_stop, to_stop, distance_meters, travel_cost, is_available, edge_source, canonical_pair_key)
VALUES ('twin-edge-wb-ef', 'tsp-twin-triangles-6', 'twin-stop-ef', 'twin-stop-wb', 10000, 10, TRUE, 'TWIN_TRIANGLES_FIXTURE', 'twin-stop-ef|twin-stop-wb') ON CONFLICT (travel_edge_id) DO UPDATE SET tsp_instance = EXCLUDED.tsp_instance, from_stop = EXCLUDED.from_stop, to_stop = EXCLUDED.to_stop, distance_meters = EXCLUDED.distance_meters, travel_cost = EXCLUDED.travel_cost, is_available = EXCLUDED.is_available, edge_source = EXCLUDED.edge_source, canonical_pair_key = EXCLUDED.canonical_pair_key;

INSERT INTO travel_edges (travel_edge_id, tsp_instance, from_stop, to_stop, distance_meters, travel_cost, is_available, edge_source, canonical_pair_key)
VALUES ('twin-edge-wc-ed', 'tsp-twin-triangles-6', 'twin-stop-ed', 'twin-stop-wc', 10000, 10, TRUE, 'TWIN_TRIANGLES_FIXTURE', 'twin-stop-ed|twin-stop-wc') ON CONFLICT (travel_edge_id) DO UPDATE SET tsp_instance = EXCLUDED.tsp_instance, from_stop = EXCLUDED.from_stop, to_stop = EXCLUDED.to_stop, distance_meters = EXCLUDED.distance_meters, travel_cost = EXCLUDED.travel_cost, is_available = EXCLUDED.is_available, edge_source = EXCLUDED.edge_source, canonical_pair_key = EXCLUDED.canonical_pair_key;

INSERT INTO travel_edges (travel_edge_id, tsp_instance, from_stop, to_stop, distance_meters, travel_cost, is_available, edge_source, canonical_pair_key)
VALUES ('twin-edge-wc-ee', 'tsp-twin-triangles-6', 'twin-stop-ee', 'twin-stop-wc', 10000, 10, TRUE, 'TWIN_TRIANGLES_FIXTURE', 'twin-stop-ee|twin-stop-wc') ON CONFLICT (travel_edge_id) DO UPDATE SET tsp_instance = EXCLUDED.tsp_instance, from_stop = EXCLUDED.from_stop, to_stop = EXCLUDED.to_stop, distance_meters = EXCLUDED.distance_meters, travel_cost = EXCLUDED.travel_cost, is_available = EXCLUDED.is_available, edge_source = EXCLUDED.edge_source, canonical_pair_key = EXCLUDED.canonical_pair_key;

INSERT INTO travel_edges (travel_edge_id, tsp_instance, from_stop, to_stop, distance_meters, travel_cost, is_available, edge_source, canonical_pair_key)
VALUES ('twin-edge-wc-ef', 'tsp-twin-triangles-6', 'twin-stop-ef', 'twin-stop-wc', 10000, 10, TRUE, 'TWIN_TRIANGLES_FIXTURE', 'twin-stop-ef|twin-stop-wc') ON CONFLICT (travel_edge_id) DO UPDATE SET tsp_instance = EXCLUDED.tsp_instance, from_stop = EXCLUDED.from_stop, to_stop = EXCLUDED.to_stop, distance_meters = EXCLUDED.distance_meters, travel_cost = EXCLUDED.travel_cost, is_available = EXCLUDED.is_available, edge_source = EXCLUDED.edge_source, canonical_pair_key = EXCLUDED.canonical_pair_key;

INSERT INTO travel_edges (travel_edge_id, tsp_instance, from_stop, to_stop, distance_meters, travel_cost, is_available, edge_source, canonical_pair_key)
VALUES ('twin-edge-ed-ee', 'tsp-twin-triangles-6', 'twin-stop-ed', 'twin-stop-ee', 1000, 1, TRUE, 'TWIN_TRIANGLES_FIXTURE', 'twin-stop-ed|twin-stop-ee') ON CONFLICT (travel_edge_id) DO UPDATE SET tsp_instance = EXCLUDED.tsp_instance, from_stop = EXCLUDED.from_stop, to_stop = EXCLUDED.to_stop, distance_meters = EXCLUDED.distance_meters, travel_cost = EXCLUDED.travel_cost, is_available = EXCLUDED.is_available, edge_source = EXCLUDED.edge_source, canonical_pair_key = EXCLUDED.canonical_pair_key;

INSERT INTO travel_edges (travel_edge_id, tsp_instance, from_stop, to_stop, distance_meters, travel_cost, is_available, edge_source, canonical_pair_key)
VALUES ('twin-edge-ed-ef', 'tsp-twin-triangles-6', 'twin-stop-ed', 'twin-stop-ef', 1000, 1, TRUE, 'TWIN_TRIANGLES_FIXTURE', 'twin-stop-ed|twin-stop-ef') ON CONFLICT (travel_edge_id) DO UPDATE SET tsp_instance = EXCLUDED.tsp_instance, from_stop = EXCLUDED.from_stop, to_stop = EXCLUDED.to_stop, distance_meters = EXCLUDED.distance_meters, travel_cost = EXCLUDED.travel_cost, is_available = EXCLUDED.is_available, edge_source = EXCLUDED.edge_source, canonical_pair_key = EXCLUDED.canonical_pair_key;

INSERT INTO travel_edges (travel_edge_id, tsp_instance, from_stop, to_stop, distance_meters, travel_cost, is_available, edge_source, canonical_pair_key)
VALUES ('twin-edge-ee-ef', 'tsp-twin-triangles-6', 'twin-stop-ee', 'twin-stop-ef', 1000, 1, TRUE, 'TWIN_TRIANGLES_FIXTURE', 'twin-stop-ee|twin-stop-ef') ON CONFLICT (travel_edge_id) DO UPDATE SET tsp_instance = EXCLUDED.tsp_instance, from_stop = EXCLUDED.from_stop, to_stop = EXCLUDED.to_stop, distance_meters = EXCLUDED.distance_meters, travel_cost = EXCLUDED.travel_cost, is_available = EXCLUDED.is_available, edge_source = EXCLUDED.edge_source, canonical_pair_key = EXCLUDED.canonical_pair_key;

INSERT INTO travel_edges (travel_edge_id, tsp_instance, from_stop, to_stop, distance_meters, travel_cost, is_available, edge_source, canonical_pair_key)
VALUES ('sparse-edge-a-b', 'tsp-sparse-forcing-5', 'sparse-stop-a', 'sparse-stop-b', 2000.0, 2, TRUE, 'SPARSE_FORCING_FIXTURE', 'sparse-stop-a|sparse-stop-b') ON CONFLICT (travel_edge_id) DO UPDATE SET tsp_instance = EXCLUDED.tsp_instance, from_stop = EXCLUDED.from_stop, to_stop = EXCLUDED.to_stop, distance_meters = EXCLUDED.distance_meters, travel_cost = EXCLUDED.travel_cost, is_available = EXCLUDED.is_available, edge_source = EXCLUDED.edge_source, canonical_pair_key = EXCLUDED.canonical_pair_key;

INSERT INTO travel_edges (travel_edge_id, tsp_instance, from_stop, to_stop, distance_meters, travel_cost, is_available, edge_source, canonical_pair_key)
VALUES ('sparse-edge-a-c', 'tsp-sparse-forcing-5', 'sparse-stop-a', 'sparse-stop-c', 6000.0, 6, FALSE, 'SPARSE_FORCING_FIXTURE', 'sparse-stop-a|sparse-stop-c') ON CONFLICT (travel_edge_id) DO UPDATE SET tsp_instance = EXCLUDED.tsp_instance, from_stop = EXCLUDED.from_stop, to_stop = EXCLUDED.to_stop, distance_meters = EXCLUDED.distance_meters, travel_cost = EXCLUDED.travel_cost, is_available = EXCLUDED.is_available, edge_source = EXCLUDED.edge_source, canonical_pair_key = EXCLUDED.canonical_pair_key;

INSERT INTO travel_edges (travel_edge_id, tsp_instance, from_stop, to_stop, distance_meters, travel_cost, is_available, edge_source, canonical_pair_key)
VALUES ('sparse-edge-a-d', 'tsp-sparse-forcing-5', 'sparse-stop-a', 'sparse-stop-d', 5000.0, 5, FALSE, 'SPARSE_FORCING_FIXTURE', 'sparse-stop-a|sparse-stop-d') ON CONFLICT (travel_edge_id) DO UPDATE SET tsp_instance = EXCLUDED.tsp_instance, from_stop = EXCLUDED.from_stop, to_stop = EXCLUDED.to_stop, distance_meters = EXCLUDED.distance_meters, travel_cost = EXCLUDED.travel_cost, is_available = EXCLUDED.is_available, edge_source = EXCLUDED.edge_source, canonical_pair_key = EXCLUDED.canonical_pair_key;

INSERT INTO travel_edges (travel_edge_id, tsp_instance, from_stop, to_stop, distance_meters, travel_cost, is_available, edge_source, canonical_pair_key)
VALUES ('sparse-edge-a-e', 'tsp-sparse-forcing-5', 'sparse-stop-a', 'sparse-stop-e', 3000.0, 3, TRUE, 'SPARSE_FORCING_FIXTURE', 'sparse-stop-a|sparse-stop-e') ON CONFLICT (travel_edge_id) DO UPDATE SET tsp_instance = EXCLUDED.tsp_instance, from_stop = EXCLUDED.from_stop, to_stop = EXCLUDED.to_stop, distance_meters = EXCLUDED.distance_meters, travel_cost = EXCLUDED.travel_cost, is_available = EXCLUDED.is_available, edge_source = EXCLUDED.edge_source, canonical_pair_key = EXCLUDED.canonical_pair_key;

INSERT INTO travel_edges (travel_edge_id, tsp_instance, from_stop, to_stop, distance_meters, travel_cost, is_available, edge_source, canonical_pair_key)
VALUES ('sparse-edge-b-c', 'tsp-sparse-forcing-5', 'sparse-stop-b', 'sparse-stop-c', 3000.0, 3, TRUE, 'SPARSE_FORCING_FIXTURE', 'sparse-stop-b|sparse-stop-c') ON CONFLICT (travel_edge_id) DO UPDATE SET tsp_instance = EXCLUDED.tsp_instance, from_stop = EXCLUDED.from_stop, to_stop = EXCLUDED.to_stop, distance_meters = EXCLUDED.distance_meters, travel_cost = EXCLUDED.travel_cost, is_available = EXCLUDED.is_available, edge_source = EXCLUDED.edge_source, canonical_pair_key = EXCLUDED.canonical_pair_key;

INSERT INTO travel_edges (travel_edge_id, tsp_instance, from_stop, to_stop, distance_meters, travel_cost, is_available, edge_source, canonical_pair_key)
VALUES ('sparse-edge-b-d', 'tsp-sparse-forcing-5', 'sparse-stop-b', 'sparse-stop-d', 5000.0, 5, TRUE, 'SPARSE_FORCING_FIXTURE', 'sparse-stop-b|sparse-stop-d') ON CONFLICT (travel_edge_id) DO UPDATE SET tsp_instance = EXCLUDED.tsp_instance, from_stop = EXCLUDED.from_stop, to_stop = EXCLUDED.to_stop, distance_meters = EXCLUDED.distance_meters, travel_cost = EXCLUDED.travel_cost, is_available = EXCLUDED.is_available, edge_source = EXCLUDED.edge_source, canonical_pair_key = EXCLUDED.canonical_pair_key;

INSERT INTO travel_edges (travel_edge_id, tsp_instance, from_stop, to_stop, distance_meters, travel_cost, is_available, edge_source, canonical_pair_key)
VALUES ('sparse-edge-b-e', 'tsp-sparse-forcing-5', 'sparse-stop-b', 'sparse-stop-e', 6000.0, 6, FALSE, 'SPARSE_FORCING_FIXTURE', 'sparse-stop-b|sparse-stop-e') ON CONFLICT (travel_edge_id) DO UPDATE SET tsp_instance = EXCLUDED.tsp_instance, from_stop = EXCLUDED.from_stop, to_stop = EXCLUDED.to_stop, distance_meters = EXCLUDED.distance_meters, travel_cost = EXCLUDED.travel_cost, is_available = EXCLUDED.is_available, edge_source = EXCLUDED.edge_source, canonical_pair_key = EXCLUDED.canonical_pair_key;

INSERT INTO travel_edges (travel_edge_id, tsp_instance, from_stop, to_stop, distance_meters, travel_cost, is_available, edge_source, canonical_pair_key)
VALUES ('sparse-edge-c-d', 'tsp-sparse-forcing-5', 'sparse-stop-c', 'sparse-stop-d', 3000.0, 3, TRUE, 'SPARSE_FORCING_FIXTURE', 'sparse-stop-c|sparse-stop-d') ON CONFLICT (travel_edge_id) DO UPDATE SET tsp_instance = EXCLUDED.tsp_instance, from_stop = EXCLUDED.from_stop, to_stop = EXCLUDED.to_stop, distance_meters = EXCLUDED.distance_meters, travel_cost = EXCLUDED.travel_cost, is_available = EXCLUDED.is_available, edge_source = EXCLUDED.edge_source, canonical_pair_key = EXCLUDED.canonical_pair_key;

INSERT INTO travel_edges (travel_edge_id, tsp_instance, from_stop, to_stop, distance_meters, travel_cost, is_available, edge_source, canonical_pair_key)
VALUES ('sparse-edge-c-e', 'tsp-sparse-forcing-5', 'sparse-stop-c', 'sparse-stop-e', 5000.0, 5, FALSE, 'SPARSE_FORCING_FIXTURE', 'sparse-stop-c|sparse-stop-e') ON CONFLICT (travel_edge_id) DO UPDATE SET tsp_instance = EXCLUDED.tsp_instance, from_stop = EXCLUDED.from_stop, to_stop = EXCLUDED.to_stop, distance_meters = EXCLUDED.distance_meters, travel_cost = EXCLUDED.travel_cost, is_available = EXCLUDED.is_available, edge_source = EXCLUDED.edge_source, canonical_pair_key = EXCLUDED.canonical_pair_key;

INSERT INTO travel_edges (travel_edge_id, tsp_instance, from_stop, to_stop, distance_meters, travel_cost, is_available, edge_source, canonical_pair_key)
VALUES ('sparse-edge-d-e', 'tsp-sparse-forcing-5', 'sparse-stop-d', 'sparse-stop-e', 3000.0, 3, TRUE, 'SPARSE_FORCING_FIXTURE', 'sparse-stop-d|sparse-stop-e') ON CONFLICT (travel_edge_id) DO UPDATE SET tsp_instance = EXCLUDED.tsp_instance, from_stop = EXCLUDED.from_stop, to_stop = EXCLUDED.to_stop, distance_meters = EXCLUDED.distance_meters, travel_cost = EXCLUDED.travel_cost, is_available = EXCLUDED.is_available, edge_source = EXCLUDED.edge_source, canonical_pair_key = EXCLUDED.canonical_pair_key;

INSERT INTO travel_edges (travel_edge_id, tsp_instance, from_stop, to_stop, distance_meters, travel_cost, is_available, edge_source, canonical_pair_key)
VALUES ('asym-edge-1-2', 'tsp-asymmetric-four-4', 'asym-stop-1', 'asym-stop-2', 1000, 1, TRUE, 'ASYMMETRIC_FIBER_FIXTURE', 'asym-stop-1|asym-stop-2') ON CONFLICT (travel_edge_id) DO UPDATE SET tsp_instance = EXCLUDED.tsp_instance, from_stop = EXCLUDED.from_stop, to_stop = EXCLUDED.to_stop, distance_meters = EXCLUDED.distance_meters, travel_cost = EXCLUDED.travel_cost, is_available = EXCLUDED.is_available, edge_source = EXCLUDED.edge_source, canonical_pair_key = EXCLUDED.canonical_pair_key;

INSERT INTO travel_edges (travel_edge_id, tsp_instance, from_stop, to_stop, distance_meters, travel_cost, is_available, edge_source, canonical_pair_key)
VALUES ('asym-edge-1-3', 'tsp-asymmetric-four-4', 'asym-stop-1', 'asym-stop-3', 4000, 4, TRUE, 'ASYMMETRIC_FIBER_FIXTURE', 'asym-stop-1|asym-stop-3') ON CONFLICT (travel_edge_id) DO UPDATE SET tsp_instance = EXCLUDED.tsp_instance, from_stop = EXCLUDED.from_stop, to_stop = EXCLUDED.to_stop, distance_meters = EXCLUDED.distance_meters, travel_cost = EXCLUDED.travel_cost, is_available = EXCLUDED.is_available, edge_source = EXCLUDED.edge_source, canonical_pair_key = EXCLUDED.canonical_pair_key;

INSERT INTO travel_edges (travel_edge_id, tsp_instance, from_stop, to_stop, distance_meters, travel_cost, is_available, edge_source, canonical_pair_key)
VALUES ('asym-edge-1-4', 'tsp-asymmetric-four-4', 'asym-stop-1', 'asym-stop-4', 8000, 8, TRUE, 'ASYMMETRIC_FIBER_FIXTURE', 'asym-stop-1|asym-stop-4') ON CONFLICT (travel_edge_id) DO UPDATE SET tsp_instance = EXCLUDED.tsp_instance, from_stop = EXCLUDED.from_stop, to_stop = EXCLUDED.to_stop, distance_meters = EXCLUDED.distance_meters, travel_cost = EXCLUDED.travel_cost, is_available = EXCLUDED.is_available, edge_source = EXCLUDED.edge_source, canonical_pair_key = EXCLUDED.canonical_pair_key;

INSERT INTO travel_edges (travel_edge_id, tsp_instance, from_stop, to_stop, distance_meters, travel_cost, is_available, edge_source, canonical_pair_key)
VALUES ('asym-edge-2-3', 'tsp-asymmetric-four-4', 'asym-stop-2', 'asym-stop-3', 2000, 2, TRUE, 'ASYMMETRIC_FIBER_FIXTURE', 'asym-stop-2|asym-stop-3') ON CONFLICT (travel_edge_id) DO UPDATE SET tsp_instance = EXCLUDED.tsp_instance, from_stop = EXCLUDED.from_stop, to_stop = EXCLUDED.to_stop, distance_meters = EXCLUDED.distance_meters, travel_cost = EXCLUDED.travel_cost, is_available = EXCLUDED.is_available, edge_source = EXCLUDED.edge_source, canonical_pair_key = EXCLUDED.canonical_pair_key;

INSERT INTO travel_edges (travel_edge_id, tsp_instance, from_stop, to_stop, distance_meters, travel_cost, is_available, edge_source, canonical_pair_key)
VALUES ('asym-edge-2-4', 'tsp-asymmetric-four-4', 'asym-stop-2', 'asym-stop-4', 5000, 5, TRUE, 'ASYMMETRIC_FIBER_FIXTURE', 'asym-stop-2|asym-stop-4') ON CONFLICT (travel_edge_id) DO UPDATE SET tsp_instance = EXCLUDED.tsp_instance, from_stop = EXCLUDED.from_stop, to_stop = EXCLUDED.to_stop, distance_meters = EXCLUDED.distance_meters, travel_cost = EXCLUDED.travel_cost, is_available = EXCLUDED.is_available, edge_source = EXCLUDED.edge_source, canonical_pair_key = EXCLUDED.canonical_pair_key;

INSERT INTO travel_edges (travel_edge_id, tsp_instance, from_stop, to_stop, distance_meters, travel_cost, is_available, edge_source, canonical_pair_key)
VALUES ('asym-edge-3-4', 'tsp-asymmetric-four-4', 'asym-stop-3', 'asym-stop-4', 3000, 3, TRUE, 'ASYMMETRIC_FIBER_FIXTURE', 'asym-stop-3|asym-stop-4') ON CONFLICT (travel_edge_id) DO UPDATE SET tsp_instance = EXCLUDED.tsp_instance, from_stop = EXCLUDED.from_stop, to_stop = EXCLUDED.to_stop, distance_meters = EXCLUDED.distance_meters, travel_cost = EXCLUDED.travel_cost, is_available = EXCLUDED.is_available, edge_source = EXCLUDED.edge_source, canonical_pair_key = EXCLUDED.canonical_pair_key;

INSERT INTO travel_edges (travel_edge_id, tsp_instance, from_stop, to_stop, distance_meters, travel_cost, is_available, edge_source, canonical_pair_key)
VALUES ('r3-edge-a1-a2', 'tsp-three-regions-9', 'r3-stop-a1', 'r3-stop-a2', 1000, 1, TRUE, 'THREE_REGION_REPAIR_FIXTURE', 'r3-stop-a1|r3-stop-a2') ON CONFLICT (travel_edge_id) DO UPDATE SET tsp_instance = EXCLUDED.tsp_instance, from_stop = EXCLUDED.from_stop, to_stop = EXCLUDED.to_stop, distance_meters = EXCLUDED.distance_meters, travel_cost = EXCLUDED.travel_cost, is_available = EXCLUDED.is_available, edge_source = EXCLUDED.edge_source, canonical_pair_key = EXCLUDED.canonical_pair_key;

INSERT INTO travel_edges (travel_edge_id, tsp_instance, from_stop, to_stop, distance_meters, travel_cost, is_available, edge_source, canonical_pair_key)
VALUES ('r3-edge-a1-a3', 'tsp-three-regions-9', 'r3-stop-a1', 'r3-stop-a3', 1000, 1, TRUE, 'THREE_REGION_REPAIR_FIXTURE', 'r3-stop-a1|r3-stop-a3') ON CONFLICT (travel_edge_id) DO UPDATE SET tsp_instance = EXCLUDED.tsp_instance, from_stop = EXCLUDED.from_stop, to_stop = EXCLUDED.to_stop, distance_meters = EXCLUDED.distance_meters, travel_cost = EXCLUDED.travel_cost, is_available = EXCLUDED.is_available, edge_source = EXCLUDED.edge_source, canonical_pair_key = EXCLUDED.canonical_pair_key;

INSERT INTO travel_edges (travel_edge_id, tsp_instance, from_stop, to_stop, distance_meters, travel_cost, is_available, edge_source, canonical_pair_key)
VALUES ('r3-edge-a1-b1', 'tsp-three-regions-9', 'r3-stop-a1', 'r3-stop-b1', 100000, 100, TRUE, 'THREE_REGION_REPAIR_FIXTURE', 'r3-stop-a1|r3-stop-b1') ON CONFLICT (travel_edge_id) DO UPDATE SET tsp_instance = EXCLUDED.tsp_instance, from_stop = EXCLUDED.from_stop, to_stop = EXCLUDED.to_stop, distance_meters = EXCLUDED.distance_meters, travel_cost = EXCLUDED.travel_cost, is_available = EXCLUDED.is_available, edge_source = EXCLUDED.edge_source, canonical_pair_key = EXCLUDED.canonical_pair_key;

INSERT INTO travel_edges (travel_edge_id, tsp_instance, from_stop, to_stop, distance_meters, travel_cost, is_available, edge_source, canonical_pair_key)
VALUES ('r3-edge-a1-b2', 'tsp-three-regions-9', 'r3-stop-a1', 'r3-stop-b2', 100000, 100, TRUE, 'THREE_REGION_REPAIR_FIXTURE', 'r3-stop-a1|r3-stop-b2') ON CONFLICT (travel_edge_id) DO UPDATE SET tsp_instance = EXCLUDED.tsp_instance, from_stop = EXCLUDED.from_stop, to_stop = EXCLUDED.to_stop, distance_meters = EXCLUDED.distance_meters, travel_cost = EXCLUDED.travel_cost, is_available = EXCLUDED.is_available, edge_source = EXCLUDED.edge_source, canonical_pair_key = EXCLUDED.canonical_pair_key;

INSERT INTO travel_edges (travel_edge_id, tsp_instance, from_stop, to_stop, distance_meters, travel_cost, is_available, edge_source, canonical_pair_key)
VALUES ('r3-edge-a1-b3', 'tsp-three-regions-9', 'r3-stop-a1', 'r3-stop-b3', 100000, 100, TRUE, 'THREE_REGION_REPAIR_FIXTURE', 'r3-stop-a1|r3-stop-b3') ON CONFLICT (travel_edge_id) DO UPDATE SET tsp_instance = EXCLUDED.tsp_instance, from_stop = EXCLUDED.from_stop, to_stop = EXCLUDED.to_stop, distance_meters = EXCLUDED.distance_meters, travel_cost = EXCLUDED.travel_cost, is_available = EXCLUDED.is_available, edge_source = EXCLUDED.edge_source, canonical_pair_key = EXCLUDED.canonical_pair_key;

INSERT INTO travel_edges (travel_edge_id, tsp_instance, from_stop, to_stop, distance_meters, travel_cost, is_available, edge_source, canonical_pair_key)
VALUES ('r3-edge-a1-c1', 'tsp-three-regions-9', 'r3-stop-a1', 'r3-stop-c1', 100000, 100, TRUE, 'THREE_REGION_REPAIR_FIXTURE', 'r3-stop-a1|r3-stop-c1') ON CONFLICT (travel_edge_id) DO UPDATE SET tsp_instance = EXCLUDED.tsp_instance, from_stop = EXCLUDED.from_stop, to_stop = EXCLUDED.to_stop, distance_meters = EXCLUDED.distance_meters, travel_cost = EXCLUDED.travel_cost, is_available = EXCLUDED.is_available, edge_source = EXCLUDED.edge_source, canonical_pair_key = EXCLUDED.canonical_pair_key;

INSERT INTO travel_edges (travel_edge_id, tsp_instance, from_stop, to_stop, distance_meters, travel_cost, is_available, edge_source, canonical_pair_key)
VALUES ('r3-edge-a1-c2', 'tsp-three-regions-9', 'r3-stop-a1', 'r3-stop-c2', 100000, 100, TRUE, 'THREE_REGION_REPAIR_FIXTURE', 'r3-stop-a1|r3-stop-c2') ON CONFLICT (travel_edge_id) DO UPDATE SET tsp_instance = EXCLUDED.tsp_instance, from_stop = EXCLUDED.from_stop, to_stop = EXCLUDED.to_stop, distance_meters = EXCLUDED.distance_meters, travel_cost = EXCLUDED.travel_cost, is_available = EXCLUDED.is_available, edge_source = EXCLUDED.edge_source, canonical_pair_key = EXCLUDED.canonical_pair_key;

INSERT INTO travel_edges (travel_edge_id, tsp_instance, from_stop, to_stop, distance_meters, travel_cost, is_available, edge_source, canonical_pair_key)
VALUES ('r3-edge-a1-c3', 'tsp-three-regions-9', 'r3-stop-a1', 'r3-stop-c3', 10000, 10, TRUE, 'THREE_REGION_REPAIR_FIXTURE', 'r3-stop-a1|r3-stop-c3') ON CONFLICT (travel_edge_id) DO UPDATE SET tsp_instance = EXCLUDED.tsp_instance, from_stop = EXCLUDED.from_stop, to_stop = EXCLUDED.to_stop, distance_meters = EXCLUDED.distance_meters, travel_cost = EXCLUDED.travel_cost, is_available = EXCLUDED.is_available, edge_source = EXCLUDED.edge_source, canonical_pair_key = EXCLUDED.canonical_pair_key;

INSERT INTO travel_edges (travel_edge_id, tsp_instance, from_stop, to_stop, distance_meters, travel_cost, is_available, edge_source, canonical_pair_key)
VALUES ('r3-edge-a2-a3', 'tsp-three-regions-9', 'r3-stop-a2', 'r3-stop-a3', 1000, 1, TRUE, 'THREE_REGION_REPAIR_FIXTURE', 'r3-stop-a2|r3-stop-a3') ON CONFLICT (travel_edge_id) DO UPDATE SET tsp_instance = EXCLUDED.tsp_instance, from_stop = EXCLUDED.from_stop, to_stop = EXCLUDED.to_stop, distance_meters = EXCLUDED.distance_meters, travel_cost = EXCLUDED.travel_cost, is_available = EXCLUDED.is_available, edge_source = EXCLUDED.edge_source, canonical_pair_key = EXCLUDED.canonical_pair_key;

INSERT INTO travel_edges (travel_edge_id, tsp_instance, from_stop, to_stop, distance_meters, travel_cost, is_available, edge_source, canonical_pair_key)
VALUES ('r3-edge-a2-b1', 'tsp-three-regions-9', 'r3-stop-a2', 'r3-stop-b1', 100000, 100, TRUE, 'THREE_REGION_REPAIR_FIXTURE', 'r3-stop-a2|r3-stop-b1') ON CONFLICT (travel_edge_id) DO UPDATE SET tsp_instance = EXCLUDED.tsp_instance, from_stop = EXCLUDED.from_stop, to_stop = EXCLUDED.to_stop, distance_meters = EXCLUDED.distance_meters, travel_cost = EXCLUDED.travel_cost, is_available = EXCLUDED.is_available, edge_source = EXCLUDED.edge_source, canonical_pair_key = EXCLUDED.canonical_pair_key;

INSERT INTO travel_edges (travel_edge_id, tsp_instance, from_stop, to_stop, distance_meters, travel_cost, is_available, edge_source, canonical_pair_key)
VALUES ('r3-edge-a2-b2', 'tsp-three-regions-9', 'r3-stop-a2', 'r3-stop-b2', 100000, 100, TRUE, 'THREE_REGION_REPAIR_FIXTURE', 'r3-stop-a2|r3-stop-b2') ON CONFLICT (travel_edge_id) DO UPDATE SET tsp_instance = EXCLUDED.tsp_instance, from_stop = EXCLUDED.from_stop, to_stop = EXCLUDED.to_stop, distance_meters = EXCLUDED.distance_meters, travel_cost = EXCLUDED.travel_cost, is_available = EXCLUDED.is_available, edge_source = EXCLUDED.edge_source, canonical_pair_key = EXCLUDED.canonical_pair_key;

INSERT INTO travel_edges (travel_edge_id, tsp_instance, from_stop, to_stop, distance_meters, travel_cost, is_available, edge_source, canonical_pair_key)
VALUES ('r3-edge-a2-b3', 'tsp-three-regions-9', 'r3-stop-a2', 'r3-stop-b3', 100000, 100, TRUE, 'THREE_REGION_REPAIR_FIXTURE', 'r3-stop-a2|r3-stop-b3') ON CONFLICT (travel_edge_id) DO UPDATE SET tsp_instance = EXCLUDED.tsp_instance, from_stop = EXCLUDED.from_stop, to_stop = EXCLUDED.to_stop, distance_meters = EXCLUDED.distance_meters, travel_cost = EXCLUDED.travel_cost, is_available = EXCLUDED.is_available, edge_source = EXCLUDED.edge_source, canonical_pair_key = EXCLUDED.canonical_pair_key;

INSERT INTO travel_edges (travel_edge_id, tsp_instance, from_stop, to_stop, distance_meters, travel_cost, is_available, edge_source, canonical_pair_key)
VALUES ('r3-edge-a2-c1', 'tsp-three-regions-9', 'r3-stop-a2', 'r3-stop-c1', 100000, 100, TRUE, 'THREE_REGION_REPAIR_FIXTURE', 'r3-stop-a2|r3-stop-c1') ON CONFLICT (travel_edge_id) DO UPDATE SET tsp_instance = EXCLUDED.tsp_instance, from_stop = EXCLUDED.from_stop, to_stop = EXCLUDED.to_stop, distance_meters = EXCLUDED.distance_meters, travel_cost = EXCLUDED.travel_cost, is_available = EXCLUDED.is_available, edge_source = EXCLUDED.edge_source, canonical_pair_key = EXCLUDED.canonical_pair_key;

INSERT INTO travel_edges (travel_edge_id, tsp_instance, from_stop, to_stop, distance_meters, travel_cost, is_available, edge_source, canonical_pair_key)
VALUES ('r3-edge-a2-c2', 'tsp-three-regions-9', 'r3-stop-a2', 'r3-stop-c2', 100000, 100, TRUE, 'THREE_REGION_REPAIR_FIXTURE', 'r3-stop-a2|r3-stop-c2') ON CONFLICT (travel_edge_id) DO UPDATE SET tsp_instance = EXCLUDED.tsp_instance, from_stop = EXCLUDED.from_stop, to_stop = EXCLUDED.to_stop, distance_meters = EXCLUDED.distance_meters, travel_cost = EXCLUDED.travel_cost, is_available = EXCLUDED.is_available, edge_source = EXCLUDED.edge_source, canonical_pair_key = EXCLUDED.canonical_pair_key;

INSERT INTO travel_edges (travel_edge_id, tsp_instance, from_stop, to_stop, distance_meters, travel_cost, is_available, edge_source, canonical_pair_key)
VALUES ('r3-edge-a2-c3', 'tsp-three-regions-9', 'r3-stop-a2', 'r3-stop-c3', 100000, 100, TRUE, 'THREE_REGION_REPAIR_FIXTURE', 'r3-stop-a2|r3-stop-c3') ON CONFLICT (travel_edge_id) DO UPDATE SET tsp_instance = EXCLUDED.tsp_instance, from_stop = EXCLUDED.from_stop, to_stop = EXCLUDED.to_stop, distance_meters = EXCLUDED.distance_meters, travel_cost = EXCLUDED.travel_cost, is_available = EXCLUDED.is_available, edge_source = EXCLUDED.edge_source, canonical_pair_key = EXCLUDED.canonical_pair_key;

INSERT INTO travel_edges (travel_edge_id, tsp_instance, from_stop, to_stop, distance_meters, travel_cost, is_available, edge_source, canonical_pair_key)
VALUES ('r3-edge-a3-b1', 'tsp-three-regions-9', 'r3-stop-a3', 'r3-stop-b1', 10000, 10, TRUE, 'THREE_REGION_REPAIR_FIXTURE', 'r3-stop-a3|r3-stop-b1') ON CONFLICT (travel_edge_id) DO UPDATE SET tsp_instance = EXCLUDED.tsp_instance, from_stop = EXCLUDED.from_stop, to_stop = EXCLUDED.to_stop, distance_meters = EXCLUDED.distance_meters, travel_cost = EXCLUDED.travel_cost, is_available = EXCLUDED.is_available, edge_source = EXCLUDED.edge_source, canonical_pair_key = EXCLUDED.canonical_pair_key;

INSERT INTO travel_edges (travel_edge_id, tsp_instance, from_stop, to_stop, distance_meters, travel_cost, is_available, edge_source, canonical_pair_key)
VALUES ('r3-edge-a3-b2', 'tsp-three-regions-9', 'r3-stop-a3', 'r3-stop-b2', 100000, 100, TRUE, 'THREE_REGION_REPAIR_FIXTURE', 'r3-stop-a3|r3-stop-b2') ON CONFLICT (travel_edge_id) DO UPDATE SET tsp_instance = EXCLUDED.tsp_instance, from_stop = EXCLUDED.from_stop, to_stop = EXCLUDED.to_stop, distance_meters = EXCLUDED.distance_meters, travel_cost = EXCLUDED.travel_cost, is_available = EXCLUDED.is_available, edge_source = EXCLUDED.edge_source, canonical_pair_key = EXCLUDED.canonical_pair_key;

INSERT INTO travel_edges (travel_edge_id, tsp_instance, from_stop, to_stop, distance_meters, travel_cost, is_available, edge_source, canonical_pair_key)
VALUES ('r3-edge-a3-b3', 'tsp-three-regions-9', 'r3-stop-a3', 'r3-stop-b3', 100000, 100, TRUE, 'THREE_REGION_REPAIR_FIXTURE', 'r3-stop-a3|r3-stop-b3') ON CONFLICT (travel_edge_id) DO UPDATE SET tsp_instance = EXCLUDED.tsp_instance, from_stop = EXCLUDED.from_stop, to_stop = EXCLUDED.to_stop, distance_meters = EXCLUDED.distance_meters, travel_cost = EXCLUDED.travel_cost, is_available = EXCLUDED.is_available, edge_source = EXCLUDED.edge_source, canonical_pair_key = EXCLUDED.canonical_pair_key;

INSERT INTO travel_edges (travel_edge_id, tsp_instance, from_stop, to_stop, distance_meters, travel_cost, is_available, edge_source, canonical_pair_key)
VALUES ('r3-edge-a3-c1', 'tsp-three-regions-9', 'r3-stop-a3', 'r3-stop-c1', 100000, 100, TRUE, 'THREE_REGION_REPAIR_FIXTURE', 'r3-stop-a3|r3-stop-c1') ON CONFLICT (travel_edge_id) DO UPDATE SET tsp_instance = EXCLUDED.tsp_instance, from_stop = EXCLUDED.from_stop, to_stop = EXCLUDED.to_stop, distance_meters = EXCLUDED.distance_meters, travel_cost = EXCLUDED.travel_cost, is_available = EXCLUDED.is_available, edge_source = EXCLUDED.edge_source, canonical_pair_key = EXCLUDED.canonical_pair_key;

INSERT INTO travel_edges (travel_edge_id, tsp_instance, from_stop, to_stop, distance_meters, travel_cost, is_available, edge_source, canonical_pair_key)
VALUES ('r3-edge-a3-c2', 'tsp-three-regions-9', 'r3-stop-a3', 'r3-stop-c2', 100000, 100, TRUE, 'THREE_REGION_REPAIR_FIXTURE', 'r3-stop-a3|r3-stop-c2') ON CONFLICT (travel_edge_id) DO UPDATE SET tsp_instance = EXCLUDED.tsp_instance, from_stop = EXCLUDED.from_stop, to_stop = EXCLUDED.to_stop, distance_meters = EXCLUDED.distance_meters, travel_cost = EXCLUDED.travel_cost, is_available = EXCLUDED.is_available, edge_source = EXCLUDED.edge_source, canonical_pair_key = EXCLUDED.canonical_pair_key;

INSERT INTO travel_edges (travel_edge_id, tsp_instance, from_stop, to_stop, distance_meters, travel_cost, is_available, edge_source, canonical_pair_key)
VALUES ('r3-edge-a3-c3', 'tsp-three-regions-9', 'r3-stop-a3', 'r3-stop-c3', 100000, 100, TRUE, 'THREE_REGION_REPAIR_FIXTURE', 'r3-stop-a3|r3-stop-c3') ON CONFLICT (travel_edge_id) DO UPDATE SET tsp_instance = EXCLUDED.tsp_instance, from_stop = EXCLUDED.from_stop, to_stop = EXCLUDED.to_stop, distance_meters = EXCLUDED.distance_meters, travel_cost = EXCLUDED.travel_cost, is_available = EXCLUDED.is_available, edge_source = EXCLUDED.edge_source, canonical_pair_key = EXCLUDED.canonical_pair_key;

INSERT INTO travel_edges (travel_edge_id, tsp_instance, from_stop, to_stop, distance_meters, travel_cost, is_available, edge_source, canonical_pair_key)
VALUES ('r3-edge-b1-b2', 'tsp-three-regions-9', 'r3-stop-b1', 'r3-stop-b2', 1000, 1, TRUE, 'THREE_REGION_REPAIR_FIXTURE', 'r3-stop-b1|r3-stop-b2') ON CONFLICT (travel_edge_id) DO UPDATE SET tsp_instance = EXCLUDED.tsp_instance, from_stop = EXCLUDED.from_stop, to_stop = EXCLUDED.to_stop, distance_meters = EXCLUDED.distance_meters, travel_cost = EXCLUDED.travel_cost, is_available = EXCLUDED.is_available, edge_source = EXCLUDED.edge_source, canonical_pair_key = EXCLUDED.canonical_pair_key;

INSERT INTO travel_edges (travel_edge_id, tsp_instance, from_stop, to_stop, distance_meters, travel_cost, is_available, edge_source, canonical_pair_key)
VALUES ('r3-edge-b1-b3', 'tsp-three-regions-9', 'r3-stop-b1', 'r3-stop-b3', 1000, 1, TRUE, 'THREE_REGION_REPAIR_FIXTURE', 'r3-stop-b1|r3-stop-b3') ON CONFLICT (travel_edge_id) DO UPDATE SET tsp_instance = EXCLUDED.tsp_instance, from_stop = EXCLUDED.from_stop, to_stop = EXCLUDED.to_stop, distance_meters = EXCLUDED.distance_meters, travel_cost = EXCLUDED.travel_cost, is_available = EXCLUDED.is_available, edge_source = EXCLUDED.edge_source, canonical_pair_key = EXCLUDED.canonical_pair_key;

INSERT INTO travel_edges (travel_edge_id, tsp_instance, from_stop, to_stop, distance_meters, travel_cost, is_available, edge_source, canonical_pair_key)
VALUES ('r3-edge-b1-c1', 'tsp-three-regions-9', 'r3-stop-b1', 'r3-stop-c1', 100000, 100, TRUE, 'THREE_REGION_REPAIR_FIXTURE', 'r3-stop-b1|r3-stop-c1') ON CONFLICT (travel_edge_id) DO UPDATE SET tsp_instance = EXCLUDED.tsp_instance, from_stop = EXCLUDED.from_stop, to_stop = EXCLUDED.to_stop, distance_meters = EXCLUDED.distance_meters, travel_cost = EXCLUDED.travel_cost, is_available = EXCLUDED.is_available, edge_source = EXCLUDED.edge_source, canonical_pair_key = EXCLUDED.canonical_pair_key;

INSERT INTO travel_edges (travel_edge_id, tsp_instance, from_stop, to_stop, distance_meters, travel_cost, is_available, edge_source, canonical_pair_key)
VALUES ('r3-edge-b1-c2', 'tsp-three-regions-9', 'r3-stop-b1', 'r3-stop-c2', 100000, 100, TRUE, 'THREE_REGION_REPAIR_FIXTURE', 'r3-stop-b1|r3-stop-c2') ON CONFLICT (travel_edge_id) DO UPDATE SET tsp_instance = EXCLUDED.tsp_instance, from_stop = EXCLUDED.from_stop, to_stop = EXCLUDED.to_stop, distance_meters = EXCLUDED.distance_meters, travel_cost = EXCLUDED.travel_cost, is_available = EXCLUDED.is_available, edge_source = EXCLUDED.edge_source, canonical_pair_key = EXCLUDED.canonical_pair_key;

INSERT INTO travel_edges (travel_edge_id, tsp_instance, from_stop, to_stop, distance_meters, travel_cost, is_available, edge_source, canonical_pair_key)
VALUES ('r3-edge-b1-c3', 'tsp-three-regions-9', 'r3-stop-b1', 'r3-stop-c3', 100000, 100, TRUE, 'THREE_REGION_REPAIR_FIXTURE', 'r3-stop-b1|r3-stop-c3') ON CONFLICT (travel_edge_id) DO UPDATE SET tsp_instance = EXCLUDED.tsp_instance, from_stop = EXCLUDED.from_stop, to_stop = EXCLUDED.to_stop, distance_meters = EXCLUDED.distance_meters, travel_cost = EXCLUDED.travel_cost, is_available = EXCLUDED.is_available, edge_source = EXCLUDED.edge_source, canonical_pair_key = EXCLUDED.canonical_pair_key;

INSERT INTO travel_edges (travel_edge_id, tsp_instance, from_stop, to_stop, distance_meters, travel_cost, is_available, edge_source, canonical_pair_key)
VALUES ('r3-edge-b2-b3', 'tsp-three-regions-9', 'r3-stop-b2', 'r3-stop-b3', 1000, 1, TRUE, 'THREE_REGION_REPAIR_FIXTURE', 'r3-stop-b2|r3-stop-b3') ON CONFLICT (travel_edge_id) DO UPDATE SET tsp_instance = EXCLUDED.tsp_instance, from_stop = EXCLUDED.from_stop, to_stop = EXCLUDED.to_stop, distance_meters = EXCLUDED.distance_meters, travel_cost = EXCLUDED.travel_cost, is_available = EXCLUDED.is_available, edge_source = EXCLUDED.edge_source, canonical_pair_key = EXCLUDED.canonical_pair_key;

INSERT INTO travel_edges (travel_edge_id, tsp_instance, from_stop, to_stop, distance_meters, travel_cost, is_available, edge_source, canonical_pair_key)
VALUES ('r3-edge-b2-c1', 'tsp-three-regions-9', 'r3-stop-b2', 'r3-stop-c1', 100000, 100, TRUE, 'THREE_REGION_REPAIR_FIXTURE', 'r3-stop-b2|r3-stop-c1') ON CONFLICT (travel_edge_id) DO UPDATE SET tsp_instance = EXCLUDED.tsp_instance, from_stop = EXCLUDED.from_stop, to_stop = EXCLUDED.to_stop, distance_meters = EXCLUDED.distance_meters, travel_cost = EXCLUDED.travel_cost, is_available = EXCLUDED.is_available, edge_source = EXCLUDED.edge_source, canonical_pair_key = EXCLUDED.canonical_pair_key;

INSERT INTO travel_edges (travel_edge_id, tsp_instance, from_stop, to_stop, distance_meters, travel_cost, is_available, edge_source, canonical_pair_key)
VALUES ('r3-edge-b2-c2', 'tsp-three-regions-9', 'r3-stop-b2', 'r3-stop-c2', 100000, 100, TRUE, 'THREE_REGION_REPAIR_FIXTURE', 'r3-stop-b2|r3-stop-c2') ON CONFLICT (travel_edge_id) DO UPDATE SET tsp_instance = EXCLUDED.tsp_instance, from_stop = EXCLUDED.from_stop, to_stop = EXCLUDED.to_stop, distance_meters = EXCLUDED.distance_meters, travel_cost = EXCLUDED.travel_cost, is_available = EXCLUDED.is_available, edge_source = EXCLUDED.edge_source, canonical_pair_key = EXCLUDED.canonical_pair_key;

INSERT INTO travel_edges (travel_edge_id, tsp_instance, from_stop, to_stop, distance_meters, travel_cost, is_available, edge_source, canonical_pair_key)
VALUES ('r3-edge-b2-c3', 'tsp-three-regions-9', 'r3-stop-b2', 'r3-stop-c3', 100000, 100, TRUE, 'THREE_REGION_REPAIR_FIXTURE', 'r3-stop-b2|r3-stop-c3') ON CONFLICT (travel_edge_id) DO UPDATE SET tsp_instance = EXCLUDED.tsp_instance, from_stop = EXCLUDED.from_stop, to_stop = EXCLUDED.to_stop, distance_meters = EXCLUDED.distance_meters, travel_cost = EXCLUDED.travel_cost, is_available = EXCLUDED.is_available, edge_source = EXCLUDED.edge_source, canonical_pair_key = EXCLUDED.canonical_pair_key;

INSERT INTO travel_edges (travel_edge_id, tsp_instance, from_stop, to_stop, distance_meters, travel_cost, is_available, edge_source, canonical_pair_key)
VALUES ('r3-edge-b3-c1', 'tsp-three-regions-9', 'r3-stop-b3', 'r3-stop-c1', 10000, 10, TRUE, 'THREE_REGION_REPAIR_FIXTURE', 'r3-stop-b3|r3-stop-c1') ON CONFLICT (travel_edge_id) DO UPDATE SET tsp_instance = EXCLUDED.tsp_instance, from_stop = EXCLUDED.from_stop, to_stop = EXCLUDED.to_stop, distance_meters = EXCLUDED.distance_meters, travel_cost = EXCLUDED.travel_cost, is_available = EXCLUDED.is_available, edge_source = EXCLUDED.edge_source, canonical_pair_key = EXCLUDED.canonical_pair_key;

INSERT INTO travel_edges (travel_edge_id, tsp_instance, from_stop, to_stop, distance_meters, travel_cost, is_available, edge_source, canonical_pair_key)
VALUES ('r3-edge-b3-c2', 'tsp-three-regions-9', 'r3-stop-b3', 'r3-stop-c2', 100000, 100, TRUE, 'THREE_REGION_REPAIR_FIXTURE', 'r3-stop-b3|r3-stop-c2') ON CONFLICT (travel_edge_id) DO UPDATE SET tsp_instance = EXCLUDED.tsp_instance, from_stop = EXCLUDED.from_stop, to_stop = EXCLUDED.to_stop, distance_meters = EXCLUDED.distance_meters, travel_cost = EXCLUDED.travel_cost, is_available = EXCLUDED.is_available, edge_source = EXCLUDED.edge_source, canonical_pair_key = EXCLUDED.canonical_pair_key;

INSERT INTO travel_edges (travel_edge_id, tsp_instance, from_stop, to_stop, distance_meters, travel_cost, is_available, edge_source, canonical_pair_key)
VALUES ('r3-edge-b3-c3', 'tsp-three-regions-9', 'r3-stop-b3', 'r3-stop-c3', 100000, 100, TRUE, 'THREE_REGION_REPAIR_FIXTURE', 'r3-stop-b3|r3-stop-c3') ON CONFLICT (travel_edge_id) DO UPDATE SET tsp_instance = EXCLUDED.tsp_instance, from_stop = EXCLUDED.from_stop, to_stop = EXCLUDED.to_stop, distance_meters = EXCLUDED.distance_meters, travel_cost = EXCLUDED.travel_cost, is_available = EXCLUDED.is_available, edge_source = EXCLUDED.edge_source, canonical_pair_key = EXCLUDED.canonical_pair_key;

INSERT INTO travel_edges (travel_edge_id, tsp_instance, from_stop, to_stop, distance_meters, travel_cost, is_available, edge_source, canonical_pair_key)
VALUES ('r3-edge-c1-c2', 'tsp-three-regions-9', 'r3-stop-c1', 'r3-stop-c2', 1000, 1, TRUE, 'THREE_REGION_REPAIR_FIXTURE', 'r3-stop-c1|r3-stop-c2') ON CONFLICT (travel_edge_id) DO UPDATE SET tsp_instance = EXCLUDED.tsp_instance, from_stop = EXCLUDED.from_stop, to_stop = EXCLUDED.to_stop, distance_meters = EXCLUDED.distance_meters, travel_cost = EXCLUDED.travel_cost, is_available = EXCLUDED.is_available, edge_source = EXCLUDED.edge_source, canonical_pair_key = EXCLUDED.canonical_pair_key;

INSERT INTO travel_edges (travel_edge_id, tsp_instance, from_stop, to_stop, distance_meters, travel_cost, is_available, edge_source, canonical_pair_key)
VALUES ('r3-edge-c1-c3', 'tsp-three-regions-9', 'r3-stop-c1', 'r3-stop-c3', 1000, 1, TRUE, 'THREE_REGION_REPAIR_FIXTURE', 'r3-stop-c1|r3-stop-c3') ON CONFLICT (travel_edge_id) DO UPDATE SET tsp_instance = EXCLUDED.tsp_instance, from_stop = EXCLUDED.from_stop, to_stop = EXCLUDED.to_stop, distance_meters = EXCLUDED.distance_meters, travel_cost = EXCLUDED.travel_cost, is_available = EXCLUDED.is_available, edge_source = EXCLUDED.edge_source, canonical_pair_key = EXCLUDED.canonical_pair_key;

INSERT INTO travel_edges (travel_edge_id, tsp_instance, from_stop, to_stop, distance_meters, travel_cost, is_available, edge_source, canonical_pair_key)
VALUES ('r3-edge-c2-c3', 'tsp-three-regions-9', 'r3-stop-c2', 'r3-stop-c3', 1000, 1, TRUE, 'THREE_REGION_REPAIR_FIXTURE', 'r3-stop-c2|r3-stop-c3') ON CONFLICT (travel_edge_id) DO UPDATE SET tsp_instance = EXCLUDED.tsp_instance, from_stop = EXCLUDED.from_stop, to_stop = EXCLUDED.to_stop, distance_meters = EXCLUDED.distance_meters, travel_cost = EXCLUDED.travel_cost, is_available = EXCLUDED.is_available, edge_source = EXCLUDED.edge_source, canonical_pair_key = EXCLUDED.canonical_pair_key;

INSERT INTO travel_edges (travel_edge_id, tsp_instance, from_stop, to_stop, distance_meters, travel_cost, is_available, edge_source, canonical_pair_key)
VALUES ('face-edge-a-b', 'tsp-optimal-face-4', 'face-stop-a', 'face-stop-b', 1500, 1.5, TRUE, 'OPTIMAL_FACE_FIXTURE', 'face-stop-a|face-stop-b') ON CONFLICT (travel_edge_id) DO UPDATE SET tsp_instance = EXCLUDED.tsp_instance, from_stop = EXCLUDED.from_stop, to_stop = EXCLUDED.to_stop, distance_meters = EXCLUDED.distance_meters, travel_cost = EXCLUDED.travel_cost, is_available = EXCLUDED.is_available, edge_source = EXCLUDED.edge_source, canonical_pair_key = EXCLUDED.canonical_pair_key;

INSERT INTO travel_edges (travel_edge_id, tsp_instance, from_stop, to_stop, distance_meters, travel_cost, is_available, edge_source, canonical_pair_key)
VALUES ('face-edge-a-c', 'tsp-optimal-face-4', 'face-stop-a', 'face-stop-c', 1500, 1.5, TRUE, 'OPTIMAL_FACE_FIXTURE', 'face-stop-a|face-stop-c') ON CONFLICT (travel_edge_id) DO UPDATE SET tsp_instance = EXCLUDED.tsp_instance, from_stop = EXCLUDED.from_stop, to_stop = EXCLUDED.to_stop, distance_meters = EXCLUDED.distance_meters, travel_cost = EXCLUDED.travel_cost, is_available = EXCLUDED.is_available, edge_source = EXCLUDED.edge_source, canonical_pair_key = EXCLUDED.canonical_pair_key;

INSERT INTO travel_edges (travel_edge_id, tsp_instance, from_stop, to_stop, distance_meters, travel_cost, is_available, edge_source, canonical_pair_key)
VALUES ('face-edge-a-d', 'tsp-optimal-face-4', 'face-stop-a', 'face-stop-d', 500, 0.5, TRUE, 'OPTIMAL_FACE_FIXTURE', 'face-stop-a|face-stop-d') ON CONFLICT (travel_edge_id) DO UPDATE SET tsp_instance = EXCLUDED.tsp_instance, from_stop = EXCLUDED.from_stop, to_stop = EXCLUDED.to_stop, distance_meters = EXCLUDED.distance_meters, travel_cost = EXCLUDED.travel_cost, is_available = EXCLUDED.is_available, edge_source = EXCLUDED.edge_source, canonical_pair_key = EXCLUDED.canonical_pair_key;

INSERT INTO travel_edges (travel_edge_id, tsp_instance, from_stop, to_stop, distance_meters, travel_cost, is_available, edge_source, canonical_pair_key)
VALUES ('face-edge-b-c', 'tsp-optimal-face-4', 'face-stop-b', 'face-stop-c', 500, 0.5, TRUE, 'OPTIMAL_FACE_FIXTURE', 'face-stop-b|face-stop-c') ON CONFLICT (travel_edge_id) DO UPDATE SET tsp_instance = EXCLUDED.tsp_instance, from_stop = EXCLUDED.from_stop, to_stop = EXCLUDED.to_stop, distance_meters = EXCLUDED.distance_meters, travel_cost = EXCLUDED.travel_cost, is_available = EXCLUDED.is_available, edge_source = EXCLUDED.edge_source, canonical_pair_key = EXCLUDED.canonical_pair_key;

INSERT INTO travel_edges (travel_edge_id, tsp_instance, from_stop, to_stop, distance_meters, travel_cost, is_available, edge_source, canonical_pair_key)
VALUES ('face-edge-b-d', 'tsp-optimal-face-4', 'face-stop-b', 'face-stop-d', 1500, 1.5, TRUE, 'OPTIMAL_FACE_FIXTURE', 'face-stop-b|face-stop-d') ON CONFLICT (travel_edge_id) DO UPDATE SET tsp_instance = EXCLUDED.tsp_instance, from_stop = EXCLUDED.from_stop, to_stop = EXCLUDED.to_stop, distance_meters = EXCLUDED.distance_meters, travel_cost = EXCLUDED.travel_cost, is_available = EXCLUDED.is_available, edge_source = EXCLUDED.edge_source, canonical_pair_key = EXCLUDED.canonical_pair_key;

INSERT INTO travel_edges (travel_edge_id, tsp_instance, from_stop, to_stop, distance_meters, travel_cost, is_available, edge_source, canonical_pair_key)
VALUES ('face-edge-c-d', 'tsp-optimal-face-4', 'face-stop-c', 'face-stop-d', 1500, 1.5, TRUE, 'OPTIMAL_FACE_FIXTURE', 'face-stop-c|face-stop-d') ON CONFLICT (travel_edge_id) DO UPDATE SET tsp_instance = EXCLUDED.tsp_instance, from_stop = EXCLUDED.from_stop, to_stop = EXCLUDED.to_stop, distance_meters = EXCLUDED.distance_meters, travel_cost = EXCLUDED.travel_cost, is_available = EXCLUDED.is_available, edge_source = EXCLUDED.edge_source, canonical_pair_key = EXCLUDED.canonical_pair_key;

-- ----------------------------------------------------------------------------
-- CandidateTours: Explicit candidate tours. Validity is derived; optimality is deliberately not inferred.
-- ----------------------------------------------------------------------------
INSERT INTO candidate_tours (candidate_tour_id, display_name, tsp_instance, candidate_kind, search_branches_explored, backtrack_count, choice_orbit_id, optimal_face_value, choice_orbit_status)
VALUES ('tour-reference-ring', 'Reference ring A-B-C-D-E-A', 'tsp-gridville-5', 'SEEDED_REFERENCE_WITNESS', 0, 0, NULL, NULL, NULL) ON CONFLICT (candidate_tour_id) DO UPDATE SET display_name = EXCLUDED.display_name, tsp_instance = EXCLUDED.tsp_instance, candidate_kind = EXCLUDED.candidate_kind, search_branches_explored = EXCLUDED.search_branches_explored, backtrack_count = EXCLUDED.backtrack_count, choice_orbit_id = EXCLUDED.choice_orbit_id, optimal_face_value = EXCLUDED.optimal_face_value, choice_orbit_status = EXCLUDED.choice_orbit_status;

INSERT INTO candidate_tours (candidate_tour_id, display_name, tsp_instance, candidate_kind, search_branches_explored, backtrack_count, choice_orbit_id, optimal_face_value, choice_orbit_status)
VALUES ('tour-duplicate-b', 'Counterexample A-B-C-B-E-A', 'tsp-gridville-5', 'NEGATIVE_CONFORMANCE_WITNESS', 0, 0, NULL, NULL, NULL) ON CONFLICT (candidate_tour_id) DO UPDATE SET display_name = EXCLUDED.display_name, tsp_instance = EXCLUDED.tsp_instance, candidate_kind = EXCLUDED.candidate_kind, search_branches_explored = EXCLUDED.search_branches_explored, backtrack_count = EXCLUDED.backtrack_count, choice_orbit_id = EXCLUDED.choice_orbit_id, optimal_face_value = EXCLUDED.optimal_face_value, choice_orbit_status = EXCLUDED.choice_orbit_status;

INSERT INTO candidate_tours (candidate_tour_id, display_name, tsp_instance, candidate_kind, search_branches_explored, backtrack_count, choice_orbit_id, optimal_face_value, choice_orbit_status)
VALUES ('tour-missing-close-duplicate-ab', 'Counterexample with duplicated A-B and missing E-A', 'tsp-gridville-5', 'NEGATIVE_GLOBAL_CYCLE_WITNESS', 0, 0, NULL, NULL, NULL) ON CONFLICT (candidate_tour_id) DO UPDATE SET display_name = EXCLUDED.display_name, tsp_instance = EXCLUDED.tsp_instance, candidate_kind = EXCLUDED.candidate_kind, search_branches_explored = EXCLUDED.search_branches_explored, backtrack_count = EXCLUDED.backtrack_count, choice_orbit_id = EXCLUDED.choice_orbit_id, optimal_face_value = EXCLUDED.optimal_face_value, choice_orbit_status = EXCLUDED.choice_orbit_status;

INSERT INTO candidate_tours (candidate_tour_id, display_name, tsp_instance, candidate_kind, search_branches_explored, backtrack_count, choice_orbit_id, optimal_face_value, choice_orbit_status)
VALUES ('tour-twin-triangles-feasible-24', 'Twin triangles feasible route cost 24', 'tsp-twin-triangles-6', 'NON_TIGHT_BOUND_FEASIBLE_WITNESS', 0, 0, NULL, NULL, NULL) ON CONFLICT (candidate_tour_id) DO UPDATE SET display_name = EXCLUDED.display_name, tsp_instance = EXCLUDED.tsp_instance, candidate_kind = EXCLUDED.candidate_kind, search_branches_explored = EXCLUDED.search_branches_explored, backtrack_count = EXCLUDED.backtrack_count, choice_orbit_id = EXCLUDED.choice_orbit_id, optimal_face_value = EXCLUDED.optimal_face_value, choice_orbit_status = EXCLUDED.choice_orbit_status;

INSERT INTO candidate_tours (candidate_tour_id, display_name, tsp_instance, candidate_kind, search_branches_explored, backtrack_count, choice_orbit_id, optimal_face_value, choice_orbit_status)
VALUES ('tour-three-region-repair-36', 'Three-region repaired cycle A1-A2-A3-B1-B2-B3-C1-C2-C3-A1', 'tsp-three-regions-9', 'RECONSTRUCTED_REPAIR_COMPARISON_WITNESS', 0, 0, NULL, NULL, NULL) ON CONFLICT (candidate_tour_id) DO UPDATE SET display_name = EXCLUDED.display_name, tsp_instance = EXCLUDED.tsp_instance, candidate_kind = EXCLUDED.candidate_kind, search_branches_explored = EXCLUDED.search_branches_explored, backtrack_count = EXCLUDED.backtrack_count, choice_orbit_id = EXCLUDED.choice_orbit_id, optimal_face_value = EXCLUDED.optimal_face_value, choice_orbit_status = EXCLUDED.choice_orbit_status;

INSERT INTO candidate_tours (candidate_tour_id, display_name, tsp_instance, candidate_kind, search_branches_explored, backtrack_count, choice_orbit_id, optimal_face_value, choice_orbit_status)
VALUES ('tour-optimal-face-abcd-4', 'Optimal face cycle A-B-C-D-A cost 4', 'tsp-optimal-face-4', 'OPTIMAL_FACE_MEMBER', 0, 0, 'choice-orbit-optimal-face-4', 4, 'MEMBER') ON CONFLICT (candidate_tour_id) DO UPDATE SET display_name = EXCLUDED.display_name, tsp_instance = EXCLUDED.tsp_instance, candidate_kind = EXCLUDED.candidate_kind, search_branches_explored = EXCLUDED.search_branches_explored, backtrack_count = EXCLUDED.backtrack_count, choice_orbit_id = EXCLUDED.choice_orbit_id, optimal_face_value = EXCLUDED.optimal_face_value, choice_orbit_status = EXCLUDED.choice_orbit_status;

INSERT INTO candidate_tours (candidate_tour_id, display_name, tsp_instance, candidate_kind, search_branches_explored, backtrack_count, choice_orbit_id, optimal_face_value, choice_orbit_status)
VALUES ('tour-optimal-face-acbd-4', 'Optimal face cycle A-C-B-D-A cost 4', 'tsp-optimal-face-4', 'OPTIMAL_FACE_MEMBER', 0, 0, 'choice-orbit-optimal-face-4', 4, 'MEMBER') ON CONFLICT (candidate_tour_id) DO UPDATE SET display_name = EXCLUDED.display_name, tsp_instance = EXCLUDED.tsp_instance, candidate_kind = EXCLUDED.candidate_kind, search_branches_explored = EXCLUDED.search_branches_explored, backtrack_count = EXCLUDED.backtrack_count, choice_orbit_id = EXCLUDED.choice_orbit_id, optimal_face_value = EXCLUDED.optimal_face_value, choice_orbit_status = EXCLUDED.choice_orbit_status;

INSERT INTO candidate_tours (candidate_tour_id, display_name, tsp_instance, candidate_kind, search_branches_explored, backtrack_count, choice_orbit_id, optimal_face_value, choice_orbit_status)
VALUES ('tour-optimal-face-abdc-6', 'Optimal face cycle A-B-D-C-A cost 6', 'tsp-optimal-face-4', 'NONOPTIMAL_FACE_CONTROL', 0, 0, 'choice-orbit-optimal-face-4', 4, 'NONOPTIMAL') ON CONFLICT (candidate_tour_id) DO UPDATE SET display_name = EXCLUDED.display_name, tsp_instance = EXCLUDED.tsp_instance, candidate_kind = EXCLUDED.candidate_kind, search_branches_explored = EXCLUDED.search_branches_explored, backtrack_count = EXCLUDED.backtrack_count, choice_orbit_id = EXCLUDED.choice_orbit_id, optimal_face_value = EXCLUDED.optimal_face_value, choice_orbit_status = EXCLUDED.choice_orbit_status;

-- ----------------------------------------------------------------------------
-- TourStops: Ordered candidate-tour visits. Multiplicity and sequence uniqueness are derived from the row set.
-- ----------------------------------------------------------------------------
INSERT INTO tour_stops (tour_stop_id, candidate_tour, instance_stop, sequence_position)
VALUES ('ref-stop-1', 'tour-reference-ring', 'stop-a', 1) ON CONFLICT (tour_stop_id) DO UPDATE SET candidate_tour = EXCLUDED.candidate_tour, instance_stop = EXCLUDED.instance_stop, sequence_position = EXCLUDED.sequence_position;

INSERT INTO tour_stops (tour_stop_id, candidate_tour, instance_stop, sequence_position)
VALUES ('ref-stop-2', 'tour-reference-ring', 'stop-b', 2) ON CONFLICT (tour_stop_id) DO UPDATE SET candidate_tour = EXCLUDED.candidate_tour, instance_stop = EXCLUDED.instance_stop, sequence_position = EXCLUDED.sequence_position;

INSERT INTO tour_stops (tour_stop_id, candidate_tour, instance_stop, sequence_position)
VALUES ('ref-stop-3', 'tour-reference-ring', 'stop-c', 3) ON CONFLICT (tour_stop_id) DO UPDATE SET candidate_tour = EXCLUDED.candidate_tour, instance_stop = EXCLUDED.instance_stop, sequence_position = EXCLUDED.sequence_position;

INSERT INTO tour_stops (tour_stop_id, candidate_tour, instance_stop, sequence_position)
VALUES ('ref-stop-4', 'tour-reference-ring', 'stop-d', 4) ON CONFLICT (tour_stop_id) DO UPDATE SET candidate_tour = EXCLUDED.candidate_tour, instance_stop = EXCLUDED.instance_stop, sequence_position = EXCLUDED.sequence_position;

INSERT INTO tour_stops (tour_stop_id, candidate_tour, instance_stop, sequence_position)
VALUES ('ref-stop-5', 'tour-reference-ring', 'stop-e', 5) ON CONFLICT (tour_stop_id) DO UPDATE SET candidate_tour = EXCLUDED.candidate_tour, instance_stop = EXCLUDED.instance_stop, sequence_position = EXCLUDED.sequence_position;

INSERT INTO tour_stops (tour_stop_id, candidate_tour, instance_stop, sequence_position)
VALUES ('bad-stop-1', 'tour-duplicate-b', 'stop-a', 1) ON CONFLICT (tour_stop_id) DO UPDATE SET candidate_tour = EXCLUDED.candidate_tour, instance_stop = EXCLUDED.instance_stop, sequence_position = EXCLUDED.sequence_position;

INSERT INTO tour_stops (tour_stop_id, candidate_tour, instance_stop, sequence_position)
VALUES ('bad-stop-2', 'tour-duplicate-b', 'stop-b', 2) ON CONFLICT (tour_stop_id) DO UPDATE SET candidate_tour = EXCLUDED.candidate_tour, instance_stop = EXCLUDED.instance_stop, sequence_position = EXCLUDED.sequence_position;

INSERT INTO tour_stops (tour_stop_id, candidate_tour, instance_stop, sequence_position)
VALUES ('bad-stop-3', 'tour-duplicate-b', 'stop-c', 3) ON CONFLICT (tour_stop_id) DO UPDATE SET candidate_tour = EXCLUDED.candidate_tour, instance_stop = EXCLUDED.instance_stop, sequence_position = EXCLUDED.sequence_position;

INSERT INTO tour_stops (tour_stop_id, candidate_tour, instance_stop, sequence_position)
VALUES ('bad-stop-4', 'tour-duplicate-b', 'stop-b', 4) ON CONFLICT (tour_stop_id) DO UPDATE SET candidate_tour = EXCLUDED.candidate_tour, instance_stop = EXCLUDED.instance_stop, sequence_position = EXCLUDED.sequence_position;

INSERT INTO tour_stops (tour_stop_id, candidate_tour, instance_stop, sequence_position)
VALUES ('bad-stop-5', 'tour-duplicate-b', 'stop-e', 5) ON CONFLICT (tour_stop_id) DO UPDATE SET candidate_tour = EXCLUDED.candidate_tour, instance_stop = EXCLUDED.instance_stop, sequence_position = EXCLUDED.sequence_position;

INSERT INTO tour_stops (tour_stop_id, candidate_tour, instance_stop, sequence_position)
VALUES ('gap-stop-1', 'tour-missing-close-duplicate-ab', 'stop-a', 1) ON CONFLICT (tour_stop_id) DO UPDATE SET candidate_tour = EXCLUDED.candidate_tour, instance_stop = EXCLUDED.instance_stop, sequence_position = EXCLUDED.sequence_position;

INSERT INTO tour_stops (tour_stop_id, candidate_tour, instance_stop, sequence_position)
VALUES ('gap-stop-2', 'tour-missing-close-duplicate-ab', 'stop-b', 2) ON CONFLICT (tour_stop_id) DO UPDATE SET candidate_tour = EXCLUDED.candidate_tour, instance_stop = EXCLUDED.instance_stop, sequence_position = EXCLUDED.sequence_position;

INSERT INTO tour_stops (tour_stop_id, candidate_tour, instance_stop, sequence_position)
VALUES ('gap-stop-3', 'tour-missing-close-duplicate-ab', 'stop-c', 3) ON CONFLICT (tour_stop_id) DO UPDATE SET candidate_tour = EXCLUDED.candidate_tour, instance_stop = EXCLUDED.instance_stop, sequence_position = EXCLUDED.sequence_position;

INSERT INTO tour_stops (tour_stop_id, candidate_tour, instance_stop, sequence_position)
VALUES ('gap-stop-4', 'tour-missing-close-duplicate-ab', 'stop-d', 4) ON CONFLICT (tour_stop_id) DO UPDATE SET candidate_tour = EXCLUDED.candidate_tour, instance_stop = EXCLUDED.instance_stop, sequence_position = EXCLUDED.sequence_position;

INSERT INTO tour_stops (tour_stop_id, candidate_tour, instance_stop, sequence_position)
VALUES ('gap-stop-5', 'tour-missing-close-duplicate-ab', 'stop-e', 5) ON CONFLICT (tour_stop_id) DO UPDATE SET candidate_tour = EXCLUDED.candidate_tour, instance_stop = EXCLUDED.instance_stop, sequence_position = EXCLUDED.sequence_position;

INSERT INTO tour_stops (tour_stop_id, candidate_tour, instance_stop, sequence_position)
VALUES ('twin-tour-stop-1', 'tour-twin-triangles-feasible-24', 'twin-stop-wa', 1) ON CONFLICT (tour_stop_id) DO UPDATE SET candidate_tour = EXCLUDED.candidate_tour, instance_stop = EXCLUDED.instance_stop, sequence_position = EXCLUDED.sequence_position;

INSERT INTO tour_stops (tour_stop_id, candidate_tour, instance_stop, sequence_position)
VALUES ('twin-tour-stop-2', 'tour-twin-triangles-feasible-24', 'twin-stop-wb', 2) ON CONFLICT (tour_stop_id) DO UPDATE SET candidate_tour = EXCLUDED.candidate_tour, instance_stop = EXCLUDED.instance_stop, sequence_position = EXCLUDED.sequence_position;

INSERT INTO tour_stops (tour_stop_id, candidate_tour, instance_stop, sequence_position)
VALUES ('twin-tour-stop-3', 'tour-twin-triangles-feasible-24', 'twin-stop-wc', 3) ON CONFLICT (tour_stop_id) DO UPDATE SET candidate_tour = EXCLUDED.candidate_tour, instance_stop = EXCLUDED.instance_stop, sequence_position = EXCLUDED.sequence_position;

INSERT INTO tour_stops (tour_stop_id, candidate_tour, instance_stop, sequence_position)
VALUES ('twin-tour-stop-4', 'tour-twin-triangles-feasible-24', 'twin-stop-ed', 4) ON CONFLICT (tour_stop_id) DO UPDATE SET candidate_tour = EXCLUDED.candidate_tour, instance_stop = EXCLUDED.instance_stop, sequence_position = EXCLUDED.sequence_position;

INSERT INTO tour_stops (tour_stop_id, candidate_tour, instance_stop, sequence_position)
VALUES ('twin-tour-stop-5', 'tour-twin-triangles-feasible-24', 'twin-stop-ee', 5) ON CONFLICT (tour_stop_id) DO UPDATE SET candidate_tour = EXCLUDED.candidate_tour, instance_stop = EXCLUDED.instance_stop, sequence_position = EXCLUDED.sequence_position;

INSERT INTO tour_stops (tour_stop_id, candidate_tour, instance_stop, sequence_position)
VALUES ('twin-tour-stop-6', 'tour-twin-triangles-feasible-24', 'twin-stop-ef', 6) ON CONFLICT (tour_stop_id) DO UPDATE SET candidate_tour = EXCLUDED.candidate_tour, instance_stop = EXCLUDED.instance_stop, sequence_position = EXCLUDED.sequence_position;

INSERT INTO tour_stops (tour_stop_id, candidate_tour, instance_stop, sequence_position)
VALUES ('r3-tour-stop-1', 'tour-three-region-repair-36', 'r3-stop-a1', 1) ON CONFLICT (tour_stop_id) DO UPDATE SET candidate_tour = EXCLUDED.candidate_tour, instance_stop = EXCLUDED.instance_stop, sequence_position = EXCLUDED.sequence_position;

INSERT INTO tour_stops (tour_stop_id, candidate_tour, instance_stop, sequence_position)
VALUES ('r3-tour-stop-2', 'tour-three-region-repair-36', 'r3-stop-a2', 2) ON CONFLICT (tour_stop_id) DO UPDATE SET candidate_tour = EXCLUDED.candidate_tour, instance_stop = EXCLUDED.instance_stop, sequence_position = EXCLUDED.sequence_position;

INSERT INTO tour_stops (tour_stop_id, candidate_tour, instance_stop, sequence_position)
VALUES ('r3-tour-stop-3', 'tour-three-region-repair-36', 'r3-stop-a3', 3) ON CONFLICT (tour_stop_id) DO UPDATE SET candidate_tour = EXCLUDED.candidate_tour, instance_stop = EXCLUDED.instance_stop, sequence_position = EXCLUDED.sequence_position;

INSERT INTO tour_stops (tour_stop_id, candidate_tour, instance_stop, sequence_position)
VALUES ('r3-tour-stop-4', 'tour-three-region-repair-36', 'r3-stop-b1', 4) ON CONFLICT (tour_stop_id) DO UPDATE SET candidate_tour = EXCLUDED.candidate_tour, instance_stop = EXCLUDED.instance_stop, sequence_position = EXCLUDED.sequence_position;

INSERT INTO tour_stops (tour_stop_id, candidate_tour, instance_stop, sequence_position)
VALUES ('r3-tour-stop-5', 'tour-three-region-repair-36', 'r3-stop-b2', 5) ON CONFLICT (tour_stop_id) DO UPDATE SET candidate_tour = EXCLUDED.candidate_tour, instance_stop = EXCLUDED.instance_stop, sequence_position = EXCLUDED.sequence_position;

INSERT INTO tour_stops (tour_stop_id, candidate_tour, instance_stop, sequence_position)
VALUES ('r3-tour-stop-6', 'tour-three-region-repair-36', 'r3-stop-b3', 6) ON CONFLICT (tour_stop_id) DO UPDATE SET candidate_tour = EXCLUDED.candidate_tour, instance_stop = EXCLUDED.instance_stop, sequence_position = EXCLUDED.sequence_position;

INSERT INTO tour_stops (tour_stop_id, candidate_tour, instance_stop, sequence_position)
VALUES ('r3-tour-stop-7', 'tour-three-region-repair-36', 'r3-stop-c1', 7) ON CONFLICT (tour_stop_id) DO UPDATE SET candidate_tour = EXCLUDED.candidate_tour, instance_stop = EXCLUDED.instance_stop, sequence_position = EXCLUDED.sequence_position;

INSERT INTO tour_stops (tour_stop_id, candidate_tour, instance_stop, sequence_position)
VALUES ('r3-tour-stop-8', 'tour-three-region-repair-36', 'r3-stop-c2', 8) ON CONFLICT (tour_stop_id) DO UPDATE SET candidate_tour = EXCLUDED.candidate_tour, instance_stop = EXCLUDED.instance_stop, sequence_position = EXCLUDED.sequence_position;

INSERT INTO tour_stops (tour_stop_id, candidate_tour, instance_stop, sequence_position)
VALUES ('r3-tour-stop-9', 'tour-three-region-repair-36', 'r3-stop-c3', 9) ON CONFLICT (tour_stop_id) DO UPDATE SET candidate_tour = EXCLUDED.candidate_tour, instance_stop = EXCLUDED.instance_stop, sequence_position = EXCLUDED.sequence_position;

INSERT INTO tour_stops (tour_stop_id, candidate_tour, instance_stop, sequence_position)
VALUES ('face1-stop-1', 'tour-optimal-face-abcd-4', 'face-stop-a', 1) ON CONFLICT (tour_stop_id) DO UPDATE SET candidate_tour = EXCLUDED.candidate_tour, instance_stop = EXCLUDED.instance_stop, sequence_position = EXCLUDED.sequence_position;

INSERT INTO tour_stops (tour_stop_id, candidate_tour, instance_stop, sequence_position)
VALUES ('face1-stop-2', 'tour-optimal-face-abcd-4', 'face-stop-b', 2) ON CONFLICT (tour_stop_id) DO UPDATE SET candidate_tour = EXCLUDED.candidate_tour, instance_stop = EXCLUDED.instance_stop, sequence_position = EXCLUDED.sequence_position;

INSERT INTO tour_stops (tour_stop_id, candidate_tour, instance_stop, sequence_position)
VALUES ('face1-stop-3', 'tour-optimal-face-abcd-4', 'face-stop-c', 3) ON CONFLICT (tour_stop_id) DO UPDATE SET candidate_tour = EXCLUDED.candidate_tour, instance_stop = EXCLUDED.instance_stop, sequence_position = EXCLUDED.sequence_position;

INSERT INTO tour_stops (tour_stop_id, candidate_tour, instance_stop, sequence_position)
VALUES ('face1-stop-4', 'tour-optimal-face-abcd-4', 'face-stop-d', 4) ON CONFLICT (tour_stop_id) DO UPDATE SET candidate_tour = EXCLUDED.candidate_tour, instance_stop = EXCLUDED.instance_stop, sequence_position = EXCLUDED.sequence_position;

INSERT INTO tour_stops (tour_stop_id, candidate_tour, instance_stop, sequence_position)
VALUES ('face2-stop-1', 'tour-optimal-face-acbd-4', 'face-stop-a', 1) ON CONFLICT (tour_stop_id) DO UPDATE SET candidate_tour = EXCLUDED.candidate_tour, instance_stop = EXCLUDED.instance_stop, sequence_position = EXCLUDED.sequence_position;

INSERT INTO tour_stops (tour_stop_id, candidate_tour, instance_stop, sequence_position)
VALUES ('face2-stop-2', 'tour-optimal-face-acbd-4', 'face-stop-c', 2) ON CONFLICT (tour_stop_id) DO UPDATE SET candidate_tour = EXCLUDED.candidate_tour, instance_stop = EXCLUDED.instance_stop, sequence_position = EXCLUDED.sequence_position;

INSERT INTO tour_stops (tour_stop_id, candidate_tour, instance_stop, sequence_position)
VALUES ('face2-stop-3', 'tour-optimal-face-acbd-4', 'face-stop-b', 3) ON CONFLICT (tour_stop_id) DO UPDATE SET candidate_tour = EXCLUDED.candidate_tour, instance_stop = EXCLUDED.instance_stop, sequence_position = EXCLUDED.sequence_position;

INSERT INTO tour_stops (tour_stop_id, candidate_tour, instance_stop, sequence_position)
VALUES ('face2-stop-4', 'tour-optimal-face-acbd-4', 'face-stop-d', 4) ON CONFLICT (tour_stop_id) DO UPDATE SET candidate_tour = EXCLUDED.candidate_tour, instance_stop = EXCLUDED.instance_stop, sequence_position = EXCLUDED.sequence_position;

INSERT INTO tour_stops (tour_stop_id, candidate_tour, instance_stop, sequence_position)
VALUES ('face3-stop-1', 'tour-optimal-face-abdc-6', 'face-stop-a', 1) ON CONFLICT (tour_stop_id) DO UPDATE SET candidate_tour = EXCLUDED.candidate_tour, instance_stop = EXCLUDED.instance_stop, sequence_position = EXCLUDED.sequence_position;

INSERT INTO tour_stops (tour_stop_id, candidate_tour, instance_stop, sequence_position)
VALUES ('face3-stop-2', 'tour-optimal-face-abdc-6', 'face-stop-b', 2) ON CONFLICT (tour_stop_id) DO UPDATE SET candidate_tour = EXCLUDED.candidate_tour, instance_stop = EXCLUDED.instance_stop, sequence_position = EXCLUDED.sequence_position;

INSERT INTO tour_stops (tour_stop_id, candidate_tour, instance_stop, sequence_position)
VALUES ('face3-stop-3', 'tour-optimal-face-abdc-6', 'face-stop-d', 3) ON CONFLICT (tour_stop_id) DO UPDATE SET candidate_tour = EXCLUDED.candidate_tour, instance_stop = EXCLUDED.instance_stop, sequence_position = EXCLUDED.sequence_position;

INSERT INTO tour_stops (tour_stop_id, candidate_tour, instance_stop, sequence_position)
VALUES ('face3-stop-4', 'tour-optimal-face-abdc-6', 'face-stop-c', 4) ON CONFLICT (tour_stop_id) DO UPDATE SET candidate_tour = EXCLUDED.candidate_tour, instance_stop = EXCLUDED.instance_stop, sequence_position = EXCLUDED.sequence_position;

-- ----------------------------------------------------------------------------
-- TourLegs: Ordered directed traversal legs bound to canonical undirected travel edges.
-- ----------------------------------------------------------------------------
INSERT INTO tour_legs (tour_leg_id, candidate_tour, from_tour_stop, to_tour_stop, travel_edge, leg_order)
VALUES ('ref-leg-1', 'tour-reference-ring', 'ref-stop-1', 'ref-stop-2', 'edge-a-b', 1) ON CONFLICT (tour_leg_id) DO UPDATE SET candidate_tour = EXCLUDED.candidate_tour, from_tour_stop = EXCLUDED.from_tour_stop, to_tour_stop = EXCLUDED.to_tour_stop, travel_edge = EXCLUDED.travel_edge, leg_order = EXCLUDED.leg_order;

INSERT INTO tour_legs (tour_leg_id, candidate_tour, from_tour_stop, to_tour_stop, travel_edge, leg_order)
VALUES ('ref-leg-2', 'tour-reference-ring', 'ref-stop-2', 'ref-stop-3', 'edge-b-c', 2) ON CONFLICT (tour_leg_id) DO UPDATE SET candidate_tour = EXCLUDED.candidate_tour, from_tour_stop = EXCLUDED.from_tour_stop, to_tour_stop = EXCLUDED.to_tour_stop, travel_edge = EXCLUDED.travel_edge, leg_order = EXCLUDED.leg_order;

INSERT INTO tour_legs (tour_leg_id, candidate_tour, from_tour_stop, to_tour_stop, travel_edge, leg_order)
VALUES ('ref-leg-3', 'tour-reference-ring', 'ref-stop-3', 'ref-stop-4', 'edge-c-d', 3) ON CONFLICT (tour_leg_id) DO UPDATE SET candidate_tour = EXCLUDED.candidate_tour, from_tour_stop = EXCLUDED.from_tour_stop, to_tour_stop = EXCLUDED.to_tour_stop, travel_edge = EXCLUDED.travel_edge, leg_order = EXCLUDED.leg_order;

INSERT INTO tour_legs (tour_leg_id, candidate_tour, from_tour_stop, to_tour_stop, travel_edge, leg_order)
VALUES ('ref-leg-4', 'tour-reference-ring', 'ref-stop-4', 'ref-stop-5', 'edge-d-e', 4) ON CONFLICT (tour_leg_id) DO UPDATE SET candidate_tour = EXCLUDED.candidate_tour, from_tour_stop = EXCLUDED.from_tour_stop, to_tour_stop = EXCLUDED.to_tour_stop, travel_edge = EXCLUDED.travel_edge, leg_order = EXCLUDED.leg_order;

INSERT INTO tour_legs (tour_leg_id, candidate_tour, from_tour_stop, to_tour_stop, travel_edge, leg_order)
VALUES ('ref-leg-5', 'tour-reference-ring', 'ref-stop-5', 'ref-stop-1', 'edge-a-e', 5) ON CONFLICT (tour_leg_id) DO UPDATE SET candidate_tour = EXCLUDED.candidate_tour, from_tour_stop = EXCLUDED.from_tour_stop, to_tour_stop = EXCLUDED.to_tour_stop, travel_edge = EXCLUDED.travel_edge, leg_order = EXCLUDED.leg_order;

INSERT INTO tour_legs (tour_leg_id, candidate_tour, from_tour_stop, to_tour_stop, travel_edge, leg_order)
VALUES ('bad-leg-1', 'tour-duplicate-b', 'bad-stop-1', 'bad-stop-2', 'edge-a-b', 1) ON CONFLICT (tour_leg_id) DO UPDATE SET candidate_tour = EXCLUDED.candidate_tour, from_tour_stop = EXCLUDED.from_tour_stop, to_tour_stop = EXCLUDED.to_tour_stop, travel_edge = EXCLUDED.travel_edge, leg_order = EXCLUDED.leg_order;

INSERT INTO tour_legs (tour_leg_id, candidate_tour, from_tour_stop, to_tour_stop, travel_edge, leg_order)
VALUES ('bad-leg-2', 'tour-duplicate-b', 'bad-stop-2', 'bad-stop-3', 'edge-b-c', 2) ON CONFLICT (tour_leg_id) DO UPDATE SET candidate_tour = EXCLUDED.candidate_tour, from_tour_stop = EXCLUDED.from_tour_stop, to_tour_stop = EXCLUDED.to_tour_stop, travel_edge = EXCLUDED.travel_edge, leg_order = EXCLUDED.leg_order;

INSERT INTO tour_legs (tour_leg_id, candidate_tour, from_tour_stop, to_tour_stop, travel_edge, leg_order)
VALUES ('bad-leg-3', 'tour-duplicate-b', 'bad-stop-3', 'bad-stop-4', 'edge-b-c', 3) ON CONFLICT (tour_leg_id) DO UPDATE SET candidate_tour = EXCLUDED.candidate_tour, from_tour_stop = EXCLUDED.from_tour_stop, to_tour_stop = EXCLUDED.to_tour_stop, travel_edge = EXCLUDED.travel_edge, leg_order = EXCLUDED.leg_order;

INSERT INTO tour_legs (tour_leg_id, candidate_tour, from_tour_stop, to_tour_stop, travel_edge, leg_order)
VALUES ('bad-leg-4', 'tour-duplicate-b', 'bad-stop-4', 'bad-stop-5', 'edge-b-e', 4) ON CONFLICT (tour_leg_id) DO UPDATE SET candidate_tour = EXCLUDED.candidate_tour, from_tour_stop = EXCLUDED.from_tour_stop, to_tour_stop = EXCLUDED.to_tour_stop, travel_edge = EXCLUDED.travel_edge, leg_order = EXCLUDED.leg_order;

INSERT INTO tour_legs (tour_leg_id, candidate_tour, from_tour_stop, to_tour_stop, travel_edge, leg_order)
VALUES ('bad-leg-5', 'tour-duplicate-b', 'bad-stop-5', 'bad-stop-1', 'edge-a-e', 5) ON CONFLICT (tour_leg_id) DO UPDATE SET candidate_tour = EXCLUDED.candidate_tour, from_tour_stop = EXCLUDED.from_tour_stop, to_tour_stop = EXCLUDED.to_tour_stop, travel_edge = EXCLUDED.travel_edge, leg_order = EXCLUDED.leg_order;

INSERT INTO tour_legs (tour_leg_id, candidate_tour, from_tour_stop, to_tour_stop, travel_edge, leg_order)
VALUES ('gap-leg-1', 'tour-missing-close-duplicate-ab', 'gap-stop-1', 'gap-stop-2', 'edge-a-b', 1) ON CONFLICT (tour_leg_id) DO UPDATE SET candidate_tour = EXCLUDED.candidate_tour, from_tour_stop = EXCLUDED.from_tour_stop, to_tour_stop = EXCLUDED.to_tour_stop, travel_edge = EXCLUDED.travel_edge, leg_order = EXCLUDED.leg_order;

INSERT INTO tour_legs (tour_leg_id, candidate_tour, from_tour_stop, to_tour_stop, travel_edge, leg_order)
VALUES ('gap-leg-2', 'tour-missing-close-duplicate-ab', 'gap-stop-1', 'gap-stop-2', 'edge-a-b', 2) ON CONFLICT (tour_leg_id) DO UPDATE SET candidate_tour = EXCLUDED.candidate_tour, from_tour_stop = EXCLUDED.from_tour_stop, to_tour_stop = EXCLUDED.to_tour_stop, travel_edge = EXCLUDED.travel_edge, leg_order = EXCLUDED.leg_order;

INSERT INTO tour_legs (tour_leg_id, candidate_tour, from_tour_stop, to_tour_stop, travel_edge, leg_order)
VALUES ('gap-leg-3', 'tour-missing-close-duplicate-ab', 'gap-stop-2', 'gap-stop-3', 'edge-b-c', 3) ON CONFLICT (tour_leg_id) DO UPDATE SET candidate_tour = EXCLUDED.candidate_tour, from_tour_stop = EXCLUDED.from_tour_stop, to_tour_stop = EXCLUDED.to_tour_stop, travel_edge = EXCLUDED.travel_edge, leg_order = EXCLUDED.leg_order;

INSERT INTO tour_legs (tour_leg_id, candidate_tour, from_tour_stop, to_tour_stop, travel_edge, leg_order)
VALUES ('gap-leg-4', 'tour-missing-close-duplicate-ab', 'gap-stop-3', 'gap-stop-4', 'edge-c-d', 4) ON CONFLICT (tour_leg_id) DO UPDATE SET candidate_tour = EXCLUDED.candidate_tour, from_tour_stop = EXCLUDED.from_tour_stop, to_tour_stop = EXCLUDED.to_tour_stop, travel_edge = EXCLUDED.travel_edge, leg_order = EXCLUDED.leg_order;

INSERT INTO tour_legs (tour_leg_id, candidate_tour, from_tour_stop, to_tour_stop, travel_edge, leg_order)
VALUES ('gap-leg-5', 'tour-missing-close-duplicate-ab', 'gap-stop-4', 'gap-stop-5', 'edge-d-e', 5) ON CONFLICT (tour_leg_id) DO UPDATE SET candidate_tour = EXCLUDED.candidate_tour, from_tour_stop = EXCLUDED.from_tour_stop, to_tour_stop = EXCLUDED.to_tour_stop, travel_edge = EXCLUDED.travel_edge, leg_order = EXCLUDED.leg_order;

INSERT INTO tour_legs (tour_leg_id, candidate_tour, from_tour_stop, to_tour_stop, travel_edge, leg_order)
VALUES ('twin-tour-leg-1', 'tour-twin-triangles-feasible-24', 'twin-tour-stop-1', 'twin-tour-stop-2', 'twin-edge-wa-wb', 1) ON CONFLICT (tour_leg_id) DO UPDATE SET candidate_tour = EXCLUDED.candidate_tour, from_tour_stop = EXCLUDED.from_tour_stop, to_tour_stop = EXCLUDED.to_tour_stop, travel_edge = EXCLUDED.travel_edge, leg_order = EXCLUDED.leg_order;

INSERT INTO tour_legs (tour_leg_id, candidate_tour, from_tour_stop, to_tour_stop, travel_edge, leg_order)
VALUES ('twin-tour-leg-2', 'tour-twin-triangles-feasible-24', 'twin-tour-stop-2', 'twin-tour-stop-3', 'twin-edge-wb-wc', 2) ON CONFLICT (tour_leg_id) DO UPDATE SET candidate_tour = EXCLUDED.candidate_tour, from_tour_stop = EXCLUDED.from_tour_stop, to_tour_stop = EXCLUDED.to_tour_stop, travel_edge = EXCLUDED.travel_edge, leg_order = EXCLUDED.leg_order;

INSERT INTO tour_legs (tour_leg_id, candidate_tour, from_tour_stop, to_tour_stop, travel_edge, leg_order)
VALUES ('twin-tour-leg-3', 'tour-twin-triangles-feasible-24', 'twin-tour-stop-3', 'twin-tour-stop-4', 'twin-edge-wc-ed', 3) ON CONFLICT (tour_leg_id) DO UPDATE SET candidate_tour = EXCLUDED.candidate_tour, from_tour_stop = EXCLUDED.from_tour_stop, to_tour_stop = EXCLUDED.to_tour_stop, travel_edge = EXCLUDED.travel_edge, leg_order = EXCLUDED.leg_order;

INSERT INTO tour_legs (tour_leg_id, candidate_tour, from_tour_stop, to_tour_stop, travel_edge, leg_order)
VALUES ('twin-tour-leg-4', 'tour-twin-triangles-feasible-24', 'twin-tour-stop-4', 'twin-tour-stop-5', 'twin-edge-ed-ee', 4) ON CONFLICT (tour_leg_id) DO UPDATE SET candidate_tour = EXCLUDED.candidate_tour, from_tour_stop = EXCLUDED.from_tour_stop, to_tour_stop = EXCLUDED.to_tour_stop, travel_edge = EXCLUDED.travel_edge, leg_order = EXCLUDED.leg_order;

INSERT INTO tour_legs (tour_leg_id, candidate_tour, from_tour_stop, to_tour_stop, travel_edge, leg_order)
VALUES ('twin-tour-leg-5', 'tour-twin-triangles-feasible-24', 'twin-tour-stop-5', 'twin-tour-stop-6', 'twin-edge-ee-ef', 5) ON CONFLICT (tour_leg_id) DO UPDATE SET candidate_tour = EXCLUDED.candidate_tour, from_tour_stop = EXCLUDED.from_tour_stop, to_tour_stop = EXCLUDED.to_tour_stop, travel_edge = EXCLUDED.travel_edge, leg_order = EXCLUDED.leg_order;

INSERT INTO tour_legs (tour_leg_id, candidate_tour, from_tour_stop, to_tour_stop, travel_edge, leg_order)
VALUES ('twin-tour-leg-6', 'tour-twin-triangles-feasible-24', 'twin-tour-stop-6', 'twin-tour-stop-1', 'twin-edge-wa-ef', 6) ON CONFLICT (tour_leg_id) DO UPDATE SET candidate_tour = EXCLUDED.candidate_tour, from_tour_stop = EXCLUDED.from_tour_stop, to_tour_stop = EXCLUDED.to_tour_stop, travel_edge = EXCLUDED.travel_edge, leg_order = EXCLUDED.leg_order;

INSERT INTO tour_legs (tour_leg_id, candidate_tour, from_tour_stop, to_tour_stop, travel_edge, leg_order)
VALUES ('r3-tour-leg-1', 'tour-three-region-repair-36', 'r3-tour-stop-1', 'r3-tour-stop-2', 'r3-edge-a1-a2', 1) ON CONFLICT (tour_leg_id) DO UPDATE SET candidate_tour = EXCLUDED.candidate_tour, from_tour_stop = EXCLUDED.from_tour_stop, to_tour_stop = EXCLUDED.to_tour_stop, travel_edge = EXCLUDED.travel_edge, leg_order = EXCLUDED.leg_order;

INSERT INTO tour_legs (tour_leg_id, candidate_tour, from_tour_stop, to_tour_stop, travel_edge, leg_order)
VALUES ('r3-tour-leg-2', 'tour-three-region-repair-36', 'r3-tour-stop-2', 'r3-tour-stop-3', 'r3-edge-a2-a3', 2) ON CONFLICT (tour_leg_id) DO UPDATE SET candidate_tour = EXCLUDED.candidate_tour, from_tour_stop = EXCLUDED.from_tour_stop, to_tour_stop = EXCLUDED.to_tour_stop, travel_edge = EXCLUDED.travel_edge, leg_order = EXCLUDED.leg_order;

INSERT INTO tour_legs (tour_leg_id, candidate_tour, from_tour_stop, to_tour_stop, travel_edge, leg_order)
VALUES ('r3-tour-leg-3', 'tour-three-region-repair-36', 'r3-tour-stop-3', 'r3-tour-stop-4', 'r3-edge-a3-b1', 3) ON CONFLICT (tour_leg_id) DO UPDATE SET candidate_tour = EXCLUDED.candidate_tour, from_tour_stop = EXCLUDED.from_tour_stop, to_tour_stop = EXCLUDED.to_tour_stop, travel_edge = EXCLUDED.travel_edge, leg_order = EXCLUDED.leg_order;

INSERT INTO tour_legs (tour_leg_id, candidate_tour, from_tour_stop, to_tour_stop, travel_edge, leg_order)
VALUES ('r3-tour-leg-4', 'tour-three-region-repair-36', 'r3-tour-stop-4', 'r3-tour-stop-5', 'r3-edge-b1-b2', 4) ON CONFLICT (tour_leg_id) DO UPDATE SET candidate_tour = EXCLUDED.candidate_tour, from_tour_stop = EXCLUDED.from_tour_stop, to_tour_stop = EXCLUDED.to_tour_stop, travel_edge = EXCLUDED.travel_edge, leg_order = EXCLUDED.leg_order;

INSERT INTO tour_legs (tour_leg_id, candidate_tour, from_tour_stop, to_tour_stop, travel_edge, leg_order)
VALUES ('r3-tour-leg-5', 'tour-three-region-repair-36', 'r3-tour-stop-5', 'r3-tour-stop-6', 'r3-edge-b2-b3', 5) ON CONFLICT (tour_leg_id) DO UPDATE SET candidate_tour = EXCLUDED.candidate_tour, from_tour_stop = EXCLUDED.from_tour_stop, to_tour_stop = EXCLUDED.to_tour_stop, travel_edge = EXCLUDED.travel_edge, leg_order = EXCLUDED.leg_order;

INSERT INTO tour_legs (tour_leg_id, candidate_tour, from_tour_stop, to_tour_stop, travel_edge, leg_order)
VALUES ('r3-tour-leg-6', 'tour-three-region-repair-36', 'r3-tour-stop-6', 'r3-tour-stop-7', 'r3-edge-b3-c1', 6) ON CONFLICT (tour_leg_id) DO UPDATE SET candidate_tour = EXCLUDED.candidate_tour, from_tour_stop = EXCLUDED.from_tour_stop, to_tour_stop = EXCLUDED.to_tour_stop, travel_edge = EXCLUDED.travel_edge, leg_order = EXCLUDED.leg_order;

INSERT INTO tour_legs (tour_leg_id, candidate_tour, from_tour_stop, to_tour_stop, travel_edge, leg_order)
VALUES ('r3-tour-leg-7', 'tour-three-region-repair-36', 'r3-tour-stop-7', 'r3-tour-stop-8', 'r3-edge-c1-c2', 7) ON CONFLICT (tour_leg_id) DO UPDATE SET candidate_tour = EXCLUDED.candidate_tour, from_tour_stop = EXCLUDED.from_tour_stop, to_tour_stop = EXCLUDED.to_tour_stop, travel_edge = EXCLUDED.travel_edge, leg_order = EXCLUDED.leg_order;

INSERT INTO tour_legs (tour_leg_id, candidate_tour, from_tour_stop, to_tour_stop, travel_edge, leg_order)
VALUES ('r3-tour-leg-8', 'tour-three-region-repair-36', 'r3-tour-stop-8', 'r3-tour-stop-9', 'r3-edge-c2-c3', 8) ON CONFLICT (tour_leg_id) DO UPDATE SET candidate_tour = EXCLUDED.candidate_tour, from_tour_stop = EXCLUDED.from_tour_stop, to_tour_stop = EXCLUDED.to_tour_stop, travel_edge = EXCLUDED.travel_edge, leg_order = EXCLUDED.leg_order;

INSERT INTO tour_legs (tour_leg_id, candidate_tour, from_tour_stop, to_tour_stop, travel_edge, leg_order)
VALUES ('r3-tour-leg-9', 'tour-three-region-repair-36', 'r3-tour-stop-9', 'r3-tour-stop-1', 'r3-edge-a1-c3', 9) ON CONFLICT (tour_leg_id) DO UPDATE SET candidate_tour = EXCLUDED.candidate_tour, from_tour_stop = EXCLUDED.from_tour_stop, to_tour_stop = EXCLUDED.to_tour_stop, travel_edge = EXCLUDED.travel_edge, leg_order = EXCLUDED.leg_order;

INSERT INTO tour_legs (tour_leg_id, candidate_tour, from_tour_stop, to_tour_stop, travel_edge, leg_order)
VALUES ('face1-leg-1', 'tour-optimal-face-abcd-4', 'face1-stop-1', 'face1-stop-2', 'face-edge-a-b', 1) ON CONFLICT (tour_leg_id) DO UPDATE SET candidate_tour = EXCLUDED.candidate_tour, from_tour_stop = EXCLUDED.from_tour_stop, to_tour_stop = EXCLUDED.to_tour_stop, travel_edge = EXCLUDED.travel_edge, leg_order = EXCLUDED.leg_order;

INSERT INTO tour_legs (tour_leg_id, candidate_tour, from_tour_stop, to_tour_stop, travel_edge, leg_order)
VALUES ('face1-leg-2', 'tour-optimal-face-abcd-4', 'face1-stop-2', 'face1-stop-3', 'face-edge-b-c', 2) ON CONFLICT (tour_leg_id) DO UPDATE SET candidate_tour = EXCLUDED.candidate_tour, from_tour_stop = EXCLUDED.from_tour_stop, to_tour_stop = EXCLUDED.to_tour_stop, travel_edge = EXCLUDED.travel_edge, leg_order = EXCLUDED.leg_order;

INSERT INTO tour_legs (tour_leg_id, candidate_tour, from_tour_stop, to_tour_stop, travel_edge, leg_order)
VALUES ('face1-leg-3', 'tour-optimal-face-abcd-4', 'face1-stop-3', 'face1-stop-4', 'face-edge-c-d', 3) ON CONFLICT (tour_leg_id) DO UPDATE SET candidate_tour = EXCLUDED.candidate_tour, from_tour_stop = EXCLUDED.from_tour_stop, to_tour_stop = EXCLUDED.to_tour_stop, travel_edge = EXCLUDED.travel_edge, leg_order = EXCLUDED.leg_order;

INSERT INTO tour_legs (tour_leg_id, candidate_tour, from_tour_stop, to_tour_stop, travel_edge, leg_order)
VALUES ('face1-leg-4', 'tour-optimal-face-abcd-4', 'face1-stop-4', 'face1-stop-1', 'face-edge-a-d', 4) ON CONFLICT (tour_leg_id) DO UPDATE SET candidate_tour = EXCLUDED.candidate_tour, from_tour_stop = EXCLUDED.from_tour_stop, to_tour_stop = EXCLUDED.to_tour_stop, travel_edge = EXCLUDED.travel_edge, leg_order = EXCLUDED.leg_order;

INSERT INTO tour_legs (tour_leg_id, candidate_tour, from_tour_stop, to_tour_stop, travel_edge, leg_order)
VALUES ('face2-leg-1', 'tour-optimal-face-acbd-4', 'face2-stop-1', 'face2-stop-2', 'face-edge-a-c', 1) ON CONFLICT (tour_leg_id) DO UPDATE SET candidate_tour = EXCLUDED.candidate_tour, from_tour_stop = EXCLUDED.from_tour_stop, to_tour_stop = EXCLUDED.to_tour_stop, travel_edge = EXCLUDED.travel_edge, leg_order = EXCLUDED.leg_order;

INSERT INTO tour_legs (tour_leg_id, candidate_tour, from_tour_stop, to_tour_stop, travel_edge, leg_order)
VALUES ('face2-leg-2', 'tour-optimal-face-acbd-4', 'face2-stop-2', 'face2-stop-3', 'face-edge-b-c', 2) ON CONFLICT (tour_leg_id) DO UPDATE SET candidate_tour = EXCLUDED.candidate_tour, from_tour_stop = EXCLUDED.from_tour_stop, to_tour_stop = EXCLUDED.to_tour_stop, travel_edge = EXCLUDED.travel_edge, leg_order = EXCLUDED.leg_order;

INSERT INTO tour_legs (tour_leg_id, candidate_tour, from_tour_stop, to_tour_stop, travel_edge, leg_order)
VALUES ('face2-leg-3', 'tour-optimal-face-acbd-4', 'face2-stop-3', 'face2-stop-4', 'face-edge-b-d', 3) ON CONFLICT (tour_leg_id) DO UPDATE SET candidate_tour = EXCLUDED.candidate_tour, from_tour_stop = EXCLUDED.from_tour_stop, to_tour_stop = EXCLUDED.to_tour_stop, travel_edge = EXCLUDED.travel_edge, leg_order = EXCLUDED.leg_order;

INSERT INTO tour_legs (tour_leg_id, candidate_tour, from_tour_stop, to_tour_stop, travel_edge, leg_order)
VALUES ('face2-leg-4', 'tour-optimal-face-acbd-4', 'face2-stop-4', 'face2-stop-1', 'face-edge-a-d', 4) ON CONFLICT (tour_leg_id) DO UPDATE SET candidate_tour = EXCLUDED.candidate_tour, from_tour_stop = EXCLUDED.from_tour_stop, to_tour_stop = EXCLUDED.to_tour_stop, travel_edge = EXCLUDED.travel_edge, leg_order = EXCLUDED.leg_order;

INSERT INTO tour_legs (tour_leg_id, candidate_tour, from_tour_stop, to_tour_stop, travel_edge, leg_order)
VALUES ('face3-leg-1', 'tour-optimal-face-abdc-6', 'face3-stop-1', 'face3-stop-2', 'face-edge-a-b', 1) ON CONFLICT (tour_leg_id) DO UPDATE SET candidate_tour = EXCLUDED.candidate_tour, from_tour_stop = EXCLUDED.from_tour_stop, to_tour_stop = EXCLUDED.to_tour_stop, travel_edge = EXCLUDED.travel_edge, leg_order = EXCLUDED.leg_order;

INSERT INTO tour_legs (tour_leg_id, candidate_tour, from_tour_stop, to_tour_stop, travel_edge, leg_order)
VALUES ('face3-leg-2', 'tour-optimal-face-abdc-6', 'face3-stop-2', 'face3-stop-3', 'face-edge-b-d', 2) ON CONFLICT (tour_leg_id) DO UPDATE SET candidate_tour = EXCLUDED.candidate_tour, from_tour_stop = EXCLUDED.from_tour_stop, to_tour_stop = EXCLUDED.to_tour_stop, travel_edge = EXCLUDED.travel_edge, leg_order = EXCLUDED.leg_order;

INSERT INTO tour_legs (tour_leg_id, candidate_tour, from_tour_stop, to_tour_stop, travel_edge, leg_order)
VALUES ('face3-leg-3', 'tour-optimal-face-abdc-6', 'face3-stop-3', 'face3-stop-4', 'face-edge-c-d', 3) ON CONFLICT (tour_leg_id) DO UPDATE SET candidate_tour = EXCLUDED.candidate_tour, from_tour_stop = EXCLUDED.from_tour_stop, to_tour_stop = EXCLUDED.to_tour_stop, travel_edge = EXCLUDED.travel_edge, leg_order = EXCLUDED.leg_order;

INSERT INTO tour_legs (tour_leg_id, candidate_tour, from_tour_stop, to_tour_stop, travel_edge, leg_order)
VALUES ('face3-leg-4', 'tour-optimal-face-abdc-6', 'face3-stop-4', 'face3-stop-1', 'face-edge-a-c', 4) ON CONFLICT (tour_leg_id) DO UPDATE SET candidate_tour = EXCLUDED.candidate_tour, from_tour_stop = EXCLUDED.from_tour_stop, to_tour_stop = EXCLUDED.to_tour_stop, travel_edge = EXCLUDED.travel_edge, leg_order = EXCLUDED.leg_order;

-- ----------------------------------------------------------------------------
-- LocalDegreeBounds: One degree-two lower-bound witness per required stop. Each row names two incident edges and proves all other incident edges are no cheaper than the second selected edge.
-- ----------------------------------------------------------------------------
INSERT INTO local_degree_bounds (local_degree_bound_id, tsp_instance, instance_stop, first_edge, second_edge)
VALUES ('local-bound-stop-a', 'tsp-gridville-5', 'stop-a', 'edge-a-b', 'edge-a-e') ON CONFLICT (local_degree_bound_id) DO UPDATE SET tsp_instance = EXCLUDED.tsp_instance, instance_stop = EXCLUDED.instance_stop, first_edge = EXCLUDED.first_edge, second_edge = EXCLUDED.second_edge;

INSERT INTO local_degree_bounds (local_degree_bound_id, tsp_instance, instance_stop, first_edge, second_edge)
VALUES ('local-bound-stop-b', 'tsp-gridville-5', 'stop-b', 'edge-a-b', 'edge-b-c') ON CONFLICT (local_degree_bound_id) DO UPDATE SET tsp_instance = EXCLUDED.tsp_instance, instance_stop = EXCLUDED.instance_stop, first_edge = EXCLUDED.first_edge, second_edge = EXCLUDED.second_edge;

INSERT INTO local_degree_bounds (local_degree_bound_id, tsp_instance, instance_stop, first_edge, second_edge)
VALUES ('local-bound-stop-c', 'tsp-gridville-5', 'stop-c', 'edge-b-c', 'edge-c-d') ON CONFLICT (local_degree_bound_id) DO UPDATE SET tsp_instance = EXCLUDED.tsp_instance, instance_stop = EXCLUDED.instance_stop, first_edge = EXCLUDED.first_edge, second_edge = EXCLUDED.second_edge;

INSERT INTO local_degree_bounds (local_degree_bound_id, tsp_instance, instance_stop, first_edge, second_edge)
VALUES ('local-bound-stop-d', 'tsp-gridville-5', 'stop-d', 'edge-c-d', 'edge-d-e') ON CONFLICT (local_degree_bound_id) DO UPDATE SET tsp_instance = EXCLUDED.tsp_instance, instance_stop = EXCLUDED.instance_stop, first_edge = EXCLUDED.first_edge, second_edge = EXCLUDED.second_edge;

INSERT INTO local_degree_bounds (local_degree_bound_id, tsp_instance, instance_stop, first_edge, second_edge)
VALUES ('local-bound-stop-e', 'tsp-gridville-5', 'stop-e', 'edge-a-e', 'edge-d-e') ON CONFLICT (local_degree_bound_id) DO UPDATE SET tsp_instance = EXCLUDED.tsp_instance, instance_stop = EXCLUDED.instance_stop, first_edge = EXCLUDED.first_edge, second_edge = EXCLUDED.second_edge;

INSERT INTO local_degree_bounds (local_degree_bound_id, tsp_instance, instance_stop, first_edge, second_edge)
VALUES ('local-bound-twin-wa', 'tsp-twin-triangles-6', 'twin-stop-wa', 'twin-edge-wa-wb', 'twin-edge-wa-wc') ON CONFLICT (local_degree_bound_id) DO UPDATE SET tsp_instance = EXCLUDED.tsp_instance, instance_stop = EXCLUDED.instance_stop, first_edge = EXCLUDED.first_edge, second_edge = EXCLUDED.second_edge;

INSERT INTO local_degree_bounds (local_degree_bound_id, tsp_instance, instance_stop, first_edge, second_edge)
VALUES ('local-bound-twin-wb', 'tsp-twin-triangles-6', 'twin-stop-wb', 'twin-edge-wa-wb', 'twin-edge-wb-wc') ON CONFLICT (local_degree_bound_id) DO UPDATE SET tsp_instance = EXCLUDED.tsp_instance, instance_stop = EXCLUDED.instance_stop, first_edge = EXCLUDED.first_edge, second_edge = EXCLUDED.second_edge;

INSERT INTO local_degree_bounds (local_degree_bound_id, tsp_instance, instance_stop, first_edge, second_edge)
VALUES ('local-bound-twin-wc', 'tsp-twin-triangles-6', 'twin-stop-wc', 'twin-edge-wa-wc', 'twin-edge-wb-wc') ON CONFLICT (local_degree_bound_id) DO UPDATE SET tsp_instance = EXCLUDED.tsp_instance, instance_stop = EXCLUDED.instance_stop, first_edge = EXCLUDED.first_edge, second_edge = EXCLUDED.second_edge;

INSERT INTO local_degree_bounds (local_degree_bound_id, tsp_instance, instance_stop, first_edge, second_edge)
VALUES ('local-bound-twin-ed', 'tsp-twin-triangles-6', 'twin-stop-ed', 'twin-edge-ed-ee', 'twin-edge-ed-ef') ON CONFLICT (local_degree_bound_id) DO UPDATE SET tsp_instance = EXCLUDED.tsp_instance, instance_stop = EXCLUDED.instance_stop, first_edge = EXCLUDED.first_edge, second_edge = EXCLUDED.second_edge;

INSERT INTO local_degree_bounds (local_degree_bound_id, tsp_instance, instance_stop, first_edge, second_edge)
VALUES ('local-bound-twin-ee', 'tsp-twin-triangles-6', 'twin-stop-ee', 'twin-edge-ed-ee', 'twin-edge-ee-ef') ON CONFLICT (local_degree_bound_id) DO UPDATE SET tsp_instance = EXCLUDED.tsp_instance, instance_stop = EXCLUDED.instance_stop, first_edge = EXCLUDED.first_edge, second_edge = EXCLUDED.second_edge;

INSERT INTO local_degree_bounds (local_degree_bound_id, tsp_instance, instance_stop, first_edge, second_edge)
VALUES ('local-bound-twin-ef', 'tsp-twin-triangles-6', 'twin-stop-ef', 'twin-edge-ed-ef', 'twin-edge-ee-ef') ON CONFLICT (local_degree_bound_id) DO UPDATE SET tsp_instance = EXCLUDED.tsp_instance, instance_stop = EXCLUDED.instance_stop, first_edge = EXCLUDED.first_edge, second_edge = EXCLUDED.second_edge;

INSERT INTO local_degree_bounds (local_degree_bound_id, tsp_instance, instance_stop, first_edge, second_edge)
VALUES ('local-bound-a1', 'tsp-three-regions-9', 'r3-stop-a1', 'r3-edge-a1-a2', 'r3-edge-a1-a3') ON CONFLICT (local_degree_bound_id) DO UPDATE SET tsp_instance = EXCLUDED.tsp_instance, instance_stop = EXCLUDED.instance_stop, first_edge = EXCLUDED.first_edge, second_edge = EXCLUDED.second_edge;

INSERT INTO local_degree_bounds (local_degree_bound_id, tsp_instance, instance_stop, first_edge, second_edge)
VALUES ('local-bound-a2', 'tsp-three-regions-9', 'r3-stop-a2', 'r3-edge-a1-a2', 'r3-edge-a2-a3') ON CONFLICT (local_degree_bound_id) DO UPDATE SET tsp_instance = EXCLUDED.tsp_instance, instance_stop = EXCLUDED.instance_stop, first_edge = EXCLUDED.first_edge, second_edge = EXCLUDED.second_edge;

INSERT INTO local_degree_bounds (local_degree_bound_id, tsp_instance, instance_stop, first_edge, second_edge)
VALUES ('local-bound-a3', 'tsp-three-regions-9', 'r3-stop-a3', 'r3-edge-a1-a3', 'r3-edge-a2-a3') ON CONFLICT (local_degree_bound_id) DO UPDATE SET tsp_instance = EXCLUDED.tsp_instance, instance_stop = EXCLUDED.instance_stop, first_edge = EXCLUDED.first_edge, second_edge = EXCLUDED.second_edge;

INSERT INTO local_degree_bounds (local_degree_bound_id, tsp_instance, instance_stop, first_edge, second_edge)
VALUES ('local-bound-b1', 'tsp-three-regions-9', 'r3-stop-b1', 'r3-edge-b1-b2', 'r3-edge-b1-b3') ON CONFLICT (local_degree_bound_id) DO UPDATE SET tsp_instance = EXCLUDED.tsp_instance, instance_stop = EXCLUDED.instance_stop, first_edge = EXCLUDED.first_edge, second_edge = EXCLUDED.second_edge;

INSERT INTO local_degree_bounds (local_degree_bound_id, tsp_instance, instance_stop, first_edge, second_edge)
VALUES ('local-bound-b2', 'tsp-three-regions-9', 'r3-stop-b2', 'r3-edge-b1-b2', 'r3-edge-b2-b3') ON CONFLICT (local_degree_bound_id) DO UPDATE SET tsp_instance = EXCLUDED.tsp_instance, instance_stop = EXCLUDED.instance_stop, first_edge = EXCLUDED.first_edge, second_edge = EXCLUDED.second_edge;

INSERT INTO local_degree_bounds (local_degree_bound_id, tsp_instance, instance_stop, first_edge, second_edge)
VALUES ('local-bound-b3', 'tsp-three-regions-9', 'r3-stop-b3', 'r3-edge-b1-b3', 'r3-edge-b2-b3') ON CONFLICT (local_degree_bound_id) DO UPDATE SET tsp_instance = EXCLUDED.tsp_instance, instance_stop = EXCLUDED.instance_stop, first_edge = EXCLUDED.first_edge, second_edge = EXCLUDED.second_edge;

INSERT INTO local_degree_bounds (local_degree_bound_id, tsp_instance, instance_stop, first_edge, second_edge)
VALUES ('local-bound-c1', 'tsp-three-regions-9', 'r3-stop-c1', 'r3-edge-c1-c2', 'r3-edge-c1-c3') ON CONFLICT (local_degree_bound_id) DO UPDATE SET tsp_instance = EXCLUDED.tsp_instance, instance_stop = EXCLUDED.instance_stop, first_edge = EXCLUDED.first_edge, second_edge = EXCLUDED.second_edge;

INSERT INTO local_degree_bounds (local_degree_bound_id, tsp_instance, instance_stop, first_edge, second_edge)
VALUES ('local-bound-c2', 'tsp-three-regions-9', 'r3-stop-c2', 'r3-edge-c1-c2', 'r3-edge-c2-c3') ON CONFLICT (local_degree_bound_id) DO UPDATE SET tsp_instance = EXCLUDED.tsp_instance, instance_stop = EXCLUDED.instance_stop, first_edge = EXCLUDED.first_edge, second_edge = EXCLUDED.second_edge;

INSERT INTO local_degree_bounds (local_degree_bound_id, tsp_instance, instance_stop, first_edge, second_edge)
VALUES ('local-bound-c3', 'tsp-three-regions-9', 'r3-stop-c3', 'r3-edge-c1-c3', 'r3-edge-c2-c3') ON CONFLICT (local_degree_bound_id) DO UPDATE SET tsp_instance = EXCLUDED.tsp_instance, instance_stop = EXCLUDED.instance_stop, first_edge = EXCLUDED.first_edge, second_edge = EXCLUDED.second_edge;

INSERT INTO local_degree_bounds (local_degree_bound_id, tsp_instance, instance_stop, first_edge, second_edge)
VALUES ('local-bound-face-a', 'tsp-optimal-face-4', 'face-stop-a', 'face-edge-a-d', 'face-edge-a-b') ON CONFLICT (local_degree_bound_id) DO UPDATE SET tsp_instance = EXCLUDED.tsp_instance, instance_stop = EXCLUDED.instance_stop, first_edge = EXCLUDED.first_edge, second_edge = EXCLUDED.second_edge;

INSERT INTO local_degree_bounds (local_degree_bound_id, tsp_instance, instance_stop, first_edge, second_edge)
VALUES ('local-bound-face-b', 'tsp-optimal-face-4', 'face-stop-b', 'face-edge-b-c', 'face-edge-a-b') ON CONFLICT (local_degree_bound_id) DO UPDATE SET tsp_instance = EXCLUDED.tsp_instance, instance_stop = EXCLUDED.instance_stop, first_edge = EXCLUDED.first_edge, second_edge = EXCLUDED.second_edge;

INSERT INTO local_degree_bounds (local_degree_bound_id, tsp_instance, instance_stop, first_edge, second_edge)
VALUES ('local-bound-face-c', 'tsp-optimal-face-4', 'face-stop-c', 'face-edge-b-c', 'face-edge-a-c') ON CONFLICT (local_degree_bound_id) DO UPDATE SET tsp_instance = EXCLUDED.tsp_instance, instance_stop = EXCLUDED.instance_stop, first_edge = EXCLUDED.first_edge, second_edge = EXCLUDED.second_edge;

INSERT INTO local_degree_bounds (local_degree_bound_id, tsp_instance, instance_stop, first_edge, second_edge)
VALUES ('local-bound-face-d', 'tsp-optimal-face-4', 'face-stop-d', 'face-edge-a-d', 'face-edge-b-d') ON CONFLICT (local_degree_bound_id) DO UPDATE SET tsp_instance = EXCLUDED.tsp_instance, instance_stop = EXCLUDED.instance_stop, first_edge = EXCLUDED.first_edge, second_edge = EXCLUDED.second_edge;

-- ----------------------------------------------------------------------------
-- IncidentDominanceChecks: Witness rows proving every unselected incident edge is at least as expensive as the second edge named by a LocalDegreeBound.
-- ----------------------------------------------------------------------------
INSERT INTO incident_dominance_checks (incident_dominance_check_id, local_degree_bound, other_edge)
VALUES ('dom-a-d', 'local-bound-stop-a', 'edge-a-d') ON CONFLICT (incident_dominance_check_id) DO UPDATE SET local_degree_bound = EXCLUDED.local_degree_bound, other_edge = EXCLUDED.other_edge;

INSERT INTO incident_dominance_checks (incident_dominance_check_id, local_degree_bound, other_edge)
VALUES ('dom-a-c', 'local-bound-stop-a', 'edge-a-c') ON CONFLICT (incident_dominance_check_id) DO UPDATE SET local_degree_bound = EXCLUDED.local_degree_bound, other_edge = EXCLUDED.other_edge;

INSERT INTO incident_dominance_checks (incident_dominance_check_id, local_degree_bound, other_edge)
VALUES ('dom-b-d', 'local-bound-stop-b', 'edge-b-d') ON CONFLICT (incident_dominance_check_id) DO UPDATE SET local_degree_bound = EXCLUDED.local_degree_bound, other_edge = EXCLUDED.other_edge;

INSERT INTO incident_dominance_checks (incident_dominance_check_id, local_degree_bound, other_edge)
VALUES ('dom-b-e', 'local-bound-stop-b', 'edge-b-e') ON CONFLICT (incident_dominance_check_id) DO UPDATE SET local_degree_bound = EXCLUDED.local_degree_bound, other_edge = EXCLUDED.other_edge;

INSERT INTO incident_dominance_checks (incident_dominance_check_id, local_degree_bound, other_edge)
VALUES ('dom-c-e', 'local-bound-stop-c', 'edge-c-e') ON CONFLICT (incident_dominance_check_id) DO UPDATE SET local_degree_bound = EXCLUDED.local_degree_bound, other_edge = EXCLUDED.other_edge;

INSERT INTO incident_dominance_checks (incident_dominance_check_id, local_degree_bound, other_edge)
VALUES ('dom-c-a', 'local-bound-stop-c', 'edge-a-c') ON CONFLICT (incident_dominance_check_id) DO UPDATE SET local_degree_bound = EXCLUDED.local_degree_bound, other_edge = EXCLUDED.other_edge;

INSERT INTO incident_dominance_checks (incident_dominance_check_id, local_degree_bound, other_edge)
VALUES ('dom-d-a', 'local-bound-stop-d', 'edge-a-d') ON CONFLICT (incident_dominance_check_id) DO UPDATE SET local_degree_bound = EXCLUDED.local_degree_bound, other_edge = EXCLUDED.other_edge;

INSERT INTO incident_dominance_checks (incident_dominance_check_id, local_degree_bound, other_edge)
VALUES ('dom-d-b', 'local-bound-stop-d', 'edge-b-d') ON CONFLICT (incident_dominance_check_id) DO UPDATE SET local_degree_bound = EXCLUDED.local_degree_bound, other_edge = EXCLUDED.other_edge;

INSERT INTO incident_dominance_checks (incident_dominance_check_id, local_degree_bound, other_edge)
VALUES ('dom-e-c', 'local-bound-stop-e', 'edge-c-e') ON CONFLICT (incident_dominance_check_id) DO UPDATE SET local_degree_bound = EXCLUDED.local_degree_bound, other_edge = EXCLUDED.other_edge;

INSERT INTO incident_dominance_checks (incident_dominance_check_id, local_degree_bound, other_edge)
VALUES ('dom-e-b', 'local-bound-stop-e', 'edge-b-e') ON CONFLICT (incident_dominance_check_id) DO UPDATE SET local_degree_bound = EXCLUDED.local_degree_bound, other_edge = EXCLUDED.other_edge;

INSERT INTO incident_dominance_checks (incident_dominance_check_id, local_degree_bound, other_edge)
VALUES ('dom-local-bound-twin-wa-twin-edge-wa-ed', 'local-bound-twin-wa', 'twin-edge-wa-ed') ON CONFLICT (incident_dominance_check_id) DO UPDATE SET local_degree_bound = EXCLUDED.local_degree_bound, other_edge = EXCLUDED.other_edge;

INSERT INTO incident_dominance_checks (incident_dominance_check_id, local_degree_bound, other_edge)
VALUES ('dom-local-bound-twin-wa-twin-edge-wa-ee', 'local-bound-twin-wa', 'twin-edge-wa-ee') ON CONFLICT (incident_dominance_check_id) DO UPDATE SET local_degree_bound = EXCLUDED.local_degree_bound, other_edge = EXCLUDED.other_edge;

INSERT INTO incident_dominance_checks (incident_dominance_check_id, local_degree_bound, other_edge)
VALUES ('dom-local-bound-twin-wa-twin-edge-wa-ef', 'local-bound-twin-wa', 'twin-edge-wa-ef') ON CONFLICT (incident_dominance_check_id) DO UPDATE SET local_degree_bound = EXCLUDED.local_degree_bound, other_edge = EXCLUDED.other_edge;

INSERT INTO incident_dominance_checks (incident_dominance_check_id, local_degree_bound, other_edge)
VALUES ('dom-local-bound-twin-wb-twin-edge-wb-ed', 'local-bound-twin-wb', 'twin-edge-wb-ed') ON CONFLICT (incident_dominance_check_id) DO UPDATE SET local_degree_bound = EXCLUDED.local_degree_bound, other_edge = EXCLUDED.other_edge;

INSERT INTO incident_dominance_checks (incident_dominance_check_id, local_degree_bound, other_edge)
VALUES ('dom-local-bound-twin-wb-twin-edge-wb-ee', 'local-bound-twin-wb', 'twin-edge-wb-ee') ON CONFLICT (incident_dominance_check_id) DO UPDATE SET local_degree_bound = EXCLUDED.local_degree_bound, other_edge = EXCLUDED.other_edge;

INSERT INTO incident_dominance_checks (incident_dominance_check_id, local_degree_bound, other_edge)
VALUES ('dom-local-bound-twin-wb-twin-edge-wb-ef', 'local-bound-twin-wb', 'twin-edge-wb-ef') ON CONFLICT (incident_dominance_check_id) DO UPDATE SET local_degree_bound = EXCLUDED.local_degree_bound, other_edge = EXCLUDED.other_edge;

INSERT INTO incident_dominance_checks (incident_dominance_check_id, local_degree_bound, other_edge)
VALUES ('dom-local-bound-twin-wc-twin-edge-wc-ed', 'local-bound-twin-wc', 'twin-edge-wc-ed') ON CONFLICT (incident_dominance_check_id) DO UPDATE SET local_degree_bound = EXCLUDED.local_degree_bound, other_edge = EXCLUDED.other_edge;

INSERT INTO incident_dominance_checks (incident_dominance_check_id, local_degree_bound, other_edge)
VALUES ('dom-local-bound-twin-wc-twin-edge-wc-ee', 'local-bound-twin-wc', 'twin-edge-wc-ee') ON CONFLICT (incident_dominance_check_id) DO UPDATE SET local_degree_bound = EXCLUDED.local_degree_bound, other_edge = EXCLUDED.other_edge;

INSERT INTO incident_dominance_checks (incident_dominance_check_id, local_degree_bound, other_edge)
VALUES ('dom-local-bound-twin-wc-twin-edge-wc-ef', 'local-bound-twin-wc', 'twin-edge-wc-ef') ON CONFLICT (incident_dominance_check_id) DO UPDATE SET local_degree_bound = EXCLUDED.local_degree_bound, other_edge = EXCLUDED.other_edge;

INSERT INTO incident_dominance_checks (incident_dominance_check_id, local_degree_bound, other_edge)
VALUES ('dom-local-bound-twin-ed-twin-edge-wa-ed', 'local-bound-twin-ed', 'twin-edge-wa-ed') ON CONFLICT (incident_dominance_check_id) DO UPDATE SET local_degree_bound = EXCLUDED.local_degree_bound, other_edge = EXCLUDED.other_edge;

INSERT INTO incident_dominance_checks (incident_dominance_check_id, local_degree_bound, other_edge)
VALUES ('dom-local-bound-twin-ed-twin-edge-wb-ed', 'local-bound-twin-ed', 'twin-edge-wb-ed') ON CONFLICT (incident_dominance_check_id) DO UPDATE SET local_degree_bound = EXCLUDED.local_degree_bound, other_edge = EXCLUDED.other_edge;

INSERT INTO incident_dominance_checks (incident_dominance_check_id, local_degree_bound, other_edge)
VALUES ('dom-local-bound-twin-ed-twin-edge-wc-ed', 'local-bound-twin-ed', 'twin-edge-wc-ed') ON CONFLICT (incident_dominance_check_id) DO UPDATE SET local_degree_bound = EXCLUDED.local_degree_bound, other_edge = EXCLUDED.other_edge;

INSERT INTO incident_dominance_checks (incident_dominance_check_id, local_degree_bound, other_edge)
VALUES ('dom-local-bound-twin-ee-twin-edge-wa-ee', 'local-bound-twin-ee', 'twin-edge-wa-ee') ON CONFLICT (incident_dominance_check_id) DO UPDATE SET local_degree_bound = EXCLUDED.local_degree_bound, other_edge = EXCLUDED.other_edge;

INSERT INTO incident_dominance_checks (incident_dominance_check_id, local_degree_bound, other_edge)
VALUES ('dom-local-bound-twin-ee-twin-edge-wb-ee', 'local-bound-twin-ee', 'twin-edge-wb-ee') ON CONFLICT (incident_dominance_check_id) DO UPDATE SET local_degree_bound = EXCLUDED.local_degree_bound, other_edge = EXCLUDED.other_edge;

INSERT INTO incident_dominance_checks (incident_dominance_check_id, local_degree_bound, other_edge)
VALUES ('dom-local-bound-twin-ee-twin-edge-wc-ee', 'local-bound-twin-ee', 'twin-edge-wc-ee') ON CONFLICT (incident_dominance_check_id) DO UPDATE SET local_degree_bound = EXCLUDED.local_degree_bound, other_edge = EXCLUDED.other_edge;

INSERT INTO incident_dominance_checks (incident_dominance_check_id, local_degree_bound, other_edge)
VALUES ('dom-local-bound-twin-ef-twin-edge-wa-ef', 'local-bound-twin-ef', 'twin-edge-wa-ef') ON CONFLICT (incident_dominance_check_id) DO UPDATE SET local_degree_bound = EXCLUDED.local_degree_bound, other_edge = EXCLUDED.other_edge;

INSERT INTO incident_dominance_checks (incident_dominance_check_id, local_degree_bound, other_edge)
VALUES ('dom-local-bound-twin-ef-twin-edge-wb-ef', 'local-bound-twin-ef', 'twin-edge-wb-ef') ON CONFLICT (incident_dominance_check_id) DO UPDATE SET local_degree_bound = EXCLUDED.local_degree_bound, other_edge = EXCLUDED.other_edge;

INSERT INTO incident_dominance_checks (incident_dominance_check_id, local_degree_bound, other_edge)
VALUES ('dom-local-bound-twin-ef-twin-edge-wc-ef', 'local-bound-twin-ef', 'twin-edge-wc-ef') ON CONFLICT (incident_dominance_check_id) DO UPDATE SET local_degree_bound = EXCLUDED.local_degree_bound, other_edge = EXCLUDED.other_edge;

INSERT INTO incident_dominance_checks (incident_dominance_check_id, local_degree_bound, other_edge)
VALUES ('dom-local-bound-a1-r3-edge-a1-b1', 'local-bound-a1', 'r3-edge-a1-b1') ON CONFLICT (incident_dominance_check_id) DO UPDATE SET local_degree_bound = EXCLUDED.local_degree_bound, other_edge = EXCLUDED.other_edge;

INSERT INTO incident_dominance_checks (incident_dominance_check_id, local_degree_bound, other_edge)
VALUES ('dom-local-bound-a1-r3-edge-a1-b2', 'local-bound-a1', 'r3-edge-a1-b2') ON CONFLICT (incident_dominance_check_id) DO UPDATE SET local_degree_bound = EXCLUDED.local_degree_bound, other_edge = EXCLUDED.other_edge;

INSERT INTO incident_dominance_checks (incident_dominance_check_id, local_degree_bound, other_edge)
VALUES ('dom-local-bound-a1-r3-edge-a1-b3', 'local-bound-a1', 'r3-edge-a1-b3') ON CONFLICT (incident_dominance_check_id) DO UPDATE SET local_degree_bound = EXCLUDED.local_degree_bound, other_edge = EXCLUDED.other_edge;

INSERT INTO incident_dominance_checks (incident_dominance_check_id, local_degree_bound, other_edge)
VALUES ('dom-local-bound-a1-r3-edge-a1-c1', 'local-bound-a1', 'r3-edge-a1-c1') ON CONFLICT (incident_dominance_check_id) DO UPDATE SET local_degree_bound = EXCLUDED.local_degree_bound, other_edge = EXCLUDED.other_edge;

INSERT INTO incident_dominance_checks (incident_dominance_check_id, local_degree_bound, other_edge)
VALUES ('dom-local-bound-a1-r3-edge-a1-c2', 'local-bound-a1', 'r3-edge-a1-c2') ON CONFLICT (incident_dominance_check_id) DO UPDATE SET local_degree_bound = EXCLUDED.local_degree_bound, other_edge = EXCLUDED.other_edge;

INSERT INTO incident_dominance_checks (incident_dominance_check_id, local_degree_bound, other_edge)
VALUES ('dom-local-bound-a1-r3-edge-a1-c3', 'local-bound-a1', 'r3-edge-a1-c3') ON CONFLICT (incident_dominance_check_id) DO UPDATE SET local_degree_bound = EXCLUDED.local_degree_bound, other_edge = EXCLUDED.other_edge;

INSERT INTO incident_dominance_checks (incident_dominance_check_id, local_degree_bound, other_edge)
VALUES ('dom-local-bound-a2-r3-edge-a2-b1', 'local-bound-a2', 'r3-edge-a2-b1') ON CONFLICT (incident_dominance_check_id) DO UPDATE SET local_degree_bound = EXCLUDED.local_degree_bound, other_edge = EXCLUDED.other_edge;

INSERT INTO incident_dominance_checks (incident_dominance_check_id, local_degree_bound, other_edge)
VALUES ('dom-local-bound-a2-r3-edge-a2-b2', 'local-bound-a2', 'r3-edge-a2-b2') ON CONFLICT (incident_dominance_check_id) DO UPDATE SET local_degree_bound = EXCLUDED.local_degree_bound, other_edge = EXCLUDED.other_edge;

INSERT INTO incident_dominance_checks (incident_dominance_check_id, local_degree_bound, other_edge)
VALUES ('dom-local-bound-a2-r3-edge-a2-b3', 'local-bound-a2', 'r3-edge-a2-b3') ON CONFLICT (incident_dominance_check_id) DO UPDATE SET local_degree_bound = EXCLUDED.local_degree_bound, other_edge = EXCLUDED.other_edge;

INSERT INTO incident_dominance_checks (incident_dominance_check_id, local_degree_bound, other_edge)
VALUES ('dom-local-bound-a2-r3-edge-a2-c1', 'local-bound-a2', 'r3-edge-a2-c1') ON CONFLICT (incident_dominance_check_id) DO UPDATE SET local_degree_bound = EXCLUDED.local_degree_bound, other_edge = EXCLUDED.other_edge;

INSERT INTO incident_dominance_checks (incident_dominance_check_id, local_degree_bound, other_edge)
VALUES ('dom-local-bound-a2-r3-edge-a2-c2', 'local-bound-a2', 'r3-edge-a2-c2') ON CONFLICT (incident_dominance_check_id) DO UPDATE SET local_degree_bound = EXCLUDED.local_degree_bound, other_edge = EXCLUDED.other_edge;

INSERT INTO incident_dominance_checks (incident_dominance_check_id, local_degree_bound, other_edge)
VALUES ('dom-local-bound-a2-r3-edge-a2-c3', 'local-bound-a2', 'r3-edge-a2-c3') ON CONFLICT (incident_dominance_check_id) DO UPDATE SET local_degree_bound = EXCLUDED.local_degree_bound, other_edge = EXCLUDED.other_edge;

INSERT INTO incident_dominance_checks (incident_dominance_check_id, local_degree_bound, other_edge)
VALUES ('dom-local-bound-a3-r3-edge-a3-b1', 'local-bound-a3', 'r3-edge-a3-b1') ON CONFLICT (incident_dominance_check_id) DO UPDATE SET local_degree_bound = EXCLUDED.local_degree_bound, other_edge = EXCLUDED.other_edge;

INSERT INTO incident_dominance_checks (incident_dominance_check_id, local_degree_bound, other_edge)
VALUES ('dom-local-bound-a3-r3-edge-a3-b2', 'local-bound-a3', 'r3-edge-a3-b2') ON CONFLICT (incident_dominance_check_id) DO UPDATE SET local_degree_bound = EXCLUDED.local_degree_bound, other_edge = EXCLUDED.other_edge;

INSERT INTO incident_dominance_checks (incident_dominance_check_id, local_degree_bound, other_edge)
VALUES ('dom-local-bound-a3-r3-edge-a3-b3', 'local-bound-a3', 'r3-edge-a3-b3') ON CONFLICT (incident_dominance_check_id) DO UPDATE SET local_degree_bound = EXCLUDED.local_degree_bound, other_edge = EXCLUDED.other_edge;

INSERT INTO incident_dominance_checks (incident_dominance_check_id, local_degree_bound, other_edge)
VALUES ('dom-local-bound-a3-r3-edge-a3-c1', 'local-bound-a3', 'r3-edge-a3-c1') ON CONFLICT (incident_dominance_check_id) DO UPDATE SET local_degree_bound = EXCLUDED.local_degree_bound, other_edge = EXCLUDED.other_edge;

INSERT INTO incident_dominance_checks (incident_dominance_check_id, local_degree_bound, other_edge)
VALUES ('dom-local-bound-a3-r3-edge-a3-c2', 'local-bound-a3', 'r3-edge-a3-c2') ON CONFLICT (incident_dominance_check_id) DO UPDATE SET local_degree_bound = EXCLUDED.local_degree_bound, other_edge = EXCLUDED.other_edge;

INSERT INTO incident_dominance_checks (incident_dominance_check_id, local_degree_bound, other_edge)
VALUES ('dom-local-bound-a3-r3-edge-a3-c3', 'local-bound-a3', 'r3-edge-a3-c3') ON CONFLICT (incident_dominance_check_id) DO UPDATE SET local_degree_bound = EXCLUDED.local_degree_bound, other_edge = EXCLUDED.other_edge;

INSERT INTO incident_dominance_checks (incident_dominance_check_id, local_degree_bound, other_edge)
VALUES ('dom-local-bound-b1-r3-edge-a1-b1', 'local-bound-b1', 'r3-edge-a1-b1') ON CONFLICT (incident_dominance_check_id) DO UPDATE SET local_degree_bound = EXCLUDED.local_degree_bound, other_edge = EXCLUDED.other_edge;

INSERT INTO incident_dominance_checks (incident_dominance_check_id, local_degree_bound, other_edge)
VALUES ('dom-local-bound-b1-r3-edge-a2-b1', 'local-bound-b1', 'r3-edge-a2-b1') ON CONFLICT (incident_dominance_check_id) DO UPDATE SET local_degree_bound = EXCLUDED.local_degree_bound, other_edge = EXCLUDED.other_edge;

INSERT INTO incident_dominance_checks (incident_dominance_check_id, local_degree_bound, other_edge)
VALUES ('dom-local-bound-b1-r3-edge-a3-b1', 'local-bound-b1', 'r3-edge-a3-b1') ON CONFLICT (incident_dominance_check_id) DO UPDATE SET local_degree_bound = EXCLUDED.local_degree_bound, other_edge = EXCLUDED.other_edge;

INSERT INTO incident_dominance_checks (incident_dominance_check_id, local_degree_bound, other_edge)
VALUES ('dom-local-bound-b1-r3-edge-b1-c1', 'local-bound-b1', 'r3-edge-b1-c1') ON CONFLICT (incident_dominance_check_id) DO UPDATE SET local_degree_bound = EXCLUDED.local_degree_bound, other_edge = EXCLUDED.other_edge;

INSERT INTO incident_dominance_checks (incident_dominance_check_id, local_degree_bound, other_edge)
VALUES ('dom-local-bound-b1-r3-edge-b1-c2', 'local-bound-b1', 'r3-edge-b1-c2') ON CONFLICT (incident_dominance_check_id) DO UPDATE SET local_degree_bound = EXCLUDED.local_degree_bound, other_edge = EXCLUDED.other_edge;

INSERT INTO incident_dominance_checks (incident_dominance_check_id, local_degree_bound, other_edge)
VALUES ('dom-local-bound-b1-r3-edge-b1-c3', 'local-bound-b1', 'r3-edge-b1-c3') ON CONFLICT (incident_dominance_check_id) DO UPDATE SET local_degree_bound = EXCLUDED.local_degree_bound, other_edge = EXCLUDED.other_edge;

INSERT INTO incident_dominance_checks (incident_dominance_check_id, local_degree_bound, other_edge)
VALUES ('dom-local-bound-b2-r3-edge-a1-b2', 'local-bound-b2', 'r3-edge-a1-b2') ON CONFLICT (incident_dominance_check_id) DO UPDATE SET local_degree_bound = EXCLUDED.local_degree_bound, other_edge = EXCLUDED.other_edge;

INSERT INTO incident_dominance_checks (incident_dominance_check_id, local_degree_bound, other_edge)
VALUES ('dom-local-bound-b2-r3-edge-a2-b2', 'local-bound-b2', 'r3-edge-a2-b2') ON CONFLICT (incident_dominance_check_id) DO UPDATE SET local_degree_bound = EXCLUDED.local_degree_bound, other_edge = EXCLUDED.other_edge;

INSERT INTO incident_dominance_checks (incident_dominance_check_id, local_degree_bound, other_edge)
VALUES ('dom-local-bound-b2-r3-edge-a3-b2', 'local-bound-b2', 'r3-edge-a3-b2') ON CONFLICT (incident_dominance_check_id) DO UPDATE SET local_degree_bound = EXCLUDED.local_degree_bound, other_edge = EXCLUDED.other_edge;

INSERT INTO incident_dominance_checks (incident_dominance_check_id, local_degree_bound, other_edge)
VALUES ('dom-local-bound-b2-r3-edge-b2-c1', 'local-bound-b2', 'r3-edge-b2-c1') ON CONFLICT (incident_dominance_check_id) DO UPDATE SET local_degree_bound = EXCLUDED.local_degree_bound, other_edge = EXCLUDED.other_edge;

INSERT INTO incident_dominance_checks (incident_dominance_check_id, local_degree_bound, other_edge)
VALUES ('dom-local-bound-b2-r3-edge-b2-c2', 'local-bound-b2', 'r3-edge-b2-c2') ON CONFLICT (incident_dominance_check_id) DO UPDATE SET local_degree_bound = EXCLUDED.local_degree_bound, other_edge = EXCLUDED.other_edge;

INSERT INTO incident_dominance_checks (incident_dominance_check_id, local_degree_bound, other_edge)
VALUES ('dom-local-bound-b2-r3-edge-b2-c3', 'local-bound-b2', 'r3-edge-b2-c3') ON CONFLICT (incident_dominance_check_id) DO UPDATE SET local_degree_bound = EXCLUDED.local_degree_bound, other_edge = EXCLUDED.other_edge;

INSERT INTO incident_dominance_checks (incident_dominance_check_id, local_degree_bound, other_edge)
VALUES ('dom-local-bound-b3-r3-edge-a1-b3', 'local-bound-b3', 'r3-edge-a1-b3') ON CONFLICT (incident_dominance_check_id) DO UPDATE SET local_degree_bound = EXCLUDED.local_degree_bound, other_edge = EXCLUDED.other_edge;

INSERT INTO incident_dominance_checks (incident_dominance_check_id, local_degree_bound, other_edge)
VALUES ('dom-local-bound-b3-r3-edge-a2-b3', 'local-bound-b3', 'r3-edge-a2-b3') ON CONFLICT (incident_dominance_check_id) DO UPDATE SET local_degree_bound = EXCLUDED.local_degree_bound, other_edge = EXCLUDED.other_edge;

INSERT INTO incident_dominance_checks (incident_dominance_check_id, local_degree_bound, other_edge)
VALUES ('dom-local-bound-b3-r3-edge-a3-b3', 'local-bound-b3', 'r3-edge-a3-b3') ON CONFLICT (incident_dominance_check_id) DO UPDATE SET local_degree_bound = EXCLUDED.local_degree_bound, other_edge = EXCLUDED.other_edge;

INSERT INTO incident_dominance_checks (incident_dominance_check_id, local_degree_bound, other_edge)
VALUES ('dom-local-bound-b3-r3-edge-b3-c1', 'local-bound-b3', 'r3-edge-b3-c1') ON CONFLICT (incident_dominance_check_id) DO UPDATE SET local_degree_bound = EXCLUDED.local_degree_bound, other_edge = EXCLUDED.other_edge;

INSERT INTO incident_dominance_checks (incident_dominance_check_id, local_degree_bound, other_edge)
VALUES ('dom-local-bound-b3-r3-edge-b3-c2', 'local-bound-b3', 'r3-edge-b3-c2') ON CONFLICT (incident_dominance_check_id) DO UPDATE SET local_degree_bound = EXCLUDED.local_degree_bound, other_edge = EXCLUDED.other_edge;

INSERT INTO incident_dominance_checks (incident_dominance_check_id, local_degree_bound, other_edge)
VALUES ('dom-local-bound-b3-r3-edge-b3-c3', 'local-bound-b3', 'r3-edge-b3-c3') ON CONFLICT (incident_dominance_check_id) DO UPDATE SET local_degree_bound = EXCLUDED.local_degree_bound, other_edge = EXCLUDED.other_edge;

INSERT INTO incident_dominance_checks (incident_dominance_check_id, local_degree_bound, other_edge)
VALUES ('dom-local-bound-c1-r3-edge-a1-c1', 'local-bound-c1', 'r3-edge-a1-c1') ON CONFLICT (incident_dominance_check_id) DO UPDATE SET local_degree_bound = EXCLUDED.local_degree_bound, other_edge = EXCLUDED.other_edge;

INSERT INTO incident_dominance_checks (incident_dominance_check_id, local_degree_bound, other_edge)
VALUES ('dom-local-bound-c1-r3-edge-a2-c1', 'local-bound-c1', 'r3-edge-a2-c1') ON CONFLICT (incident_dominance_check_id) DO UPDATE SET local_degree_bound = EXCLUDED.local_degree_bound, other_edge = EXCLUDED.other_edge;

INSERT INTO incident_dominance_checks (incident_dominance_check_id, local_degree_bound, other_edge)
VALUES ('dom-local-bound-c1-r3-edge-a3-c1', 'local-bound-c1', 'r3-edge-a3-c1') ON CONFLICT (incident_dominance_check_id) DO UPDATE SET local_degree_bound = EXCLUDED.local_degree_bound, other_edge = EXCLUDED.other_edge;

INSERT INTO incident_dominance_checks (incident_dominance_check_id, local_degree_bound, other_edge)
VALUES ('dom-local-bound-c1-r3-edge-b1-c1', 'local-bound-c1', 'r3-edge-b1-c1') ON CONFLICT (incident_dominance_check_id) DO UPDATE SET local_degree_bound = EXCLUDED.local_degree_bound, other_edge = EXCLUDED.other_edge;

INSERT INTO incident_dominance_checks (incident_dominance_check_id, local_degree_bound, other_edge)
VALUES ('dom-local-bound-c1-r3-edge-b2-c1', 'local-bound-c1', 'r3-edge-b2-c1') ON CONFLICT (incident_dominance_check_id) DO UPDATE SET local_degree_bound = EXCLUDED.local_degree_bound, other_edge = EXCLUDED.other_edge;

INSERT INTO incident_dominance_checks (incident_dominance_check_id, local_degree_bound, other_edge)
VALUES ('dom-local-bound-c1-r3-edge-b3-c1', 'local-bound-c1', 'r3-edge-b3-c1') ON CONFLICT (incident_dominance_check_id) DO UPDATE SET local_degree_bound = EXCLUDED.local_degree_bound, other_edge = EXCLUDED.other_edge;

INSERT INTO incident_dominance_checks (incident_dominance_check_id, local_degree_bound, other_edge)
VALUES ('dom-local-bound-c2-r3-edge-a1-c2', 'local-bound-c2', 'r3-edge-a1-c2') ON CONFLICT (incident_dominance_check_id) DO UPDATE SET local_degree_bound = EXCLUDED.local_degree_bound, other_edge = EXCLUDED.other_edge;

INSERT INTO incident_dominance_checks (incident_dominance_check_id, local_degree_bound, other_edge)
VALUES ('dom-local-bound-c2-r3-edge-a2-c2', 'local-bound-c2', 'r3-edge-a2-c2') ON CONFLICT (incident_dominance_check_id) DO UPDATE SET local_degree_bound = EXCLUDED.local_degree_bound, other_edge = EXCLUDED.other_edge;

INSERT INTO incident_dominance_checks (incident_dominance_check_id, local_degree_bound, other_edge)
VALUES ('dom-local-bound-c2-r3-edge-a3-c2', 'local-bound-c2', 'r3-edge-a3-c2') ON CONFLICT (incident_dominance_check_id) DO UPDATE SET local_degree_bound = EXCLUDED.local_degree_bound, other_edge = EXCLUDED.other_edge;

INSERT INTO incident_dominance_checks (incident_dominance_check_id, local_degree_bound, other_edge)
VALUES ('dom-local-bound-c2-r3-edge-b1-c2', 'local-bound-c2', 'r3-edge-b1-c2') ON CONFLICT (incident_dominance_check_id) DO UPDATE SET local_degree_bound = EXCLUDED.local_degree_bound, other_edge = EXCLUDED.other_edge;

INSERT INTO incident_dominance_checks (incident_dominance_check_id, local_degree_bound, other_edge)
VALUES ('dom-local-bound-c2-r3-edge-b2-c2', 'local-bound-c2', 'r3-edge-b2-c2') ON CONFLICT (incident_dominance_check_id) DO UPDATE SET local_degree_bound = EXCLUDED.local_degree_bound, other_edge = EXCLUDED.other_edge;

INSERT INTO incident_dominance_checks (incident_dominance_check_id, local_degree_bound, other_edge)
VALUES ('dom-local-bound-c2-r3-edge-b3-c2', 'local-bound-c2', 'r3-edge-b3-c2') ON CONFLICT (incident_dominance_check_id) DO UPDATE SET local_degree_bound = EXCLUDED.local_degree_bound, other_edge = EXCLUDED.other_edge;

INSERT INTO incident_dominance_checks (incident_dominance_check_id, local_degree_bound, other_edge)
VALUES ('dom-local-bound-c3-r3-edge-a1-c3', 'local-bound-c3', 'r3-edge-a1-c3') ON CONFLICT (incident_dominance_check_id) DO UPDATE SET local_degree_bound = EXCLUDED.local_degree_bound, other_edge = EXCLUDED.other_edge;

INSERT INTO incident_dominance_checks (incident_dominance_check_id, local_degree_bound, other_edge)
VALUES ('dom-local-bound-c3-r3-edge-a2-c3', 'local-bound-c3', 'r3-edge-a2-c3') ON CONFLICT (incident_dominance_check_id) DO UPDATE SET local_degree_bound = EXCLUDED.local_degree_bound, other_edge = EXCLUDED.other_edge;

INSERT INTO incident_dominance_checks (incident_dominance_check_id, local_degree_bound, other_edge)
VALUES ('dom-local-bound-c3-r3-edge-a3-c3', 'local-bound-c3', 'r3-edge-a3-c3') ON CONFLICT (incident_dominance_check_id) DO UPDATE SET local_degree_bound = EXCLUDED.local_degree_bound, other_edge = EXCLUDED.other_edge;

INSERT INTO incident_dominance_checks (incident_dominance_check_id, local_degree_bound, other_edge)
VALUES ('dom-local-bound-c3-r3-edge-b1-c3', 'local-bound-c3', 'r3-edge-b1-c3') ON CONFLICT (incident_dominance_check_id) DO UPDATE SET local_degree_bound = EXCLUDED.local_degree_bound, other_edge = EXCLUDED.other_edge;

INSERT INTO incident_dominance_checks (incident_dominance_check_id, local_degree_bound, other_edge)
VALUES ('dom-local-bound-c3-r3-edge-b2-c3', 'local-bound-c3', 'r3-edge-b2-c3') ON CONFLICT (incident_dominance_check_id) DO UPDATE SET local_degree_bound = EXCLUDED.local_degree_bound, other_edge = EXCLUDED.other_edge;

INSERT INTO incident_dominance_checks (incident_dominance_check_id, local_degree_bound, other_edge)
VALUES ('dom-local-bound-c3-r3-edge-b3-c3', 'local-bound-c3', 'r3-edge-b3-c3') ON CONFLICT (incident_dominance_check_id) DO UPDATE SET local_degree_bound = EXCLUDED.local_degree_bound, other_edge = EXCLUDED.other_edge;

INSERT INTO incident_dominance_checks (incident_dominance_check_id, local_degree_bound, other_edge)
VALUES ('dom-local-bound-face-a-face-edge-a-c', 'local-bound-face-a', 'face-edge-a-c') ON CONFLICT (incident_dominance_check_id) DO UPDATE SET local_degree_bound = EXCLUDED.local_degree_bound, other_edge = EXCLUDED.other_edge;

INSERT INTO incident_dominance_checks (incident_dominance_check_id, local_degree_bound, other_edge)
VALUES ('dom-local-bound-face-b-face-edge-b-d', 'local-bound-face-b', 'face-edge-b-d') ON CONFLICT (incident_dominance_check_id) DO UPDATE SET local_degree_bound = EXCLUDED.local_degree_bound, other_edge = EXCLUDED.other_edge;

INSERT INTO incident_dominance_checks (incident_dominance_check_id, local_degree_bound, other_edge)
VALUES ('dom-local-bound-face-c-face-edge-c-d', 'local-bound-face-c', 'face-edge-c-d') ON CONFLICT (incident_dominance_check_id) DO UPDATE SET local_degree_bound = EXCLUDED.local_degree_bound, other_edge = EXCLUDED.other_edge;

INSERT INTO incident_dominance_checks (incident_dominance_check_id, local_degree_bound, other_edge)
VALUES ('dom-local-bound-face-d-face-edge-c-d', 'local-bound-face-d', 'face-edge-c-d') ON CONFLICT (incident_dominance_check_id) DO UPDATE SET local_degree_bound = EXCLUDED.local_degree_bound, other_edge = EXCLUDED.other_edge;

-- ----------------------------------------------------------------------------
-- InstanceLowerBounds: Global lower bounds obtained by summing certified local degree-two bounds and dividing by two because each tour edge is incident to two stops.
-- ----------------------------------------------------------------------------
INSERT INTO instance_lower_bounds (instance_lower_bound_id, tsp_instance, bound_kind, required_supplemental_term_count, supplemental_bound_adjustment, bound_composition_kind)
VALUES ('degree-two-lower-bound-gridville-5', 'tsp-gridville-5', 'SUM_TWO_CHEAPEST_INCIDENT_EDGES_DIVIDED_BY_TWO', 0, 0, 'DEGREE_TWO_ONLY') ON CONFLICT (instance_lower_bound_id) DO UPDATE SET tsp_instance = EXCLUDED.tsp_instance, bound_kind = EXCLUDED.bound_kind, required_supplemental_term_count = EXCLUDED.required_supplemental_term_count, supplemental_bound_adjustment = EXCLUDED.supplemental_bound_adjustment, bound_composition_kind = EXCLUDED.bound_composition_kind;

INSERT INTO instance_lower_bounds (instance_lower_bound_id, tsp_instance, bound_kind, required_supplemental_term_count, supplemental_bound_adjustment, bound_composition_kind)
VALUES ('degree-two-lower-bound-twin-triangles-6', 'tsp-twin-triangles-6', 'SUM_TWO_CHEAPEST_INCIDENT_EDGES_DIVIDED_BY_TWO', 2, 18, 'DEGREE_TWO_PLUS_COMPONENT_REPAIR') ON CONFLICT (instance_lower_bound_id) DO UPDATE SET tsp_instance = EXCLUDED.tsp_instance, bound_kind = EXCLUDED.bound_kind, required_supplemental_term_count = EXCLUDED.required_supplemental_term_count, supplemental_bound_adjustment = EXCLUDED.supplemental_bound_adjustment, bound_composition_kind = EXCLUDED.bound_composition_kind;

INSERT INTO instance_lower_bounds (instance_lower_bound_id, tsp_instance, bound_kind, required_supplemental_term_count, supplemental_bound_adjustment, bound_composition_kind)
VALUES ('degree-two-lower-bound-three-regions-9', 'tsp-three-regions-9', 'SUM_TWO_CHEAPEST_INCIDENT_EDGES_DIVIDED_BY_TWO', 2, 27, 'DEGREE_TWO_PLUS_THREE_REGION_REPAIR') ON CONFLICT (instance_lower_bound_id) DO UPDATE SET tsp_instance = EXCLUDED.tsp_instance, bound_kind = EXCLUDED.bound_kind, required_supplemental_term_count = EXCLUDED.required_supplemental_term_count, supplemental_bound_adjustment = EXCLUDED.supplemental_bound_adjustment, bound_composition_kind = EXCLUDED.bound_composition_kind;

INSERT INTO instance_lower_bounds (instance_lower_bound_id, tsp_instance, bound_kind, required_supplemental_term_count, supplemental_bound_adjustment, bound_composition_kind)
VALUES ('degree-two-lower-bound-optimal-face-4', 'tsp-optimal-face-4', 'SUM_TWO_CHEAPEST_INCIDENT_EDGES_DIVIDED_BY_TWO', 0, 0, 'DEGREE_TWO_ONLY') ON CONFLICT (instance_lower_bound_id) DO UPDATE SET tsp_instance = EXCLUDED.tsp_instance, bound_kind = EXCLUDED.bound_kind, required_supplemental_term_count = EXCLUDED.required_supplemental_term_count, supplemental_bound_adjustment = EXCLUDED.supplemental_bound_adjustment, bound_composition_kind = EXCLUDED.bound_composition_kind;

-- ----------------------------------------------------------------------------
-- TSPBoundTerms: Signed additive and constraint terms composing reusable lower-bound certificates.
-- ----------------------------------------------------------------------------
INSERT INTO tsp_bound_terms (tsp_bound_term_id, bound_certificate, tsp_instance, tsp_loop, term_kind, quantity, unit_weight, sign, constraint_kind, constraint_value, counts_toward_adjustment, is_certified, justification)
VALUES ('bound-term-twin-cut-parity', 'degree-two-lower-bound-twin-triangles-6', 'tsp-twin-triangles-6', 'tsp-loop-602', 'CUT_PARITY_REQUIREMENT', 2, 0, 1, 'POSITIVE_EVEN_CUT_CROSSING', 2, FALSE, TRUE, 'A cycle crosses every cut evenly; a Hamiltonian cycle connecting both selected components must cross positively, hence at least twice.') ON CONFLICT (tsp_bound_term_id) DO UPDATE SET bound_certificate = EXCLUDED.bound_certificate, tsp_instance = EXCLUDED.tsp_instance, tsp_loop = EXCLUDED.tsp_loop, term_kind = EXCLUDED.term_kind, quantity = EXCLUDED.quantity, unit_weight = EXCLUDED.unit_weight, sign = EXCLUDED.sign, constraint_kind = EXCLUDED.constraint_kind, constraint_value = EXCLUDED.constraint_value, counts_toward_adjustment = EXCLUDED.counts_toward_adjustment, is_certified = EXCLUDED.is_certified, justification = EXCLUDED.justification;

INSERT INTO tsp_bound_terms (tsp_bound_term_id, bound_certificate, tsp_instance, tsp_loop, term_kind, quantity, unit_weight, sign, constraint_kind, constraint_value, counts_toward_adjustment, is_certified, justification)
VALUES ('bound-term-twin-base-two-factor', 'degree-two-lower-bound-twin-triangles-6', 'tsp-twin-triangles-6', 'tsp-loop-603', 'BASE_DEGREE_TWO_BOUND', 1, 6, 1, 'BASE_LOWER_BOUND', 6, FALSE, TRUE, 'The witnessed local two-cheapest incidence bound is six.') ON CONFLICT (tsp_bound_term_id) DO UPDATE SET bound_certificate = EXCLUDED.bound_certificate, tsp_instance = EXCLUDED.tsp_instance, tsp_loop = EXCLUDED.tsp_loop, term_kind = EXCLUDED.term_kind, quantity = EXCLUDED.quantity, unit_weight = EXCLUDED.unit_weight, sign = EXCLUDED.sign, constraint_kind = EXCLUDED.constraint_kind, constraint_value = EXCLUDED.constraint_value, counts_toward_adjustment = EXCLUDED.counts_toward_adjustment, is_certified = EXCLUDED.is_certified, justification = EXCLUDED.justification;

INSERT INTO tsp_bound_terms (tsp_bound_term_id, bound_certificate, tsp_instance, tsp_loop, term_kind, quantity, unit_weight, sign, constraint_kind, constraint_value, counts_toward_adjustment, is_certified, justification)
VALUES ('bound-term-twin-crossing-insertion', 'degree-two-lower-bound-twin-triangles-6', 'tsp-twin-triangles-6', 'tsp-loop-603', 'MANDATORY_CROSSING_INSERTION', 2, 10, 1, 'MINIMUM_CROSSING_EDGE_COST', 10, TRUE, TRUE, 'Cut parity requires two crossings and every crossing edge costs ten.') ON CONFLICT (tsp_bound_term_id) DO UPDATE SET bound_certificate = EXCLUDED.bound_certificate, tsp_instance = EXCLUDED.tsp_instance, tsp_loop = EXCLUDED.tsp_loop, term_kind = EXCLUDED.term_kind, quantity = EXCLUDED.quantity, unit_weight = EXCLUDED.unit_weight, sign = EXCLUDED.sign, constraint_kind = EXCLUDED.constraint_kind, constraint_value = EXCLUDED.constraint_value, counts_toward_adjustment = EXCLUDED.counts_toward_adjustment, is_certified = EXCLUDED.is_certified, justification = EXCLUDED.justification;

INSERT INTO tsp_bound_terms (tsp_bound_term_id, bound_certificate, tsp_instance, tsp_loop, term_kind, quantity, unit_weight, sign, constraint_kind, constraint_value, counts_toward_adjustment, is_certified, justification)
VALUES ('bound-term-twin-internal-release', 'degree-two-lower-bound-twin-triangles-6', 'tsp-twin-triangles-6', 'tsp-loop-603', 'NECESSARY_INTERNAL_EDGE_RELEASE', 2, 1, -1, 'ONE_RELEASE_PER_COMPONENT', 2, TRUE, TRUE, 'Opening each three-cycle to accept two crossings releases one cost-one internal edge per component.') ON CONFLICT (tsp_bound_term_id) DO UPDATE SET bound_certificate = EXCLUDED.bound_certificate, tsp_instance = EXCLUDED.tsp_instance, tsp_loop = EXCLUDED.tsp_loop, term_kind = EXCLUDED.term_kind, quantity = EXCLUDED.quantity, unit_weight = EXCLUDED.unit_weight, sign = EXCLUDED.sign, constraint_kind = EXCLUDED.constraint_kind, constraint_value = EXCLUDED.constraint_value, counts_toward_adjustment = EXCLUDED.counts_toward_adjustment, is_certified = EXCLUDED.is_certified, justification = EXCLUDED.justification;

INSERT INTO tsp_bound_terms (tsp_bound_term_id, bound_certificate, tsp_instance, tsp_loop, term_kind, quantity, unit_weight, sign, constraint_kind, constraint_value, counts_toward_adjustment, is_certified, justification)
VALUES ('bound-term-three-region-boundary-handshake', 'degree-two-lower-bound-three-regions-9', 'tsp-three-regions-9', 'tsp-loop-637', 'REGION_BOUNDARY_HANDSHAKE', 3, 0, 1, 'SUM_REQUIRED_REGION_DEGREES_DIVIDED_BY_TWO', 3, FALSE, TRUE, 'Three quotient regions each require boundary degree two; total degree six counts every inter-region edge twice, so at least three crossing edges are required.') ON CONFLICT (tsp_bound_term_id) DO UPDATE SET bound_certificate = EXCLUDED.bound_certificate, tsp_instance = EXCLUDED.tsp_instance, tsp_loop = EXCLUDED.tsp_loop, term_kind = EXCLUDED.term_kind, quantity = EXCLUDED.quantity, unit_weight = EXCLUDED.unit_weight, sign = EXCLUDED.sign, constraint_kind = EXCLUDED.constraint_kind, constraint_value = EXCLUDED.constraint_value, counts_toward_adjustment = EXCLUDED.counts_toward_adjustment, is_certified = EXCLUDED.is_certified, justification = EXCLUDED.justification;

INSERT INTO tsp_bound_terms (tsp_bound_term_id, bound_certificate, tsp_instance, tsp_loop, term_kind, quantity, unit_weight, sign, constraint_kind, constraint_value, counts_toward_adjustment, is_certified, justification)
VALUES ('bound-term-three-region-base', 'degree-two-lower-bound-three-regions-9', 'tsp-three-regions-9', 'tsp-loop-638', 'BASE_DEGREE_TWO_BOUND', 1, 9, 1, 'BASE_LOWER_BOUND', 9, FALSE, TRUE, 'Nine local two-cheapest bounds each cost two; double-count correction gives nine.') ON CONFLICT (tsp_bound_term_id) DO UPDATE SET bound_certificate = EXCLUDED.bound_certificate, tsp_instance = EXCLUDED.tsp_instance, tsp_loop = EXCLUDED.tsp_loop, term_kind = EXCLUDED.term_kind, quantity = EXCLUDED.quantity, unit_weight = EXCLUDED.unit_weight, sign = EXCLUDED.sign, constraint_kind = EXCLUDED.constraint_kind, constraint_value = EXCLUDED.constraint_value, counts_toward_adjustment = EXCLUDED.counts_toward_adjustment, is_certified = EXCLUDED.is_certified, justification = EXCLUDED.justification;

INSERT INTO tsp_bound_terms (tsp_bound_term_id, bound_certificate, tsp_instance, tsp_loop, term_kind, quantity, unit_weight, sign, constraint_kind, constraint_value, counts_toward_adjustment, is_certified, justification)
VALUES ('bound-term-three-region-crossing-insertion', 'degree-two-lower-bound-three-regions-9', 'tsp-three-regions-9', 'tsp-loop-638', 'MANDATORY_CROSSING_INSERTION', 3, 10, 1, 'BOUNDARY_HANDSHAKE_AND_MINIMUM_CROSSING_COST', 10, TRUE, TRUE, 'Boundary handshake requires three crossings and the minimum available inter-region edge cost is ten.') ON CONFLICT (tsp_bound_term_id) DO UPDATE SET bound_certificate = EXCLUDED.bound_certificate, tsp_instance = EXCLUDED.tsp_instance, tsp_loop = EXCLUDED.tsp_loop, term_kind = EXCLUDED.term_kind, quantity = EXCLUDED.quantity, unit_weight = EXCLUDED.unit_weight, sign = EXCLUDED.sign, constraint_kind = EXCLUDED.constraint_kind, constraint_value = EXCLUDED.constraint_value, counts_toward_adjustment = EXCLUDED.counts_toward_adjustment, is_certified = EXCLUDED.is_certified, justification = EXCLUDED.justification;

INSERT INTO tsp_bound_terms (tsp_bound_term_id, bound_certificate, tsp_instance, tsp_loop, term_kind, quantity, unit_weight, sign, constraint_kind, constraint_value, counts_toward_adjustment, is_certified, justification)
VALUES ('bound-term-three-region-internal-release', 'degree-two-lower-bound-three-regions-9', 'tsp-three-regions-9', 'tsp-loop-638', 'NECESSARY_INTERNAL_EDGE_RELEASE', 3, 1, -1, 'ONE_RELEASE_PER_REGION_CYCLE', 3, TRUE, TRUE, 'Opening each cost-one local triangle to accept boundary incidence releases one cost-one internal edge per region.') ON CONFLICT (tsp_bound_term_id) DO UPDATE SET bound_certificate = EXCLUDED.bound_certificate, tsp_instance = EXCLUDED.tsp_instance, tsp_loop = EXCLUDED.tsp_loop, term_kind = EXCLUDED.term_kind, quantity = EXCLUDED.quantity, unit_weight = EXCLUDED.unit_weight, sign = EXCLUDED.sign, constraint_kind = EXCLUDED.constraint_kind, constraint_value = EXCLUDED.constraint_value, counts_toward_adjustment = EXCLUDED.counts_toward_adjustment, is_certified = EXCLUDED.is_certified, justification = EXCLUDED.justification;

-- ----------------------------------------------------------------------------
-- OptimalityCertificates: Finite-instance optimality certificates. Passing requires a valid Hamiltonian witness, a certified lower bound for the same instance, and equality between candidate cost and lower bound.
-- ----------------------------------------------------------------------------
INSERT INTO optimality_certificates (optimality_certificate_id, candidate_tour, instance_lower_bound)
VALUES ('optimality-gridville-reference-ring', 'tour-reference-ring', 'degree-two-lower-bound-gridville-5') ON CONFLICT (optimality_certificate_id) DO UPDATE SET candidate_tour = EXCLUDED.candidate_tour, instance_lower_bound = EXCLUDED.instance_lower_bound;

INSERT INTO optimality_certificates (optimality_certificate_id, candidate_tour, instance_lower_bound)
VALUES ('optimality-twin-triangles-component-repair', 'tour-twin-triangles-feasible-24', 'degree-two-lower-bound-twin-triangles-6') ON CONFLICT (optimality_certificate_id) DO UPDATE SET candidate_tour = EXCLUDED.candidate_tour, instance_lower_bound = EXCLUDED.instance_lower_bound;

INSERT INTO optimality_certificates (optimality_certificate_id, candidate_tour, instance_lower_bound)
VALUES ('optimality-three-region-repair-36', 'tour-three-region-repair-36', 'degree-two-lower-bound-three-regions-9') ON CONFLICT (optimality_certificate_id) DO UPDATE SET candidate_tour = EXCLUDED.candidate_tour, instance_lower_bound = EXCLUDED.instance_lower_bound;

INSERT INTO optimality_certificates (optimality_certificate_id, candidate_tour, instance_lower_bound)
VALUES ('optimality-tour-optimal-face-abcd-4', 'tour-optimal-face-abcd-4', 'degree-two-lower-bound-optimal-face-4') ON CONFLICT (optimality_certificate_id) DO UPDATE SET candidate_tour = EXCLUDED.candidate_tour, instance_lower_bound = EXCLUDED.instance_lower_bound;

INSERT INTO optimality_certificates (optimality_certificate_id, candidate_tour, instance_lower_bound)
VALUES ('optimality-tour-optimal-face-acbd-4', 'tour-optimal-face-acbd-4', 'degree-two-lower-bound-optimal-face-4') ON CONFLICT (optimality_certificate_id) DO UPDATE SET candidate_tour = EXCLUDED.candidate_tour, instance_lower_bound = EXCLUDED.instance_lower_bound;

-- ----------------------------------------------------------------------------
-- TSPExecutionRuns: Execution attempts against a concrete substrate; blocked and failed runs remain first-class evidence.
-- ----------------------------------------------------------------------------
INSERT INTO tsp_execution_runs (tsp_execution_run_id, tsp_loop, substrate, attempted_at, build_command, build_succeeded, database_initialized, conformance_succeeded, status, failure_reason)
VALUES ('postgres-commissioning-loop-587', 'tsp-loop-587', 'POSTGRES_GENERATED_VIEWS', '29627376455', 'bash start.sh all', FALSE, FALSE, FALSE, 'BLOCKED', 'missing required executable(s): effortless') ON CONFLICT (tsp_execution_run_id) DO UPDATE SET tsp_loop = EXCLUDED.tsp_loop, substrate = EXCLUDED.substrate, attempted_at = EXCLUDED.attempted_at, build_command = EXCLUDED.build_command, build_succeeded = EXCLUDED.build_succeeded, database_initialized = EXCLUDED.database_initialized, conformance_succeeded = EXCLUDED.conformance_succeeded, status = EXCLUDED.status, failure_reason = EXCLUDED.failure_reason;

INSERT INTO tsp_execution_runs (tsp_execution_run_id, tsp_loop, substrate, attempted_at, build_command, build_succeeded, database_initialized, conformance_succeeded, status, failure_reason)
VALUES ('postgres-commissioning-loop-587-retry-2', 'tsp-loop-587', 'POSTGRES_GENERATED_VIEWS', '29631462318', 'npm install -g GitHub CLI URL', FALSE, FALSE, FALSE, 'FAILED', 'npm installation exited nonzero before transcript persistence.') ON CONFLICT (tsp_execution_run_id) DO UPDATE SET tsp_loop = EXCLUDED.tsp_loop, substrate = EXCLUDED.substrate, attempted_at = EXCLUDED.attempted_at, build_command = EXCLUDED.build_command, build_succeeded = EXCLUDED.build_succeeded, database_initialized = EXCLUDED.database_initialized, conformance_succeeded = EXCLUDED.conformance_succeeded, status = EXCLUDED.status, failure_reason = EXCLUDED.failure_reason;

INSERT INTO tsp_execution_runs (tsp_execution_run_id, tsp_loop, substrate, attempted_at, build_command, build_succeeded, database_initialized, conformance_succeeded, status, failure_reason)
VALUES ('postgres-commissioning-loop-587-retry-3', 'tsp-loop-587', 'POSTGRES_GENERATED_VIEWS', '29631550495', 'npm install -g git+https pinned CLI', FALSE, FALSE, FALSE, 'FAILED', 'npm ENOTDIR in the hosted runner shared global module prefix.') ON CONFLICT (tsp_execution_run_id) DO UPDATE SET tsp_loop = EXCLUDED.tsp_loop, substrate = EXCLUDED.substrate, attempted_at = EXCLUDED.attempted_at, build_command = EXCLUDED.build_command, build_succeeded = EXCLUDED.build_succeeded, database_initialized = EXCLUDED.database_initialized, conformance_succeeded = EXCLUDED.conformance_succeeded, status = EXCLUDED.status, failure_reason = EXCLUDED.failure_reason;

INSERT INTO tsp_execution_runs (tsp_execution_run_id, tsp_loop, substrate, attempted_at, build_command, build_succeeded, database_initialized, conformance_succeeded, status, failure_reason)
VALUES ('postgres-commissioning-loop-587-retry-4', 'tsp-loop-587', 'POSTGRES_GENERATED_VIEWS', '29631700762', 'isolated npm prefix with git dependency', FALSE, FALSE, FALSE, 'FAILED', 'npm git-dependency preparation reproduced ENOTDIR in an isolated prefix.') ON CONFLICT (tsp_execution_run_id) DO UPDATE SET tsp_loop = EXCLUDED.tsp_loop, substrate = EXCLUDED.substrate, attempted_at = EXCLUDED.attempted_at, build_command = EXCLUDED.build_command, build_succeeded = EXCLUDED.build_succeeded, database_initialized = EXCLUDED.database_initialized, conformance_succeeded = EXCLUDED.conformance_succeeded, status = EXCLUDED.status, failure_reason = EXCLUDED.failure_reason;

INSERT INTO tsp_execution_runs (tsp_execution_run_id, tsp_loop, substrate, attempted_at, build_command, build_succeeded, database_initialized, conformance_succeeded, status, failure_reason)
VALUES ('postgres-commissioning-loop-587-retry-5', 'tsp-loop-587', 'POSTGRES_GENERATED_VIEWS', '29631879613', 'npm install pinned archive; downstream build', FALSE, FALSE, FALSE, 'FAILED', 'Archive installation succeeded; downstream step failed before transcript persistence.') ON CONFLICT (tsp_execution_run_id) DO UPDATE SET tsp_loop = EXCLUDED.tsp_loop, substrate = EXCLUDED.substrate, attempted_at = EXCLUDED.attempted_at, build_command = EXCLUDED.build_command, build_succeeded = EXCLUDED.build_succeeded, database_initialized = EXCLUDED.database_initialized, conformance_succeeded = EXCLUDED.conformance_succeeded, status = EXCLUDED.status, failure_reason = EXCLUDED.failure_reason;

INSERT INTO tsp_execution_runs (tsp_execution_run_id, tsp_loop, substrate, attempted_at, build_command, build_succeeded, database_initialized, conformance_succeeded, status, failure_reason)
VALUES ('postgres-commissioning-loop-587-retry-6', 'tsp-loop-587', 'POSTGRES_GENERATED_VIEWS', '29632044920', 'archive install; diagnostic build wrapper', FALSE, FALSE, FALSE, 'FAILED', 'Unbound cross-step NPM_CONFIG_PREFIX stopped the shell before build.') ON CONFLICT (tsp_execution_run_id) DO UPDATE SET tsp_loop = EXCLUDED.tsp_loop, substrate = EXCLUDED.substrate, attempted_at = EXCLUDED.attempted_at, build_command = EXCLUDED.build_command, build_succeeded = EXCLUDED.build_succeeded, database_initialized = EXCLUDED.database_initialized, conformance_succeeded = EXCLUDED.conformance_succeeded, status = EXCLUDED.status, failure_reason = EXCLUDED.failure_reason;

INSERT INTO tsp_execution_runs (tsp_execution_run_id, tsp_loop, substrate, attempted_at, build_command, build_succeeded, database_initialized, conformance_succeeded, status, failure_reason)
VALUES ('postgres-commissioning-loop-587-retry-7', 'tsp-loop-587', 'POSTGRES_GENERATED_VIEWS', '29632306954', 'archive install; build; db; test; show', TRUE, TRUE, FALSE, 'FAILED', 'All substantive comparisons passed; a stale hard-coded frontier oracle expected 8/0/4 instead of canonical and Postgres 16/0/13.') ON CONFLICT (tsp_execution_run_id) DO UPDATE SET tsp_loop = EXCLUDED.tsp_loop, substrate = EXCLUDED.substrate, attempted_at = EXCLUDED.attempted_at, build_command = EXCLUDED.build_command, build_succeeded = EXCLUDED.build_succeeded, database_initialized = EXCLUDED.database_initialized, conformance_succeeded = EXCLUDED.conformance_succeeded, status = EXCLUDED.status, failure_reason = EXCLUDED.failure_reason;

INSERT INTO tsp_execution_runs (tsp_execution_run_id, tsp_loop, substrate, attempted_at, build_command, build_succeeded, database_initialized, conformance_succeeded, status, failure_reason)
VALUES ('postgres-commissioning-loop-587-retry-8', 'tsp-loop-587', 'POSTGRES_GENERATED_VIEWS', '29632561258', 'archive install; canonical-oracle build; db; test; show', TRUE, TRUE, TRUE, 'FAILED', 'The generated substrate and complete peer conformance passed; the chained post-conformance ledger finalizer failed before durable closure.') ON CONFLICT (tsp_execution_run_id) DO UPDATE SET tsp_loop = EXCLUDED.tsp_loop, substrate = EXCLUDED.substrate, attempted_at = EXCLUDED.attempted_at, build_command = EXCLUDED.build_command, build_succeeded = EXCLUDED.build_succeeded, database_initialized = EXCLUDED.database_initialized, conformance_succeeded = EXCLUDED.conformance_succeeded, status = EXCLUDED.status, failure_reason = EXCLUDED.failure_reason;

INSERT INTO tsp_execution_runs (tsp_execution_run_id, tsp_loop, substrate, attempted_at, build_command, build_succeeded, database_initialized, conformance_succeeded, status, failure_reason)
VALUES ('postgres-commissioning-loop-587-retry-10', 'tsp-loop-587', 'POSTGRES_GENERATED_VIEWS', '29633034883', 'npm install pinned CLI archive; start.sh build; db; test; show; standalone finalizer', TRUE, TRUE, TRUE, 'SUCCEEDED', NULL) ON CONFLICT (tsp_execution_run_id) DO UPDATE SET tsp_loop = EXCLUDED.tsp_loop, substrate = EXCLUDED.substrate, attempted_at = EXCLUDED.attempted_at, build_command = EXCLUDED.build_command, build_succeeded = EXCLUDED.build_succeeded, database_initialized = EXCLUDED.database_initialized, conformance_succeeded = EXCLUDED.conformance_succeeded, status = EXCLUDED.status, failure_reason = EXCLUDED.failure_reason;

INSERT INTO tsp_execution_runs (tsp_execution_run_id, tsp_loop, substrate, attempted_at, build_command, build_succeeded, database_initialized, conformance_succeeded, status, failure_reason)
VALUES ('postgres-commissioning-loop-587-retry-9', 'tsp-loop-587', 'POSTGRES_GENERATED_VIEWS', '29632874612', 'pinned archive; build; db; test; show; standalone ledger finalizer', TRUE, TRUE, TRUE, 'FAILED', 'All generated-substrate and peer checks passed. The ledger finalizer rejected PostgreSQL NUMERIC text 14.0000000000000000 against the presentation string 14 before canonical closure was persisted.') ON CONFLICT (tsp_execution_run_id) DO UPDATE SET tsp_loop = EXCLUDED.tsp_loop, substrate = EXCLUDED.substrate, attempted_at = EXCLUDED.attempted_at, build_command = EXCLUDED.build_command, build_succeeded = EXCLUDED.build_succeeded, database_initialized = EXCLUDED.database_initialized, conformance_succeeded = EXCLUDED.conformance_succeeded, status = EXCLUDED.status, failure_reason = EXCLUDED.failure_reason;

-- ----------------------------------------------------------------------------
-- TSPArtifacts: Content-addressed artifacts emitted or expected from substrate execution.
-- ----------------------------------------------------------------------------
INSERT INTO tsp_artifacts (tsp_artifact_id, execution_run, artifact_kind, relative_path, sha256, is_present)
VALUES ('loop-587-canonical_rulebook', 'postgres-commissioning-loop-587', 'CANONICAL_RULEBOOK', 'rulebook-examples/effortless-math/domains/traveling-salesman/effortless-rulebook/traveling-salesman-rulebook.json', '8dd7c88383b9be4e765b03ea0ecf6e18dc5ca1f560e8dc021a026ea83f3932da', TRUE) ON CONFLICT (tsp_artifact_id) DO UPDATE SET execution_run = EXCLUDED.execution_run, artifact_kind = EXCLUDED.artifact_kind, relative_path = EXCLUDED.relative_path, sha256 = EXCLUDED.sha256, is_present = EXCLUDED.is_present;

INSERT INTO tsp_artifacts (tsp_artifact_id, execution_run, artifact_kind, relative_path, sha256, is_present)
VALUES ('loop-587-generated_postgres_directory', 'postgres-commissioning-loop-587', 'GENERATED_POSTGRES_DIRECTORY', 'rulebook-examples/effortless-math/domains/traveling-salesman/effortless-postgres', NULL, TRUE) ON CONFLICT (tsp_artifact_id) DO UPDATE SET execution_run = EXCLUDED.execution_run, artifact_kind = EXCLUDED.artifact_kind, relative_path = EXCLUDED.relative_path, sha256 = EXCLUDED.sha256, is_present = EXCLUDED.is_present;

INSERT INTO tsp_artifacts (tsp_artifact_id, execution_run, artifact_kind, relative_path, sha256, is_present)
VALUES ('postgres-commissioning-loop-587-retry-3-cli-install-failure-transcript', 'postgres-commissioning-loop-587-retry-3', 'CLI_INSTALL_FAILURE_TRANSCRIPT', '.tsp-loop-587-cli-install.log', '6c3c6720a168ab0516b9d998eeb2ef99f7a49016807b6fa135a3dea9c291460a', TRUE) ON CONFLICT (tsp_artifact_id) DO UPDATE SET execution_run = EXCLUDED.execution_run, artifact_kind = EXCLUDED.artifact_kind, relative_path = EXCLUDED.relative_path, sha256 = EXCLUDED.sha256, is_present = EXCLUDED.is_present;

INSERT INTO tsp_artifacts (tsp_artifact_id, execution_run, artifact_kind, relative_path, sha256, is_present)
VALUES ('postgres-commissioning-loop-587-retry-4-cli-install-failure-transcript', 'postgres-commissioning-loop-587-retry-4', 'CLI_INSTALL_FAILURE_TRANSCRIPT', '.tsp-loop-587-cli-install-retry-4.log', 'bf01f3a1a78144070b57719bf4390df99ad35b8345410b141cfd392df0f0004f', TRUE) ON CONFLICT (tsp_artifact_id) DO UPDATE SET execution_run = EXCLUDED.execution_run, artifact_kind = EXCLUDED.artifact_kind, relative_path = EXCLUDED.relative_path, sha256 = EXCLUDED.sha256, is_present = EXCLUDED.is_present;

INSERT INTO tsp_artifacts (tsp_artifact_id, execution_run, artifact_kind, relative_path, sha256, is_present)
VALUES ('postgres-commissioning-loop-587-retry-6-workflow-failure-transcript', 'postgres-commissioning-loop-587-retry-6', 'WORKFLOW_FAILURE_TRANSCRIPT', 'rulebook-examples/effortless-math/domains/traveling-salesman/testing/postgres-commissioning-retry-6.log', '9084d37f747006a5100aefdfbe5d859e321bdbacad2059648a0b974d5f371aee', TRUE) ON CONFLICT (tsp_artifact_id) DO UPDATE SET execution_run = EXCLUDED.execution_run, artifact_kind = EXCLUDED.artifact_kind, relative_path = EXCLUDED.relative_path, sha256 = EXCLUDED.sha256, is_present = EXCLUDED.is_present;

INSERT INTO tsp_artifacts (tsp_artifact_id, execution_run, artifact_kind, relative_path, sha256, is_present)
VALUES ('postgres-commissioning-loop-587-retry-7-generated-substrate-and-stale-oracle-transcript', 'postgres-commissioning-loop-587-retry-7', 'GENERATED_SUBSTRATE_AND_STALE_ORACLE_TRANSCRIPT', 'rulebook-examples/effortless-math/domains/traveling-salesman/testing/postgres-commissioning-retry-7.log', 'd4d5e93d0856f4095d4a2919166e4a2286edad8e820c7dd5f2d6a121128b6281', TRUE) ON CONFLICT (tsp_artifact_id) DO UPDATE SET execution_run = EXCLUDED.execution_run, artifact_kind = EXCLUDED.artifact_kind, relative_path = EXCLUDED.relative_path, sha256 = EXCLUDED.sha256, is_present = EXCLUDED.is_present;

INSERT INTO tsp_artifacts (tsp_artifact_id, execution_run, artifact_kind, relative_path, sha256, is_present)
VALUES ('loop-587-retry-10-build-input-rulebook', 'postgres-commissioning-loop-587-retry-10', 'BUILD_INPUT_RULEBOOK', 'rulebook-examples/effortless-math/domains/traveling-salesman/effortless-rulebook/traveling-salesman-rulebook.json', '9e4ee0e680d38ad9b3353fbc857c4d4d7875133197338bccceb0f2db69620c90', TRUE) ON CONFLICT (tsp_artifact_id) DO UPDATE SET execution_run = EXCLUDED.execution_run, artifact_kind = EXCLUDED.artifact_kind, relative_path = EXCLUDED.relative_path, sha256 = EXCLUDED.sha256, is_present = EXCLUDED.is_present;

INSERT INTO tsp_artifacts (tsp_artifact_id, execution_run, artifact_kind, relative_path, sha256, is_present)
VALUES ('loop-587-retry-10-generated-postgres-tree', 'postgres-commissioning-loop-587-retry-10', 'GENERATED_POSTGRES_TREE', 'rulebook-examples/effortless-math/domains/traveling-salesman/effortless-postgres', '52a43b65f1f868ee752043a1e6012d38f8aa9ffbcd8020aed1cb9507bfdca427', TRUE) ON CONFLICT (tsp_artifact_id) DO UPDATE SET execution_run = EXCLUDED.execution_run, artifact_kind = EXCLUDED.artifact_kind, relative_path = EXCLUDED.relative_path, sha256 = EXCLUDED.sha256, is_present = EXCLUDED.is_present;

INSERT INTO tsp_artifacts (tsp_artifact_id, execution_run, artifact_kind, relative_path, sha256, is_present)
VALUES ('loop-587-retry-10-generated-rulespeak-tree', 'postgres-commissioning-loop-587-retry-10', 'GENERATED_RULESPEAK_TREE', 'rulebook-examples/effortless-math/domains/traveling-salesman/rulespeak', '0bf9cbe820e706586e1600029deffd2615cdc4448520ac7d47ea9455eba7679d', TRUE) ON CONFLICT (tsp_artifact_id) DO UPDATE SET execution_run = EXCLUDED.execution_run, artifact_kind = EXCLUDED.artifact_kind, relative_path = EXCLUDED.relative_path, sha256 = EXCLUDED.sha256, is_present = EXCLUDED.is_present;

INSERT INTO tsp_artifacts (tsp_artifact_id, execution_run, artifact_kind, relative_path, sha256, is_present)
VALUES ('loop-587-retry-10-commissioning-transcript', 'postgres-commissioning-loop-587-retry-10', 'COMMISSIONING_TRANSCRIPT', 'rulebook-examples/effortless-math/domains/traveling-salesman/testing/postgres-commissioning-success.log', 'ae8190f4c6084cbd1d2a3e9ae359a2b1966cf99dfcb2423d92cf98e6aaf8f7a5', TRUE) ON CONFLICT (tsp_artifact_id) DO UPDATE SET execution_run = EXCLUDED.execution_run, artifact_kind = EXCLUDED.artifact_kind, relative_path = EXCLUDED.relative_path, sha256 = EXCLUDED.sha256, is_present = EXCLUDED.is_present;

INSERT INTO tsp_artifacts (tsp_artifact_id, execution_run, artifact_kind, relative_path, sha256, is_present)
VALUES ('loop-587-retry-9-finalization-log', 'postgres-commissioning-loop-587-retry-9', 'LEDGER_FINALIZATION_FAILURE_TRANSCRIPT', 'rulebook-examples/effortless-math/domains/traveling-salesman/testing/postgres-commissioning-finalization-retry-9.log', '6516deab2de42c971cc55ef2d752d3d5cb2154dd343cd7827803e1bd6ed8bd2b', TRUE) ON CONFLICT (tsp_artifact_id) DO UPDATE SET execution_run = EXCLUDED.execution_run, artifact_kind = EXCLUDED.artifact_kind, relative_path = EXCLUDED.relative_path, sha256 = EXCLUDED.sha256, is_present = EXCLUDED.is_present;

-- ----------------------------------------------------------------------------
-- TSPConformanceChecks: Expected-versus-actual checks for a substrate run.
-- ----------------------------------------------------------------------------
INSERT INTO tsp_conformance_checks (tsp_conformance_check_id, execution_run, check_kind, subject_id, expected_value, actual_value, status)
VALUES ('loop-587-generated_build', 'postgres-commissioning-loop-587', 'GENERATED_BUILD', 'tsp-domain', 'PASS', 'BLOCKED', 'BLOCKED') ON CONFLICT (tsp_conformance_check_id) DO UPDATE SET execution_run = EXCLUDED.execution_run, check_kind = EXCLUDED.check_kind, subject_id = EXCLUDED.subject_id, expected_value = EXCLUDED.expected_value, actual_value = EXCLUDED.actual_value, status = EXCLUDED.status;

INSERT INTO tsp_conformance_checks (tsp_conformance_check_id, execution_run, check_kind, subject_id, expected_value, actual_value, status)
VALUES ('loop-587-database_initialization', 'postgres-commissioning-loop-587', 'DATABASE_INITIALIZATION', 'tsp-domain', 'PASS', 'BLOCKED', 'BLOCKED') ON CONFLICT (tsp_conformance_check_id) DO UPDATE SET execution_run = EXCLUDED.execution_run, check_kind = EXCLUDED.check_kind, subject_id = EXCLUDED.subject_id, expected_value = EXCLUDED.expected_value, actual_value = EXCLUDED.actual_value, status = EXCLUDED.status;

INSERT INTO tsp_conformance_checks (tsp_conformance_check_id, execution_run, check_kind, subject_id, expected_value, actual_value, status)
VALUES ('loop-587-python_postgres_conformance', 'postgres-commissioning-loop-587', 'PYTHON_POSTGRES_CONFORMANCE', 'tsp-domain', 'PASS', 'BLOCKED', 'BLOCKED') ON CONFLICT (tsp_conformance_check_id) DO UPDATE SET execution_run = EXCLUDED.execution_run, check_kind = EXCLUDED.check_kind, subject_id = EXCLUDED.subject_id, expected_value = EXCLUDED.expected_value, actual_value = EXCLUDED.actual_value, status = EXCLUDED.status;

INSERT INTO tsp_conformance_checks (tsp_conformance_check_id, execution_run, check_kind, subject_id, expected_value, actual_value, status)
VALUES ('loop-587-retry-7-stale-frontier-oracle', 'postgres-commissioning-loop-587-retry-7', 'TEST_ORACLE_ALIGNMENT', 'TSPFrontierObligations', '8,0,4 (stale)', '16,0,13 (canonical and Postgres)', 'FAIL') ON CONFLICT (tsp_conformance_check_id) DO UPDATE SET execution_run = EXCLUDED.execution_run, check_kind = EXCLUDED.check_kind, subject_id = EXCLUDED.subject_id, expected_value = EXCLUDED.expected_value, actual_value = EXCLUDED.actual_value, status = EXCLUDED.status;

INSERT INTO tsp_conformance_checks (tsp_conformance_check_id, execution_run, check_kind, subject_id, expected_value, actual_value, status)
VALUES ('loop-587-retry-8-ledger-finalization', 'postgres-commissioning-loop-587-retry-8', 'CERTIFICATE_PERSISTENCE', 'loop-587 closure transaction', 'PASS', 'FAIL', 'FAIL') ON CONFLICT (tsp_conformance_check_id) DO UPDATE SET execution_run = EXCLUDED.execution_run, check_kind = EXCLUDED.check_kind, subject_id = EXCLUDED.subject_id, expected_value = EXCLUDED.expected_value, actual_value = EXCLUDED.actual_value, status = EXCLUDED.status;

INSERT INTO tsp_conformance_checks (tsp_conformance_check_id, execution_run, check_kind, subject_id, expected_value, actual_value, status)
VALUES ('loop-587-retry-10-gridville-complete', 'postgres-commissioning-loop-587-retry-10', 'LIVE_VIEW_VALUE', 'gridville_complete', 'true', 'true', 'PASS') ON CONFLICT (tsp_conformance_check_id) DO UPDATE SET execution_run = EXCLUDED.execution_run, check_kind = EXCLUDED.check_kind, subject_id = EXCLUDED.subject_id, expected_value = EXCLUDED.expected_value, actual_value = EXCLUDED.actual_value, status = EXCLUDED.status;

INSERT INTO tsp_conformance_checks (tsp_conformance_check_id, execution_run, check_kind, subject_id, expected_value, actual_value, status)
VALUES ('loop-587-retry-10-reference-tour', 'postgres-commissioning-loop-587-retry-10', 'LIVE_VIEW_VALUE', 'reference_tour', 'true,true,14', 'true,true,14', 'PASS') ON CONFLICT (tsp_conformance_check_id) DO UPDATE SET execution_run = EXCLUDED.execution_run, check_kind = EXCLUDED.check_kind, subject_id = EXCLUDED.subject_id, expected_value = EXCLUDED.expected_value, actual_value = EXCLUDED.actual_value, status = EXCLUDED.status;

INSERT INTO tsp_conformance_checks (tsp_conformance_check_id, execution_run, check_kind, subject_id, expected_value, actual_value, status)
VALUES ('loop-587-retry-10-degree-two-lower-bound', 'postgres-commissioning-loop-587-retry-10', 'LIVE_VIEW_VALUE', 'degree_two_lower_bound', 'true,14', 'true,14', 'PASS') ON CONFLICT (tsp_conformance_check_id) DO UPDATE SET execution_run = EXCLUDED.execution_run, check_kind = EXCLUDED.check_kind, subject_id = EXCLUDED.subject_id, expected_value = EXCLUDED.expected_value, actual_value = EXCLUDED.actual_value, status = EXCLUDED.status;

INSERT INTO tsp_conformance_checks (tsp_conformance_check_id, execution_run, check_kind, subject_id, expected_value, actual_value, status)
VALUES ('loop-587-retry-10-cli-installation', 'postgres-commissioning-loop-587-retry-10', 'CLI_INSTALLATION', 'EffortlessAPI/cli@1551cb82d5a8992ad09e4c82d08e28493f92f7b4', 'PASS', 'PASS', 'PASS') ON CONFLICT (tsp_conformance_check_id) DO UPDATE SET execution_run = EXCLUDED.execution_run, check_kind = EXCLUDED.check_kind, subject_id = EXCLUDED.subject_id, expected_value = EXCLUDED.expected_value, actual_value = EXCLUDED.actual_value, status = EXCLUDED.status;

INSERT INTO tsp_conformance_checks (tsp_conformance_check_id, execution_run, check_kind, subject_id, expected_value, actual_value, status)
VALUES ('loop-587-retry-10-generated-build', 'postgres-commissioning-loop-587-retry-10', 'GENERATED_BUILD', 'traveling-salesman', 'PASS', 'PASS', 'PASS') ON CONFLICT (tsp_conformance_check_id) DO UPDATE SET execution_run = EXCLUDED.execution_run, check_kind = EXCLUDED.check_kind, subject_id = EXCLUDED.subject_id, expected_value = EXCLUDED.expected_value, actual_value = EXCLUDED.actual_value, status = EXCLUDED.status;

INSERT INTO tsp_conformance_checks (tsp_conformance_check_id, execution_run, check_kind, subject_id, expected_value, actual_value, status)
VALUES ('loop-587-retry-10-database-initialization', 'postgres-commissioning-loop-587-retry-10', 'DATABASE_INITIALIZATION', 'erb_traveling_salesman', 'PASS', 'PASS', 'PASS') ON CONFLICT (tsp_conformance_check_id) DO UPDATE SET execution_run = EXCLUDED.execution_run, check_kind = EXCLUDED.check_kind, subject_id = EXCLUDED.subject_id, expected_value = EXCLUDED.expected_value, actual_value = EXCLUDED.actual_value, status = EXCLUDED.status;

INSERT INTO tsp_conformance_checks (tsp_conformance_check_id, execution_run, check_kind, subject_id, expected_value, actual_value, status)
VALUES ('loop-587-retry-10-python-postgres-conformance', 'postgres-commissioning-loop-587-retry-10', 'PYTHON_POSTGRES_CONFORMANCE', 'testing/take-test.py', 'PASS', 'PASS', 'PASS') ON CONFLICT (tsp_conformance_check_id) DO UPDATE SET execution_run = EXCLUDED.execution_run, check_kind = EXCLUDED.check_kind, subject_id = EXCLUDED.subject_id, expected_value = EXCLUDED.expected_value, actual_value = EXCLUDED.actual_value, status = EXCLUDED.status;

INSERT INTO tsp_conformance_checks (tsp_conformance_check_id, execution_run, check_kind, subject_id, expected_value, actual_value, status)
VALUES ('loop-587-retry-9-numeric-text-normalization', 'postgres-commissioning-loop-587-retry-9', 'CERTIFICATE_PERSISTENCE', 'degree_two_lower_bound numeric text', '14', '14.0000000000000000', 'FAIL') ON CONFLICT (tsp_conformance_check_id) DO UPDATE SET execution_run = EXCLUDED.execution_run, check_kind = EXCLUDED.check_kind, subject_id = EXCLUDED.subject_id, expected_value = EXCLUDED.expected_value, actual_value = EXCLUDED.actual_value, status = EXCLUDED.status;

-- ----------------------------------------------------------------------------
-- TSPInferenceStates: Named immutable snapshots of the current deterministic inference frontier.
-- ----------------------------------------------------------------------------
INSERT INTO tsp_inference_states (tsp_inference_state_id, tsp_instance, tsp_loop, state_kind, parent_state_id, status, description, alternative_count, residual_ambiguity_count, branch_decision_count, value_status, choice_status, choice_orbit_id)
VALUES ('state-gridville-local-bound-selections', 'tsp-gridville-5', 'tsp-loop-588', 'LOCAL_BOUND_EDGE_SELECTIONS', NULL, 'CLOSED', 'Edges selected by explicit two-cheapest incident-edge witnesses; selection is not universal forcing.', NULL, NULL, NULL, NULL, NULL, NULL) ON CONFLICT (tsp_inference_state_id) DO UPDATE SET tsp_instance = EXCLUDED.tsp_instance, tsp_loop = EXCLUDED.tsp_loop, state_kind = EXCLUDED.state_kind, parent_state_id = EXCLUDED.parent_state_id, status = EXCLUDED.status, description = EXCLUDED.description, alternative_count = EXCLUDED.alternative_count, residual_ambiguity_count = EXCLUDED.residual_ambiguity_count, branch_decision_count = EXCLUDED.branch_decision_count, value_status = EXCLUDED.value_status, choice_status = EXCLUDED.choice_status, choice_orbit_id = EXCLUDED.choice_orbit_id;

INSERT INTO tsp_inference_states (tsp_inference_state_id, tsp_instance, tsp_loop, state_kind, parent_state_id, status, description, alternative_count, residual_ambiguity_count, branch_decision_count, value_status, choice_status, choice_orbit_id)
VALUES ('state-gridville-derived-edge-union', 'tsp-gridville-5', 'tsp-loop-589', 'DERIVED_EDGE_SET', 'state-gridville-local-bound-selections', 'CLOSED', 'Deduplicated union of edges selected by local degree-bound support rows.', NULL, NULL, NULL, NULL, NULL, NULL) ON CONFLICT (tsp_inference_state_id) DO UPDATE SET tsp_instance = EXCLUDED.tsp_instance, tsp_loop = EXCLUDED.tsp_loop, state_kind = EXCLUDED.state_kind, parent_state_id = EXCLUDED.parent_state_id, status = EXCLUDED.status, description = EXCLUDED.description, alternative_count = EXCLUDED.alternative_count, residual_ambiguity_count = EXCLUDED.residual_ambiguity_count, branch_decision_count = EXCLUDED.branch_decision_count, value_status = EXCLUDED.value_status, choice_status = EXCLUDED.choice_status, choice_orbit_id = EXCLUDED.choice_orbit_id;

INSERT INTO tsp_inference_states (tsp_inference_state_id, tsp_instance, tsp_loop, state_kind, parent_state_id, status, description, alternative_count, residual_ambiguity_count, branch_decision_count, value_status, choice_status, choice_orbit_id)
VALUES ('state-twin-triangles-local-bound-union', 'tsp-twin-triangles-6', 'tsp-loop-593', 'LOCAL_BOUND_EDGE_SET', NULL, 'CLOSED', 'Union of local two-cheapest witnesses for counterfactual fixture.', NULL, NULL, NULL, NULL, NULL, NULL) ON CONFLICT (tsp_inference_state_id) DO UPDATE SET tsp_instance = EXCLUDED.tsp_instance, tsp_loop = EXCLUDED.tsp_loop, state_kind = EXCLUDED.state_kind, parent_state_id = EXCLUDED.parent_state_id, status = EXCLUDED.status, description = EXCLUDED.description, alternative_count = EXCLUDED.alternative_count, residual_ambiguity_count = EXCLUDED.residual_ambiguity_count, branch_decision_count = EXCLUDED.branch_decision_count, value_status = EXCLUDED.value_status, choice_status = EXCLUDED.choice_status, choice_orbit_id = EXCLUDED.choice_orbit_id;

INSERT INTO tsp_inference_states (tsp_inference_state_id, tsp_instance, tsp_loop, state_kind, parent_state_id, status, description, alternative_count, residual_ambiguity_count, branch_decision_count, value_status, choice_status, choice_orbit_id)
VALUES ('state-sparse-forcing-round-1', 'tsp-sparse-forcing-5', 'tsp-loop-594', 'FORCED_EDGE_CLOSURE', NULL, 'CLOSED', 'Five ring edges forced by degree-two stops; B-D remains undecided until saturation propagation.', NULL, NULL, NULL, NULL, NULL, NULL) ON CONFLICT (tsp_inference_state_id) DO UPDATE SET tsp_instance = EXCLUDED.tsp_instance, tsp_loop = EXCLUDED.tsp_loop, state_kind = EXCLUDED.state_kind, parent_state_id = EXCLUDED.parent_state_id, status = EXCLUDED.status, description = EXCLUDED.description, alternative_count = EXCLUDED.alternative_count, residual_ambiguity_count = EXCLUDED.residual_ambiguity_count, branch_decision_count = EXCLUDED.branch_decision_count, value_status = EXCLUDED.value_status, choice_status = EXCLUDED.choice_status, choice_orbit_id = EXCLUDED.choice_orbit_id;

INSERT INTO tsp_inference_states (tsp_inference_state_id, tsp_instance, tsp_loop, state_kind, parent_state_id, status, description, alternative_count, residual_ambiguity_count, branch_decision_count, value_status, choice_status, choice_orbit_id)
VALUES ('state-closure-event-gridville-edge-union', 'tsp-gridville-5', 'tsp-loop-589', 'EDGE_UNION', NULL, 'CLOSED', 'Normalized closure state for event-gridville-edge-union.', NULL, NULL, NULL, NULL, NULL, NULL) ON CONFLICT (tsp_inference_state_id) DO UPDATE SET tsp_instance = EXCLUDED.tsp_instance, tsp_loop = EXCLUDED.tsp_loop, state_kind = EXCLUDED.state_kind, parent_state_id = EXCLUDED.parent_state_id, status = EXCLUDED.status, description = EXCLUDED.description, alternative_count = EXCLUDED.alternative_count, residual_ambiguity_count = EXCLUDED.residual_ambiguity_count, branch_decision_count = EXCLUDED.branch_decision_count, value_status = EXCLUDED.value_status, choice_status = EXCLUDED.choice_status, choice_orbit_id = EXCLUDED.choice_orbit_id;

INSERT INTO tsp_inference_states (tsp_inference_state_id, tsp_instance, tsp_loop, state_kind, parent_state_id, status, description, alternative_count, residual_ambiguity_count, branch_decision_count, value_status, choice_status, choice_orbit_id)
VALUES ('state-closure-event-gridville-rigidity', 'tsp-gridville-5', 'tsp-loop-590', 'RIGIDITY', NULL, 'CLOSED', 'Normalized closure state for event-gridville-rigidity.', NULL, NULL, NULL, NULL, NULL, NULL) ON CONFLICT (tsp_inference_state_id) DO UPDATE SET tsp_instance = EXCLUDED.tsp_instance, tsp_loop = EXCLUDED.tsp_loop, state_kind = EXCLUDED.state_kind, parent_state_id = EXCLUDED.parent_state_id, status = EXCLUDED.status, description = EXCLUDED.description, alternative_count = EXCLUDED.alternative_count, residual_ambiguity_count = EXCLUDED.residual_ambiguity_count, branch_decision_count = EXCLUDED.branch_decision_count, value_status = EXCLUDED.value_status, choice_status = EXCLUDED.choice_status, choice_orbit_id = EXCLUDED.choice_orbit_id;

INSERT INTO tsp_inference_states (tsp_inference_state_id, tsp_instance, tsp_loop, state_kind, parent_state_id, status, description, alternative_count, residual_ambiguity_count, branch_decision_count, value_status, choice_status, choice_orbit_id)
VALUES ('state-closure-event-gridville-reconstruction', 'tsp-gridville-5', 'tsp-loop-591', 'RECONSTRUCTION', NULL, 'CLOSED', 'Normalized closure state for event-gridville-reconstruction.', NULL, NULL, NULL, NULL, NULL, NULL) ON CONFLICT (tsp_inference_state_id) DO UPDATE SET tsp_instance = EXCLUDED.tsp_instance, tsp_loop = EXCLUDED.tsp_loop, state_kind = EXCLUDED.state_kind, parent_state_id = EXCLUDED.parent_state_id, status = EXCLUDED.status, description = EXCLUDED.description, alternative_count = EXCLUDED.alternative_count, residual_ambiguity_count = EXCLUDED.residual_ambiguity_count, branch_decision_count = EXCLUDED.branch_decision_count, value_status = EXCLUDED.value_status, choice_status = EXCLUDED.choice_status, choice_orbit_id = EXCLUDED.choice_orbit_id;

INSERT INTO tsp_inference_states (tsp_inference_state_id, tsp_instance, tsp_loop, state_kind, parent_state_id, status, description, alternative_count, residual_ambiguity_count, branch_decision_count, value_status, choice_status, choice_orbit_id)
VALUES ('state-closure-event-sparse-forcing', 'tsp-sparse-forcing-5', 'tsp-loop-594', 'FORCING', NULL, 'CLOSED', 'Normalized closure state for event-sparse-forcing.', NULL, NULL, NULL, NULL, NULL, NULL) ON CONFLICT (tsp_inference_state_id) DO UPDATE SET tsp_instance = EXCLUDED.tsp_instance, tsp_loop = EXCLUDED.tsp_loop, state_kind = EXCLUDED.state_kind, parent_state_id = EXCLUDED.parent_state_id, status = EXCLUDED.status, description = EXCLUDED.description, alternative_count = EXCLUDED.alternative_count, residual_ambiguity_count = EXCLUDED.residual_ambiguity_count, branch_decision_count = EXCLUDED.branch_decision_count, value_status = EXCLUDED.value_status, choice_status = EXCLUDED.choice_status, choice_orbit_id = EXCLUDED.choice_orbit_id;

INSERT INTO tsp_inference_states (tsp_inference_state_id, tsp_instance, tsp_loop, state_kind, parent_state_id, status, description, alternative_count, residual_ambiguity_count, branch_decision_count, value_status, choice_status, choice_orbit_id)
VALUES ('state-closure-event-sparse-forbidding', 'tsp-sparse-forcing-5', 'tsp-loop-595', 'FORBIDDING', NULL, 'CLOSED', 'Normalized closure state for event-sparse-forbidding.', NULL, NULL, NULL, NULL, NULL, NULL) ON CONFLICT (tsp_inference_state_id) DO UPDATE SET tsp_instance = EXCLUDED.tsp_instance, tsp_loop = EXCLUDED.tsp_loop, state_kind = EXCLUDED.state_kind, parent_state_id = EXCLUDED.parent_state_id, status = EXCLUDED.status, description = EXCLUDED.description, alternative_count = EXCLUDED.alternative_count, residual_ambiguity_count = EXCLUDED.residual_ambiguity_count, branch_decision_count = EXCLUDED.branch_decision_count, value_status = EXCLUDED.value_status, choice_status = EXCLUDED.choice_status, choice_orbit_id = EXCLUDED.choice_orbit_id;

INSERT INTO tsp_inference_states (tsp_inference_state_id, tsp_instance, tsp_loop, state_kind, parent_state_id, status, description, alternative_count, residual_ambiguity_count, branch_decision_count, value_status, choice_status, choice_orbit_id)
VALUES ('state-closure-event-twin-cut-parity', 'tsp-twin-triangles-6', 'tsp-loop-602', 'CUT_PARITY', NULL, 'CLOSED', 'Normalized closure state for event-twin-cut-parity.', NULL, NULL, NULL, NULL, NULL, NULL) ON CONFLICT (tsp_inference_state_id) DO UPDATE SET tsp_instance = EXCLUDED.tsp_instance, tsp_loop = EXCLUDED.tsp_loop, state_kind = EXCLUDED.state_kind, parent_state_id = EXCLUDED.parent_state_id, status = EXCLUDED.status, description = EXCLUDED.description, alternative_count = EXCLUDED.alternative_count, residual_ambiguity_count = EXCLUDED.residual_ambiguity_count, branch_decision_count = EXCLUDED.branch_decision_count, value_status = EXCLUDED.value_status, choice_status = EXCLUDED.choice_status, choice_orbit_id = EXCLUDED.choice_orbit_id;

INSERT INTO tsp_inference_states (tsp_inference_state_id, tsp_instance, tsp_loop, state_kind, parent_state_id, status, description, alternative_count, residual_ambiguity_count, branch_decision_count, value_status, choice_status, choice_orbit_id)
VALUES ('state-closure-event-twin-repair-bound', 'tsp-twin-triangles-6', 'tsp-loop-603', 'BOUND_REPAIR', NULL, 'CLOSED', 'Normalized closure state for event-twin-repair-bound.', NULL, NULL, NULL, NULL, NULL, NULL) ON CONFLICT (tsp_inference_state_id) DO UPDATE SET tsp_instance = EXCLUDED.tsp_instance, tsp_loop = EXCLUDED.tsp_loop, state_kind = EXCLUDED.state_kind, parent_state_id = EXCLUDED.parent_state_id, status = EXCLUDED.status, description = EXCLUDED.description, alternative_count = EXCLUDED.alternative_count, residual_ambiguity_count = EXCLUDED.residual_ambiguity_count, branch_decision_count = EXCLUDED.branch_decision_count, value_status = EXCLUDED.value_status, choice_status = EXCLUDED.choice_status, choice_orbit_id = EXCLUDED.choice_orbit_id;

INSERT INTO tsp_inference_states (tsp_inference_state_id, tsp_instance, tsp_loop, state_kind, parent_state_id, status, description, alternative_count, residual_ambiguity_count, branch_decision_count, value_status, choice_status, choice_orbit_id)
VALUES ('state-closure-event-twin-bound-sandwich', 'tsp-twin-triangles-6', 'tsp-loop-604', 'RIGIDITY', NULL, 'CLOSED', 'Normalized closure state for event-twin-bound-sandwich.', NULL, NULL, NULL, NULL, NULL, NULL) ON CONFLICT (tsp_inference_state_id) DO UPDATE SET tsp_instance = EXCLUDED.tsp_instance, tsp_loop = EXCLUDED.tsp_loop, state_kind = EXCLUDED.state_kind, parent_state_id = EXCLUDED.parent_state_id, status = EXCLUDED.status, description = EXCLUDED.description, alternative_count = EXCLUDED.alternative_count, residual_ambiguity_count = EXCLUDED.residual_ambiguity_count, branch_decision_count = EXCLUDED.branch_decision_count, value_status = EXCLUDED.value_status, choice_status = EXCLUDED.choice_status, choice_orbit_id = EXCLUDED.choice_orbit_id;

INSERT INTO tsp_inference_states (tsp_inference_state_id, tsp_instance, tsp_loop, state_kind, parent_state_id, status, description, alternative_count, residual_ambiguity_count, branch_decision_count, value_status, choice_status, choice_orbit_id)
VALUES ('state-closure-event-twin-component-quotient', 'tsp-twin-triangles-6', 'tsp-loop-608', 'QUOTIENT', NULL, 'CLOSED', 'Normalized closure state for event-twin-component-quotient.', NULL, NULL, NULL, NULL, NULL, NULL) ON CONFLICT (tsp_inference_state_id) DO UPDATE SET tsp_instance = EXCLUDED.tsp_instance, tsp_loop = EXCLUDED.tsp_loop, state_kind = EXCLUDED.state_kind, parent_state_id = EXCLUDED.parent_state_id, status = EXCLUDED.status, description = EXCLUDED.description, alternative_count = EXCLUDED.alternative_count, residual_ambiguity_count = EXCLUDED.residual_ambiguity_count, branch_decision_count = EXCLUDED.branch_decision_count, value_status = EXCLUDED.value_status, choice_status = EXCLUDED.choice_status, choice_orbit_id = EXCLUDED.choice_orbit_id;

INSERT INTO tsp_inference_states (tsp_inference_state_id, tsp_instance, tsp_loop, state_kind, parent_state_id, status, description, alternative_count, residual_ambiguity_count, branch_decision_count, value_status, choice_status, choice_orbit_id)
VALUES ('state-three-region-local-two-factor', 'tsp-three-regions-9', 'tsp-loop-634', 'LOCAL_TWO_FACTOR_REGION_TRIAD', NULL, 'CLOSED', 'Nine locally cheapest internal edges form three disconnected cost-one triangles.', NULL, NULL, NULL, NULL, NULL, NULL) ON CONFLICT (tsp_inference_state_id) DO UPDATE SET tsp_instance = EXCLUDED.tsp_instance, tsp_loop = EXCLUDED.tsp_loop, state_kind = EXCLUDED.state_kind, parent_state_id = EXCLUDED.parent_state_id, status = EXCLUDED.status, description = EXCLUDED.description, alternative_count = EXCLUDED.alternative_count, residual_ambiguity_count = EXCLUDED.residual_ambiguity_count, branch_decision_count = EXCLUDED.branch_decision_count, value_status = EXCLUDED.value_status, choice_status = EXCLUDED.choice_status, choice_orbit_id = EXCLUDED.choice_orbit_id;

INSERT INTO tsp_inference_states (tsp_inference_state_id, tsp_instance, tsp_loop, state_kind, parent_state_id, status, description, alternative_count, residual_ambiguity_count, branch_decision_count, value_status, choice_status, choice_orbit_id)
VALUES ('state-three-region-balanced-exchange', 'tsp-three-regions-9', 'tsp-loop-639', 'BALANCED_EDGE_EXCHANGE', 'state-three-region-local-two-factor', 'CLOSED', 'Three crossing edges replace one internal edge per region and yield one connected degree-two cycle.', NULL, NULL, NULL, NULL, NULL, NULL) ON CONFLICT (tsp_inference_state_id) DO UPDATE SET tsp_instance = EXCLUDED.tsp_instance, tsp_loop = EXCLUDED.tsp_loop, state_kind = EXCLUDED.state_kind, parent_state_id = EXCLUDED.parent_state_id, status = EXCLUDED.status, description = EXCLUDED.description, alternative_count = EXCLUDED.alternative_count, residual_ambiguity_count = EXCLUDED.residual_ambiguity_count, branch_decision_count = EXCLUDED.branch_decision_count, value_status = EXCLUDED.value_status, choice_status = EXCLUDED.choice_status, choice_orbit_id = EXCLUDED.choice_orbit_id;

INSERT INTO tsp_inference_states (tsp_inference_state_id, tsp_instance, tsp_loop, state_kind, parent_state_id, status, description, alternative_count, residual_ambiguity_count, branch_decision_count, value_status, choice_status, choice_orbit_id)
VALUES ('state-optimal-face-witnesses', 'tsp-optimal-face-4', 'tsp-loop-642', 'OPTIMAL_FACE_WITNESS_SET', NULL, 'CLOSED', 'Three symmetry-reduced Hamiltonian witness classes are represented: costs four, four, and six.', NULL, NULL, NULL, NULL, NULL, NULL) ON CONFLICT (tsp_inference_state_id) DO UPDATE SET tsp_instance = EXCLUDED.tsp_instance, tsp_loop = EXCLUDED.tsp_loop, state_kind = EXCLUDED.state_kind, parent_state_id = EXCLUDED.parent_state_id, status = EXCLUDED.status, description = EXCLUDED.description, alternative_count = EXCLUDED.alternative_count, residual_ambiguity_count = EXCLUDED.residual_ambiguity_count, branch_decision_count = EXCLUDED.branch_decision_count, value_status = EXCLUDED.value_status, choice_status = EXCLUDED.choice_status, choice_orbit_id = EXCLUDED.choice_orbit_id;

INSERT INTO tsp_inference_states (tsp_inference_state_id, tsp_instance, tsp_loop, state_kind, parent_state_id, status, description, alternative_count, residual_ambiguity_count, branch_decision_count, value_status, choice_status, choice_orbit_id)
VALUES ('state-optimal-face-value-closed-choice-open', 'tsp-optimal-face-4', 'tsp-loop-643', 'VALUE_CLOSED_CHOICE_OPEN', 'state-optimal-face-witnesses', 'FIXED_POINT', 'Optimum value four is certified; two non-reversal optimal witness classes remain.', 2, 2, 0, 'CLOSED_AT_4', 'OPEN_TWO_OPTIMAL_CLASSES', 'choice-orbit-optimal-face-4') ON CONFLICT (tsp_inference_state_id) DO UPDATE SET tsp_instance = EXCLUDED.tsp_instance, tsp_loop = EXCLUDED.tsp_loop, state_kind = EXCLUDED.state_kind, parent_state_id = EXCLUDED.parent_state_id, status = EXCLUDED.status, description = EXCLUDED.description, alternative_count = EXCLUDED.alternative_count, residual_ambiguity_count = EXCLUDED.residual_ambiguity_count, branch_decision_count = EXCLUDED.branch_decision_count, value_status = EXCLUDED.value_status, choice_status = EXCLUDED.choice_status, choice_orbit_id = EXCLUDED.choice_orbit_id;

-- ----------------------------------------------------------------------------
-- TSPInferenceApplications: Individual applications of declared inference rules.
-- ----------------------------------------------------------------------------
INSERT INTO tsp_inference_applications (tsp_inference_application_id, inference_state, inference_rule, tsp_loop, subject_type, subject_id, applicability_passed, conclusion, certificate_type, event_kind, input_state_id, output_state_id, antecedent_count, decision_count, event_status, branch_purpose, branch_warrant, policy_status)
VALUES ('application-local-bound-stop-a', 'state-gridville-local-bound-selections', 'tsp-rule-inference-application-spine', 'tsp-loop-588', 'LOCAL_DEGREE_BOUND', 'local-bound-stop-a', TRUE, 'The two named incident edges are selected by this local lower-bound witness only.', 'local-bound-edge-selection', 'LOCAL_SELECTION', 'local-degree-bound-witness', 'state-gridville-local-bound-selections', 1, 2, 'APPLIED', NULL, NULL, NULL) ON CONFLICT (tsp_inference_application_id) DO UPDATE SET inference_state = EXCLUDED.inference_state, inference_rule = EXCLUDED.inference_rule, tsp_loop = EXCLUDED.tsp_loop, subject_type = EXCLUDED.subject_type, subject_id = EXCLUDED.subject_id, applicability_passed = EXCLUDED.applicability_passed, conclusion = EXCLUDED.conclusion, certificate_type = EXCLUDED.certificate_type, event_kind = EXCLUDED.event_kind, input_state_id = EXCLUDED.input_state_id, output_state_id = EXCLUDED.output_state_id, antecedent_count = EXCLUDED.antecedent_count, decision_count = EXCLUDED.decision_count, event_status = EXCLUDED.event_status, branch_purpose = EXCLUDED.branch_purpose, branch_warrant = EXCLUDED.branch_warrant, policy_status = EXCLUDED.policy_status;

INSERT INTO tsp_inference_applications (tsp_inference_application_id, inference_state, inference_rule, tsp_loop, subject_type, subject_id, applicability_passed, conclusion, certificate_type, event_kind, input_state_id, output_state_id, antecedent_count, decision_count, event_status, branch_purpose, branch_warrant, policy_status)
VALUES ('application-local-bound-stop-b', 'state-gridville-local-bound-selections', 'tsp-rule-inference-application-spine', 'tsp-loop-588', 'LOCAL_DEGREE_BOUND', 'local-bound-stop-b', TRUE, 'The two named incident edges are selected by this local lower-bound witness only.', 'local-bound-edge-selection', 'LOCAL_SELECTION', 'local-degree-bound-witness', 'state-gridville-local-bound-selections', 1, 2, 'APPLIED', NULL, NULL, NULL) ON CONFLICT (tsp_inference_application_id) DO UPDATE SET inference_state = EXCLUDED.inference_state, inference_rule = EXCLUDED.inference_rule, tsp_loop = EXCLUDED.tsp_loop, subject_type = EXCLUDED.subject_type, subject_id = EXCLUDED.subject_id, applicability_passed = EXCLUDED.applicability_passed, conclusion = EXCLUDED.conclusion, certificate_type = EXCLUDED.certificate_type, event_kind = EXCLUDED.event_kind, input_state_id = EXCLUDED.input_state_id, output_state_id = EXCLUDED.output_state_id, antecedent_count = EXCLUDED.antecedent_count, decision_count = EXCLUDED.decision_count, event_status = EXCLUDED.event_status, branch_purpose = EXCLUDED.branch_purpose, branch_warrant = EXCLUDED.branch_warrant, policy_status = EXCLUDED.policy_status;

INSERT INTO tsp_inference_applications (tsp_inference_application_id, inference_state, inference_rule, tsp_loop, subject_type, subject_id, applicability_passed, conclusion, certificate_type, event_kind, input_state_id, output_state_id, antecedent_count, decision_count, event_status, branch_purpose, branch_warrant, policy_status)
VALUES ('application-local-bound-stop-c', 'state-gridville-local-bound-selections', 'tsp-rule-inference-application-spine', 'tsp-loop-588', 'LOCAL_DEGREE_BOUND', 'local-bound-stop-c', TRUE, 'The two named incident edges are selected by this local lower-bound witness only.', 'local-bound-edge-selection', 'LOCAL_SELECTION', 'local-degree-bound-witness', 'state-gridville-local-bound-selections', 1, 2, 'APPLIED', NULL, NULL, NULL) ON CONFLICT (tsp_inference_application_id) DO UPDATE SET inference_state = EXCLUDED.inference_state, inference_rule = EXCLUDED.inference_rule, tsp_loop = EXCLUDED.tsp_loop, subject_type = EXCLUDED.subject_type, subject_id = EXCLUDED.subject_id, applicability_passed = EXCLUDED.applicability_passed, conclusion = EXCLUDED.conclusion, certificate_type = EXCLUDED.certificate_type, event_kind = EXCLUDED.event_kind, input_state_id = EXCLUDED.input_state_id, output_state_id = EXCLUDED.output_state_id, antecedent_count = EXCLUDED.antecedent_count, decision_count = EXCLUDED.decision_count, event_status = EXCLUDED.event_status, branch_purpose = EXCLUDED.branch_purpose, branch_warrant = EXCLUDED.branch_warrant, policy_status = EXCLUDED.policy_status;

INSERT INTO tsp_inference_applications (tsp_inference_application_id, inference_state, inference_rule, tsp_loop, subject_type, subject_id, applicability_passed, conclusion, certificate_type, event_kind, input_state_id, output_state_id, antecedent_count, decision_count, event_status, branch_purpose, branch_warrant, policy_status)
VALUES ('application-local-bound-stop-d', 'state-gridville-local-bound-selections', 'tsp-rule-inference-application-spine', 'tsp-loop-588', 'LOCAL_DEGREE_BOUND', 'local-bound-stop-d', TRUE, 'The two named incident edges are selected by this local lower-bound witness only.', 'local-bound-edge-selection', 'LOCAL_SELECTION', 'local-degree-bound-witness', 'state-gridville-local-bound-selections', 1, 2, 'APPLIED', NULL, NULL, NULL) ON CONFLICT (tsp_inference_application_id) DO UPDATE SET inference_state = EXCLUDED.inference_state, inference_rule = EXCLUDED.inference_rule, tsp_loop = EXCLUDED.tsp_loop, subject_type = EXCLUDED.subject_type, subject_id = EXCLUDED.subject_id, applicability_passed = EXCLUDED.applicability_passed, conclusion = EXCLUDED.conclusion, certificate_type = EXCLUDED.certificate_type, event_kind = EXCLUDED.event_kind, input_state_id = EXCLUDED.input_state_id, output_state_id = EXCLUDED.output_state_id, antecedent_count = EXCLUDED.antecedent_count, decision_count = EXCLUDED.decision_count, event_status = EXCLUDED.event_status, branch_purpose = EXCLUDED.branch_purpose, branch_warrant = EXCLUDED.branch_warrant, policy_status = EXCLUDED.policy_status;

INSERT INTO tsp_inference_applications (tsp_inference_application_id, inference_state, inference_rule, tsp_loop, subject_type, subject_id, applicability_passed, conclusion, certificate_type, event_kind, input_state_id, output_state_id, antecedent_count, decision_count, event_status, branch_purpose, branch_warrant, policy_status)
VALUES ('application-local-bound-stop-e', 'state-gridville-local-bound-selections', 'tsp-rule-inference-application-spine', 'tsp-loop-588', 'LOCAL_DEGREE_BOUND', 'local-bound-stop-e', TRUE, 'The two named incident edges are selected by this local lower-bound witness only.', 'local-bound-edge-selection', 'LOCAL_SELECTION', 'local-degree-bound-witness', 'state-gridville-local-bound-selections', 1, 2, 'APPLIED', NULL, NULL, NULL) ON CONFLICT (tsp_inference_application_id) DO UPDATE SET inference_state = EXCLUDED.inference_state, inference_rule = EXCLUDED.inference_rule, tsp_loop = EXCLUDED.tsp_loop, subject_type = EXCLUDED.subject_type, subject_id = EXCLUDED.subject_id, applicability_passed = EXCLUDED.applicability_passed, conclusion = EXCLUDED.conclusion, certificate_type = EXCLUDED.certificate_type, event_kind = EXCLUDED.event_kind, input_state_id = EXCLUDED.input_state_id, output_state_id = EXCLUDED.output_state_id, antecedent_count = EXCLUDED.antecedent_count, decision_count = EXCLUDED.decision_count, event_status = EXCLUDED.event_status, branch_purpose = EXCLUDED.branch_purpose, branch_warrant = EXCLUDED.branch_warrant, policy_status = EXCLUDED.policy_status;

INSERT INTO tsp_inference_applications (tsp_inference_application_id, inference_state, inference_rule, tsp_loop, subject_type, subject_id, applicability_passed, conclusion, certificate_type, event_kind, input_state_id, output_state_id, antecedent_count, decision_count, event_status, branch_purpose, branch_warrant, policy_status)
VALUES ('event-gridville-edge-union', 'state-closure-event-gridville-edge-union', 'tsp-rule-closure-event', 'tsp-loop-589', 'CLOSURE_EVENT_SUBJECT', 'edge-set-gridville-local-bound-union', TRUE, 'EDGE_UNION event applied with explicit input/output/provenance accounting.', 'closure-event-certificate', 'EDGE_UNION', 'input-event-gridville-edge-union', 'state-closure-event-gridville-edge-union', 10, 5, 'APPLIED', NULL, NULL, NULL) ON CONFLICT (tsp_inference_application_id) DO UPDATE SET inference_state = EXCLUDED.inference_state, inference_rule = EXCLUDED.inference_rule, tsp_loop = EXCLUDED.tsp_loop, subject_type = EXCLUDED.subject_type, subject_id = EXCLUDED.subject_id, applicability_passed = EXCLUDED.applicability_passed, conclusion = EXCLUDED.conclusion, certificate_type = EXCLUDED.certificate_type, event_kind = EXCLUDED.event_kind, input_state_id = EXCLUDED.input_state_id, output_state_id = EXCLUDED.output_state_id, antecedent_count = EXCLUDED.antecedent_count, decision_count = EXCLUDED.decision_count, event_status = EXCLUDED.event_status, branch_purpose = EXCLUDED.branch_purpose, branch_warrant = EXCLUDED.branch_warrant, policy_status = EXCLUDED.policy_status;

INSERT INTO tsp_inference_applications (tsp_inference_application_id, inference_state, inference_rule, tsp_loop, subject_type, subject_id, applicability_passed, conclusion, certificate_type, event_kind, input_state_id, output_state_id, antecedent_count, decision_count, event_status, branch_purpose, branch_warrant, policy_status)
VALUES ('event-gridville-rigidity', 'state-closure-event-gridville-rigidity', 'tsp-rule-closure-event', 'tsp-loop-590', 'CLOSURE_EVENT_SUBJECT', 'connected-cycle-gridville-local-bound-union', TRUE, 'RIGIDITY event applied with explicit input/output/provenance accounting.', 'closure-event-certificate', 'RIGIDITY', 'input-event-gridville-rigidity', 'state-closure-event-gridville-rigidity', 10, 1, 'APPLIED', NULL, NULL, NULL) ON CONFLICT (tsp_inference_application_id) DO UPDATE SET inference_state = EXCLUDED.inference_state, inference_rule = EXCLUDED.inference_rule, tsp_loop = EXCLUDED.tsp_loop, subject_type = EXCLUDED.subject_type, subject_id = EXCLUDED.subject_id, applicability_passed = EXCLUDED.applicability_passed, conclusion = EXCLUDED.conclusion, certificate_type = EXCLUDED.certificate_type, event_kind = EXCLUDED.event_kind, input_state_id = EXCLUDED.input_state_id, output_state_id = EXCLUDED.output_state_id, antecedent_count = EXCLUDED.antecedent_count, decision_count = EXCLUDED.decision_count, event_status = EXCLUDED.event_status, branch_purpose = EXCLUDED.branch_purpose, branch_warrant = EXCLUDED.branch_warrant, policy_status = EXCLUDED.policy_status;

INSERT INTO tsp_inference_applications (tsp_inference_application_id, inference_state, inference_rule, tsp_loop, subject_type, subject_id, applicability_passed, conclusion, certificate_type, event_kind, input_state_id, output_state_id, antecedent_count, decision_count, event_status, branch_purpose, branch_warrant, policy_status)
VALUES ('event-gridville-reconstruction', 'state-closure-event-gridville-reconstruction', 'tsp-rule-closure-event', 'tsp-loop-591', 'CLOSURE_EVENT_SUBJECT', 'reconstruction-gridville-local-bound-union', TRUE, 'RECONSTRUCTION event applied with explicit input/output/provenance accounting.', 'closure-event-certificate', 'RECONSTRUCTION', 'input-event-gridville-reconstruction', 'state-closure-event-gridville-reconstruction', 1, 5, 'APPLIED', NULL, NULL, NULL) ON CONFLICT (tsp_inference_application_id) DO UPDATE SET inference_state = EXCLUDED.inference_state, inference_rule = EXCLUDED.inference_rule, tsp_loop = EXCLUDED.tsp_loop, subject_type = EXCLUDED.subject_type, subject_id = EXCLUDED.subject_id, applicability_passed = EXCLUDED.applicability_passed, conclusion = EXCLUDED.conclusion, certificate_type = EXCLUDED.certificate_type, event_kind = EXCLUDED.event_kind, input_state_id = EXCLUDED.input_state_id, output_state_id = EXCLUDED.output_state_id, antecedent_count = EXCLUDED.antecedent_count, decision_count = EXCLUDED.decision_count, event_status = EXCLUDED.event_status, branch_purpose = EXCLUDED.branch_purpose, branch_warrant = EXCLUDED.branch_warrant, policy_status = EXCLUDED.policy_status;

INSERT INTO tsp_inference_applications (tsp_inference_application_id, inference_state, inference_rule, tsp_loop, subject_type, subject_id, applicability_passed, conclusion, certificate_type, event_kind, input_state_id, output_state_id, antecedent_count, decision_count, event_status, branch_purpose, branch_warrant, policy_status)
VALUES ('event-sparse-forcing', 'state-closure-event-sparse-forcing', 'tsp-rule-closure-event', 'tsp-loop-594', 'CLOSURE_EVENT_SUBJECT', 'sparse-forcing', TRUE, 'FORCING event applied with explicit input/output/provenance accounting.', 'closure-event-certificate', 'FORCING', 'input-event-sparse-forcing', 'state-closure-event-sparse-forcing', 5, 5, 'APPLIED', NULL, NULL, NULL) ON CONFLICT (tsp_inference_application_id) DO UPDATE SET inference_state = EXCLUDED.inference_state, inference_rule = EXCLUDED.inference_rule, tsp_loop = EXCLUDED.tsp_loop, subject_type = EXCLUDED.subject_type, subject_id = EXCLUDED.subject_id, applicability_passed = EXCLUDED.applicability_passed, conclusion = EXCLUDED.conclusion, certificate_type = EXCLUDED.certificate_type, event_kind = EXCLUDED.event_kind, input_state_id = EXCLUDED.input_state_id, output_state_id = EXCLUDED.output_state_id, antecedent_count = EXCLUDED.antecedent_count, decision_count = EXCLUDED.decision_count, event_status = EXCLUDED.event_status, branch_purpose = EXCLUDED.branch_purpose, branch_warrant = EXCLUDED.branch_warrant, policy_status = EXCLUDED.policy_status;

INSERT INTO tsp_inference_applications (tsp_inference_application_id, inference_state, inference_rule, tsp_loop, subject_type, subject_id, applicability_passed, conclusion, certificate_type, event_kind, input_state_id, output_state_id, antecedent_count, decision_count, event_status, branch_purpose, branch_warrant, policy_status)
VALUES ('event-sparse-forbidding', 'state-closure-event-sparse-forbidding', 'tsp-rule-closure-event', 'tsp-loop-595', 'CLOSURE_EVENT_SUBJECT', 'sparse-forbidding', TRUE, 'FORBIDDING event applied with explicit input/output/provenance accounting.', 'closure-event-certificate', 'FORBIDDING', 'input-event-sparse-forbidding', 'state-closure-event-sparse-forbidding', 2, 1, 'APPLIED', NULL, NULL, NULL) ON CONFLICT (tsp_inference_application_id) DO UPDATE SET inference_state = EXCLUDED.inference_state, inference_rule = EXCLUDED.inference_rule, tsp_loop = EXCLUDED.tsp_loop, subject_type = EXCLUDED.subject_type, subject_id = EXCLUDED.subject_id, applicability_passed = EXCLUDED.applicability_passed, conclusion = EXCLUDED.conclusion, certificate_type = EXCLUDED.certificate_type, event_kind = EXCLUDED.event_kind, input_state_id = EXCLUDED.input_state_id, output_state_id = EXCLUDED.output_state_id, antecedent_count = EXCLUDED.antecedent_count, decision_count = EXCLUDED.decision_count, event_status = EXCLUDED.event_status, branch_purpose = EXCLUDED.branch_purpose, branch_warrant = EXCLUDED.branch_warrant, policy_status = EXCLUDED.policy_status;

INSERT INTO tsp_inference_applications (tsp_inference_application_id, inference_state, inference_rule, tsp_loop, subject_type, subject_id, applicability_passed, conclusion, certificate_type, event_kind, input_state_id, output_state_id, antecedent_count, decision_count, event_status, branch_purpose, branch_warrant, policy_status)
VALUES ('event-twin-cut-parity', 'state-closure-event-twin-cut-parity', 'tsp-rule-closure-event', 'tsp-loop-602', 'CLOSURE_EVENT_SUBJECT', 'bound-term-twin-cut-parity', TRUE, 'CUT_PARITY event applied with explicit input/output/provenance accounting.', 'closure-event-certificate', 'CUT_PARITY', 'input-event-twin-cut-parity', 'state-closure-event-twin-cut-parity', 2, 1, 'APPLIED', NULL, NULL, NULL) ON CONFLICT (tsp_inference_application_id) DO UPDATE SET inference_state = EXCLUDED.inference_state, inference_rule = EXCLUDED.inference_rule, tsp_loop = EXCLUDED.tsp_loop, subject_type = EXCLUDED.subject_type, subject_id = EXCLUDED.subject_id, applicability_passed = EXCLUDED.applicability_passed, conclusion = EXCLUDED.conclusion, certificate_type = EXCLUDED.certificate_type, event_kind = EXCLUDED.event_kind, input_state_id = EXCLUDED.input_state_id, output_state_id = EXCLUDED.output_state_id, antecedent_count = EXCLUDED.antecedent_count, decision_count = EXCLUDED.decision_count, event_status = EXCLUDED.event_status, branch_purpose = EXCLUDED.branch_purpose, branch_warrant = EXCLUDED.branch_warrant, policy_status = EXCLUDED.policy_status;

INSERT INTO tsp_inference_applications (tsp_inference_application_id, inference_state, inference_rule, tsp_loop, subject_type, subject_id, applicability_passed, conclusion, certificate_type, event_kind, input_state_id, output_state_id, antecedent_count, decision_count, event_status, branch_purpose, branch_warrant, policy_status)
VALUES ('event-twin-repair-bound', 'state-closure-event-twin-repair-bound', 'tsp-rule-closure-event', 'tsp-loop-603', 'CLOSURE_EVENT_SUBJECT', 'degree-two-lower-bound-twin-triangles-6', TRUE, 'BOUND_REPAIR event applied with explicit input/output/provenance accounting.', 'closure-event-certificate', 'BOUND_REPAIR', 'input-event-twin-repair-bound', 'state-closure-event-twin-repair-bound', 3, 2, 'APPLIED', NULL, NULL, NULL) ON CONFLICT (tsp_inference_application_id) DO UPDATE SET inference_state = EXCLUDED.inference_state, inference_rule = EXCLUDED.inference_rule, tsp_loop = EXCLUDED.tsp_loop, subject_type = EXCLUDED.subject_type, subject_id = EXCLUDED.subject_id, applicability_passed = EXCLUDED.applicability_passed, conclusion = EXCLUDED.conclusion, certificate_type = EXCLUDED.certificate_type, event_kind = EXCLUDED.event_kind, input_state_id = EXCLUDED.input_state_id, output_state_id = EXCLUDED.output_state_id, antecedent_count = EXCLUDED.antecedent_count, decision_count = EXCLUDED.decision_count, event_status = EXCLUDED.event_status, branch_purpose = EXCLUDED.branch_purpose, branch_warrant = EXCLUDED.branch_warrant, policy_status = EXCLUDED.policy_status;

INSERT INTO tsp_inference_applications (tsp_inference_application_id, inference_state, inference_rule, tsp_loop, subject_type, subject_id, applicability_passed, conclusion, certificate_type, event_kind, input_state_id, output_state_id, antecedent_count, decision_count, event_status, branch_purpose, branch_warrant, policy_status)
VALUES ('event-twin-bound-sandwich', 'state-closure-event-twin-bound-sandwich', 'tsp-rule-closure-event', 'tsp-loop-604', 'CLOSURE_EVENT_SUBJECT', 'optimality-twin-triangles-component-repair', TRUE, 'RIGIDITY event applied with explicit input/output/provenance accounting.', 'closure-event-certificate', 'RIGIDITY', 'input-event-twin-bound-sandwich', 'state-closure-event-twin-bound-sandwich', 2, 1, 'APPLIED', NULL, NULL, NULL) ON CONFLICT (tsp_inference_application_id) DO UPDATE SET inference_state = EXCLUDED.inference_state, inference_rule = EXCLUDED.inference_rule, tsp_loop = EXCLUDED.tsp_loop, subject_type = EXCLUDED.subject_type, subject_id = EXCLUDED.subject_id, applicability_passed = EXCLUDED.applicability_passed, conclusion = EXCLUDED.conclusion, certificate_type = EXCLUDED.certificate_type, event_kind = EXCLUDED.event_kind, input_state_id = EXCLUDED.input_state_id, output_state_id = EXCLUDED.output_state_id, antecedent_count = EXCLUDED.antecedent_count, decision_count = EXCLUDED.decision_count, event_status = EXCLUDED.event_status, branch_purpose = EXCLUDED.branch_purpose, branch_warrant = EXCLUDED.branch_warrant, policy_status = EXCLUDED.policy_status;

INSERT INTO tsp_inference_applications (tsp_inference_application_id, inference_state, inference_rule, tsp_loop, subject_type, subject_id, applicability_passed, conclusion, certificate_type, event_kind, input_state_id, output_state_id, antecedent_count, decision_count, event_status, branch_purpose, branch_warrant, policy_status)
VALUES ('event-twin-component-quotient', 'state-closure-event-twin-component-quotient', 'tsp-rule-closure-event', 'tsp-loop-608', 'CLOSURE_EVENT_SUBJECT', 'tsp-twin-triangles-6', TRUE, 'QUOTIENT event applied with explicit input/output/provenance accounting.', 'closure-event-certificate', 'QUOTIENT', 'input-event-twin-component-quotient', 'state-closure-event-twin-component-quotient', 6, 2, 'APPLIED', NULL, NULL, NULL) ON CONFLICT (tsp_inference_application_id) DO UPDATE SET inference_state = EXCLUDED.inference_state, inference_rule = EXCLUDED.inference_rule, tsp_loop = EXCLUDED.tsp_loop, subject_type = EXCLUDED.subject_type, subject_id = EXCLUDED.subject_id, applicability_passed = EXCLUDED.applicability_passed, conclusion = EXCLUDED.conclusion, certificate_type = EXCLUDED.certificate_type, event_kind = EXCLUDED.event_kind, input_state_id = EXCLUDED.input_state_id, output_state_id = EXCLUDED.output_state_id, antecedent_count = EXCLUDED.antecedent_count, decision_count = EXCLUDED.decision_count, event_status = EXCLUDED.event_status, branch_purpose = EXCLUDED.branch_purpose, branch_warrant = EXCLUDED.branch_warrant, policy_status = EXCLUDED.policy_status;

INSERT INTO tsp_inference_applications (tsp_inference_application_id, inference_state, inference_rule, tsp_loop, subject_type, subject_id, applicability_passed, conclusion, certificate_type, event_kind, input_state_id, output_state_id, antecedent_count, decision_count, event_status, branch_purpose, branch_warrant, policy_status)
VALUES ('event-three-region-balanced-exchange', 'state-three-region-balanced-exchange', 'tsp-rule-balanced-edge-exchange', 'tsp-loop-639', 'DERIVED_EDGE_SET', 'edge-set-three-region-balanced-exchange', TRUE, 'Three added crossings and three released internal edges preserve degree two and connect all three regions.', 'balanced-edge-exchange-certificate', 'BALANCED_EXCHANGE', 'state-three-region-local-two-factor', 'state-three-region-balanced-exchange', 7, 6, 'APPLIED', NULL, NULL, NULL) ON CONFLICT (tsp_inference_application_id) DO UPDATE SET inference_state = EXCLUDED.inference_state, inference_rule = EXCLUDED.inference_rule, tsp_loop = EXCLUDED.tsp_loop, subject_type = EXCLUDED.subject_type, subject_id = EXCLUDED.subject_id, applicability_passed = EXCLUDED.applicability_passed, conclusion = EXCLUDED.conclusion, certificate_type = EXCLUDED.certificate_type, event_kind = EXCLUDED.event_kind, input_state_id = EXCLUDED.input_state_id, output_state_id = EXCLUDED.output_state_id, antecedent_count = EXCLUDED.antecedent_count, decision_count = EXCLUDED.decision_count, event_status = EXCLUDED.event_status, branch_purpose = EXCLUDED.branch_purpose, branch_warrant = EXCLUDED.branch_warrant, policy_status = EXCLUDED.policy_status;

INSERT INTO tsp_inference_applications (tsp_inference_application_id, inference_state, inference_rule, tsp_loop, subject_type, subject_id, applicability_passed, conclusion, certificate_type, event_kind, input_state_id, output_state_id, antecedent_count, decision_count, event_status, branch_purpose, branch_warrant, policy_status)
VALUES ('event-optimal-face-branch-rejected', 'state-optimal-face-value-closed-choice-open', 'tsp-rule-branch-warrant', 'tsp-loop-645', 'CHOICE_ORBIT', 'choice-orbit-optimal-face-4', FALSE, 'No mathematical branch is warranted for optimum-value proof; selecting one equal optimum requires a separately supplied external policy.', 'branch-warrant-certificate', 'BRANCH_REJECTION', 'state-optimal-face-value-closed-choice-open', 'state-optimal-face-value-closed-choice-open', 3, 0, 'REJECTED', 'VALUE_PROOF', 'REJECTED_VALUE_ALREADY_CERTIFIED', 'EXTERNAL_TIE_BREAK_NOT_SUPPLIED') ON CONFLICT (tsp_inference_application_id) DO UPDATE SET inference_state = EXCLUDED.inference_state, inference_rule = EXCLUDED.inference_rule, tsp_loop = EXCLUDED.tsp_loop, subject_type = EXCLUDED.subject_type, subject_id = EXCLUDED.subject_id, applicability_passed = EXCLUDED.applicability_passed, conclusion = EXCLUDED.conclusion, certificate_type = EXCLUDED.certificate_type, event_kind = EXCLUDED.event_kind, input_state_id = EXCLUDED.input_state_id, output_state_id = EXCLUDED.output_state_id, antecedent_count = EXCLUDED.antecedent_count, decision_count = EXCLUDED.decision_count, event_status = EXCLUDED.event_status, branch_purpose = EXCLUDED.branch_purpose, branch_warrant = EXCLUDED.branch_warrant, policy_status = EXCLUDED.policy_status;

-- ----------------------------------------------------------------------------
-- TSPInferenceAntecedents: Antecedent facts consumed by one inference application.
-- ----------------------------------------------------------------------------
INSERT INTO tsp_inference_antecedents (tsp_inference_antecedent_id, inference_application, antecedent_kind, antecedent_id, statement)
VALUES ('antecedent-local-bound-stop-a', 'application-local-bound-stop-a', 'TWO_CHEAPEST_WITNESS', 'local-bound-stop-a', 'LocalDegreeBounds.IsTwoCheapestWitness is certified by child dominance checks.') ON CONFLICT (tsp_inference_antecedent_id) DO UPDATE SET inference_application = EXCLUDED.inference_application, antecedent_kind = EXCLUDED.antecedent_kind, antecedent_id = EXCLUDED.antecedent_id, statement = EXCLUDED.statement;

INSERT INTO tsp_inference_antecedents (tsp_inference_antecedent_id, inference_application, antecedent_kind, antecedent_id, statement)
VALUES ('antecedent-local-bound-stop-b', 'application-local-bound-stop-b', 'TWO_CHEAPEST_WITNESS', 'local-bound-stop-b', 'LocalDegreeBounds.IsTwoCheapestWitness is certified by child dominance checks.') ON CONFLICT (tsp_inference_antecedent_id) DO UPDATE SET inference_application = EXCLUDED.inference_application, antecedent_kind = EXCLUDED.antecedent_kind, antecedent_id = EXCLUDED.antecedent_id, statement = EXCLUDED.statement;

INSERT INTO tsp_inference_antecedents (tsp_inference_antecedent_id, inference_application, antecedent_kind, antecedent_id, statement)
VALUES ('antecedent-local-bound-stop-c', 'application-local-bound-stop-c', 'TWO_CHEAPEST_WITNESS', 'local-bound-stop-c', 'LocalDegreeBounds.IsTwoCheapestWitness is certified by child dominance checks.') ON CONFLICT (tsp_inference_antecedent_id) DO UPDATE SET inference_application = EXCLUDED.inference_application, antecedent_kind = EXCLUDED.antecedent_kind, antecedent_id = EXCLUDED.antecedent_id, statement = EXCLUDED.statement;

INSERT INTO tsp_inference_antecedents (tsp_inference_antecedent_id, inference_application, antecedent_kind, antecedent_id, statement)
VALUES ('antecedent-local-bound-stop-d', 'application-local-bound-stop-d', 'TWO_CHEAPEST_WITNESS', 'local-bound-stop-d', 'LocalDegreeBounds.IsTwoCheapestWitness is certified by child dominance checks.') ON CONFLICT (tsp_inference_antecedent_id) DO UPDATE SET inference_application = EXCLUDED.inference_application, antecedent_kind = EXCLUDED.antecedent_kind, antecedent_id = EXCLUDED.antecedent_id, statement = EXCLUDED.statement;

INSERT INTO tsp_inference_antecedents (tsp_inference_antecedent_id, inference_application, antecedent_kind, antecedent_id, statement)
VALUES ('antecedent-local-bound-stop-e', 'application-local-bound-stop-e', 'TWO_CHEAPEST_WITNESS', 'local-bound-stop-e', 'LocalDegreeBounds.IsTwoCheapestWitness is certified by child dominance checks.') ON CONFLICT (tsp_inference_antecedent_id) DO UPDATE SET inference_application = EXCLUDED.inference_application, antecedent_kind = EXCLUDED.antecedent_kind, antecedent_id = EXCLUDED.antecedent_id, statement = EXCLUDED.statement;

-- ----------------------------------------------------------------------------
-- TSPEdgeStates: Epistemically typed state of one edge in one inference snapshot.
-- ----------------------------------------------------------------------------
INSERT INTO tsp_edge_states (tsp_edge_state_id, inference_state, travel_edge, decision_status, epistemic_status, inference_application, exchange_modality, exchange_set_id, exchange_warrant)
VALUES ('edge-state-gridville-edge-a-b', 'state-gridville-local-bound-selections', 'edge-a-b', 'SELECTED', 'SELECTED_BY_LOCAL_BOUND_WITNESS', 'application-local-bound-stop-a', NULL, NULL, NULL) ON CONFLICT (tsp_edge_state_id) DO UPDATE SET inference_state = EXCLUDED.inference_state, travel_edge = EXCLUDED.travel_edge, decision_status = EXCLUDED.decision_status, epistemic_status = EXCLUDED.epistemic_status, inference_application = EXCLUDED.inference_application, exchange_modality = EXCLUDED.exchange_modality, exchange_set_id = EXCLUDED.exchange_set_id, exchange_warrant = EXCLUDED.exchange_warrant;

INSERT INTO tsp_edge_states (tsp_edge_state_id, inference_state, travel_edge, decision_status, epistemic_status, inference_application, exchange_modality, exchange_set_id, exchange_warrant)
VALUES ('edge-state-gridville-edge-a-e', 'state-gridville-local-bound-selections', 'edge-a-e', 'SELECTED', 'SELECTED_BY_LOCAL_BOUND_WITNESS', 'application-local-bound-stop-a', NULL, NULL, NULL) ON CONFLICT (tsp_edge_state_id) DO UPDATE SET inference_state = EXCLUDED.inference_state, travel_edge = EXCLUDED.travel_edge, decision_status = EXCLUDED.decision_status, epistemic_status = EXCLUDED.epistemic_status, inference_application = EXCLUDED.inference_application, exchange_modality = EXCLUDED.exchange_modality, exchange_set_id = EXCLUDED.exchange_set_id, exchange_warrant = EXCLUDED.exchange_warrant;

INSERT INTO tsp_edge_states (tsp_edge_state_id, inference_state, travel_edge, decision_status, epistemic_status, inference_application, exchange_modality, exchange_set_id, exchange_warrant)
VALUES ('edge-state-gridville-edge-b-c', 'state-gridville-local-bound-selections', 'edge-b-c', 'SELECTED', 'SELECTED_BY_LOCAL_BOUND_WITNESS', 'application-local-bound-stop-b', NULL, NULL, NULL) ON CONFLICT (tsp_edge_state_id) DO UPDATE SET inference_state = EXCLUDED.inference_state, travel_edge = EXCLUDED.travel_edge, decision_status = EXCLUDED.decision_status, epistemic_status = EXCLUDED.epistemic_status, inference_application = EXCLUDED.inference_application, exchange_modality = EXCLUDED.exchange_modality, exchange_set_id = EXCLUDED.exchange_set_id, exchange_warrant = EXCLUDED.exchange_warrant;

INSERT INTO tsp_edge_states (tsp_edge_state_id, inference_state, travel_edge, decision_status, epistemic_status, inference_application, exchange_modality, exchange_set_id, exchange_warrant)
VALUES ('edge-state-gridville-edge-c-d', 'state-gridville-local-bound-selections', 'edge-c-d', 'SELECTED', 'SELECTED_BY_LOCAL_BOUND_WITNESS', 'application-local-bound-stop-c', NULL, NULL, NULL) ON CONFLICT (tsp_edge_state_id) DO UPDATE SET inference_state = EXCLUDED.inference_state, travel_edge = EXCLUDED.travel_edge, decision_status = EXCLUDED.decision_status, epistemic_status = EXCLUDED.epistemic_status, inference_application = EXCLUDED.inference_application, exchange_modality = EXCLUDED.exchange_modality, exchange_set_id = EXCLUDED.exchange_set_id, exchange_warrant = EXCLUDED.exchange_warrant;

INSERT INTO tsp_edge_states (tsp_edge_state_id, inference_state, travel_edge, decision_status, epistemic_status, inference_application, exchange_modality, exchange_set_id, exchange_warrant)
VALUES ('edge-state-gridville-edge-d-e', 'state-gridville-local-bound-selections', 'edge-d-e', 'SELECTED', 'SELECTED_BY_LOCAL_BOUND_WITNESS', 'application-local-bound-stop-d', NULL, NULL, NULL) ON CONFLICT (tsp_edge_state_id) DO UPDATE SET inference_state = EXCLUDED.inference_state, travel_edge = EXCLUDED.travel_edge, decision_status = EXCLUDED.decision_status, epistemic_status = EXCLUDED.epistemic_status, inference_application = EXCLUDED.inference_application, exchange_modality = EXCLUDED.exchange_modality, exchange_set_id = EXCLUDED.exchange_set_id, exchange_warrant = EXCLUDED.exchange_warrant;

INSERT INTO tsp_edge_states (tsp_edge_state_id, inference_state, travel_edge, decision_status, epistemic_status, inference_application, exchange_modality, exchange_set_id, exchange_warrant)
VALUES ('edge-state-sparse-edge-a-b-forced', 'state-sparse-forcing-round-1', 'sparse-edge-a-b', 'FORCED', 'FORCED_BY_EXACTLY_TWO_REMAINING_EDGES', NULL, NULL, NULL, NULL) ON CONFLICT (tsp_edge_state_id) DO UPDATE SET inference_state = EXCLUDED.inference_state, travel_edge = EXCLUDED.travel_edge, decision_status = EXCLUDED.decision_status, epistemic_status = EXCLUDED.epistemic_status, inference_application = EXCLUDED.inference_application, exchange_modality = EXCLUDED.exchange_modality, exchange_set_id = EXCLUDED.exchange_set_id, exchange_warrant = EXCLUDED.exchange_warrant;

INSERT INTO tsp_edge_states (tsp_edge_state_id, inference_state, travel_edge, decision_status, epistemic_status, inference_application, exchange_modality, exchange_set_id, exchange_warrant)
VALUES ('edge-state-sparse-edge-a-e-forced', 'state-sparse-forcing-round-1', 'sparse-edge-a-e', 'FORCED', 'FORCED_BY_EXACTLY_TWO_REMAINING_EDGES', NULL, NULL, NULL, NULL) ON CONFLICT (tsp_edge_state_id) DO UPDATE SET inference_state = EXCLUDED.inference_state, travel_edge = EXCLUDED.travel_edge, decision_status = EXCLUDED.decision_status, epistemic_status = EXCLUDED.epistemic_status, inference_application = EXCLUDED.inference_application, exchange_modality = EXCLUDED.exchange_modality, exchange_set_id = EXCLUDED.exchange_set_id, exchange_warrant = EXCLUDED.exchange_warrant;

INSERT INTO tsp_edge_states (tsp_edge_state_id, inference_state, travel_edge, decision_status, epistemic_status, inference_application, exchange_modality, exchange_set_id, exchange_warrant)
VALUES ('edge-state-sparse-edge-b-c-forced', 'state-sparse-forcing-round-1', 'sparse-edge-b-c', 'FORCED', 'FORCED_BY_EXACTLY_TWO_REMAINING_EDGES', NULL, NULL, NULL, NULL) ON CONFLICT (tsp_edge_state_id) DO UPDATE SET inference_state = EXCLUDED.inference_state, travel_edge = EXCLUDED.travel_edge, decision_status = EXCLUDED.decision_status, epistemic_status = EXCLUDED.epistemic_status, inference_application = EXCLUDED.inference_application, exchange_modality = EXCLUDED.exchange_modality, exchange_set_id = EXCLUDED.exchange_set_id, exchange_warrant = EXCLUDED.exchange_warrant;

INSERT INTO tsp_edge_states (tsp_edge_state_id, inference_state, travel_edge, decision_status, epistemic_status, inference_application, exchange_modality, exchange_set_id, exchange_warrant)
VALUES ('edge-state-sparse-edge-c-d-forced', 'state-sparse-forcing-round-1', 'sparse-edge-c-d', 'FORCED', 'FORCED_BY_EXACTLY_TWO_REMAINING_EDGES', NULL, NULL, NULL, NULL) ON CONFLICT (tsp_edge_state_id) DO UPDATE SET inference_state = EXCLUDED.inference_state, travel_edge = EXCLUDED.travel_edge, decision_status = EXCLUDED.decision_status, epistemic_status = EXCLUDED.epistemic_status, inference_application = EXCLUDED.inference_application, exchange_modality = EXCLUDED.exchange_modality, exchange_set_id = EXCLUDED.exchange_set_id, exchange_warrant = EXCLUDED.exchange_warrant;

INSERT INTO tsp_edge_states (tsp_edge_state_id, inference_state, travel_edge, decision_status, epistemic_status, inference_application, exchange_modality, exchange_set_id, exchange_warrant)
VALUES ('edge-state-sparse-edge-d-e-forced', 'state-sparse-forcing-round-1', 'sparse-edge-d-e', 'FORCED', 'FORCED_BY_EXACTLY_TWO_REMAINING_EDGES', NULL, NULL, NULL, NULL) ON CONFLICT (tsp_edge_state_id) DO UPDATE SET inference_state = EXCLUDED.inference_state, travel_edge = EXCLUDED.travel_edge, decision_status = EXCLUDED.decision_status, epistemic_status = EXCLUDED.epistemic_status, inference_application = EXCLUDED.inference_application, exchange_modality = EXCLUDED.exchange_modality, exchange_set_id = EXCLUDED.exchange_set_id, exchange_warrant = EXCLUDED.exchange_warrant;

INSERT INTO tsp_edge_states (tsp_edge_state_id, inference_state, travel_edge, decision_status, epistemic_status, inference_application, exchange_modality, exchange_set_id, exchange_warrant)
VALUES ('edge-state-three-region-added-r3-edge-a1-c3', 'state-three-region-balanced-exchange', 'r3-edge-a1-c3', 'SELECTED', 'ADDED_BY_BALANCED_EXCHANGE_FOR_CURRENT_WITNESS', 'event-three-region-balanced-exchange', 'ADDED', 'edge-set-three-region-balanced-exchange', 'BOUNDARY_HANDSHAKE_AND_DEGREE_PRESERVATION') ON CONFLICT (tsp_edge_state_id) DO UPDATE SET inference_state = EXCLUDED.inference_state, travel_edge = EXCLUDED.travel_edge, decision_status = EXCLUDED.decision_status, epistemic_status = EXCLUDED.epistemic_status, inference_application = EXCLUDED.inference_application, exchange_modality = EXCLUDED.exchange_modality, exchange_set_id = EXCLUDED.exchange_set_id, exchange_warrant = EXCLUDED.exchange_warrant;

INSERT INTO tsp_edge_states (tsp_edge_state_id, inference_state, travel_edge, decision_status, epistemic_status, inference_application, exchange_modality, exchange_set_id, exchange_warrant)
VALUES ('edge-state-three-region-added-r3-edge-a3-b1', 'state-three-region-balanced-exchange', 'r3-edge-a3-b1', 'SELECTED', 'ADDED_BY_BALANCED_EXCHANGE_FOR_CURRENT_WITNESS', 'event-three-region-balanced-exchange', 'ADDED', 'edge-set-three-region-balanced-exchange', 'BOUNDARY_HANDSHAKE_AND_DEGREE_PRESERVATION') ON CONFLICT (tsp_edge_state_id) DO UPDATE SET inference_state = EXCLUDED.inference_state, travel_edge = EXCLUDED.travel_edge, decision_status = EXCLUDED.decision_status, epistemic_status = EXCLUDED.epistemic_status, inference_application = EXCLUDED.inference_application, exchange_modality = EXCLUDED.exchange_modality, exchange_set_id = EXCLUDED.exchange_set_id, exchange_warrant = EXCLUDED.exchange_warrant;

INSERT INTO tsp_edge_states (tsp_edge_state_id, inference_state, travel_edge, decision_status, epistemic_status, inference_application, exchange_modality, exchange_set_id, exchange_warrant)
VALUES ('edge-state-three-region-added-r3-edge-b3-c1', 'state-three-region-balanced-exchange', 'r3-edge-b3-c1', 'SELECTED', 'ADDED_BY_BALANCED_EXCHANGE_FOR_CURRENT_WITNESS', 'event-three-region-balanced-exchange', 'ADDED', 'edge-set-three-region-balanced-exchange', 'BOUNDARY_HANDSHAKE_AND_DEGREE_PRESERVATION') ON CONFLICT (tsp_edge_state_id) DO UPDATE SET inference_state = EXCLUDED.inference_state, travel_edge = EXCLUDED.travel_edge, decision_status = EXCLUDED.decision_status, epistemic_status = EXCLUDED.epistemic_status, inference_application = EXCLUDED.inference_application, exchange_modality = EXCLUDED.exchange_modality, exchange_set_id = EXCLUDED.exchange_set_id, exchange_warrant = EXCLUDED.exchange_warrant;

INSERT INTO tsp_edge_states (tsp_edge_state_id, inference_state, travel_edge, decision_status, epistemic_status, inference_application, exchange_modality, exchange_set_id, exchange_warrant)
VALUES ('edge-state-three-region-released-r3-edge-a1-a3', 'state-three-region-balanced-exchange', 'r3-edge-a1-a3', 'SUPERSEDED', 'RELEASED_FROM_CURRENT_REPAIR_WITNESS_NOT_UNIVERSALLY_FORBIDDEN', 'event-three-region-balanced-exchange', 'RELEASED', 'edge-set-three-region-balanced-exchange', 'ONE_INTERNAL_RELEASE_PER_REGION') ON CONFLICT (tsp_edge_state_id) DO UPDATE SET inference_state = EXCLUDED.inference_state, travel_edge = EXCLUDED.travel_edge, decision_status = EXCLUDED.decision_status, epistemic_status = EXCLUDED.epistemic_status, inference_application = EXCLUDED.inference_application, exchange_modality = EXCLUDED.exchange_modality, exchange_set_id = EXCLUDED.exchange_set_id, exchange_warrant = EXCLUDED.exchange_warrant;

INSERT INTO tsp_edge_states (tsp_edge_state_id, inference_state, travel_edge, decision_status, epistemic_status, inference_application, exchange_modality, exchange_set_id, exchange_warrant)
VALUES ('edge-state-three-region-released-r3-edge-b1-b3', 'state-three-region-balanced-exchange', 'r3-edge-b1-b3', 'SUPERSEDED', 'RELEASED_FROM_CURRENT_REPAIR_WITNESS_NOT_UNIVERSALLY_FORBIDDEN', 'event-three-region-balanced-exchange', 'RELEASED', 'edge-set-three-region-balanced-exchange', 'ONE_INTERNAL_RELEASE_PER_REGION') ON CONFLICT (tsp_edge_state_id) DO UPDATE SET inference_state = EXCLUDED.inference_state, travel_edge = EXCLUDED.travel_edge, decision_status = EXCLUDED.decision_status, epistemic_status = EXCLUDED.epistemic_status, inference_application = EXCLUDED.inference_application, exchange_modality = EXCLUDED.exchange_modality, exchange_set_id = EXCLUDED.exchange_set_id, exchange_warrant = EXCLUDED.exchange_warrant;

INSERT INTO tsp_edge_states (tsp_edge_state_id, inference_state, travel_edge, decision_status, epistemic_status, inference_application, exchange_modality, exchange_set_id, exchange_warrant)
VALUES ('edge-state-three-region-released-r3-edge-c1-c3', 'state-three-region-balanced-exchange', 'r3-edge-c1-c3', 'SUPERSEDED', 'RELEASED_FROM_CURRENT_REPAIR_WITNESS_NOT_UNIVERSALLY_FORBIDDEN', 'event-three-region-balanced-exchange', 'RELEASED', 'edge-set-three-region-balanced-exchange', 'ONE_INTERNAL_RELEASE_PER_REGION') ON CONFLICT (tsp_edge_state_id) DO UPDATE SET inference_state = EXCLUDED.inference_state, travel_edge = EXCLUDED.travel_edge, decision_status = EXCLUDED.decision_status, epistemic_status = EXCLUDED.epistemic_status, inference_application = EXCLUDED.inference_application, exchange_modality = EXCLUDED.exchange_modality, exchange_set_id = EXCLUDED.exchange_set_id, exchange_warrant = EXCLUDED.exchange_warrant;

-- ----------------------------------------------------------------------------
-- TSPEdgeSupports: Witness rows supporting an edge-state conclusion.
-- ----------------------------------------------------------------------------
INSERT INTO tsp_edge_supports (tsp_edge_support_id, edge_state, local_degree_bound, inference_application, support_kind, statement)
VALUES ('support-local-bound-stop-a-edge-a-b', 'edge-state-gridville-edge-a-b', 'local-bound-stop-a', 'application-local-bound-stop-a', 'ENDPOINT_LOCAL_BOUND_SELECTION', 'local-bound-stop-a selects edge-a-b; this is support, not a universal forced-edge claim.') ON CONFLICT (tsp_edge_support_id) DO UPDATE SET edge_state = EXCLUDED.edge_state, local_degree_bound = EXCLUDED.local_degree_bound, inference_application = EXCLUDED.inference_application, support_kind = EXCLUDED.support_kind, statement = EXCLUDED.statement;

INSERT INTO tsp_edge_supports (tsp_edge_support_id, edge_state, local_degree_bound, inference_application, support_kind, statement)
VALUES ('support-local-bound-stop-a-edge-a-e', 'edge-state-gridville-edge-a-e', 'local-bound-stop-a', 'application-local-bound-stop-a', 'ENDPOINT_LOCAL_BOUND_SELECTION', 'local-bound-stop-a selects edge-a-e; this is support, not a universal forced-edge claim.') ON CONFLICT (tsp_edge_support_id) DO UPDATE SET edge_state = EXCLUDED.edge_state, local_degree_bound = EXCLUDED.local_degree_bound, inference_application = EXCLUDED.inference_application, support_kind = EXCLUDED.support_kind, statement = EXCLUDED.statement;

INSERT INTO tsp_edge_supports (tsp_edge_support_id, edge_state, local_degree_bound, inference_application, support_kind, statement)
VALUES ('support-local-bound-stop-b-edge-a-b', 'edge-state-gridville-edge-a-b', 'local-bound-stop-b', 'application-local-bound-stop-b', 'ENDPOINT_LOCAL_BOUND_SELECTION', 'local-bound-stop-b selects edge-a-b; this is support, not a universal forced-edge claim.') ON CONFLICT (tsp_edge_support_id) DO UPDATE SET edge_state = EXCLUDED.edge_state, local_degree_bound = EXCLUDED.local_degree_bound, inference_application = EXCLUDED.inference_application, support_kind = EXCLUDED.support_kind, statement = EXCLUDED.statement;

INSERT INTO tsp_edge_supports (tsp_edge_support_id, edge_state, local_degree_bound, inference_application, support_kind, statement)
VALUES ('support-local-bound-stop-b-edge-b-c', 'edge-state-gridville-edge-b-c', 'local-bound-stop-b', 'application-local-bound-stop-b', 'ENDPOINT_LOCAL_BOUND_SELECTION', 'local-bound-stop-b selects edge-b-c; this is support, not a universal forced-edge claim.') ON CONFLICT (tsp_edge_support_id) DO UPDATE SET edge_state = EXCLUDED.edge_state, local_degree_bound = EXCLUDED.local_degree_bound, inference_application = EXCLUDED.inference_application, support_kind = EXCLUDED.support_kind, statement = EXCLUDED.statement;

INSERT INTO tsp_edge_supports (tsp_edge_support_id, edge_state, local_degree_bound, inference_application, support_kind, statement)
VALUES ('support-local-bound-stop-c-edge-b-c', 'edge-state-gridville-edge-b-c', 'local-bound-stop-c', 'application-local-bound-stop-c', 'ENDPOINT_LOCAL_BOUND_SELECTION', 'local-bound-stop-c selects edge-b-c; this is support, not a universal forced-edge claim.') ON CONFLICT (tsp_edge_support_id) DO UPDATE SET edge_state = EXCLUDED.edge_state, local_degree_bound = EXCLUDED.local_degree_bound, inference_application = EXCLUDED.inference_application, support_kind = EXCLUDED.support_kind, statement = EXCLUDED.statement;

INSERT INTO tsp_edge_supports (tsp_edge_support_id, edge_state, local_degree_bound, inference_application, support_kind, statement)
VALUES ('support-local-bound-stop-c-edge-c-d', 'edge-state-gridville-edge-c-d', 'local-bound-stop-c', 'application-local-bound-stop-c', 'ENDPOINT_LOCAL_BOUND_SELECTION', 'local-bound-stop-c selects edge-c-d; this is support, not a universal forced-edge claim.') ON CONFLICT (tsp_edge_support_id) DO UPDATE SET edge_state = EXCLUDED.edge_state, local_degree_bound = EXCLUDED.local_degree_bound, inference_application = EXCLUDED.inference_application, support_kind = EXCLUDED.support_kind, statement = EXCLUDED.statement;

INSERT INTO tsp_edge_supports (tsp_edge_support_id, edge_state, local_degree_bound, inference_application, support_kind, statement)
VALUES ('support-local-bound-stop-d-edge-c-d', 'edge-state-gridville-edge-c-d', 'local-bound-stop-d', 'application-local-bound-stop-d', 'ENDPOINT_LOCAL_BOUND_SELECTION', 'local-bound-stop-d selects edge-c-d; this is support, not a universal forced-edge claim.') ON CONFLICT (tsp_edge_support_id) DO UPDATE SET edge_state = EXCLUDED.edge_state, local_degree_bound = EXCLUDED.local_degree_bound, inference_application = EXCLUDED.inference_application, support_kind = EXCLUDED.support_kind, statement = EXCLUDED.statement;

INSERT INTO tsp_edge_supports (tsp_edge_support_id, edge_state, local_degree_bound, inference_application, support_kind, statement)
VALUES ('support-local-bound-stop-d-edge-d-e', 'edge-state-gridville-edge-d-e', 'local-bound-stop-d', 'application-local-bound-stop-d', 'ENDPOINT_LOCAL_BOUND_SELECTION', 'local-bound-stop-d selects edge-d-e; this is support, not a universal forced-edge claim.') ON CONFLICT (tsp_edge_support_id) DO UPDATE SET edge_state = EXCLUDED.edge_state, local_degree_bound = EXCLUDED.local_degree_bound, inference_application = EXCLUDED.inference_application, support_kind = EXCLUDED.support_kind, statement = EXCLUDED.statement;

INSERT INTO tsp_edge_supports (tsp_edge_support_id, edge_state, local_degree_bound, inference_application, support_kind, statement)
VALUES ('support-local-bound-stop-e-edge-a-e', 'edge-state-gridville-edge-a-e', 'local-bound-stop-e', 'application-local-bound-stop-e', 'ENDPOINT_LOCAL_BOUND_SELECTION', 'local-bound-stop-e selects edge-a-e; this is support, not a universal forced-edge claim.') ON CONFLICT (tsp_edge_support_id) DO UPDATE SET edge_state = EXCLUDED.edge_state, local_degree_bound = EXCLUDED.local_degree_bound, inference_application = EXCLUDED.inference_application, support_kind = EXCLUDED.support_kind, statement = EXCLUDED.statement;

INSERT INTO tsp_edge_supports (tsp_edge_support_id, edge_state, local_degree_bound, inference_application, support_kind, statement)
VALUES ('support-local-bound-stop-e-edge-d-e', 'edge-state-gridville-edge-d-e', 'local-bound-stop-e', 'application-local-bound-stop-e', 'ENDPOINT_LOCAL_BOUND_SELECTION', 'local-bound-stop-e selects edge-d-e; this is support, not a universal forced-edge claim.') ON CONFLICT (tsp_edge_support_id) DO UPDATE SET edge_state = EXCLUDED.edge_state, local_degree_bound = EXCLUDED.local_degree_bound, inference_application = EXCLUDED.inference_application, support_kind = EXCLUDED.support_kind, statement = EXCLUDED.statement;

-- ----------------------------------------------------------------------------
-- TSPDerivedEdgeSets: First-class edge sets derived from inference rows rather than supplied route order.
-- ----------------------------------------------------------------------------
INSERT INTO tsp_derived_edge_sets (tsp_derived_edge_set_id, tsp_instance, inference_state, derivation_kind, edge_count, required_stop_count, total_cost, degree_violation_count, connected_component_count, proper_subtour_count, status)
VALUES ('edge-set-gridville-local-bound-union', 'tsp-gridville-5', 'state-gridville-derived-edge-union', 'UNION_OF_LOCAL_DEGREE_BOUND_SELECTIONS', 5, 5, 14.0, 0, 1, 0, 'CONNECTED_DEGREE_TWO') ON CONFLICT (tsp_derived_edge_set_id) DO UPDATE SET tsp_instance = EXCLUDED.tsp_instance, inference_state = EXCLUDED.inference_state, derivation_kind = EXCLUDED.derivation_kind, edge_count = EXCLUDED.edge_count, required_stop_count = EXCLUDED.required_stop_count, total_cost = EXCLUDED.total_cost, degree_violation_count = EXCLUDED.degree_violation_count, connected_component_count = EXCLUDED.connected_component_count, proper_subtour_count = EXCLUDED.proper_subtour_count, status = EXCLUDED.status;

INSERT INTO tsp_derived_edge_sets (tsp_derived_edge_set_id, tsp_instance, inference_state, derivation_kind, edge_count, required_stop_count, total_cost, degree_violation_count, connected_component_count, proper_subtour_count, status)
VALUES ('edge-set-twin-triangles-local-bound-union', 'tsp-twin-triangles-6', 'state-twin-triangles-local-bound-union', 'UNION_OF_LOCAL_DEGREE_BOUND_SELECTIONS', 6, 6, 6.0, 0, 2, 2, 'DISCONNECTED_SUBTOURS') ON CONFLICT (tsp_derived_edge_set_id) DO UPDATE SET tsp_instance = EXCLUDED.tsp_instance, inference_state = EXCLUDED.inference_state, derivation_kind = EXCLUDED.derivation_kind, edge_count = EXCLUDED.edge_count, required_stop_count = EXCLUDED.required_stop_count, total_cost = EXCLUDED.total_cost, degree_violation_count = EXCLUDED.degree_violation_count, connected_component_count = EXCLUDED.connected_component_count, proper_subtour_count = EXCLUDED.proper_subtour_count, status = EXCLUDED.status;

INSERT INTO tsp_derived_edge_sets (tsp_derived_edge_set_id, tsp_instance, inference_state, derivation_kind, edge_count, required_stop_count, total_cost, degree_violation_count, connected_component_count, proper_subtour_count, status)
VALUES ('edge-set-three-region-local-two-factor', 'tsp-three-regions-9', 'state-three-region-local-two-factor', 'UNION_OF_LOCAL_DEGREE_BOUND_SELECTIONS', 9, 9, 9, 0, 3, 3, 'DISCONNECTED_SUBTOURS') ON CONFLICT (tsp_derived_edge_set_id) DO UPDATE SET tsp_instance = EXCLUDED.tsp_instance, inference_state = EXCLUDED.inference_state, derivation_kind = EXCLUDED.derivation_kind, edge_count = EXCLUDED.edge_count, required_stop_count = EXCLUDED.required_stop_count, total_cost = EXCLUDED.total_cost, degree_violation_count = EXCLUDED.degree_violation_count, connected_component_count = EXCLUDED.connected_component_count, proper_subtour_count = EXCLUDED.proper_subtour_count, status = EXCLUDED.status;

INSERT INTO tsp_derived_edge_sets (tsp_derived_edge_set_id, tsp_instance, inference_state, derivation_kind, edge_count, required_stop_count, total_cost, degree_violation_count, connected_component_count, proper_subtour_count, status)
VALUES ('edge-set-three-region-balanced-exchange', 'tsp-three-regions-9', 'state-three-region-balanced-exchange', 'BALANCED_REGION_EDGE_EXCHANGE', 9, 9, 36, 0, 1, 0, 'CONNECTED_DEGREE_TWO') ON CONFLICT (tsp_derived_edge_set_id) DO UPDATE SET tsp_instance = EXCLUDED.tsp_instance, inference_state = EXCLUDED.inference_state, derivation_kind = EXCLUDED.derivation_kind, edge_count = EXCLUDED.edge_count, required_stop_count = EXCLUDED.required_stop_count, total_cost = EXCLUDED.total_cost, degree_violation_count = EXCLUDED.degree_violation_count, connected_component_count = EXCLUDED.connected_component_count, proper_subtour_count = EXCLUDED.proper_subtour_count, status = EXCLUDED.status;

-- ----------------------------------------------------------------------------
-- TSPDefectProfiles: Uniform incidence, connectivity, boundary, and cost defects for stops, instances, witnesses, and quotient nodes.
-- ----------------------------------------------------------------------------
INSERT INTO tsp_defect_profiles (tsp_defect_profile_id, tsp_instance, tsp_loop, subject_kind, subject_id, required_incidence, observed_incidence, component_count, required_boundary_crossings, observed_boundary_crossings, lower_bound_cost, upper_bound_cost, status, lower_bound_witnessed, upper_bound_witnessed)
VALUES ('incidence-budget-stop-a', 'tsp-gridville-5', 'tsp-loop-600', 'STOP', 'stop-a', 2, 2, 1, 0, 0, 0, 0, 'INCIDENCE_CLOSED', FALSE, FALSE) ON CONFLICT (tsp_defect_profile_id) DO UPDATE SET tsp_instance = EXCLUDED.tsp_instance, tsp_loop = EXCLUDED.tsp_loop, subject_kind = EXCLUDED.subject_kind, subject_id = EXCLUDED.subject_id, required_incidence = EXCLUDED.required_incidence, observed_incidence = EXCLUDED.observed_incidence, component_count = EXCLUDED.component_count, required_boundary_crossings = EXCLUDED.required_boundary_crossings, observed_boundary_crossings = EXCLUDED.observed_boundary_crossings, lower_bound_cost = EXCLUDED.lower_bound_cost, upper_bound_cost = EXCLUDED.upper_bound_cost, status = EXCLUDED.status, lower_bound_witnessed = EXCLUDED.lower_bound_witnessed, upper_bound_witnessed = EXCLUDED.upper_bound_witnessed;

INSERT INTO tsp_defect_profiles (tsp_defect_profile_id, tsp_instance, tsp_loop, subject_kind, subject_id, required_incidence, observed_incidence, component_count, required_boundary_crossings, observed_boundary_crossings, lower_bound_cost, upper_bound_cost, status, lower_bound_witnessed, upper_bound_witnessed)
VALUES ('incidence-budget-stop-b', 'tsp-gridville-5', 'tsp-loop-600', 'STOP', 'stop-b', 2, 2, 1, 0, 0, 0, 0, 'INCIDENCE_CLOSED', FALSE, FALSE) ON CONFLICT (tsp_defect_profile_id) DO UPDATE SET tsp_instance = EXCLUDED.tsp_instance, tsp_loop = EXCLUDED.tsp_loop, subject_kind = EXCLUDED.subject_kind, subject_id = EXCLUDED.subject_id, required_incidence = EXCLUDED.required_incidence, observed_incidence = EXCLUDED.observed_incidence, component_count = EXCLUDED.component_count, required_boundary_crossings = EXCLUDED.required_boundary_crossings, observed_boundary_crossings = EXCLUDED.observed_boundary_crossings, lower_bound_cost = EXCLUDED.lower_bound_cost, upper_bound_cost = EXCLUDED.upper_bound_cost, status = EXCLUDED.status, lower_bound_witnessed = EXCLUDED.lower_bound_witnessed, upper_bound_witnessed = EXCLUDED.upper_bound_witnessed;

INSERT INTO tsp_defect_profiles (tsp_defect_profile_id, tsp_instance, tsp_loop, subject_kind, subject_id, required_incidence, observed_incidence, component_count, required_boundary_crossings, observed_boundary_crossings, lower_bound_cost, upper_bound_cost, status, lower_bound_witnessed, upper_bound_witnessed)
VALUES ('incidence-budget-stop-c', 'tsp-gridville-5', 'tsp-loop-600', 'STOP', 'stop-c', 2, 2, 1, 0, 0, 0, 0, 'INCIDENCE_CLOSED', FALSE, FALSE) ON CONFLICT (tsp_defect_profile_id) DO UPDATE SET tsp_instance = EXCLUDED.tsp_instance, tsp_loop = EXCLUDED.tsp_loop, subject_kind = EXCLUDED.subject_kind, subject_id = EXCLUDED.subject_id, required_incidence = EXCLUDED.required_incidence, observed_incidence = EXCLUDED.observed_incidence, component_count = EXCLUDED.component_count, required_boundary_crossings = EXCLUDED.required_boundary_crossings, observed_boundary_crossings = EXCLUDED.observed_boundary_crossings, lower_bound_cost = EXCLUDED.lower_bound_cost, upper_bound_cost = EXCLUDED.upper_bound_cost, status = EXCLUDED.status, lower_bound_witnessed = EXCLUDED.lower_bound_witnessed, upper_bound_witnessed = EXCLUDED.upper_bound_witnessed;

INSERT INTO tsp_defect_profiles (tsp_defect_profile_id, tsp_instance, tsp_loop, subject_kind, subject_id, required_incidence, observed_incidence, component_count, required_boundary_crossings, observed_boundary_crossings, lower_bound_cost, upper_bound_cost, status, lower_bound_witnessed, upper_bound_witnessed)
VALUES ('incidence-budget-stop-d', 'tsp-gridville-5', 'tsp-loop-600', 'STOP', 'stop-d', 2, 2, 1, 0, 0, 0, 0, 'INCIDENCE_CLOSED', FALSE, FALSE) ON CONFLICT (tsp_defect_profile_id) DO UPDATE SET tsp_instance = EXCLUDED.tsp_instance, tsp_loop = EXCLUDED.tsp_loop, subject_kind = EXCLUDED.subject_kind, subject_id = EXCLUDED.subject_id, required_incidence = EXCLUDED.required_incidence, observed_incidence = EXCLUDED.observed_incidence, component_count = EXCLUDED.component_count, required_boundary_crossings = EXCLUDED.required_boundary_crossings, observed_boundary_crossings = EXCLUDED.observed_boundary_crossings, lower_bound_cost = EXCLUDED.lower_bound_cost, upper_bound_cost = EXCLUDED.upper_bound_cost, status = EXCLUDED.status, lower_bound_witnessed = EXCLUDED.lower_bound_witnessed, upper_bound_witnessed = EXCLUDED.upper_bound_witnessed;

INSERT INTO tsp_defect_profiles (tsp_defect_profile_id, tsp_instance, tsp_loop, subject_kind, subject_id, required_incidence, observed_incidence, component_count, required_boundary_crossings, observed_boundary_crossings, lower_bound_cost, upper_bound_cost, status, lower_bound_witnessed, upper_bound_witnessed)
VALUES ('incidence-budget-stop-e', 'tsp-gridville-5', 'tsp-loop-600', 'STOP', 'stop-e', 2, 2, 1, 0, 0, 0, 0, 'INCIDENCE_CLOSED', FALSE, FALSE) ON CONFLICT (tsp_defect_profile_id) DO UPDATE SET tsp_instance = EXCLUDED.tsp_instance, tsp_loop = EXCLUDED.tsp_loop, subject_kind = EXCLUDED.subject_kind, subject_id = EXCLUDED.subject_id, required_incidence = EXCLUDED.required_incidence, observed_incidence = EXCLUDED.observed_incidence, component_count = EXCLUDED.component_count, required_boundary_crossings = EXCLUDED.required_boundary_crossings, observed_boundary_crossings = EXCLUDED.observed_boundary_crossings, lower_bound_cost = EXCLUDED.lower_bound_cost, upper_bound_cost = EXCLUDED.upper_bound_cost, status = EXCLUDED.status, lower_bound_witnessed = EXCLUDED.lower_bound_witnessed, upper_bound_witnessed = EXCLUDED.upper_bound_witnessed;

INSERT INTO tsp_defect_profiles (tsp_defect_profile_id, tsp_instance, tsp_loop, subject_kind, subject_id, required_incidence, observed_incidence, component_count, required_boundary_crossings, observed_boundary_crossings, lower_bound_cost, upper_bound_cost, status, lower_bound_witnessed, upper_bound_witnessed)
VALUES ('incidence-budget-twin-stop-wa', 'tsp-twin-triangles-6', 'tsp-loop-600', 'STOP', 'twin-stop-wa', 2, 2, 2, 0, 0, 0, 0, 'INCIDENCE_CLOSED', FALSE, FALSE) ON CONFLICT (tsp_defect_profile_id) DO UPDATE SET tsp_instance = EXCLUDED.tsp_instance, tsp_loop = EXCLUDED.tsp_loop, subject_kind = EXCLUDED.subject_kind, subject_id = EXCLUDED.subject_id, required_incidence = EXCLUDED.required_incidence, observed_incidence = EXCLUDED.observed_incidence, component_count = EXCLUDED.component_count, required_boundary_crossings = EXCLUDED.required_boundary_crossings, observed_boundary_crossings = EXCLUDED.observed_boundary_crossings, lower_bound_cost = EXCLUDED.lower_bound_cost, upper_bound_cost = EXCLUDED.upper_bound_cost, status = EXCLUDED.status, lower_bound_witnessed = EXCLUDED.lower_bound_witnessed, upper_bound_witnessed = EXCLUDED.upper_bound_witnessed;

INSERT INTO tsp_defect_profiles (tsp_defect_profile_id, tsp_instance, tsp_loop, subject_kind, subject_id, required_incidence, observed_incidence, component_count, required_boundary_crossings, observed_boundary_crossings, lower_bound_cost, upper_bound_cost, status, lower_bound_witnessed, upper_bound_witnessed)
VALUES ('incidence-budget-twin-stop-wb', 'tsp-twin-triangles-6', 'tsp-loop-600', 'STOP', 'twin-stop-wb', 2, 2, 2, 0, 0, 0, 0, 'INCIDENCE_CLOSED', FALSE, FALSE) ON CONFLICT (tsp_defect_profile_id) DO UPDATE SET tsp_instance = EXCLUDED.tsp_instance, tsp_loop = EXCLUDED.tsp_loop, subject_kind = EXCLUDED.subject_kind, subject_id = EXCLUDED.subject_id, required_incidence = EXCLUDED.required_incidence, observed_incidence = EXCLUDED.observed_incidence, component_count = EXCLUDED.component_count, required_boundary_crossings = EXCLUDED.required_boundary_crossings, observed_boundary_crossings = EXCLUDED.observed_boundary_crossings, lower_bound_cost = EXCLUDED.lower_bound_cost, upper_bound_cost = EXCLUDED.upper_bound_cost, status = EXCLUDED.status, lower_bound_witnessed = EXCLUDED.lower_bound_witnessed, upper_bound_witnessed = EXCLUDED.upper_bound_witnessed;

INSERT INTO tsp_defect_profiles (tsp_defect_profile_id, tsp_instance, tsp_loop, subject_kind, subject_id, required_incidence, observed_incidence, component_count, required_boundary_crossings, observed_boundary_crossings, lower_bound_cost, upper_bound_cost, status, lower_bound_witnessed, upper_bound_witnessed)
VALUES ('incidence-budget-twin-stop-wc', 'tsp-twin-triangles-6', 'tsp-loop-600', 'STOP', 'twin-stop-wc', 2, 2, 2, 0, 0, 0, 0, 'INCIDENCE_CLOSED', FALSE, FALSE) ON CONFLICT (tsp_defect_profile_id) DO UPDATE SET tsp_instance = EXCLUDED.tsp_instance, tsp_loop = EXCLUDED.tsp_loop, subject_kind = EXCLUDED.subject_kind, subject_id = EXCLUDED.subject_id, required_incidence = EXCLUDED.required_incidence, observed_incidence = EXCLUDED.observed_incidence, component_count = EXCLUDED.component_count, required_boundary_crossings = EXCLUDED.required_boundary_crossings, observed_boundary_crossings = EXCLUDED.observed_boundary_crossings, lower_bound_cost = EXCLUDED.lower_bound_cost, upper_bound_cost = EXCLUDED.upper_bound_cost, status = EXCLUDED.status, lower_bound_witnessed = EXCLUDED.lower_bound_witnessed, upper_bound_witnessed = EXCLUDED.upper_bound_witnessed;

INSERT INTO tsp_defect_profiles (tsp_defect_profile_id, tsp_instance, tsp_loop, subject_kind, subject_id, required_incidence, observed_incidence, component_count, required_boundary_crossings, observed_boundary_crossings, lower_bound_cost, upper_bound_cost, status, lower_bound_witnessed, upper_bound_witnessed)
VALUES ('incidence-budget-twin-stop-ed', 'tsp-twin-triangles-6', 'tsp-loop-600', 'STOP', 'twin-stop-ed', 2, 2, 2, 0, 0, 0, 0, 'INCIDENCE_CLOSED', FALSE, FALSE) ON CONFLICT (tsp_defect_profile_id) DO UPDATE SET tsp_instance = EXCLUDED.tsp_instance, tsp_loop = EXCLUDED.tsp_loop, subject_kind = EXCLUDED.subject_kind, subject_id = EXCLUDED.subject_id, required_incidence = EXCLUDED.required_incidence, observed_incidence = EXCLUDED.observed_incidence, component_count = EXCLUDED.component_count, required_boundary_crossings = EXCLUDED.required_boundary_crossings, observed_boundary_crossings = EXCLUDED.observed_boundary_crossings, lower_bound_cost = EXCLUDED.lower_bound_cost, upper_bound_cost = EXCLUDED.upper_bound_cost, status = EXCLUDED.status, lower_bound_witnessed = EXCLUDED.lower_bound_witnessed, upper_bound_witnessed = EXCLUDED.upper_bound_witnessed;

INSERT INTO tsp_defect_profiles (tsp_defect_profile_id, tsp_instance, tsp_loop, subject_kind, subject_id, required_incidence, observed_incidence, component_count, required_boundary_crossings, observed_boundary_crossings, lower_bound_cost, upper_bound_cost, status, lower_bound_witnessed, upper_bound_witnessed)
VALUES ('incidence-budget-twin-stop-ee', 'tsp-twin-triangles-6', 'tsp-loop-600', 'STOP', 'twin-stop-ee', 2, 2, 2, 0, 0, 0, 0, 'INCIDENCE_CLOSED', FALSE, FALSE) ON CONFLICT (tsp_defect_profile_id) DO UPDATE SET tsp_instance = EXCLUDED.tsp_instance, tsp_loop = EXCLUDED.tsp_loop, subject_kind = EXCLUDED.subject_kind, subject_id = EXCLUDED.subject_id, required_incidence = EXCLUDED.required_incidence, observed_incidence = EXCLUDED.observed_incidence, component_count = EXCLUDED.component_count, required_boundary_crossings = EXCLUDED.required_boundary_crossings, observed_boundary_crossings = EXCLUDED.observed_boundary_crossings, lower_bound_cost = EXCLUDED.lower_bound_cost, upper_bound_cost = EXCLUDED.upper_bound_cost, status = EXCLUDED.status, lower_bound_witnessed = EXCLUDED.lower_bound_witnessed, upper_bound_witnessed = EXCLUDED.upper_bound_witnessed;

INSERT INTO tsp_defect_profiles (tsp_defect_profile_id, tsp_instance, tsp_loop, subject_kind, subject_id, required_incidence, observed_incidence, component_count, required_boundary_crossings, observed_boundary_crossings, lower_bound_cost, upper_bound_cost, status, lower_bound_witnessed, upper_bound_witnessed)
VALUES ('incidence-budget-twin-stop-ef', 'tsp-twin-triangles-6', 'tsp-loop-600', 'STOP', 'twin-stop-ef', 2, 2, 2, 0, 0, 0, 0, 'INCIDENCE_CLOSED', FALSE, FALSE) ON CONFLICT (tsp_defect_profile_id) DO UPDATE SET tsp_instance = EXCLUDED.tsp_instance, tsp_loop = EXCLUDED.tsp_loop, subject_kind = EXCLUDED.subject_kind, subject_id = EXCLUDED.subject_id, required_incidence = EXCLUDED.required_incidence, observed_incidence = EXCLUDED.observed_incidence, component_count = EXCLUDED.component_count, required_boundary_crossings = EXCLUDED.required_boundary_crossings, observed_boundary_crossings = EXCLUDED.observed_boundary_crossings, lower_bound_cost = EXCLUDED.lower_bound_cost, upper_bound_cost = EXCLUDED.upper_bound_cost, status = EXCLUDED.status, lower_bound_witnessed = EXCLUDED.lower_bound_witnessed, upper_bound_witnessed = EXCLUDED.upper_bound_witnessed;

INSERT INTO tsp_defect_profiles (tsp_defect_profile_id, tsp_instance, tsp_loop, subject_kind, subject_id, required_incidence, observed_incidence, component_count, required_boundary_crossings, observed_boundary_crossings, lower_bound_cost, upper_bound_cost, status, lower_bound_witnessed, upper_bound_witnessed)
VALUES ('defect-vector-gridville-cycle', 'tsp-gridville-5', 'tsp-loop-601', 'INSTANCE', 'edge-set-gridville-local-bound-union', 2, 2, 1, 0, 0, 14, 14, 'ZERO_DEFECT', TRUE, TRUE) ON CONFLICT (tsp_defect_profile_id) DO UPDATE SET tsp_instance = EXCLUDED.tsp_instance, tsp_loop = EXCLUDED.tsp_loop, subject_kind = EXCLUDED.subject_kind, subject_id = EXCLUDED.subject_id, required_incidence = EXCLUDED.required_incidence, observed_incidence = EXCLUDED.observed_incidence, component_count = EXCLUDED.component_count, required_boundary_crossings = EXCLUDED.required_boundary_crossings, observed_boundary_crossings = EXCLUDED.observed_boundary_crossings, lower_bound_cost = EXCLUDED.lower_bound_cost, upper_bound_cost = EXCLUDED.upper_bound_cost, status = EXCLUDED.status, lower_bound_witnessed = EXCLUDED.lower_bound_witnessed, upper_bound_witnessed = EXCLUDED.upper_bound_witnessed;

INSERT INTO tsp_defect_profiles (tsp_defect_profile_id, tsp_instance, tsp_loop, subject_kind, subject_id, required_incidence, observed_incidence, component_count, required_boundary_crossings, observed_boundary_crossings, lower_bound_cost, upper_bound_cost, status, lower_bound_witnessed, upper_bound_witnessed)
VALUES ('defect-vector-twin-local-two-factor', 'tsp-twin-triangles-6', 'tsp-loop-601', 'EDGE_SET', 'edge-set-twin-triangles-local-bound-union', 2, 2, 2, 2, 0, 24, 24, 'COMPONENT_REPAIR_BOUND_CERTIFIED', TRUE, TRUE) ON CONFLICT (tsp_defect_profile_id) DO UPDATE SET tsp_instance = EXCLUDED.tsp_instance, tsp_loop = EXCLUDED.tsp_loop, subject_kind = EXCLUDED.subject_kind, subject_id = EXCLUDED.subject_id, required_incidence = EXCLUDED.required_incidence, observed_incidence = EXCLUDED.observed_incidence, component_count = EXCLUDED.component_count, required_boundary_crossings = EXCLUDED.required_boundary_crossings, observed_boundary_crossings = EXCLUDED.observed_boundary_crossings, lower_bound_cost = EXCLUDED.lower_bound_cost, upper_bound_cost = EXCLUDED.upper_bound_cost, status = EXCLUDED.status, lower_bound_witnessed = EXCLUDED.lower_bound_witnessed, upper_bound_witnessed = EXCLUDED.upper_bound_witnessed;

INSERT INTO tsp_defect_profiles (tsp_defect_profile_id, tsp_instance, tsp_loop, subject_kind, subject_id, required_incidence, observed_incidence, component_count, required_boundary_crossings, observed_boundary_crossings, lower_bound_cost, upper_bound_cost, status, lower_bound_witnessed, upper_bound_witnessed)
VALUES ('defect-vector-twin-optimal-witness', 'tsp-twin-triangles-6', 'tsp-loop-604', 'WITNESS', 'tour-twin-triangles-feasible-24', 2, 2, 1, 2, 2, 24, 24, 'ZERO_DEFECT_OPTIMAL_WITNESS', TRUE, TRUE) ON CONFLICT (tsp_defect_profile_id) DO UPDATE SET tsp_instance = EXCLUDED.tsp_instance, tsp_loop = EXCLUDED.tsp_loop, subject_kind = EXCLUDED.subject_kind, subject_id = EXCLUDED.subject_id, required_incidence = EXCLUDED.required_incidence, observed_incidence = EXCLUDED.observed_incidence, component_count = EXCLUDED.component_count, required_boundary_crossings = EXCLUDED.required_boundary_crossings, observed_boundary_crossings = EXCLUDED.observed_boundary_crossings, lower_bound_cost = EXCLUDED.lower_bound_cost, upper_bound_cost = EXCLUDED.upper_bound_cost, status = EXCLUDED.status, lower_bound_witnessed = EXCLUDED.lower_bound_witnessed, upper_bound_witnessed = EXCLUDED.upper_bound_witnessed;

INSERT INTO tsp_defect_profiles (tsp_defect_profile_id, tsp_instance, tsp_loop, subject_kind, subject_id, required_incidence, observed_incidence, component_count, required_boundary_crossings, observed_boundary_crossings, lower_bound_cost, upper_bound_cost, status, lower_bound_witnessed, upper_bound_witnessed)
VALUES ('component-quotient-gridville-west-triangle', 'tsp-twin-triangles-6', 'tsp-loop-608', 'QUOTIENT_NODE', 'gridville-west-triangle', 2, 2, 1, 2, 2, 0, 0, 'BOUNDARY_DEGREE_CLOSED', FALSE, FALSE) ON CONFLICT (tsp_defect_profile_id) DO UPDATE SET tsp_instance = EXCLUDED.tsp_instance, tsp_loop = EXCLUDED.tsp_loop, subject_kind = EXCLUDED.subject_kind, subject_id = EXCLUDED.subject_id, required_incidence = EXCLUDED.required_incidence, observed_incidence = EXCLUDED.observed_incidence, component_count = EXCLUDED.component_count, required_boundary_crossings = EXCLUDED.required_boundary_crossings, observed_boundary_crossings = EXCLUDED.observed_boundary_crossings, lower_bound_cost = EXCLUDED.lower_bound_cost, upper_bound_cost = EXCLUDED.upper_bound_cost, status = EXCLUDED.status, lower_bound_witnessed = EXCLUDED.lower_bound_witnessed, upper_bound_witnessed = EXCLUDED.upper_bound_witnessed;

INSERT INTO tsp_defect_profiles (tsp_defect_profile_id, tsp_instance, tsp_loop, subject_kind, subject_id, required_incidence, observed_incidence, component_count, required_boundary_crossings, observed_boundary_crossings, lower_bound_cost, upper_bound_cost, status, lower_bound_witnessed, upper_bound_witnessed)
VALUES ('component-quotient-gridville-east-triangle', 'tsp-twin-triangles-6', 'tsp-loop-608', 'QUOTIENT_NODE', 'gridville-east-triangle', 2, 2, 1, 2, 2, 0, 0, 'BOUNDARY_DEGREE_CLOSED', FALSE, FALSE) ON CONFLICT (tsp_defect_profile_id) DO UPDATE SET tsp_instance = EXCLUDED.tsp_instance, tsp_loop = EXCLUDED.tsp_loop, subject_kind = EXCLUDED.subject_kind, subject_id = EXCLUDED.subject_id, required_incidence = EXCLUDED.required_incidence, observed_incidence = EXCLUDED.observed_incidence, component_count = EXCLUDED.component_count, required_boundary_crossings = EXCLUDED.required_boundary_crossings, observed_boundary_crossings = EXCLUDED.observed_boundary_crossings, lower_bound_cost = EXCLUDED.lower_bound_cost, upper_bound_cost = EXCLUDED.upper_bound_cost, status = EXCLUDED.status, lower_bound_witnessed = EXCLUDED.lower_bound_witnessed, upper_bound_witnessed = EXCLUDED.upper_bound_witnessed;

INSERT INTO tsp_defect_profiles (tsp_defect_profile_id, tsp_instance, tsp_loop, subject_kind, subject_id, required_incidence, observed_incidence, component_count, required_boundary_crossings, observed_boundary_crossings, lower_bound_cost, upper_bound_cost, status, lower_bound_witnessed, upper_bound_witnessed)
VALUES ('quotient-incidence-region-a', 'tsp-three-regions-9', 'tsp-loop-636', 'QUOTIENT_NODE', 'gridville-region-a', 2, 2, 1, 2, 2, 0, 0, 'QUOTIENT_INCIDENCE_CLOSED', FALSE, FALSE) ON CONFLICT (tsp_defect_profile_id) DO UPDATE SET tsp_instance = EXCLUDED.tsp_instance, tsp_loop = EXCLUDED.tsp_loop, subject_kind = EXCLUDED.subject_kind, subject_id = EXCLUDED.subject_id, required_incidence = EXCLUDED.required_incidence, observed_incidence = EXCLUDED.observed_incidence, component_count = EXCLUDED.component_count, required_boundary_crossings = EXCLUDED.required_boundary_crossings, observed_boundary_crossings = EXCLUDED.observed_boundary_crossings, lower_bound_cost = EXCLUDED.lower_bound_cost, upper_bound_cost = EXCLUDED.upper_bound_cost, status = EXCLUDED.status, lower_bound_witnessed = EXCLUDED.lower_bound_witnessed, upper_bound_witnessed = EXCLUDED.upper_bound_witnessed;

INSERT INTO tsp_defect_profiles (tsp_defect_profile_id, tsp_instance, tsp_loop, subject_kind, subject_id, required_incidence, observed_incidence, component_count, required_boundary_crossings, observed_boundary_crossings, lower_bound_cost, upper_bound_cost, status, lower_bound_witnessed, upper_bound_witnessed)
VALUES ('quotient-incidence-region-b', 'tsp-three-regions-9', 'tsp-loop-636', 'QUOTIENT_NODE', 'gridville-region-b', 2, 2, 1, 2, 2, 0, 0, 'QUOTIENT_INCIDENCE_CLOSED', FALSE, FALSE) ON CONFLICT (tsp_defect_profile_id) DO UPDATE SET tsp_instance = EXCLUDED.tsp_instance, tsp_loop = EXCLUDED.tsp_loop, subject_kind = EXCLUDED.subject_kind, subject_id = EXCLUDED.subject_id, required_incidence = EXCLUDED.required_incidence, observed_incidence = EXCLUDED.observed_incidence, component_count = EXCLUDED.component_count, required_boundary_crossings = EXCLUDED.required_boundary_crossings, observed_boundary_crossings = EXCLUDED.observed_boundary_crossings, lower_bound_cost = EXCLUDED.lower_bound_cost, upper_bound_cost = EXCLUDED.upper_bound_cost, status = EXCLUDED.status, lower_bound_witnessed = EXCLUDED.lower_bound_witnessed, upper_bound_witnessed = EXCLUDED.upper_bound_witnessed;

INSERT INTO tsp_defect_profiles (tsp_defect_profile_id, tsp_instance, tsp_loop, subject_kind, subject_id, required_incidence, observed_incidence, component_count, required_boundary_crossings, observed_boundary_crossings, lower_bound_cost, upper_bound_cost, status, lower_bound_witnessed, upper_bound_witnessed)
VALUES ('quotient-incidence-region-c', 'tsp-three-regions-9', 'tsp-loop-636', 'QUOTIENT_NODE', 'gridville-region-c', 2, 2, 1, 2, 2, 0, 0, 'QUOTIENT_INCIDENCE_CLOSED', FALSE, FALSE) ON CONFLICT (tsp_defect_profile_id) DO UPDATE SET tsp_instance = EXCLUDED.tsp_instance, tsp_loop = EXCLUDED.tsp_loop, subject_kind = EXCLUDED.subject_kind, subject_id = EXCLUDED.subject_id, required_incidence = EXCLUDED.required_incidence, observed_incidence = EXCLUDED.observed_incidence, component_count = EXCLUDED.component_count, required_boundary_crossings = EXCLUDED.required_boundary_crossings, observed_boundary_crossings = EXCLUDED.observed_boundary_crossings, lower_bound_cost = EXCLUDED.lower_bound_cost, upper_bound_cost = EXCLUDED.upper_bound_cost, status = EXCLUDED.status, lower_bound_witnessed = EXCLUDED.lower_bound_witnessed, upper_bound_witnessed = EXCLUDED.upper_bound_witnessed;

INSERT INTO tsp_defect_profiles (tsp_defect_profile_id, tsp_instance, tsp_loop, subject_kind, subject_id, required_incidence, observed_incidence, component_count, required_boundary_crossings, observed_boundary_crossings, lower_bound_cost, upper_bound_cost, status, lower_bound_witnessed, upper_bound_witnessed)
VALUES ('defect-three-region-local-two-factor', 'tsp-three-regions-9', 'tsp-loop-636', 'EDGE_SET', 'edge-set-three-region-local-two-factor', 2, 2, 1, 3, 3, 36, 36, 'ZERO_DEFECT_AFTER_REGION_REPAIR', TRUE, TRUE) ON CONFLICT (tsp_defect_profile_id) DO UPDATE SET tsp_instance = EXCLUDED.tsp_instance, tsp_loop = EXCLUDED.tsp_loop, subject_kind = EXCLUDED.subject_kind, subject_id = EXCLUDED.subject_id, required_incidence = EXCLUDED.required_incidence, observed_incidence = EXCLUDED.observed_incidence, component_count = EXCLUDED.component_count, required_boundary_crossings = EXCLUDED.required_boundary_crossings, observed_boundary_crossings = EXCLUDED.observed_boundary_crossings, lower_bound_cost = EXCLUDED.lower_bound_cost, upper_bound_cost = EXCLUDED.upper_bound_cost, status = EXCLUDED.status, lower_bound_witnessed = EXCLUDED.lower_bound_witnessed, upper_bound_witnessed = EXCLUDED.upper_bound_witnessed;

INSERT INTO tsp_defect_profiles (tsp_defect_profile_id, tsp_instance, tsp_loop, subject_kind, subject_id, required_incidence, observed_incidence, component_count, required_boundary_crossings, observed_boundary_crossings, lower_bound_cost, upper_bound_cost, status, lower_bound_witnessed, upper_bound_witnessed)
VALUES ('defect-optimal-face-value-choice', 'tsp-optimal-face-4', 'tsp-loop-643', 'INSTANCE', 'choice-orbit-optimal-face-4', 2, 2, 1, 0, 0, 4, 4, 'VALUE_ZERO_DEFECT_CHOICE_ORBIT_TWO', TRUE, TRUE) ON CONFLICT (tsp_defect_profile_id) DO UPDATE SET tsp_instance = EXCLUDED.tsp_instance, tsp_loop = EXCLUDED.tsp_loop, subject_kind = EXCLUDED.subject_kind, subject_id = EXCLUDED.subject_id, required_incidence = EXCLUDED.required_incidence, observed_incidence = EXCLUDED.observed_incidence, component_count = EXCLUDED.component_count, required_boundary_crossings = EXCLUDED.required_boundary_crossings, observed_boundary_crossings = EXCLUDED.observed_boundary_crossings, lower_bound_cost = EXCLUDED.lower_bound_cost, upper_bound_cost = EXCLUDED.upper_bound_cost, status = EXCLUDED.status, lower_bound_witnessed = EXCLUDED.lower_bound_witnessed, upper_bound_witnessed = EXCLUDED.upper_bound_witnessed;

-- ----------------------------------------------------------------------------
-- TSPDerivedEdgeSetMembers: Member edges and support counts for a derived edge set.
-- ----------------------------------------------------------------------------
INSERT INTO tsp_derived_edge_set_members (tsp_derived_edge_set_member_id, derived_edge_set, travel_edge, support_count, selected_at_both_endpoints, member_status)
VALUES ('member-gridville-edge-a-b', 'edge-set-gridville-local-bound-union', 'edge-a-b', 2, TRUE, 'SELECTED') ON CONFLICT (tsp_derived_edge_set_member_id) DO UPDATE SET derived_edge_set = EXCLUDED.derived_edge_set, travel_edge = EXCLUDED.travel_edge, support_count = EXCLUDED.support_count, selected_at_both_endpoints = EXCLUDED.selected_at_both_endpoints, member_status = EXCLUDED.member_status;

INSERT INTO tsp_derived_edge_set_members (tsp_derived_edge_set_member_id, derived_edge_set, travel_edge, support_count, selected_at_both_endpoints, member_status)
VALUES ('member-gridville-edge-a-e', 'edge-set-gridville-local-bound-union', 'edge-a-e', 2, TRUE, 'SELECTED') ON CONFLICT (tsp_derived_edge_set_member_id) DO UPDATE SET derived_edge_set = EXCLUDED.derived_edge_set, travel_edge = EXCLUDED.travel_edge, support_count = EXCLUDED.support_count, selected_at_both_endpoints = EXCLUDED.selected_at_both_endpoints, member_status = EXCLUDED.member_status;

INSERT INTO tsp_derived_edge_set_members (tsp_derived_edge_set_member_id, derived_edge_set, travel_edge, support_count, selected_at_both_endpoints, member_status)
VALUES ('member-gridville-edge-b-c', 'edge-set-gridville-local-bound-union', 'edge-b-c', 2, TRUE, 'SELECTED') ON CONFLICT (tsp_derived_edge_set_member_id) DO UPDATE SET derived_edge_set = EXCLUDED.derived_edge_set, travel_edge = EXCLUDED.travel_edge, support_count = EXCLUDED.support_count, selected_at_both_endpoints = EXCLUDED.selected_at_both_endpoints, member_status = EXCLUDED.member_status;

INSERT INTO tsp_derived_edge_set_members (tsp_derived_edge_set_member_id, derived_edge_set, travel_edge, support_count, selected_at_both_endpoints, member_status)
VALUES ('member-gridville-edge-c-d', 'edge-set-gridville-local-bound-union', 'edge-c-d', 2, TRUE, 'SELECTED') ON CONFLICT (tsp_derived_edge_set_member_id) DO UPDATE SET derived_edge_set = EXCLUDED.derived_edge_set, travel_edge = EXCLUDED.travel_edge, support_count = EXCLUDED.support_count, selected_at_both_endpoints = EXCLUDED.selected_at_both_endpoints, member_status = EXCLUDED.member_status;

INSERT INTO tsp_derived_edge_set_members (tsp_derived_edge_set_member_id, derived_edge_set, travel_edge, support_count, selected_at_both_endpoints, member_status)
VALUES ('member-gridville-edge-d-e', 'edge-set-gridville-local-bound-union', 'edge-d-e', 2, TRUE, 'SELECTED') ON CONFLICT (tsp_derived_edge_set_member_id) DO UPDATE SET derived_edge_set = EXCLUDED.derived_edge_set, travel_edge = EXCLUDED.travel_edge, support_count = EXCLUDED.support_count, selected_at_both_endpoints = EXCLUDED.selected_at_both_endpoints, member_status = EXCLUDED.member_status;

INSERT INTO tsp_derived_edge_set_members (tsp_derived_edge_set_member_id, derived_edge_set, travel_edge, support_count, selected_at_both_endpoints, member_status)
VALUES ('member-edge-set-twin-triangles-local-bound-union-twin-edge-ed-ee', 'edge-set-twin-triangles-local-bound-union', 'twin-edge-ed-ee', 2, TRUE, 'SELECTED') ON CONFLICT (tsp_derived_edge_set_member_id) DO UPDATE SET derived_edge_set = EXCLUDED.derived_edge_set, travel_edge = EXCLUDED.travel_edge, support_count = EXCLUDED.support_count, selected_at_both_endpoints = EXCLUDED.selected_at_both_endpoints, member_status = EXCLUDED.member_status;

INSERT INTO tsp_derived_edge_set_members (tsp_derived_edge_set_member_id, derived_edge_set, travel_edge, support_count, selected_at_both_endpoints, member_status)
VALUES ('member-edge-set-twin-triangles-local-bound-union-twin-edge-ed-ef', 'edge-set-twin-triangles-local-bound-union', 'twin-edge-ed-ef', 2, TRUE, 'SELECTED') ON CONFLICT (tsp_derived_edge_set_member_id) DO UPDATE SET derived_edge_set = EXCLUDED.derived_edge_set, travel_edge = EXCLUDED.travel_edge, support_count = EXCLUDED.support_count, selected_at_both_endpoints = EXCLUDED.selected_at_both_endpoints, member_status = EXCLUDED.member_status;

INSERT INTO tsp_derived_edge_set_members (tsp_derived_edge_set_member_id, derived_edge_set, travel_edge, support_count, selected_at_both_endpoints, member_status)
VALUES ('member-edge-set-twin-triangles-local-bound-union-twin-edge-ee-ef', 'edge-set-twin-triangles-local-bound-union', 'twin-edge-ee-ef', 2, TRUE, 'SELECTED') ON CONFLICT (tsp_derived_edge_set_member_id) DO UPDATE SET derived_edge_set = EXCLUDED.derived_edge_set, travel_edge = EXCLUDED.travel_edge, support_count = EXCLUDED.support_count, selected_at_both_endpoints = EXCLUDED.selected_at_both_endpoints, member_status = EXCLUDED.member_status;

INSERT INTO tsp_derived_edge_set_members (tsp_derived_edge_set_member_id, derived_edge_set, travel_edge, support_count, selected_at_both_endpoints, member_status)
VALUES ('member-edge-set-twin-triangles-local-bound-union-twin-edge-wa-wb', 'edge-set-twin-triangles-local-bound-union', 'twin-edge-wa-wb', 2, TRUE, 'SELECTED') ON CONFLICT (tsp_derived_edge_set_member_id) DO UPDATE SET derived_edge_set = EXCLUDED.derived_edge_set, travel_edge = EXCLUDED.travel_edge, support_count = EXCLUDED.support_count, selected_at_both_endpoints = EXCLUDED.selected_at_both_endpoints, member_status = EXCLUDED.member_status;

INSERT INTO tsp_derived_edge_set_members (tsp_derived_edge_set_member_id, derived_edge_set, travel_edge, support_count, selected_at_both_endpoints, member_status)
VALUES ('member-edge-set-twin-triangles-local-bound-union-twin-edge-wa-wc', 'edge-set-twin-triangles-local-bound-union', 'twin-edge-wa-wc', 2, TRUE, 'SELECTED') ON CONFLICT (tsp_derived_edge_set_member_id) DO UPDATE SET derived_edge_set = EXCLUDED.derived_edge_set, travel_edge = EXCLUDED.travel_edge, support_count = EXCLUDED.support_count, selected_at_both_endpoints = EXCLUDED.selected_at_both_endpoints, member_status = EXCLUDED.member_status;

INSERT INTO tsp_derived_edge_set_members (tsp_derived_edge_set_member_id, derived_edge_set, travel_edge, support_count, selected_at_both_endpoints, member_status)
VALUES ('member-edge-set-twin-triangles-local-bound-union-twin-edge-wb-wc', 'edge-set-twin-triangles-local-bound-union', 'twin-edge-wb-wc', 2, TRUE, 'SELECTED') ON CONFLICT (tsp_derived_edge_set_member_id) DO UPDATE SET derived_edge_set = EXCLUDED.derived_edge_set, travel_edge = EXCLUDED.travel_edge, support_count = EXCLUDED.support_count, selected_at_both_endpoints = EXCLUDED.selected_at_both_endpoints, member_status = EXCLUDED.member_status;

INSERT INTO tsp_derived_edge_set_members (tsp_derived_edge_set_member_id, derived_edge_set, travel_edge, support_count, selected_at_both_endpoints, member_status)
VALUES ('member-three-region-local-r3-edge-a1-a2', 'edge-set-three-region-local-two-factor', 'r3-edge-a1-a2', 2, TRUE, 'SELECTED') ON CONFLICT (tsp_derived_edge_set_member_id) DO UPDATE SET derived_edge_set = EXCLUDED.derived_edge_set, travel_edge = EXCLUDED.travel_edge, support_count = EXCLUDED.support_count, selected_at_both_endpoints = EXCLUDED.selected_at_both_endpoints, member_status = EXCLUDED.member_status;

INSERT INTO tsp_derived_edge_set_members (tsp_derived_edge_set_member_id, derived_edge_set, travel_edge, support_count, selected_at_both_endpoints, member_status)
VALUES ('member-three-region-local-r3-edge-a1-a3', 'edge-set-three-region-local-two-factor', 'r3-edge-a1-a3', 2, TRUE, 'SELECTED') ON CONFLICT (tsp_derived_edge_set_member_id) DO UPDATE SET derived_edge_set = EXCLUDED.derived_edge_set, travel_edge = EXCLUDED.travel_edge, support_count = EXCLUDED.support_count, selected_at_both_endpoints = EXCLUDED.selected_at_both_endpoints, member_status = EXCLUDED.member_status;

INSERT INTO tsp_derived_edge_set_members (tsp_derived_edge_set_member_id, derived_edge_set, travel_edge, support_count, selected_at_both_endpoints, member_status)
VALUES ('member-three-region-local-r3-edge-a2-a3', 'edge-set-three-region-local-two-factor', 'r3-edge-a2-a3', 2, TRUE, 'SELECTED') ON CONFLICT (tsp_derived_edge_set_member_id) DO UPDATE SET derived_edge_set = EXCLUDED.derived_edge_set, travel_edge = EXCLUDED.travel_edge, support_count = EXCLUDED.support_count, selected_at_both_endpoints = EXCLUDED.selected_at_both_endpoints, member_status = EXCLUDED.member_status;

INSERT INTO tsp_derived_edge_set_members (tsp_derived_edge_set_member_id, derived_edge_set, travel_edge, support_count, selected_at_both_endpoints, member_status)
VALUES ('member-three-region-local-r3-edge-b1-b2', 'edge-set-three-region-local-two-factor', 'r3-edge-b1-b2', 2, TRUE, 'SELECTED') ON CONFLICT (tsp_derived_edge_set_member_id) DO UPDATE SET derived_edge_set = EXCLUDED.derived_edge_set, travel_edge = EXCLUDED.travel_edge, support_count = EXCLUDED.support_count, selected_at_both_endpoints = EXCLUDED.selected_at_both_endpoints, member_status = EXCLUDED.member_status;

INSERT INTO tsp_derived_edge_set_members (tsp_derived_edge_set_member_id, derived_edge_set, travel_edge, support_count, selected_at_both_endpoints, member_status)
VALUES ('member-three-region-local-r3-edge-b1-b3', 'edge-set-three-region-local-two-factor', 'r3-edge-b1-b3', 2, TRUE, 'SELECTED') ON CONFLICT (tsp_derived_edge_set_member_id) DO UPDATE SET derived_edge_set = EXCLUDED.derived_edge_set, travel_edge = EXCLUDED.travel_edge, support_count = EXCLUDED.support_count, selected_at_both_endpoints = EXCLUDED.selected_at_both_endpoints, member_status = EXCLUDED.member_status;

INSERT INTO tsp_derived_edge_set_members (tsp_derived_edge_set_member_id, derived_edge_set, travel_edge, support_count, selected_at_both_endpoints, member_status)
VALUES ('member-three-region-local-r3-edge-b2-b3', 'edge-set-three-region-local-two-factor', 'r3-edge-b2-b3', 2, TRUE, 'SELECTED') ON CONFLICT (tsp_derived_edge_set_member_id) DO UPDATE SET derived_edge_set = EXCLUDED.derived_edge_set, travel_edge = EXCLUDED.travel_edge, support_count = EXCLUDED.support_count, selected_at_both_endpoints = EXCLUDED.selected_at_both_endpoints, member_status = EXCLUDED.member_status;

INSERT INTO tsp_derived_edge_set_members (tsp_derived_edge_set_member_id, derived_edge_set, travel_edge, support_count, selected_at_both_endpoints, member_status)
VALUES ('member-three-region-local-r3-edge-c1-c2', 'edge-set-three-region-local-two-factor', 'r3-edge-c1-c2', 2, TRUE, 'SELECTED') ON CONFLICT (tsp_derived_edge_set_member_id) DO UPDATE SET derived_edge_set = EXCLUDED.derived_edge_set, travel_edge = EXCLUDED.travel_edge, support_count = EXCLUDED.support_count, selected_at_both_endpoints = EXCLUDED.selected_at_both_endpoints, member_status = EXCLUDED.member_status;

INSERT INTO tsp_derived_edge_set_members (tsp_derived_edge_set_member_id, derived_edge_set, travel_edge, support_count, selected_at_both_endpoints, member_status)
VALUES ('member-three-region-local-r3-edge-c1-c3', 'edge-set-three-region-local-two-factor', 'r3-edge-c1-c3', 2, TRUE, 'SELECTED') ON CONFLICT (tsp_derived_edge_set_member_id) DO UPDATE SET derived_edge_set = EXCLUDED.derived_edge_set, travel_edge = EXCLUDED.travel_edge, support_count = EXCLUDED.support_count, selected_at_both_endpoints = EXCLUDED.selected_at_both_endpoints, member_status = EXCLUDED.member_status;

INSERT INTO tsp_derived_edge_set_members (tsp_derived_edge_set_member_id, derived_edge_set, travel_edge, support_count, selected_at_both_endpoints, member_status)
VALUES ('member-three-region-local-r3-edge-c2-c3', 'edge-set-three-region-local-two-factor', 'r3-edge-c2-c3', 2, TRUE, 'SELECTED') ON CONFLICT (tsp_derived_edge_set_member_id) DO UPDATE SET derived_edge_set = EXCLUDED.derived_edge_set, travel_edge = EXCLUDED.travel_edge, support_count = EXCLUDED.support_count, selected_at_both_endpoints = EXCLUDED.selected_at_both_endpoints, member_status = EXCLUDED.member_status;

INSERT INTO tsp_derived_edge_set_members (tsp_derived_edge_set_member_id, derived_edge_set, travel_edge, support_count, selected_at_both_endpoints, member_status)
VALUES ('member-three-region-repaired-r3-edge-a1-a2', 'edge-set-three-region-balanced-exchange', 'r3-edge-a1-a2', 1, TRUE, 'SELECTED') ON CONFLICT (tsp_derived_edge_set_member_id) DO UPDATE SET derived_edge_set = EXCLUDED.derived_edge_set, travel_edge = EXCLUDED.travel_edge, support_count = EXCLUDED.support_count, selected_at_both_endpoints = EXCLUDED.selected_at_both_endpoints, member_status = EXCLUDED.member_status;

INSERT INTO tsp_derived_edge_set_members (tsp_derived_edge_set_member_id, derived_edge_set, travel_edge, support_count, selected_at_both_endpoints, member_status)
VALUES ('member-three-region-repaired-r3-edge-a2-a3', 'edge-set-three-region-balanced-exchange', 'r3-edge-a2-a3', 1, TRUE, 'SELECTED') ON CONFLICT (tsp_derived_edge_set_member_id) DO UPDATE SET derived_edge_set = EXCLUDED.derived_edge_set, travel_edge = EXCLUDED.travel_edge, support_count = EXCLUDED.support_count, selected_at_both_endpoints = EXCLUDED.selected_at_both_endpoints, member_status = EXCLUDED.member_status;

INSERT INTO tsp_derived_edge_set_members (tsp_derived_edge_set_member_id, derived_edge_set, travel_edge, support_count, selected_at_both_endpoints, member_status)
VALUES ('member-three-region-repaired-r3-edge-a3-b1', 'edge-set-three-region-balanced-exchange', 'r3-edge-a3-b1', 1, FALSE, 'SELECTED') ON CONFLICT (tsp_derived_edge_set_member_id) DO UPDATE SET derived_edge_set = EXCLUDED.derived_edge_set, travel_edge = EXCLUDED.travel_edge, support_count = EXCLUDED.support_count, selected_at_both_endpoints = EXCLUDED.selected_at_both_endpoints, member_status = EXCLUDED.member_status;

INSERT INTO tsp_derived_edge_set_members (tsp_derived_edge_set_member_id, derived_edge_set, travel_edge, support_count, selected_at_both_endpoints, member_status)
VALUES ('member-three-region-repaired-r3-edge-b1-b2', 'edge-set-three-region-balanced-exchange', 'r3-edge-b1-b2', 1, TRUE, 'SELECTED') ON CONFLICT (tsp_derived_edge_set_member_id) DO UPDATE SET derived_edge_set = EXCLUDED.derived_edge_set, travel_edge = EXCLUDED.travel_edge, support_count = EXCLUDED.support_count, selected_at_both_endpoints = EXCLUDED.selected_at_both_endpoints, member_status = EXCLUDED.member_status;

INSERT INTO tsp_derived_edge_set_members (tsp_derived_edge_set_member_id, derived_edge_set, travel_edge, support_count, selected_at_both_endpoints, member_status)
VALUES ('member-three-region-repaired-r3-edge-b2-b3', 'edge-set-three-region-balanced-exchange', 'r3-edge-b2-b3', 1, TRUE, 'SELECTED') ON CONFLICT (tsp_derived_edge_set_member_id) DO UPDATE SET derived_edge_set = EXCLUDED.derived_edge_set, travel_edge = EXCLUDED.travel_edge, support_count = EXCLUDED.support_count, selected_at_both_endpoints = EXCLUDED.selected_at_both_endpoints, member_status = EXCLUDED.member_status;

INSERT INTO tsp_derived_edge_set_members (tsp_derived_edge_set_member_id, derived_edge_set, travel_edge, support_count, selected_at_both_endpoints, member_status)
VALUES ('member-three-region-repaired-r3-edge-b3-c1', 'edge-set-three-region-balanced-exchange', 'r3-edge-b3-c1', 1, FALSE, 'SELECTED') ON CONFLICT (tsp_derived_edge_set_member_id) DO UPDATE SET derived_edge_set = EXCLUDED.derived_edge_set, travel_edge = EXCLUDED.travel_edge, support_count = EXCLUDED.support_count, selected_at_both_endpoints = EXCLUDED.selected_at_both_endpoints, member_status = EXCLUDED.member_status;

INSERT INTO tsp_derived_edge_set_members (tsp_derived_edge_set_member_id, derived_edge_set, travel_edge, support_count, selected_at_both_endpoints, member_status)
VALUES ('member-three-region-repaired-r3-edge-c1-c2', 'edge-set-three-region-balanced-exchange', 'r3-edge-c1-c2', 1, TRUE, 'SELECTED') ON CONFLICT (tsp_derived_edge_set_member_id) DO UPDATE SET derived_edge_set = EXCLUDED.derived_edge_set, travel_edge = EXCLUDED.travel_edge, support_count = EXCLUDED.support_count, selected_at_both_endpoints = EXCLUDED.selected_at_both_endpoints, member_status = EXCLUDED.member_status;

INSERT INTO tsp_derived_edge_set_members (tsp_derived_edge_set_member_id, derived_edge_set, travel_edge, support_count, selected_at_both_endpoints, member_status)
VALUES ('member-three-region-repaired-r3-edge-c2-c3', 'edge-set-three-region-balanced-exchange', 'r3-edge-c2-c3', 1, TRUE, 'SELECTED') ON CONFLICT (tsp_derived_edge_set_member_id) DO UPDATE SET derived_edge_set = EXCLUDED.derived_edge_set, travel_edge = EXCLUDED.travel_edge, support_count = EXCLUDED.support_count, selected_at_both_endpoints = EXCLUDED.selected_at_both_endpoints, member_status = EXCLUDED.member_status;

INSERT INTO tsp_derived_edge_set_members (tsp_derived_edge_set_member_id, derived_edge_set, travel_edge, support_count, selected_at_both_endpoints, member_status)
VALUES ('member-three-region-repaired-r3-edge-a1-c3', 'edge-set-three-region-balanced-exchange', 'r3-edge-a1-c3', 1, FALSE, 'SELECTED') ON CONFLICT (tsp_derived_edge_set_member_id) DO UPDATE SET derived_edge_set = EXCLUDED.derived_edge_set, travel_edge = EXCLUDED.travel_edge, support_count = EXCLUDED.support_count, selected_at_both_endpoints = EXCLUDED.selected_at_both_endpoints, member_status = EXCLUDED.member_status;

-- ----------------------------------------------------------------------------
-- TSPEdgeSetStopDegrees: Selected degree of each required stop in a derived edge set.
-- ----------------------------------------------------------------------------
INSERT INTO tsp_edge_set_stop_degrees (tsp_edge_set_stop_degree_id, derived_edge_set, instance_stop, selected_degree)
VALUES ('degree-edge-set-gridville-local-bound-union-stop-a', 'edge-set-gridville-local-bound-union', 'stop-a', 2) ON CONFLICT (tsp_edge_set_stop_degree_id) DO UPDATE SET derived_edge_set = EXCLUDED.derived_edge_set, instance_stop = EXCLUDED.instance_stop, selected_degree = EXCLUDED.selected_degree;

INSERT INTO tsp_edge_set_stop_degrees (tsp_edge_set_stop_degree_id, derived_edge_set, instance_stop, selected_degree)
VALUES ('degree-edge-set-gridville-local-bound-union-stop-b', 'edge-set-gridville-local-bound-union', 'stop-b', 2) ON CONFLICT (tsp_edge_set_stop_degree_id) DO UPDATE SET derived_edge_set = EXCLUDED.derived_edge_set, instance_stop = EXCLUDED.instance_stop, selected_degree = EXCLUDED.selected_degree;

INSERT INTO tsp_edge_set_stop_degrees (tsp_edge_set_stop_degree_id, derived_edge_set, instance_stop, selected_degree)
VALUES ('degree-edge-set-gridville-local-bound-union-stop-c', 'edge-set-gridville-local-bound-union', 'stop-c', 2) ON CONFLICT (tsp_edge_set_stop_degree_id) DO UPDATE SET derived_edge_set = EXCLUDED.derived_edge_set, instance_stop = EXCLUDED.instance_stop, selected_degree = EXCLUDED.selected_degree;

INSERT INTO tsp_edge_set_stop_degrees (tsp_edge_set_stop_degree_id, derived_edge_set, instance_stop, selected_degree)
VALUES ('degree-edge-set-gridville-local-bound-union-stop-d', 'edge-set-gridville-local-bound-union', 'stop-d', 2) ON CONFLICT (tsp_edge_set_stop_degree_id) DO UPDATE SET derived_edge_set = EXCLUDED.derived_edge_set, instance_stop = EXCLUDED.instance_stop, selected_degree = EXCLUDED.selected_degree;

INSERT INTO tsp_edge_set_stop_degrees (tsp_edge_set_stop_degree_id, derived_edge_set, instance_stop, selected_degree)
VALUES ('degree-edge-set-gridville-local-bound-union-stop-e', 'edge-set-gridville-local-bound-union', 'stop-e', 2) ON CONFLICT (tsp_edge_set_stop_degree_id) DO UPDATE SET derived_edge_set = EXCLUDED.derived_edge_set, instance_stop = EXCLUDED.instance_stop, selected_degree = EXCLUDED.selected_degree;

INSERT INTO tsp_edge_set_stop_degrees (tsp_edge_set_stop_degree_id, derived_edge_set, instance_stop, selected_degree)
VALUES ('degree-edge-set-twin-triangles-local-bound-union-twin-stop-wa', 'edge-set-twin-triangles-local-bound-union', 'twin-stop-wa', 2) ON CONFLICT (tsp_edge_set_stop_degree_id) DO UPDATE SET derived_edge_set = EXCLUDED.derived_edge_set, instance_stop = EXCLUDED.instance_stop, selected_degree = EXCLUDED.selected_degree;

INSERT INTO tsp_edge_set_stop_degrees (tsp_edge_set_stop_degree_id, derived_edge_set, instance_stop, selected_degree)
VALUES ('degree-edge-set-twin-triangles-local-bound-union-twin-stop-wb', 'edge-set-twin-triangles-local-bound-union', 'twin-stop-wb', 2) ON CONFLICT (tsp_edge_set_stop_degree_id) DO UPDATE SET derived_edge_set = EXCLUDED.derived_edge_set, instance_stop = EXCLUDED.instance_stop, selected_degree = EXCLUDED.selected_degree;

INSERT INTO tsp_edge_set_stop_degrees (tsp_edge_set_stop_degree_id, derived_edge_set, instance_stop, selected_degree)
VALUES ('degree-edge-set-twin-triangles-local-bound-union-twin-stop-wc', 'edge-set-twin-triangles-local-bound-union', 'twin-stop-wc', 2) ON CONFLICT (tsp_edge_set_stop_degree_id) DO UPDATE SET derived_edge_set = EXCLUDED.derived_edge_set, instance_stop = EXCLUDED.instance_stop, selected_degree = EXCLUDED.selected_degree;

INSERT INTO tsp_edge_set_stop_degrees (tsp_edge_set_stop_degree_id, derived_edge_set, instance_stop, selected_degree)
VALUES ('degree-edge-set-twin-triangles-local-bound-union-twin-stop-ed', 'edge-set-twin-triangles-local-bound-union', 'twin-stop-ed', 2) ON CONFLICT (tsp_edge_set_stop_degree_id) DO UPDATE SET derived_edge_set = EXCLUDED.derived_edge_set, instance_stop = EXCLUDED.instance_stop, selected_degree = EXCLUDED.selected_degree;

INSERT INTO tsp_edge_set_stop_degrees (tsp_edge_set_stop_degree_id, derived_edge_set, instance_stop, selected_degree)
VALUES ('degree-edge-set-twin-triangles-local-bound-union-twin-stop-ee', 'edge-set-twin-triangles-local-bound-union', 'twin-stop-ee', 2) ON CONFLICT (tsp_edge_set_stop_degree_id) DO UPDATE SET derived_edge_set = EXCLUDED.derived_edge_set, instance_stop = EXCLUDED.instance_stop, selected_degree = EXCLUDED.selected_degree;

INSERT INTO tsp_edge_set_stop_degrees (tsp_edge_set_stop_degree_id, derived_edge_set, instance_stop, selected_degree)
VALUES ('degree-edge-set-twin-triangles-local-bound-union-twin-stop-ef', 'edge-set-twin-triangles-local-bound-union', 'twin-stop-ef', 2) ON CONFLICT (tsp_edge_set_stop_degree_id) DO UPDATE SET derived_edge_set = EXCLUDED.derived_edge_set, instance_stop = EXCLUDED.instance_stop, selected_degree = EXCLUDED.selected_degree;

INSERT INTO tsp_edge_set_stop_degrees (tsp_edge_set_stop_degree_id, derived_edge_set, instance_stop, selected_degree)
VALUES ('degree-three-region-local-a1', 'edge-set-three-region-local-two-factor', 'r3-stop-a1', 2) ON CONFLICT (tsp_edge_set_stop_degree_id) DO UPDATE SET derived_edge_set = EXCLUDED.derived_edge_set, instance_stop = EXCLUDED.instance_stop, selected_degree = EXCLUDED.selected_degree;

INSERT INTO tsp_edge_set_stop_degrees (tsp_edge_set_stop_degree_id, derived_edge_set, instance_stop, selected_degree)
VALUES ('degree-three-region-local-a2', 'edge-set-three-region-local-two-factor', 'r3-stop-a2', 2) ON CONFLICT (tsp_edge_set_stop_degree_id) DO UPDATE SET derived_edge_set = EXCLUDED.derived_edge_set, instance_stop = EXCLUDED.instance_stop, selected_degree = EXCLUDED.selected_degree;

INSERT INTO tsp_edge_set_stop_degrees (tsp_edge_set_stop_degree_id, derived_edge_set, instance_stop, selected_degree)
VALUES ('degree-three-region-local-a3', 'edge-set-three-region-local-two-factor', 'r3-stop-a3', 2) ON CONFLICT (tsp_edge_set_stop_degree_id) DO UPDATE SET derived_edge_set = EXCLUDED.derived_edge_set, instance_stop = EXCLUDED.instance_stop, selected_degree = EXCLUDED.selected_degree;

INSERT INTO tsp_edge_set_stop_degrees (tsp_edge_set_stop_degree_id, derived_edge_set, instance_stop, selected_degree)
VALUES ('degree-three-region-local-b1', 'edge-set-three-region-local-two-factor', 'r3-stop-b1', 2) ON CONFLICT (tsp_edge_set_stop_degree_id) DO UPDATE SET derived_edge_set = EXCLUDED.derived_edge_set, instance_stop = EXCLUDED.instance_stop, selected_degree = EXCLUDED.selected_degree;

INSERT INTO tsp_edge_set_stop_degrees (tsp_edge_set_stop_degree_id, derived_edge_set, instance_stop, selected_degree)
VALUES ('degree-three-region-local-b2', 'edge-set-three-region-local-two-factor', 'r3-stop-b2', 2) ON CONFLICT (tsp_edge_set_stop_degree_id) DO UPDATE SET derived_edge_set = EXCLUDED.derived_edge_set, instance_stop = EXCLUDED.instance_stop, selected_degree = EXCLUDED.selected_degree;

INSERT INTO tsp_edge_set_stop_degrees (tsp_edge_set_stop_degree_id, derived_edge_set, instance_stop, selected_degree)
VALUES ('degree-three-region-local-b3', 'edge-set-three-region-local-two-factor', 'r3-stop-b3', 2) ON CONFLICT (tsp_edge_set_stop_degree_id) DO UPDATE SET derived_edge_set = EXCLUDED.derived_edge_set, instance_stop = EXCLUDED.instance_stop, selected_degree = EXCLUDED.selected_degree;

INSERT INTO tsp_edge_set_stop_degrees (tsp_edge_set_stop_degree_id, derived_edge_set, instance_stop, selected_degree)
VALUES ('degree-three-region-local-c1', 'edge-set-three-region-local-two-factor', 'r3-stop-c1', 2) ON CONFLICT (tsp_edge_set_stop_degree_id) DO UPDATE SET derived_edge_set = EXCLUDED.derived_edge_set, instance_stop = EXCLUDED.instance_stop, selected_degree = EXCLUDED.selected_degree;

INSERT INTO tsp_edge_set_stop_degrees (tsp_edge_set_stop_degree_id, derived_edge_set, instance_stop, selected_degree)
VALUES ('degree-three-region-local-c2', 'edge-set-three-region-local-two-factor', 'r3-stop-c2', 2) ON CONFLICT (tsp_edge_set_stop_degree_id) DO UPDATE SET derived_edge_set = EXCLUDED.derived_edge_set, instance_stop = EXCLUDED.instance_stop, selected_degree = EXCLUDED.selected_degree;

INSERT INTO tsp_edge_set_stop_degrees (tsp_edge_set_stop_degree_id, derived_edge_set, instance_stop, selected_degree)
VALUES ('degree-three-region-local-c3', 'edge-set-three-region-local-two-factor', 'r3-stop-c3', 2) ON CONFLICT (tsp_edge_set_stop_degree_id) DO UPDATE SET derived_edge_set = EXCLUDED.derived_edge_set, instance_stop = EXCLUDED.instance_stop, selected_degree = EXCLUDED.selected_degree;

INSERT INTO tsp_edge_set_stop_degrees (tsp_edge_set_stop_degree_id, derived_edge_set, instance_stop, selected_degree)
VALUES ('degree-three-region-repaired-a1', 'edge-set-three-region-balanced-exchange', 'r3-stop-a1', 2) ON CONFLICT (tsp_edge_set_stop_degree_id) DO UPDATE SET derived_edge_set = EXCLUDED.derived_edge_set, instance_stop = EXCLUDED.instance_stop, selected_degree = EXCLUDED.selected_degree;

INSERT INTO tsp_edge_set_stop_degrees (tsp_edge_set_stop_degree_id, derived_edge_set, instance_stop, selected_degree)
VALUES ('degree-three-region-repaired-a2', 'edge-set-three-region-balanced-exchange', 'r3-stop-a2', 2) ON CONFLICT (tsp_edge_set_stop_degree_id) DO UPDATE SET derived_edge_set = EXCLUDED.derived_edge_set, instance_stop = EXCLUDED.instance_stop, selected_degree = EXCLUDED.selected_degree;

INSERT INTO tsp_edge_set_stop_degrees (tsp_edge_set_stop_degree_id, derived_edge_set, instance_stop, selected_degree)
VALUES ('degree-three-region-repaired-a3', 'edge-set-three-region-balanced-exchange', 'r3-stop-a3', 2) ON CONFLICT (tsp_edge_set_stop_degree_id) DO UPDATE SET derived_edge_set = EXCLUDED.derived_edge_set, instance_stop = EXCLUDED.instance_stop, selected_degree = EXCLUDED.selected_degree;

INSERT INTO tsp_edge_set_stop_degrees (tsp_edge_set_stop_degree_id, derived_edge_set, instance_stop, selected_degree)
VALUES ('degree-three-region-repaired-b1', 'edge-set-three-region-balanced-exchange', 'r3-stop-b1', 2) ON CONFLICT (tsp_edge_set_stop_degree_id) DO UPDATE SET derived_edge_set = EXCLUDED.derived_edge_set, instance_stop = EXCLUDED.instance_stop, selected_degree = EXCLUDED.selected_degree;

INSERT INTO tsp_edge_set_stop_degrees (tsp_edge_set_stop_degree_id, derived_edge_set, instance_stop, selected_degree)
VALUES ('degree-three-region-repaired-b2', 'edge-set-three-region-balanced-exchange', 'r3-stop-b2', 2) ON CONFLICT (tsp_edge_set_stop_degree_id) DO UPDATE SET derived_edge_set = EXCLUDED.derived_edge_set, instance_stop = EXCLUDED.instance_stop, selected_degree = EXCLUDED.selected_degree;

INSERT INTO tsp_edge_set_stop_degrees (tsp_edge_set_stop_degree_id, derived_edge_set, instance_stop, selected_degree)
VALUES ('degree-three-region-repaired-b3', 'edge-set-three-region-balanced-exchange', 'r3-stop-b3', 2) ON CONFLICT (tsp_edge_set_stop_degree_id) DO UPDATE SET derived_edge_set = EXCLUDED.derived_edge_set, instance_stop = EXCLUDED.instance_stop, selected_degree = EXCLUDED.selected_degree;

INSERT INTO tsp_edge_set_stop_degrees (tsp_edge_set_stop_degree_id, derived_edge_set, instance_stop, selected_degree)
VALUES ('degree-three-region-repaired-c1', 'edge-set-three-region-balanced-exchange', 'r3-stop-c1', 2) ON CONFLICT (tsp_edge_set_stop_degree_id) DO UPDATE SET derived_edge_set = EXCLUDED.derived_edge_set, instance_stop = EXCLUDED.instance_stop, selected_degree = EXCLUDED.selected_degree;

INSERT INTO tsp_edge_set_stop_degrees (tsp_edge_set_stop_degree_id, derived_edge_set, instance_stop, selected_degree)
VALUES ('degree-three-region-repaired-c2', 'edge-set-three-region-balanced-exchange', 'r3-stop-c2', 2) ON CONFLICT (tsp_edge_set_stop_degree_id) DO UPDATE SET derived_edge_set = EXCLUDED.derived_edge_set, instance_stop = EXCLUDED.instance_stop, selected_degree = EXCLUDED.selected_degree;

INSERT INTO tsp_edge_set_stop_degrees (tsp_edge_set_stop_degree_id, derived_edge_set, instance_stop, selected_degree)
VALUES ('degree-three-region-repaired-c3', 'edge-set-three-region-balanced-exchange', 'r3-stop-c3', 2) ON CONFLICT (tsp_edge_set_stop_degree_id) DO UPDATE SET derived_edge_set = EXCLUDED.derived_edge_set, instance_stop = EXCLUDED.instance_stop, selected_degree = EXCLUDED.selected_degree;

-- ----------------------------------------------------------------------------
-- TSPSpanningTreeEdges: Spanning-tree witness proving connectedness of a selected edge set.
-- ----------------------------------------------------------------------------
INSERT INTO tsp_spanning_tree_edges (tsp_spanning_tree_edge_id, derived_edge_set, parent_stop, child_stop, travel_edge, depth)
VALUES ('tree-edge-set-gridville-local-bound-union-1', 'edge-set-gridville-local-bound-union', 'stop-a', 'stop-b', 'edge-a-b', 1) ON CONFLICT (tsp_spanning_tree_edge_id) DO UPDATE SET derived_edge_set = EXCLUDED.derived_edge_set, parent_stop = EXCLUDED.parent_stop, child_stop = EXCLUDED.child_stop, travel_edge = EXCLUDED.travel_edge, depth = EXCLUDED.depth;

INSERT INTO tsp_spanning_tree_edges (tsp_spanning_tree_edge_id, derived_edge_set, parent_stop, child_stop, travel_edge, depth)
VALUES ('tree-edge-set-gridville-local-bound-union-2', 'edge-set-gridville-local-bound-union', 'stop-a', 'stop-e', 'edge-a-e', 1) ON CONFLICT (tsp_spanning_tree_edge_id) DO UPDATE SET derived_edge_set = EXCLUDED.derived_edge_set, parent_stop = EXCLUDED.parent_stop, child_stop = EXCLUDED.child_stop, travel_edge = EXCLUDED.travel_edge, depth = EXCLUDED.depth;

INSERT INTO tsp_spanning_tree_edges (tsp_spanning_tree_edge_id, derived_edge_set, parent_stop, child_stop, travel_edge, depth)
VALUES ('tree-edge-set-gridville-local-bound-union-3', 'edge-set-gridville-local-bound-union', 'stop-b', 'stop-c', 'edge-b-c', 2) ON CONFLICT (tsp_spanning_tree_edge_id) DO UPDATE SET derived_edge_set = EXCLUDED.derived_edge_set, parent_stop = EXCLUDED.parent_stop, child_stop = EXCLUDED.child_stop, travel_edge = EXCLUDED.travel_edge, depth = EXCLUDED.depth;

INSERT INTO tsp_spanning_tree_edges (tsp_spanning_tree_edge_id, derived_edge_set, parent_stop, child_stop, travel_edge, depth)
VALUES ('tree-edge-set-gridville-local-bound-union-4', 'edge-set-gridville-local-bound-union', 'stop-e', 'stop-d', 'edge-d-e', 2) ON CONFLICT (tsp_spanning_tree_edge_id) DO UPDATE SET derived_edge_set = EXCLUDED.derived_edge_set, parent_stop = EXCLUDED.parent_stop, child_stop = EXCLUDED.child_stop, travel_edge = EXCLUDED.travel_edge, depth = EXCLUDED.depth;

INSERT INTO tsp_spanning_tree_edges (tsp_spanning_tree_edge_id, derived_edge_set, parent_stop, child_stop, travel_edge, depth)
VALUES ('tree-three-region-repaired-1', 'edge-set-three-region-balanced-exchange', 'r3-stop-a1', 'r3-stop-a2', 'r3-edge-a1-a2', 1) ON CONFLICT (tsp_spanning_tree_edge_id) DO UPDATE SET derived_edge_set = EXCLUDED.derived_edge_set, parent_stop = EXCLUDED.parent_stop, child_stop = EXCLUDED.child_stop, travel_edge = EXCLUDED.travel_edge, depth = EXCLUDED.depth;

INSERT INTO tsp_spanning_tree_edges (tsp_spanning_tree_edge_id, derived_edge_set, parent_stop, child_stop, travel_edge, depth)
VALUES ('tree-three-region-repaired-2', 'edge-set-three-region-balanced-exchange', 'r3-stop-a2', 'r3-stop-a3', 'r3-edge-a2-a3', 2) ON CONFLICT (tsp_spanning_tree_edge_id) DO UPDATE SET derived_edge_set = EXCLUDED.derived_edge_set, parent_stop = EXCLUDED.parent_stop, child_stop = EXCLUDED.child_stop, travel_edge = EXCLUDED.travel_edge, depth = EXCLUDED.depth;

INSERT INTO tsp_spanning_tree_edges (tsp_spanning_tree_edge_id, derived_edge_set, parent_stop, child_stop, travel_edge, depth)
VALUES ('tree-three-region-repaired-3', 'edge-set-three-region-balanced-exchange', 'r3-stop-a3', 'r3-stop-b1', 'r3-edge-a3-b1', 3) ON CONFLICT (tsp_spanning_tree_edge_id) DO UPDATE SET derived_edge_set = EXCLUDED.derived_edge_set, parent_stop = EXCLUDED.parent_stop, child_stop = EXCLUDED.child_stop, travel_edge = EXCLUDED.travel_edge, depth = EXCLUDED.depth;

INSERT INTO tsp_spanning_tree_edges (tsp_spanning_tree_edge_id, derived_edge_set, parent_stop, child_stop, travel_edge, depth)
VALUES ('tree-three-region-repaired-4', 'edge-set-three-region-balanced-exchange', 'r3-stop-b1', 'r3-stop-b2', 'r3-edge-b1-b2', 4) ON CONFLICT (tsp_spanning_tree_edge_id) DO UPDATE SET derived_edge_set = EXCLUDED.derived_edge_set, parent_stop = EXCLUDED.parent_stop, child_stop = EXCLUDED.child_stop, travel_edge = EXCLUDED.travel_edge, depth = EXCLUDED.depth;

INSERT INTO tsp_spanning_tree_edges (tsp_spanning_tree_edge_id, derived_edge_set, parent_stop, child_stop, travel_edge, depth)
VALUES ('tree-three-region-repaired-5', 'edge-set-three-region-balanced-exchange', 'r3-stop-b2', 'r3-stop-b3', 'r3-edge-b2-b3', 5) ON CONFLICT (tsp_spanning_tree_edge_id) DO UPDATE SET derived_edge_set = EXCLUDED.derived_edge_set, parent_stop = EXCLUDED.parent_stop, child_stop = EXCLUDED.child_stop, travel_edge = EXCLUDED.travel_edge, depth = EXCLUDED.depth;

INSERT INTO tsp_spanning_tree_edges (tsp_spanning_tree_edge_id, derived_edge_set, parent_stop, child_stop, travel_edge, depth)
VALUES ('tree-three-region-repaired-6', 'edge-set-three-region-balanced-exchange', 'r3-stop-b3', 'r3-stop-c1', 'r3-edge-b3-c1', 6) ON CONFLICT (tsp_spanning_tree_edge_id) DO UPDATE SET derived_edge_set = EXCLUDED.derived_edge_set, parent_stop = EXCLUDED.parent_stop, child_stop = EXCLUDED.child_stop, travel_edge = EXCLUDED.travel_edge, depth = EXCLUDED.depth;

INSERT INTO tsp_spanning_tree_edges (tsp_spanning_tree_edge_id, derived_edge_set, parent_stop, child_stop, travel_edge, depth)
VALUES ('tree-three-region-repaired-7', 'edge-set-three-region-balanced-exchange', 'r3-stop-c1', 'r3-stop-c2', 'r3-edge-c1-c2', 7) ON CONFLICT (tsp_spanning_tree_edge_id) DO UPDATE SET derived_edge_set = EXCLUDED.derived_edge_set, parent_stop = EXCLUDED.parent_stop, child_stop = EXCLUDED.child_stop, travel_edge = EXCLUDED.travel_edge, depth = EXCLUDED.depth;

INSERT INTO tsp_spanning_tree_edges (tsp_spanning_tree_edge_id, derived_edge_set, parent_stop, child_stop, travel_edge, depth)
VALUES ('tree-three-region-repaired-8', 'edge-set-three-region-balanced-exchange', 'r3-stop-c2', 'r3-stop-c3', 'r3-edge-c2-c3', 8) ON CONFLICT (tsp_spanning_tree_edge_id) DO UPDATE SET derived_edge_set = EXCLUDED.derived_edge_set, parent_stop = EXCLUDED.parent_stop, child_stop = EXCLUDED.child_stop, travel_edge = EXCLUDED.travel_edge, depth = EXCLUDED.depth;

-- ----------------------------------------------------------------------------
-- TSPConnectedDegreeTwoCertificates: Certificates that a derived edge set is one connected degree-two cycle.
-- ----------------------------------------------------------------------------
INSERT INTO tsp_connected_degree_two_certificates (tsp_connected_degree_two_certificate_id, derived_edge_set, required_stop_count, edge_count, degree_violation_count, component_count, proper_subtour_count, spanning_tree_edge_count)
VALUES ('connected-cycle-gridville-local-bound-union', 'edge-set-gridville-local-bound-union', 5, 5, 0, 1, 0, 4) ON CONFLICT (tsp_connected_degree_two_certificate_id) DO UPDATE SET derived_edge_set = EXCLUDED.derived_edge_set, required_stop_count = EXCLUDED.required_stop_count, edge_count = EXCLUDED.edge_count, degree_violation_count = EXCLUDED.degree_violation_count, component_count = EXCLUDED.component_count, proper_subtour_count = EXCLUDED.proper_subtour_count, spanning_tree_edge_count = EXCLUDED.spanning_tree_edge_count;

INSERT INTO tsp_connected_degree_two_certificates (tsp_connected_degree_two_certificate_id, derived_edge_set, required_stop_count, edge_count, degree_violation_count, component_count, proper_subtour_count, spanning_tree_edge_count)
VALUES ('connected-cycle-twin-triangles-negative', 'edge-set-twin-triangles-local-bound-union', 6, 6, 0, 2, 2, 2) ON CONFLICT (tsp_connected_degree_two_certificate_id) DO UPDATE SET derived_edge_set = EXCLUDED.derived_edge_set, required_stop_count = EXCLUDED.required_stop_count, edge_count = EXCLUDED.edge_count, degree_violation_count = EXCLUDED.degree_violation_count, component_count = EXCLUDED.component_count, proper_subtour_count = EXCLUDED.proper_subtour_count, spanning_tree_edge_count = EXCLUDED.spanning_tree_edge_count;

INSERT INTO tsp_connected_degree_two_certificates (tsp_connected_degree_two_certificate_id, derived_edge_set, required_stop_count, edge_count, degree_violation_count, component_count, proper_subtour_count, spanning_tree_edge_count)
VALUES ('connected-cycle-three-region-balanced-exchange', 'edge-set-three-region-balanced-exchange', 9, 9, 0, 1, 0, 8) ON CONFLICT (tsp_connected_degree_two_certificate_id) DO UPDATE SET derived_edge_set = EXCLUDED.derived_edge_set, required_stop_count = EXCLUDED.required_stop_count, edge_count = EXCLUDED.edge_count, degree_violation_count = EXCLUDED.degree_violation_count, component_count = EXCLUDED.component_count, proper_subtour_count = EXCLUDED.proper_subtour_count, spanning_tree_edge_count = EXCLUDED.spanning_tree_edge_count;

-- ----------------------------------------------------------------------------
-- TSPRouteReconstructions: Ordered cycles reconstructed from certified edge sets.
-- ----------------------------------------------------------------------------
INSERT INTO tsp_route_reconstructions (tsp_route_reconstruction_id, tsp_instance, derived_edge_set, start_stop, orientation_rule, required_stop_count, reconstructed_stop_count, reconstructed_leg_count, total_cost, candidate_used_as_antecedent, comparison_candidate, matches_comparison_candidate, status)
VALUES ('reconstruction-gridville-local-bound-union', 'tsp-gridville-5', 'edge-set-gridville-local-bound-union', 'stop-a', 'DEPOT_THEN_LEXICALLY_SMALLER_SELECTED_NEIGHBOR', 5, 5, 5, 14.0, FALSE, 'tour-reference-ring', TRUE, 'RECONSTRUCTED') ON CONFLICT (tsp_route_reconstruction_id) DO UPDATE SET tsp_instance = EXCLUDED.tsp_instance, derived_edge_set = EXCLUDED.derived_edge_set, start_stop = EXCLUDED.start_stop, orientation_rule = EXCLUDED.orientation_rule, required_stop_count = EXCLUDED.required_stop_count, reconstructed_stop_count = EXCLUDED.reconstructed_stop_count, reconstructed_leg_count = EXCLUDED.reconstructed_leg_count, total_cost = EXCLUDED.total_cost, candidate_used_as_antecedent = EXCLUDED.candidate_used_as_antecedent, comparison_candidate = EXCLUDED.comparison_candidate, matches_comparison_candidate = EXCLUDED.matches_comparison_candidate, status = EXCLUDED.status;

INSERT INTO tsp_route_reconstructions (tsp_route_reconstruction_id, tsp_instance, derived_edge_set, start_stop, orientation_rule, required_stop_count, reconstructed_stop_count, reconstructed_leg_count, total_cost, candidate_used_as_antecedent, comparison_candidate, matches_comparison_candidate, status)
VALUES ('reconstruction-three-region-balanced-exchange', 'tsp-three-regions-9', 'edge-set-three-region-balanced-exchange', 'r3-stop-a1', 'DEPOT_THEN_REGION_RING_THEN_LOCAL_LEXICAL_PATH', 9, 9, 9, 36, FALSE, 'tour-three-region-repair-36', TRUE, 'RECONSTRUCTED') ON CONFLICT (tsp_route_reconstruction_id) DO UPDATE SET tsp_instance = EXCLUDED.tsp_instance, derived_edge_set = EXCLUDED.derived_edge_set, start_stop = EXCLUDED.start_stop, orientation_rule = EXCLUDED.orientation_rule, required_stop_count = EXCLUDED.required_stop_count, reconstructed_stop_count = EXCLUDED.reconstructed_stop_count, reconstructed_leg_count = EXCLUDED.reconstructed_leg_count, total_cost = EXCLUDED.total_cost, candidate_used_as_antecedent = EXCLUDED.candidate_used_as_antecedent, comparison_candidate = EXCLUDED.comparison_candidate, matches_comparison_candidate = EXCLUDED.matches_comparison_candidate, status = EXCLUDED.status;

-- ----------------------------------------------------------------------------
-- TSPRouteReconstructionSteps: Ordered traversal steps emitted from an inferred edge set.
-- ----------------------------------------------------------------------------
INSERT INTO tsp_route_reconstruction_steps (tsp_route_reconstruction_step_id, route_reconstruction, step_order, from_stop, to_stop, travel_edge, is_closing_step)
VALUES ('reconstruction-gridville-step-1', 'reconstruction-gridville-local-bound-union', 1, 'stop-a', 'stop-b', 'edge-a-b', FALSE) ON CONFLICT (tsp_route_reconstruction_step_id) DO UPDATE SET route_reconstruction = EXCLUDED.route_reconstruction, step_order = EXCLUDED.step_order, from_stop = EXCLUDED.from_stop, to_stop = EXCLUDED.to_stop, travel_edge = EXCLUDED.travel_edge, is_closing_step = EXCLUDED.is_closing_step;

INSERT INTO tsp_route_reconstruction_steps (tsp_route_reconstruction_step_id, route_reconstruction, step_order, from_stop, to_stop, travel_edge, is_closing_step)
VALUES ('reconstruction-gridville-step-2', 'reconstruction-gridville-local-bound-union', 2, 'stop-b', 'stop-c', 'edge-b-c', FALSE) ON CONFLICT (tsp_route_reconstruction_step_id) DO UPDATE SET route_reconstruction = EXCLUDED.route_reconstruction, step_order = EXCLUDED.step_order, from_stop = EXCLUDED.from_stop, to_stop = EXCLUDED.to_stop, travel_edge = EXCLUDED.travel_edge, is_closing_step = EXCLUDED.is_closing_step;

INSERT INTO tsp_route_reconstruction_steps (tsp_route_reconstruction_step_id, route_reconstruction, step_order, from_stop, to_stop, travel_edge, is_closing_step)
VALUES ('reconstruction-gridville-step-3', 'reconstruction-gridville-local-bound-union', 3, 'stop-c', 'stop-d', 'edge-c-d', FALSE) ON CONFLICT (tsp_route_reconstruction_step_id) DO UPDATE SET route_reconstruction = EXCLUDED.route_reconstruction, step_order = EXCLUDED.step_order, from_stop = EXCLUDED.from_stop, to_stop = EXCLUDED.to_stop, travel_edge = EXCLUDED.travel_edge, is_closing_step = EXCLUDED.is_closing_step;

INSERT INTO tsp_route_reconstruction_steps (tsp_route_reconstruction_step_id, route_reconstruction, step_order, from_stop, to_stop, travel_edge, is_closing_step)
VALUES ('reconstruction-gridville-step-4', 'reconstruction-gridville-local-bound-union', 4, 'stop-d', 'stop-e', 'edge-d-e', FALSE) ON CONFLICT (tsp_route_reconstruction_step_id) DO UPDATE SET route_reconstruction = EXCLUDED.route_reconstruction, step_order = EXCLUDED.step_order, from_stop = EXCLUDED.from_stop, to_stop = EXCLUDED.to_stop, travel_edge = EXCLUDED.travel_edge, is_closing_step = EXCLUDED.is_closing_step;

INSERT INTO tsp_route_reconstruction_steps (tsp_route_reconstruction_step_id, route_reconstruction, step_order, from_stop, to_stop, travel_edge, is_closing_step)
VALUES ('reconstruction-gridville-step-5', 'reconstruction-gridville-local-bound-union', 5, 'stop-e', 'stop-a', 'edge-a-e', TRUE) ON CONFLICT (tsp_route_reconstruction_step_id) DO UPDATE SET route_reconstruction = EXCLUDED.route_reconstruction, step_order = EXCLUDED.step_order, from_stop = EXCLUDED.from_stop, to_stop = EXCLUDED.to_stop, travel_edge = EXCLUDED.travel_edge, is_closing_step = EXCLUDED.is_closing_step;

INSERT INTO tsp_route_reconstruction_steps (tsp_route_reconstruction_step_id, route_reconstruction, step_order, from_stop, to_stop, travel_edge, is_closing_step)
VALUES ('reconstruction-three-region-step-1', 'reconstruction-three-region-balanced-exchange', 1, 'r3-stop-a1', 'r3-stop-a2', 'r3-edge-a1-a2', FALSE) ON CONFLICT (tsp_route_reconstruction_step_id) DO UPDATE SET route_reconstruction = EXCLUDED.route_reconstruction, step_order = EXCLUDED.step_order, from_stop = EXCLUDED.from_stop, to_stop = EXCLUDED.to_stop, travel_edge = EXCLUDED.travel_edge, is_closing_step = EXCLUDED.is_closing_step;

INSERT INTO tsp_route_reconstruction_steps (tsp_route_reconstruction_step_id, route_reconstruction, step_order, from_stop, to_stop, travel_edge, is_closing_step)
VALUES ('reconstruction-three-region-step-2', 'reconstruction-three-region-balanced-exchange', 2, 'r3-stop-a2', 'r3-stop-a3', 'r3-edge-a2-a3', FALSE) ON CONFLICT (tsp_route_reconstruction_step_id) DO UPDATE SET route_reconstruction = EXCLUDED.route_reconstruction, step_order = EXCLUDED.step_order, from_stop = EXCLUDED.from_stop, to_stop = EXCLUDED.to_stop, travel_edge = EXCLUDED.travel_edge, is_closing_step = EXCLUDED.is_closing_step;

INSERT INTO tsp_route_reconstruction_steps (tsp_route_reconstruction_step_id, route_reconstruction, step_order, from_stop, to_stop, travel_edge, is_closing_step)
VALUES ('reconstruction-three-region-step-3', 'reconstruction-three-region-balanced-exchange', 3, 'r3-stop-a3', 'r3-stop-b1', 'r3-edge-a3-b1', FALSE) ON CONFLICT (tsp_route_reconstruction_step_id) DO UPDATE SET route_reconstruction = EXCLUDED.route_reconstruction, step_order = EXCLUDED.step_order, from_stop = EXCLUDED.from_stop, to_stop = EXCLUDED.to_stop, travel_edge = EXCLUDED.travel_edge, is_closing_step = EXCLUDED.is_closing_step;

INSERT INTO tsp_route_reconstruction_steps (tsp_route_reconstruction_step_id, route_reconstruction, step_order, from_stop, to_stop, travel_edge, is_closing_step)
VALUES ('reconstruction-three-region-step-4', 'reconstruction-three-region-balanced-exchange', 4, 'r3-stop-b1', 'r3-stop-b2', 'r3-edge-b1-b2', FALSE) ON CONFLICT (tsp_route_reconstruction_step_id) DO UPDATE SET route_reconstruction = EXCLUDED.route_reconstruction, step_order = EXCLUDED.step_order, from_stop = EXCLUDED.from_stop, to_stop = EXCLUDED.to_stop, travel_edge = EXCLUDED.travel_edge, is_closing_step = EXCLUDED.is_closing_step;

INSERT INTO tsp_route_reconstruction_steps (tsp_route_reconstruction_step_id, route_reconstruction, step_order, from_stop, to_stop, travel_edge, is_closing_step)
VALUES ('reconstruction-three-region-step-5', 'reconstruction-three-region-balanced-exchange', 5, 'r3-stop-b2', 'r3-stop-b3', 'r3-edge-b2-b3', FALSE) ON CONFLICT (tsp_route_reconstruction_step_id) DO UPDATE SET route_reconstruction = EXCLUDED.route_reconstruction, step_order = EXCLUDED.step_order, from_stop = EXCLUDED.from_stop, to_stop = EXCLUDED.to_stop, travel_edge = EXCLUDED.travel_edge, is_closing_step = EXCLUDED.is_closing_step;

INSERT INTO tsp_route_reconstruction_steps (tsp_route_reconstruction_step_id, route_reconstruction, step_order, from_stop, to_stop, travel_edge, is_closing_step)
VALUES ('reconstruction-three-region-step-6', 'reconstruction-three-region-balanced-exchange', 6, 'r3-stop-b3', 'r3-stop-c1', 'r3-edge-b3-c1', FALSE) ON CONFLICT (tsp_route_reconstruction_step_id) DO UPDATE SET route_reconstruction = EXCLUDED.route_reconstruction, step_order = EXCLUDED.step_order, from_stop = EXCLUDED.from_stop, to_stop = EXCLUDED.to_stop, travel_edge = EXCLUDED.travel_edge, is_closing_step = EXCLUDED.is_closing_step;

INSERT INTO tsp_route_reconstruction_steps (tsp_route_reconstruction_step_id, route_reconstruction, step_order, from_stop, to_stop, travel_edge, is_closing_step)
VALUES ('reconstruction-three-region-step-7', 'reconstruction-three-region-balanced-exchange', 7, 'r3-stop-c1', 'r3-stop-c2', 'r3-edge-c1-c2', FALSE) ON CONFLICT (tsp_route_reconstruction_step_id) DO UPDATE SET route_reconstruction = EXCLUDED.route_reconstruction, step_order = EXCLUDED.step_order, from_stop = EXCLUDED.from_stop, to_stop = EXCLUDED.to_stop, travel_edge = EXCLUDED.travel_edge, is_closing_step = EXCLUDED.is_closing_step;

INSERT INTO tsp_route_reconstruction_steps (tsp_route_reconstruction_step_id, route_reconstruction, step_order, from_stop, to_stop, travel_edge, is_closing_step)
VALUES ('reconstruction-three-region-step-8', 'reconstruction-three-region-balanced-exchange', 8, 'r3-stop-c2', 'r3-stop-c3', 'r3-edge-c2-c3', FALSE) ON CONFLICT (tsp_route_reconstruction_step_id) DO UPDATE SET route_reconstruction = EXCLUDED.route_reconstruction, step_order = EXCLUDED.step_order, from_stop = EXCLUDED.from_stop, to_stop = EXCLUDED.to_stop, travel_edge = EXCLUDED.travel_edge, is_closing_step = EXCLUDED.is_closing_step;

INSERT INTO tsp_route_reconstruction_steps (tsp_route_reconstruction_step_id, route_reconstruction, step_order, from_stop, to_stop, travel_edge, is_closing_step)
VALUES ('reconstruction-three-region-step-9', 'reconstruction-three-region-balanced-exchange', 9, 'r3-stop-c3', 'r3-stop-a1', 'r3-edge-a1-c3', TRUE) ON CONFLICT (tsp_route_reconstruction_step_id) DO UPDATE SET route_reconstruction = EXCLUDED.route_reconstruction, step_order = EXCLUDED.step_order, from_stop = EXCLUDED.from_stop, to_stop = EXCLUDED.to_stop, travel_edge = EXCLUDED.travel_edge, is_closing_step = EXCLUDED.is_closing_step;

-- ----------------------------------------------------------------------------
-- TSPWitnessNormalForms: Common semantic normal form for supplied, reconstructed, and contracted cycle or path witnesses.
-- ----------------------------------------------------------------------------
INSERT INTO tsp_witness_normal_forms (tsp_witness_normal_form_id, tsp_instance, tsp_loop, witness_shape, origin_kind, source_kind, source_id, boundary_signature, covered_stop_count, required_stop_count, edge_count, total_cost, incidence_defect, connectivity_defect, order_defect, provenance_summary)
VALUES ('normal-cycle-gridville-supplied', 'tsp-gridville-5', 'tsp-loop-605', 'CYCLE', 'SUPPLIED', 'CandidateTours', 'tour-reference-ring', NULL, 5, 5, 5, 14, 0, 0, 0, 'Explicit supplied route witness validated by ordered stop and leg projections.') ON CONFLICT (tsp_witness_normal_form_id) DO UPDATE SET tsp_instance = EXCLUDED.tsp_instance, tsp_loop = EXCLUDED.tsp_loop, witness_shape = EXCLUDED.witness_shape, origin_kind = EXCLUDED.origin_kind, source_kind = EXCLUDED.source_kind, source_id = EXCLUDED.source_id, boundary_signature = EXCLUDED.boundary_signature, covered_stop_count = EXCLUDED.covered_stop_count, required_stop_count = EXCLUDED.required_stop_count, edge_count = EXCLUDED.edge_count, total_cost = EXCLUDED.total_cost, incidence_defect = EXCLUDED.incidence_defect, connectivity_defect = EXCLUDED.connectivity_defect, order_defect = EXCLUDED.order_defect, provenance_summary = EXCLUDED.provenance_summary;

INSERT INTO tsp_witness_normal_forms (tsp_witness_normal_form_id, tsp_instance, tsp_loop, witness_shape, origin_kind, source_kind, source_id, boundary_signature, covered_stop_count, required_stop_count, edge_count, total_cost, incidence_defect, connectivity_defect, order_defect, provenance_summary)
VALUES ('normal-cycle-gridville-reconstructed', 'tsp-gridville-5', 'tsp-loop-605', 'CYCLE', 'RECONSTRUCTED', 'TSPRouteReconstructions', 'reconstruction-gridville-local-bound-union', NULL, 5, 5, 5, 14, 0, 0, 0, 'Reconstructed from a connected degree-two inferred edge set; supplied candidate is comparison-only.') ON CONFLICT (tsp_witness_normal_form_id) DO UPDATE SET tsp_instance = EXCLUDED.tsp_instance, tsp_loop = EXCLUDED.tsp_loop, witness_shape = EXCLUDED.witness_shape, origin_kind = EXCLUDED.origin_kind, source_kind = EXCLUDED.source_kind, source_id = EXCLUDED.source_id, boundary_signature = EXCLUDED.boundary_signature, covered_stop_count = EXCLUDED.covered_stop_count, required_stop_count = EXCLUDED.required_stop_count, edge_count = EXCLUDED.edge_count, total_cost = EXCLUDED.total_cost, incidence_defect = EXCLUDED.incidence_defect, connectivity_defect = EXCLUDED.connectivity_defect, order_defect = EXCLUDED.order_defect, provenance_summary = EXCLUDED.provenance_summary;

INSERT INTO tsp_witness_normal_forms (tsp_witness_normal_form_id, tsp_instance, tsp_loop, witness_shape, origin_kind, source_kind, source_id, boundary_signature, covered_stop_count, required_stop_count, edge_count, total_cost, incidence_defect, connectivity_defect, order_defect, provenance_summary)
VALUES ('normal-cycle-twin-supplied', 'tsp-twin-triangles-6', 'tsp-loop-605', 'CYCLE', 'SUPPLIED', 'CandidateTours', 'tour-twin-triangles-feasible-24', NULL, 6, 6, 6, 24, 0, 0, 0, 'Supplied feasible route certified optimal by component-repair bound equality.') ON CONFLICT (tsp_witness_normal_form_id) DO UPDATE SET tsp_instance = EXCLUDED.tsp_instance, tsp_loop = EXCLUDED.tsp_loop, witness_shape = EXCLUDED.witness_shape, origin_kind = EXCLUDED.origin_kind, source_kind = EXCLUDED.source_kind, source_id = EXCLUDED.source_id, boundary_signature = EXCLUDED.boundary_signature, covered_stop_count = EXCLUDED.covered_stop_count, required_stop_count = EXCLUDED.required_stop_count, edge_count = EXCLUDED.edge_count, total_cost = EXCLUDED.total_cost, incidence_defect = EXCLUDED.incidence_defect, connectivity_defect = EXCLUDED.connectivity_defect, order_defect = EXCLUDED.order_defect, provenance_summary = EXCLUDED.provenance_summary;

INSERT INTO tsp_witness_normal_forms (tsp_witness_normal_form_id, tsp_instance, tsp_loop, witness_shape, origin_kind, source_kind, source_id, boundary_signature, covered_stop_count, required_stop_count, edge_count, total_cost, incidence_defect, connectivity_defect, order_defect, provenance_summary)
VALUES ('normal-path-cluster-state-gridville-west-triangle-twin-stop-wa-twin-stop-wb', 'tsp-twin-triangles-6', 'tsp-loop-606', 'PATH', 'CONTRACTED', 'TSPClusterBoundaryStates', 'cluster-state-gridville-west-triangle-twin-stop-wa-twin-stop-wb', 'gridville-west-triangle|twin-stop-wa|twin-stop-wb|3|2.0', 3, 3, 2, 2.0, 0, 0, 0, 'Neighborhood path expansion witnessed by ordered TSPClusterBoundaryStateMembers.') ON CONFLICT (tsp_witness_normal_form_id) DO UPDATE SET tsp_instance = EXCLUDED.tsp_instance, tsp_loop = EXCLUDED.tsp_loop, witness_shape = EXCLUDED.witness_shape, origin_kind = EXCLUDED.origin_kind, source_kind = EXCLUDED.source_kind, source_id = EXCLUDED.source_id, boundary_signature = EXCLUDED.boundary_signature, covered_stop_count = EXCLUDED.covered_stop_count, required_stop_count = EXCLUDED.required_stop_count, edge_count = EXCLUDED.edge_count, total_cost = EXCLUDED.total_cost, incidence_defect = EXCLUDED.incidence_defect, connectivity_defect = EXCLUDED.connectivity_defect, order_defect = EXCLUDED.order_defect, provenance_summary = EXCLUDED.provenance_summary;

INSERT INTO tsp_witness_normal_forms (tsp_witness_normal_form_id, tsp_instance, tsp_loop, witness_shape, origin_kind, source_kind, source_id, boundary_signature, covered_stop_count, required_stop_count, edge_count, total_cost, incidence_defect, connectivity_defect, order_defect, provenance_summary)
VALUES ('normal-path-cluster-state-gridville-west-triangle-twin-stop-wa-twin-stop-wc', 'tsp-twin-triangles-6', 'tsp-loop-606', 'PATH', 'CONTRACTED', 'TSPClusterBoundaryStates', 'cluster-state-gridville-west-triangle-twin-stop-wa-twin-stop-wc', 'gridville-west-triangle|twin-stop-wa|twin-stop-wc|3|2.0', 3, 3, 2, 2.0, 0, 0, 0, 'Neighborhood path expansion witnessed by ordered TSPClusterBoundaryStateMembers.') ON CONFLICT (tsp_witness_normal_form_id) DO UPDATE SET tsp_instance = EXCLUDED.tsp_instance, tsp_loop = EXCLUDED.tsp_loop, witness_shape = EXCLUDED.witness_shape, origin_kind = EXCLUDED.origin_kind, source_kind = EXCLUDED.source_kind, source_id = EXCLUDED.source_id, boundary_signature = EXCLUDED.boundary_signature, covered_stop_count = EXCLUDED.covered_stop_count, required_stop_count = EXCLUDED.required_stop_count, edge_count = EXCLUDED.edge_count, total_cost = EXCLUDED.total_cost, incidence_defect = EXCLUDED.incidence_defect, connectivity_defect = EXCLUDED.connectivity_defect, order_defect = EXCLUDED.order_defect, provenance_summary = EXCLUDED.provenance_summary;

INSERT INTO tsp_witness_normal_forms (tsp_witness_normal_form_id, tsp_instance, tsp_loop, witness_shape, origin_kind, source_kind, source_id, boundary_signature, covered_stop_count, required_stop_count, edge_count, total_cost, incidence_defect, connectivity_defect, order_defect, provenance_summary)
VALUES ('normal-path-cluster-state-gridville-west-triangle-twin-stop-wb-twin-stop-wc', 'tsp-twin-triangles-6', 'tsp-loop-606', 'PATH', 'CONTRACTED', 'TSPClusterBoundaryStates', 'cluster-state-gridville-west-triangle-twin-stop-wb-twin-stop-wc', 'gridville-west-triangle|twin-stop-wb|twin-stop-wc|3|2.0', 3, 3, 2, 2.0, 0, 0, 0, 'Neighborhood path expansion witnessed by ordered TSPClusterBoundaryStateMembers.') ON CONFLICT (tsp_witness_normal_form_id) DO UPDATE SET tsp_instance = EXCLUDED.tsp_instance, tsp_loop = EXCLUDED.tsp_loop, witness_shape = EXCLUDED.witness_shape, origin_kind = EXCLUDED.origin_kind, source_kind = EXCLUDED.source_kind, source_id = EXCLUDED.source_id, boundary_signature = EXCLUDED.boundary_signature, covered_stop_count = EXCLUDED.covered_stop_count, required_stop_count = EXCLUDED.required_stop_count, edge_count = EXCLUDED.edge_count, total_cost = EXCLUDED.total_cost, incidence_defect = EXCLUDED.incidence_defect, connectivity_defect = EXCLUDED.connectivity_defect, order_defect = EXCLUDED.order_defect, provenance_summary = EXCLUDED.provenance_summary;

INSERT INTO tsp_witness_normal_forms (tsp_witness_normal_form_id, tsp_instance, tsp_loop, witness_shape, origin_kind, source_kind, source_id, boundary_signature, covered_stop_count, required_stop_count, edge_count, total_cost, incidence_defect, connectivity_defect, order_defect, provenance_summary)
VALUES ('normal-path-cluster-state-gridville-east-triangle-twin-stop-ed-twin-stop-ee', 'tsp-twin-triangles-6', 'tsp-loop-606', 'PATH', 'CONTRACTED', 'TSPClusterBoundaryStates', 'cluster-state-gridville-east-triangle-twin-stop-ed-twin-stop-ee', 'gridville-east-triangle|twin-stop-ed|twin-stop-ee|3|2.0', 3, 3, 2, 2.0, 0, 0, 0, 'Neighborhood path expansion witnessed by ordered TSPClusterBoundaryStateMembers.') ON CONFLICT (tsp_witness_normal_form_id) DO UPDATE SET tsp_instance = EXCLUDED.tsp_instance, tsp_loop = EXCLUDED.tsp_loop, witness_shape = EXCLUDED.witness_shape, origin_kind = EXCLUDED.origin_kind, source_kind = EXCLUDED.source_kind, source_id = EXCLUDED.source_id, boundary_signature = EXCLUDED.boundary_signature, covered_stop_count = EXCLUDED.covered_stop_count, required_stop_count = EXCLUDED.required_stop_count, edge_count = EXCLUDED.edge_count, total_cost = EXCLUDED.total_cost, incidence_defect = EXCLUDED.incidence_defect, connectivity_defect = EXCLUDED.connectivity_defect, order_defect = EXCLUDED.order_defect, provenance_summary = EXCLUDED.provenance_summary;

INSERT INTO tsp_witness_normal_forms (tsp_witness_normal_form_id, tsp_instance, tsp_loop, witness_shape, origin_kind, source_kind, source_id, boundary_signature, covered_stop_count, required_stop_count, edge_count, total_cost, incidence_defect, connectivity_defect, order_defect, provenance_summary)
VALUES ('normal-path-cluster-state-gridville-east-triangle-twin-stop-ed-twin-stop-ef', 'tsp-twin-triangles-6', 'tsp-loop-606', 'PATH', 'CONTRACTED', 'TSPClusterBoundaryStates', 'cluster-state-gridville-east-triangle-twin-stop-ed-twin-stop-ef', 'gridville-east-triangle|twin-stop-ed|twin-stop-ef|3|2.0', 3, 3, 2, 2.0, 0, 0, 0, 'Neighborhood path expansion witnessed by ordered TSPClusterBoundaryStateMembers.') ON CONFLICT (tsp_witness_normal_form_id) DO UPDATE SET tsp_instance = EXCLUDED.tsp_instance, tsp_loop = EXCLUDED.tsp_loop, witness_shape = EXCLUDED.witness_shape, origin_kind = EXCLUDED.origin_kind, source_kind = EXCLUDED.source_kind, source_id = EXCLUDED.source_id, boundary_signature = EXCLUDED.boundary_signature, covered_stop_count = EXCLUDED.covered_stop_count, required_stop_count = EXCLUDED.required_stop_count, edge_count = EXCLUDED.edge_count, total_cost = EXCLUDED.total_cost, incidence_defect = EXCLUDED.incidence_defect, connectivity_defect = EXCLUDED.connectivity_defect, order_defect = EXCLUDED.order_defect, provenance_summary = EXCLUDED.provenance_summary;

INSERT INTO tsp_witness_normal_forms (tsp_witness_normal_form_id, tsp_instance, tsp_loop, witness_shape, origin_kind, source_kind, source_id, boundary_signature, covered_stop_count, required_stop_count, edge_count, total_cost, incidence_defect, connectivity_defect, order_defect, provenance_summary)
VALUES ('normal-path-cluster-state-gridville-east-triangle-twin-stop-ee-twin-stop-ef', 'tsp-twin-triangles-6', 'tsp-loop-606', 'PATH', 'CONTRACTED', 'TSPClusterBoundaryStates', 'cluster-state-gridville-east-triangle-twin-stop-ee-twin-stop-ef', 'gridville-east-triangle|twin-stop-ee|twin-stop-ef|3|2.0', 3, 3, 2, 2.0, 0, 0, 0, 'Neighborhood path expansion witnessed by ordered TSPClusterBoundaryStateMembers.') ON CONFLICT (tsp_witness_normal_form_id) DO UPDATE SET tsp_instance = EXCLUDED.tsp_instance, tsp_loop = EXCLUDED.tsp_loop, witness_shape = EXCLUDED.witness_shape, origin_kind = EXCLUDED.origin_kind, source_kind = EXCLUDED.source_kind, source_id = EXCLUDED.source_id, boundary_signature = EXCLUDED.boundary_signature, covered_stop_count = EXCLUDED.covered_stop_count, required_stop_count = EXCLUDED.required_stop_count, edge_count = EXCLUDED.edge_count, total_cost = EXCLUDED.total_cost, incidence_defect = EXCLUDED.incidence_defect, connectivity_defect = EXCLUDED.connectivity_defect, order_defect = EXCLUDED.order_defect, provenance_summary = EXCLUDED.provenance_summary;

INSERT INTO tsp_witness_normal_forms (tsp_witness_normal_form_id, tsp_instance, tsp_loop, witness_shape, origin_kind, source_kind, source_id, boundary_signature, covered_stop_count, required_stop_count, edge_count, total_cost, incidence_defect, connectivity_defect, order_defect, provenance_summary)
VALUES ('normal-cycle-three-region-reconstructed', 'tsp-three-regions-9', 'tsp-loop-640', 'CYCLE', 'RECONSTRUCTED', 'TSPRouteReconstructions', 'reconstruction-three-region-balanced-exchange', NULL, 9, 9, 9, 36, 0, 0, 0, 'Reconstructed from a balanced-exchange connected degree-two edge set; the candidate is comparison-only.') ON CONFLICT (tsp_witness_normal_form_id) DO UPDATE SET tsp_instance = EXCLUDED.tsp_instance, tsp_loop = EXCLUDED.tsp_loop, witness_shape = EXCLUDED.witness_shape, origin_kind = EXCLUDED.origin_kind, source_kind = EXCLUDED.source_kind, source_id = EXCLUDED.source_id, boundary_signature = EXCLUDED.boundary_signature, covered_stop_count = EXCLUDED.covered_stop_count, required_stop_count = EXCLUDED.required_stop_count, edge_count = EXCLUDED.edge_count, total_cost = EXCLUDED.total_cost, incidence_defect = EXCLUDED.incidence_defect, connectivity_defect = EXCLUDED.connectivity_defect, order_defect = EXCLUDED.order_defect, provenance_summary = EXCLUDED.provenance_summary;

INSERT INTO tsp_witness_normal_forms (tsp_witness_normal_form_id, tsp_instance, tsp_loop, witness_shape, origin_kind, source_kind, source_id, boundary_signature, covered_stop_count, required_stop_count, edge_count, total_cost, incidence_defect, connectivity_defect, order_defect, provenance_summary)
VALUES ('normal-cycle-tour-optimal-face-abcd-4', 'tsp-optimal-face-4', 'tsp-loop-642', 'CYCLE', 'SUPPLIED', 'CandidateTours', 'tour-optimal-face-abcd-4', NULL, 4, 4, 4, 4.0, 0, 0, 0, 'Supplied optimal-face fixture witness; value and representative-choice status remain separate.') ON CONFLICT (tsp_witness_normal_form_id) DO UPDATE SET tsp_instance = EXCLUDED.tsp_instance, tsp_loop = EXCLUDED.tsp_loop, witness_shape = EXCLUDED.witness_shape, origin_kind = EXCLUDED.origin_kind, source_kind = EXCLUDED.source_kind, source_id = EXCLUDED.source_id, boundary_signature = EXCLUDED.boundary_signature, covered_stop_count = EXCLUDED.covered_stop_count, required_stop_count = EXCLUDED.required_stop_count, edge_count = EXCLUDED.edge_count, total_cost = EXCLUDED.total_cost, incidence_defect = EXCLUDED.incidence_defect, connectivity_defect = EXCLUDED.connectivity_defect, order_defect = EXCLUDED.order_defect, provenance_summary = EXCLUDED.provenance_summary;

INSERT INTO tsp_witness_normal_forms (tsp_witness_normal_form_id, tsp_instance, tsp_loop, witness_shape, origin_kind, source_kind, source_id, boundary_signature, covered_stop_count, required_stop_count, edge_count, total_cost, incidence_defect, connectivity_defect, order_defect, provenance_summary)
VALUES ('normal-cycle-tour-optimal-face-acbd-4', 'tsp-optimal-face-4', 'tsp-loop-642', 'CYCLE', 'SUPPLIED', 'CandidateTours', 'tour-optimal-face-acbd-4', NULL, 4, 4, 4, 4.0, 0, 0, 0, 'Supplied optimal-face fixture witness; value and representative-choice status remain separate.') ON CONFLICT (tsp_witness_normal_form_id) DO UPDATE SET tsp_instance = EXCLUDED.tsp_instance, tsp_loop = EXCLUDED.tsp_loop, witness_shape = EXCLUDED.witness_shape, origin_kind = EXCLUDED.origin_kind, source_kind = EXCLUDED.source_kind, source_id = EXCLUDED.source_id, boundary_signature = EXCLUDED.boundary_signature, covered_stop_count = EXCLUDED.covered_stop_count, required_stop_count = EXCLUDED.required_stop_count, edge_count = EXCLUDED.edge_count, total_cost = EXCLUDED.total_cost, incidence_defect = EXCLUDED.incidence_defect, connectivity_defect = EXCLUDED.connectivity_defect, order_defect = EXCLUDED.order_defect, provenance_summary = EXCLUDED.provenance_summary;

INSERT INTO tsp_witness_normal_forms (tsp_witness_normal_form_id, tsp_instance, tsp_loop, witness_shape, origin_kind, source_kind, source_id, boundary_signature, covered_stop_count, required_stop_count, edge_count, total_cost, incidence_defect, connectivity_defect, order_defect, provenance_summary)
VALUES ('normal-cycle-tour-optimal-face-abdc-6', 'tsp-optimal-face-4', 'tsp-loop-642', 'CYCLE', 'SUPPLIED', 'CandidateTours', 'tour-optimal-face-abdc-6', NULL, 4, 4, 4, 6.0, 0, 0, 0, 'Supplied optimal-face fixture witness; value and representative-choice status remain separate.') ON CONFLICT (tsp_witness_normal_form_id) DO UPDATE SET tsp_instance = EXCLUDED.tsp_instance, tsp_loop = EXCLUDED.tsp_loop, witness_shape = EXCLUDED.witness_shape, origin_kind = EXCLUDED.origin_kind, source_kind = EXCLUDED.source_kind, source_id = EXCLUDED.source_id, boundary_signature = EXCLUDED.boundary_signature, covered_stop_count = EXCLUDED.covered_stop_count, required_stop_count = EXCLUDED.required_stop_count, edge_count = EXCLUDED.edge_count, total_cost = EXCLUDED.total_cost, incidence_defect = EXCLUDED.incidence_defect, connectivity_defect = EXCLUDED.connectivity_defect, order_defect = EXCLUDED.order_defect, provenance_summary = EXCLUDED.provenance_summary;

-- ----------------------------------------------------------------------------
-- TSPSearchCertificates: Derived accounting of route classes, branch decisions, backtracks, and residual ambiguity.
-- ----------------------------------------------------------------------------
INSERT INTO tsp_search_certificates (tsp_search_certificate_id, tsp_instance, tsp_loop, derived_edge_set, question_kind, initial_route_class_count, surviving_route_class_count, branch_decision_count, backtrack_count, residual_ambiguity_count, branching_avoided_pct, status, orbit_kind, value_certified, representative_selection_required, external_policy_required, branch_warrant_status)
VALUES ('search-gridville-reconstructed-route', 'tsp-gridville-5', 'tsp-loop-592', 'edge-set-gridville-local-bound-union', 'DISCOVER_ROUTE_WITHOUT_SUPPLIED_CANDIDATE', 12, 1, 0, 0, 0, 100, 'CERTIFIED', NULL, NULL, NULL, NULL, NULL) ON CONFLICT (tsp_search_certificate_id) DO UPDATE SET tsp_instance = EXCLUDED.tsp_instance, tsp_loop = EXCLUDED.tsp_loop, derived_edge_set = EXCLUDED.derived_edge_set, question_kind = EXCLUDED.question_kind, initial_route_class_count = EXCLUDED.initial_route_class_count, surviving_route_class_count = EXCLUDED.surviving_route_class_count, branch_decision_count = EXCLUDED.branch_decision_count, backtrack_count = EXCLUDED.backtrack_count, residual_ambiguity_count = EXCLUDED.residual_ambiguity_count, branching_avoided_pct = EXCLUDED.branching_avoided_pct, status = EXCLUDED.status, orbit_kind = EXCLUDED.orbit_kind, value_certified = EXCLUDED.value_certified, representative_selection_required = EXCLUDED.representative_selection_required, external_policy_required = EXCLUDED.external_policy_required, branch_warrant_status = EXCLUDED.branch_warrant_status;

INSERT INTO tsp_search_certificates (tsp_search_certificate_id, tsp_instance, tsp_loop, derived_edge_set, question_kind, initial_route_class_count, surviving_route_class_count, branch_decision_count, backtrack_count, residual_ambiguity_count, branching_avoided_pct, status, orbit_kind, value_certified, representative_selection_required, external_policy_required, branch_warrant_status)
VALUES ('search-twin-triangles-non-tight', 'tsp-twin-triangles-6', 'tsp-loop-593', 'edge-set-twin-triangles-local-bound-union', 'NON_TIGHT_LOWER_BOUND_RESIDUAL', 60, 60, 0, 0, 60, 0, 'RESIDUAL_SEARCH', NULL, NULL, NULL, NULL, NULL) ON CONFLICT (tsp_search_certificate_id) DO UPDATE SET tsp_instance = EXCLUDED.tsp_instance, tsp_loop = EXCLUDED.tsp_loop, derived_edge_set = EXCLUDED.derived_edge_set, question_kind = EXCLUDED.question_kind, initial_route_class_count = EXCLUDED.initial_route_class_count, surviving_route_class_count = EXCLUDED.surviving_route_class_count, branch_decision_count = EXCLUDED.branch_decision_count, backtrack_count = EXCLUDED.backtrack_count, residual_ambiguity_count = EXCLUDED.residual_ambiguity_count, branching_avoided_pct = EXCLUDED.branching_avoided_pct, status = EXCLUDED.status, orbit_kind = EXCLUDED.orbit_kind, value_certified = EXCLUDED.value_certified, representative_selection_required = EXCLUDED.representative_selection_required, external_policy_required = EXCLUDED.external_policy_required, branch_warrant_status = EXCLUDED.branch_warrant_status;

INSERT INTO tsp_search_certificates (tsp_search_certificate_id, tsp_instance, tsp_loop, derived_edge_set, question_kind, initial_route_class_count, surviving_route_class_count, branch_decision_count, backtrack_count, residual_ambiguity_count, branching_avoided_pct, status, orbit_kind, value_certified, representative_selection_required, external_policy_required, branch_warrant_status)
VALUES ('search-optimal-face-choice-orbit', 'tsp-optimal-face-4', 'tsp-loop-644', NULL, 'CERTIFY_VALUE_WITH_NONUNIQUE_OPTIMAL_WITNESS', 3, 2, 0, 0, 2, 100, 'VALUE_CERTIFIED_CHOICE_ORBIT', 'NON_REVERSAL_OPTIMAL_WITNESS_ORBIT', TRUE, TRUE, TRUE, 'CONDITIONAL_ON_EXTERNAL_REPRESENTATIVE_POLICY') ON CONFLICT (tsp_search_certificate_id) DO UPDATE SET tsp_instance = EXCLUDED.tsp_instance, tsp_loop = EXCLUDED.tsp_loop, derived_edge_set = EXCLUDED.derived_edge_set, question_kind = EXCLUDED.question_kind, initial_route_class_count = EXCLUDED.initial_route_class_count, surviving_route_class_count = EXCLUDED.surviving_route_class_count, branch_decision_count = EXCLUDED.branch_decision_count, backtrack_count = EXCLUDED.backtrack_count, residual_ambiguity_count = EXCLUDED.residual_ambiguity_count, branching_avoided_pct = EXCLUDED.branching_avoided_pct, status = EXCLUDED.status, orbit_kind = EXCLUDED.orbit_kind, value_certified = EXCLUDED.value_certified, representative_selection_required = EXCLUDED.representative_selection_required, external_policy_required = EXCLUDED.external_policy_required, branch_warrant_status = EXCLUDED.branch_warrant_status;

-- ----------------------------------------------------------------------------
-- TSPConstraintRounds: Fixed-point rounds for forced and forbidden edge propagation.
-- ----------------------------------------------------------------------------
INSERT INTO tsp_constraint_rounds (tsp_constraint_round_id, tsp_instance, tsp_loop, round_order, input_state, forced_decision_count, forbidden_decision_count, branch_decision_count, status)
VALUES ('constraint-round-sparse-forcing-1', 'tsp-sparse-forcing-5', 'tsp-loop-594', 1, 'AVAILABLE_EDGE_COUNTS', 5, 0, 0, 'ADVANCED') ON CONFLICT (tsp_constraint_round_id) DO UPDATE SET tsp_instance = EXCLUDED.tsp_instance, tsp_loop = EXCLUDED.tsp_loop, round_order = EXCLUDED.round_order, input_state = EXCLUDED.input_state, forced_decision_count = EXCLUDED.forced_decision_count, forbidden_decision_count = EXCLUDED.forbidden_decision_count, branch_decision_count = EXCLUDED.branch_decision_count, status = EXCLUDED.status;

INSERT INTO tsp_constraint_rounds (tsp_constraint_round_id, tsp_instance, tsp_loop, round_order, input_state, forced_decision_count, forbidden_decision_count, branch_decision_count, status)
VALUES ('constraint-round-sparse-forbidding-2', 'tsp-sparse-forcing-5', 'tsp-loop-595', 2, 'state-sparse-forcing-round-1', 0, 1, 0, 'FIXED_POINT') ON CONFLICT (tsp_constraint_round_id) DO UPDATE SET tsp_instance = EXCLUDED.tsp_instance, tsp_loop = EXCLUDED.tsp_loop, round_order = EXCLUDED.round_order, input_state = EXCLUDED.input_state, forced_decision_count = EXCLUDED.forced_decision_count, forbidden_decision_count = EXCLUDED.forbidden_decision_count, branch_decision_count = EXCLUDED.branch_decision_count, status = EXCLUDED.status;

INSERT INTO tsp_constraint_rounds (tsp_constraint_round_id, tsp_instance, tsp_loop, round_order, input_state, forced_decision_count, forbidden_decision_count, branch_decision_count, status)
VALUES ('constraint-round-twin-subtour-1', 'tsp-twin-triangles-6', 'tsp-loop-595', 1, 'TWO_FORCED_EDGES_IN_WEST_CLUSTER', 0, 1, 0, 'ADVANCED') ON CONFLICT (tsp_constraint_round_id) DO UPDATE SET tsp_instance = EXCLUDED.tsp_instance, tsp_loop = EXCLUDED.tsp_loop, round_order = EXCLUDED.round_order, input_state = EXCLUDED.input_state, forced_decision_count = EXCLUDED.forced_decision_count, forbidden_decision_count = EXCLUDED.forbidden_decision_count, branch_decision_count = EXCLUDED.branch_decision_count, status = EXCLUDED.status;

-- ----------------------------------------------------------------------------
-- TSPConstraintDecisions: Replayable forced or forbidden edge decisions with reason codes.
-- ----------------------------------------------------------------------------
INSERT INTO tsp_constraint_decisions (tsp_constraint_decision_id, constraint_round, travel_edge, instance_stop, inference_rule, decision_status, reason_code, antecedent_summary, is_deterministic)
VALUES ('force-sparse-edge-a-b', 'constraint-round-sparse-forcing-1', 'sparse-edge-a-b', 'sparse-stop-a', 'tsp-rule-degree-two-forcing', 'FORCED', 'EXACTLY_TWO_REMAINING_ADMISSIBLE_INCIDENT_EDGES', 'sparse-stop-a has exactly two available incident edges; both are forced.', TRUE) ON CONFLICT (tsp_constraint_decision_id) DO UPDATE SET constraint_round = EXCLUDED.constraint_round, travel_edge = EXCLUDED.travel_edge, instance_stop = EXCLUDED.instance_stop, inference_rule = EXCLUDED.inference_rule, decision_status = EXCLUDED.decision_status, reason_code = EXCLUDED.reason_code, antecedent_summary = EXCLUDED.antecedent_summary, is_deterministic = EXCLUDED.is_deterministic;

INSERT INTO tsp_constraint_decisions (tsp_constraint_decision_id, constraint_round, travel_edge, instance_stop, inference_rule, decision_status, reason_code, antecedent_summary, is_deterministic)
VALUES ('force-sparse-edge-a-e', 'constraint-round-sparse-forcing-1', 'sparse-edge-a-e', 'sparse-stop-a', 'tsp-rule-degree-two-forcing', 'FORCED', 'EXACTLY_TWO_REMAINING_ADMISSIBLE_INCIDENT_EDGES', 'sparse-stop-a has exactly two available incident edges; both are forced.', TRUE) ON CONFLICT (tsp_constraint_decision_id) DO UPDATE SET constraint_round = EXCLUDED.constraint_round, travel_edge = EXCLUDED.travel_edge, instance_stop = EXCLUDED.instance_stop, inference_rule = EXCLUDED.inference_rule, decision_status = EXCLUDED.decision_status, reason_code = EXCLUDED.reason_code, antecedent_summary = EXCLUDED.antecedent_summary, is_deterministic = EXCLUDED.is_deterministic;

INSERT INTO tsp_constraint_decisions (tsp_constraint_decision_id, constraint_round, travel_edge, instance_stop, inference_rule, decision_status, reason_code, antecedent_summary, is_deterministic)
VALUES ('force-sparse-edge-b-c', 'constraint-round-sparse-forcing-1', 'sparse-edge-b-c', 'sparse-stop-c', 'tsp-rule-degree-two-forcing', 'FORCED', 'EXACTLY_TWO_REMAINING_ADMISSIBLE_INCIDENT_EDGES', 'sparse-stop-c has exactly two available incident edges; both are forced.', TRUE) ON CONFLICT (tsp_constraint_decision_id) DO UPDATE SET constraint_round = EXCLUDED.constraint_round, travel_edge = EXCLUDED.travel_edge, instance_stop = EXCLUDED.instance_stop, inference_rule = EXCLUDED.inference_rule, decision_status = EXCLUDED.decision_status, reason_code = EXCLUDED.reason_code, antecedent_summary = EXCLUDED.antecedent_summary, is_deterministic = EXCLUDED.is_deterministic;

INSERT INTO tsp_constraint_decisions (tsp_constraint_decision_id, constraint_round, travel_edge, instance_stop, inference_rule, decision_status, reason_code, antecedent_summary, is_deterministic)
VALUES ('force-sparse-edge-c-d', 'constraint-round-sparse-forcing-1', 'sparse-edge-c-d', 'sparse-stop-c', 'tsp-rule-degree-two-forcing', 'FORCED', 'EXACTLY_TWO_REMAINING_ADMISSIBLE_INCIDENT_EDGES', 'sparse-stop-c has exactly two available incident edges; both are forced.', TRUE) ON CONFLICT (tsp_constraint_decision_id) DO UPDATE SET constraint_round = EXCLUDED.constraint_round, travel_edge = EXCLUDED.travel_edge, instance_stop = EXCLUDED.instance_stop, inference_rule = EXCLUDED.inference_rule, decision_status = EXCLUDED.decision_status, reason_code = EXCLUDED.reason_code, antecedent_summary = EXCLUDED.antecedent_summary, is_deterministic = EXCLUDED.is_deterministic;

INSERT INTO tsp_constraint_decisions (tsp_constraint_decision_id, constraint_round, travel_edge, instance_stop, inference_rule, decision_status, reason_code, antecedent_summary, is_deterministic)
VALUES ('force-sparse-edge-d-e', 'constraint-round-sparse-forcing-1', 'sparse-edge-d-e', 'sparse-stop-e', 'tsp-rule-degree-two-forcing', 'FORCED', 'EXACTLY_TWO_REMAINING_ADMISSIBLE_INCIDENT_EDGES', 'sparse-stop-e has exactly two available incident edges; both are forced.', TRUE) ON CONFLICT (tsp_constraint_decision_id) DO UPDATE SET constraint_round = EXCLUDED.constraint_round, travel_edge = EXCLUDED.travel_edge, instance_stop = EXCLUDED.instance_stop, inference_rule = EXCLUDED.inference_rule, decision_status = EXCLUDED.decision_status, reason_code = EXCLUDED.reason_code, antecedent_summary = EXCLUDED.antecedent_summary, is_deterministic = EXCLUDED.is_deterministic;

INSERT INTO tsp_constraint_decisions (tsp_constraint_decision_id, constraint_round, travel_edge, instance_stop, inference_rule, decision_status, reason_code, antecedent_summary, is_deterministic)
VALUES ('forbid-sparse-edge-b-d-degree-saturation', 'constraint-round-sparse-forbidding-2', 'sparse-edge-b-d', 'sparse-stop-b', 'tsp-rule-forbidden-edge-propagation', 'FORBIDDEN', 'DEGREE_TWO_SATURATION', 'B already has forced A-B and B-C; any additional incident edge would exceed tour degree two.', TRUE) ON CONFLICT (tsp_constraint_decision_id) DO UPDATE SET constraint_round = EXCLUDED.constraint_round, travel_edge = EXCLUDED.travel_edge, instance_stop = EXCLUDED.instance_stop, inference_rule = EXCLUDED.inference_rule, decision_status = EXCLUDED.decision_status, reason_code = EXCLUDED.reason_code, antecedent_summary = EXCLUDED.antecedent_summary, is_deterministic = EXCLUDED.is_deterministic;

INSERT INTO tsp_constraint_decisions (tsp_constraint_decision_id, constraint_round, travel_edge, instance_stop, inference_rule, decision_status, reason_code, antecedent_summary, is_deterministic)
VALUES ('forbid-twin-edge-wa-wc-proper-subtour', 'constraint-round-twin-subtour-1', 'twin-edge-wa-wc', NULL, 'tsp-rule-proper-subtour-forbidding', 'FORBIDDEN', 'WOULD_CLOSE_PROPER_SUBTOUR', 'With WA-WB and WB-WC forced, adding WA-WC closes a three-stop cycle that excludes ED, EE, and EF.', TRUE) ON CONFLICT (tsp_constraint_decision_id) DO UPDATE SET constraint_round = EXCLUDED.constraint_round, travel_edge = EXCLUDED.travel_edge, instance_stop = EXCLUDED.instance_stop, inference_rule = EXCLUDED.inference_rule, decision_status = EXCLUDED.decision_status, reason_code = EXCLUDED.reason_code, antecedent_summary = EXCLUDED.antecedent_summary, is_deterministic = EXCLUDED.is_deterministic;

-- ----------------------------------------------------------------------------
-- TSPClusterBoundaryStates: Finite undirected entry/exit Hamiltonian-path states for a neighborhood cluster.
-- ----------------------------------------------------------------------------
INSERT INTO tsp_cluster_boundary_states (tsp_cluster_boundary_state_id, tsp_instance, neighborhood, entry_stop, exit_stop, internal_via_stop, internal_path_cost, internal_stop_count, is_hamiltonian_path, is_dominated, status, normalized_witness_id, orientation_multiplicity, is_quotient_representative, second_internal_via_stop, entry_port_role, exit_port_role, port_contract, boundary_fiber_key, internal_order_key, raw_orientation_multiplicity, dominated_by_state_id, dominance_delta)
VALUES ('cluster-state-gridville-west-triangle-twin-stop-wa-twin-stop-wb', 'tsp-twin-triangles-6', 'gridville-west-triangle', 'twin-stop-wa', 'twin-stop-wb', 'twin-stop-wc', 2.0, 3, TRUE, FALSE, 'SURVIVES', 'normal-path-cluster-state-gridville-west-triangle-twin-stop-wa-twin-stop-wb', 2, TRUE, NULL, 'BOUNDARY_ENTRY', 'BOUNDARY_EXIT', 'ONE_ENTRY_ONE_EXIT_FULL_INTERNAL_COVERAGE', 'gridville-west-triangle|twin-stop-wa|twin-stop-wb', 'twin-stop-wa>twin-stop-wc>twin-stop-wb', 2, NULL, 0) ON CONFLICT (tsp_cluster_boundary_state_id) DO UPDATE SET tsp_instance = EXCLUDED.tsp_instance, neighborhood = EXCLUDED.neighborhood, entry_stop = EXCLUDED.entry_stop, exit_stop = EXCLUDED.exit_stop, internal_via_stop = EXCLUDED.internal_via_stop, internal_path_cost = EXCLUDED.internal_path_cost, internal_stop_count = EXCLUDED.internal_stop_count, is_hamiltonian_path = EXCLUDED.is_hamiltonian_path, is_dominated = EXCLUDED.is_dominated, status = EXCLUDED.status, normalized_witness_id = EXCLUDED.normalized_witness_id, orientation_multiplicity = EXCLUDED.orientation_multiplicity, is_quotient_representative = EXCLUDED.is_quotient_representative, second_internal_via_stop = EXCLUDED.second_internal_via_stop, entry_port_role = EXCLUDED.entry_port_role, exit_port_role = EXCLUDED.exit_port_role, port_contract = EXCLUDED.port_contract, boundary_fiber_key = EXCLUDED.boundary_fiber_key, internal_order_key = EXCLUDED.internal_order_key, raw_orientation_multiplicity = EXCLUDED.raw_orientation_multiplicity, dominated_by_state_id = EXCLUDED.dominated_by_state_id, dominance_delta = EXCLUDED.dominance_delta;

INSERT INTO tsp_cluster_boundary_states (tsp_cluster_boundary_state_id, tsp_instance, neighborhood, entry_stop, exit_stop, internal_via_stop, internal_path_cost, internal_stop_count, is_hamiltonian_path, is_dominated, status, normalized_witness_id, orientation_multiplicity, is_quotient_representative, second_internal_via_stop, entry_port_role, exit_port_role, port_contract, boundary_fiber_key, internal_order_key, raw_orientation_multiplicity, dominated_by_state_id, dominance_delta)
VALUES ('cluster-state-gridville-west-triangle-twin-stop-wa-twin-stop-wc', 'tsp-twin-triangles-6', 'gridville-west-triangle', 'twin-stop-wa', 'twin-stop-wc', 'twin-stop-wb', 2.0, 3, TRUE, FALSE, 'SURVIVES', 'normal-path-cluster-state-gridville-west-triangle-twin-stop-wa-twin-stop-wc', 2, TRUE, NULL, 'BOUNDARY_ENTRY', 'BOUNDARY_EXIT', 'ONE_ENTRY_ONE_EXIT_FULL_INTERNAL_COVERAGE', 'gridville-west-triangle|twin-stop-wa|twin-stop-wc', 'twin-stop-wa>twin-stop-wb>twin-stop-wc', 2, NULL, 0) ON CONFLICT (tsp_cluster_boundary_state_id) DO UPDATE SET tsp_instance = EXCLUDED.tsp_instance, neighborhood = EXCLUDED.neighborhood, entry_stop = EXCLUDED.entry_stop, exit_stop = EXCLUDED.exit_stop, internal_via_stop = EXCLUDED.internal_via_stop, internal_path_cost = EXCLUDED.internal_path_cost, internal_stop_count = EXCLUDED.internal_stop_count, is_hamiltonian_path = EXCLUDED.is_hamiltonian_path, is_dominated = EXCLUDED.is_dominated, status = EXCLUDED.status, normalized_witness_id = EXCLUDED.normalized_witness_id, orientation_multiplicity = EXCLUDED.orientation_multiplicity, is_quotient_representative = EXCLUDED.is_quotient_representative, second_internal_via_stop = EXCLUDED.second_internal_via_stop, entry_port_role = EXCLUDED.entry_port_role, exit_port_role = EXCLUDED.exit_port_role, port_contract = EXCLUDED.port_contract, boundary_fiber_key = EXCLUDED.boundary_fiber_key, internal_order_key = EXCLUDED.internal_order_key, raw_orientation_multiplicity = EXCLUDED.raw_orientation_multiplicity, dominated_by_state_id = EXCLUDED.dominated_by_state_id, dominance_delta = EXCLUDED.dominance_delta;

INSERT INTO tsp_cluster_boundary_states (tsp_cluster_boundary_state_id, tsp_instance, neighborhood, entry_stop, exit_stop, internal_via_stop, internal_path_cost, internal_stop_count, is_hamiltonian_path, is_dominated, status, normalized_witness_id, orientation_multiplicity, is_quotient_representative, second_internal_via_stop, entry_port_role, exit_port_role, port_contract, boundary_fiber_key, internal_order_key, raw_orientation_multiplicity, dominated_by_state_id, dominance_delta)
VALUES ('cluster-state-gridville-west-triangle-twin-stop-wb-twin-stop-wc', 'tsp-twin-triangles-6', 'gridville-west-triangle', 'twin-stop-wb', 'twin-stop-wc', 'twin-stop-wa', 2.0, 3, TRUE, FALSE, 'SURVIVES', 'normal-path-cluster-state-gridville-west-triangle-twin-stop-wb-twin-stop-wc', 2, TRUE, NULL, 'BOUNDARY_ENTRY', 'BOUNDARY_EXIT', 'ONE_ENTRY_ONE_EXIT_FULL_INTERNAL_COVERAGE', 'gridville-west-triangle|twin-stop-wb|twin-stop-wc', 'twin-stop-wb>twin-stop-wa>twin-stop-wc', 2, NULL, 0) ON CONFLICT (tsp_cluster_boundary_state_id) DO UPDATE SET tsp_instance = EXCLUDED.tsp_instance, neighborhood = EXCLUDED.neighborhood, entry_stop = EXCLUDED.entry_stop, exit_stop = EXCLUDED.exit_stop, internal_via_stop = EXCLUDED.internal_via_stop, internal_path_cost = EXCLUDED.internal_path_cost, internal_stop_count = EXCLUDED.internal_stop_count, is_hamiltonian_path = EXCLUDED.is_hamiltonian_path, is_dominated = EXCLUDED.is_dominated, status = EXCLUDED.status, normalized_witness_id = EXCLUDED.normalized_witness_id, orientation_multiplicity = EXCLUDED.orientation_multiplicity, is_quotient_representative = EXCLUDED.is_quotient_representative, second_internal_via_stop = EXCLUDED.second_internal_via_stop, entry_port_role = EXCLUDED.entry_port_role, exit_port_role = EXCLUDED.exit_port_role, port_contract = EXCLUDED.port_contract, boundary_fiber_key = EXCLUDED.boundary_fiber_key, internal_order_key = EXCLUDED.internal_order_key, raw_orientation_multiplicity = EXCLUDED.raw_orientation_multiplicity, dominated_by_state_id = EXCLUDED.dominated_by_state_id, dominance_delta = EXCLUDED.dominance_delta;

INSERT INTO tsp_cluster_boundary_states (tsp_cluster_boundary_state_id, tsp_instance, neighborhood, entry_stop, exit_stop, internal_via_stop, internal_path_cost, internal_stop_count, is_hamiltonian_path, is_dominated, status, normalized_witness_id, orientation_multiplicity, is_quotient_representative, second_internal_via_stop, entry_port_role, exit_port_role, port_contract, boundary_fiber_key, internal_order_key, raw_orientation_multiplicity, dominated_by_state_id, dominance_delta)
VALUES ('cluster-state-gridville-east-triangle-twin-stop-ed-twin-stop-ee', 'tsp-twin-triangles-6', 'gridville-east-triangle', 'twin-stop-ed', 'twin-stop-ee', 'twin-stop-ef', 2.0, 3, TRUE, FALSE, 'SURVIVES', 'normal-path-cluster-state-gridville-east-triangle-twin-stop-ed-twin-stop-ee', 2, TRUE, NULL, 'BOUNDARY_ENTRY', 'BOUNDARY_EXIT', 'ONE_ENTRY_ONE_EXIT_FULL_INTERNAL_COVERAGE', 'gridville-east-triangle|twin-stop-ed|twin-stop-ee', 'twin-stop-ed>twin-stop-ef>twin-stop-ee', 2, NULL, 0) ON CONFLICT (tsp_cluster_boundary_state_id) DO UPDATE SET tsp_instance = EXCLUDED.tsp_instance, neighborhood = EXCLUDED.neighborhood, entry_stop = EXCLUDED.entry_stop, exit_stop = EXCLUDED.exit_stop, internal_via_stop = EXCLUDED.internal_via_stop, internal_path_cost = EXCLUDED.internal_path_cost, internal_stop_count = EXCLUDED.internal_stop_count, is_hamiltonian_path = EXCLUDED.is_hamiltonian_path, is_dominated = EXCLUDED.is_dominated, status = EXCLUDED.status, normalized_witness_id = EXCLUDED.normalized_witness_id, orientation_multiplicity = EXCLUDED.orientation_multiplicity, is_quotient_representative = EXCLUDED.is_quotient_representative, second_internal_via_stop = EXCLUDED.second_internal_via_stop, entry_port_role = EXCLUDED.entry_port_role, exit_port_role = EXCLUDED.exit_port_role, port_contract = EXCLUDED.port_contract, boundary_fiber_key = EXCLUDED.boundary_fiber_key, internal_order_key = EXCLUDED.internal_order_key, raw_orientation_multiplicity = EXCLUDED.raw_orientation_multiplicity, dominated_by_state_id = EXCLUDED.dominated_by_state_id, dominance_delta = EXCLUDED.dominance_delta;

INSERT INTO tsp_cluster_boundary_states (tsp_cluster_boundary_state_id, tsp_instance, neighborhood, entry_stop, exit_stop, internal_via_stop, internal_path_cost, internal_stop_count, is_hamiltonian_path, is_dominated, status, normalized_witness_id, orientation_multiplicity, is_quotient_representative, second_internal_via_stop, entry_port_role, exit_port_role, port_contract, boundary_fiber_key, internal_order_key, raw_orientation_multiplicity, dominated_by_state_id, dominance_delta)
VALUES ('cluster-state-gridville-east-triangle-twin-stop-ed-twin-stop-ef', 'tsp-twin-triangles-6', 'gridville-east-triangle', 'twin-stop-ed', 'twin-stop-ef', 'twin-stop-ee', 2.0, 3, TRUE, FALSE, 'SURVIVES', 'normal-path-cluster-state-gridville-east-triangle-twin-stop-ed-twin-stop-ef', 2, TRUE, NULL, 'BOUNDARY_ENTRY', 'BOUNDARY_EXIT', 'ONE_ENTRY_ONE_EXIT_FULL_INTERNAL_COVERAGE', 'gridville-east-triangle|twin-stop-ed|twin-stop-ef', 'twin-stop-ed>twin-stop-ee>twin-stop-ef', 2, NULL, 0) ON CONFLICT (tsp_cluster_boundary_state_id) DO UPDATE SET tsp_instance = EXCLUDED.tsp_instance, neighborhood = EXCLUDED.neighborhood, entry_stop = EXCLUDED.entry_stop, exit_stop = EXCLUDED.exit_stop, internal_via_stop = EXCLUDED.internal_via_stop, internal_path_cost = EXCLUDED.internal_path_cost, internal_stop_count = EXCLUDED.internal_stop_count, is_hamiltonian_path = EXCLUDED.is_hamiltonian_path, is_dominated = EXCLUDED.is_dominated, status = EXCLUDED.status, normalized_witness_id = EXCLUDED.normalized_witness_id, orientation_multiplicity = EXCLUDED.orientation_multiplicity, is_quotient_representative = EXCLUDED.is_quotient_representative, second_internal_via_stop = EXCLUDED.second_internal_via_stop, entry_port_role = EXCLUDED.entry_port_role, exit_port_role = EXCLUDED.exit_port_role, port_contract = EXCLUDED.port_contract, boundary_fiber_key = EXCLUDED.boundary_fiber_key, internal_order_key = EXCLUDED.internal_order_key, raw_orientation_multiplicity = EXCLUDED.raw_orientation_multiplicity, dominated_by_state_id = EXCLUDED.dominated_by_state_id, dominance_delta = EXCLUDED.dominance_delta;

INSERT INTO tsp_cluster_boundary_states (tsp_cluster_boundary_state_id, tsp_instance, neighborhood, entry_stop, exit_stop, internal_via_stop, internal_path_cost, internal_stop_count, is_hamiltonian_path, is_dominated, status, normalized_witness_id, orientation_multiplicity, is_quotient_representative, second_internal_via_stop, entry_port_role, exit_port_role, port_contract, boundary_fiber_key, internal_order_key, raw_orientation_multiplicity, dominated_by_state_id, dominance_delta)
VALUES ('cluster-state-gridville-east-triangle-twin-stop-ee-twin-stop-ef', 'tsp-twin-triangles-6', 'gridville-east-triangle', 'twin-stop-ee', 'twin-stop-ef', 'twin-stop-ed', 2.0, 3, TRUE, FALSE, 'SURVIVES', 'normal-path-cluster-state-gridville-east-triangle-twin-stop-ee-twin-stop-ef', 2, TRUE, NULL, 'BOUNDARY_ENTRY', 'BOUNDARY_EXIT', 'ONE_ENTRY_ONE_EXIT_FULL_INTERNAL_COVERAGE', 'gridville-east-triangle|twin-stop-ee|twin-stop-ef', 'twin-stop-ee>twin-stop-ed>twin-stop-ef', 2, NULL, 0) ON CONFLICT (tsp_cluster_boundary_state_id) DO UPDATE SET tsp_instance = EXCLUDED.tsp_instance, neighborhood = EXCLUDED.neighborhood, entry_stop = EXCLUDED.entry_stop, exit_stop = EXCLUDED.exit_stop, internal_via_stop = EXCLUDED.internal_via_stop, internal_path_cost = EXCLUDED.internal_path_cost, internal_stop_count = EXCLUDED.internal_stop_count, is_hamiltonian_path = EXCLUDED.is_hamiltonian_path, is_dominated = EXCLUDED.is_dominated, status = EXCLUDED.status, normalized_witness_id = EXCLUDED.normalized_witness_id, orientation_multiplicity = EXCLUDED.orientation_multiplicity, is_quotient_representative = EXCLUDED.is_quotient_representative, second_internal_via_stop = EXCLUDED.second_internal_via_stop, entry_port_role = EXCLUDED.entry_port_role, exit_port_role = EXCLUDED.exit_port_role, port_contract = EXCLUDED.port_contract, boundary_fiber_key = EXCLUDED.boundary_fiber_key, internal_order_key = EXCLUDED.internal_order_key, raw_orientation_multiplicity = EXCLUDED.raw_orientation_multiplicity, dominated_by_state_id = EXCLUDED.dominated_by_state_id, dominance_delta = EXCLUDED.dominance_delta;

INSERT INTO tsp_cluster_boundary_states (tsp_cluster_boundary_state_id, tsp_instance, neighborhood, entry_stop, exit_stop, internal_via_stop, internal_path_cost, internal_stop_count, is_hamiltonian_path, is_dominated, status, normalized_witness_id, orientation_multiplicity, is_quotient_representative, second_internal_via_stop, entry_port_role, exit_port_role, port_contract, boundary_fiber_key, internal_order_key, raw_orientation_multiplicity, dominated_by_state_id, dominance_delta)
VALUES ('cluster-state-asym-1-3-4-2', 'tsp-asymmetric-four-4', 'gridville-asymmetric-four', 'asym-stop-1', 'asym-stop-2', 'asym-stop-3', 12, 4, TRUE, FALSE, 'SURVIVES', NULL, 2, TRUE, 'asym-stop-4', 'BOUNDARY_ENTRY', 'BOUNDARY_EXIT', 'ONE_ENTRY_ONE_EXIT_FULL_INTERNAL_COVERAGE', 'gridville-asymmetric-four|asym-stop-1|asym-stop-2', 'asym-stop-1>asym-stop-3>asym-stop-4>asym-stop-2', 2, NULL, 0) ON CONFLICT (tsp_cluster_boundary_state_id) DO UPDATE SET tsp_instance = EXCLUDED.tsp_instance, neighborhood = EXCLUDED.neighborhood, entry_stop = EXCLUDED.entry_stop, exit_stop = EXCLUDED.exit_stop, internal_via_stop = EXCLUDED.internal_via_stop, internal_path_cost = EXCLUDED.internal_path_cost, internal_stop_count = EXCLUDED.internal_stop_count, is_hamiltonian_path = EXCLUDED.is_hamiltonian_path, is_dominated = EXCLUDED.is_dominated, status = EXCLUDED.status, normalized_witness_id = EXCLUDED.normalized_witness_id, orientation_multiplicity = EXCLUDED.orientation_multiplicity, is_quotient_representative = EXCLUDED.is_quotient_representative, second_internal_via_stop = EXCLUDED.second_internal_via_stop, entry_port_role = EXCLUDED.entry_port_role, exit_port_role = EXCLUDED.exit_port_role, port_contract = EXCLUDED.port_contract, boundary_fiber_key = EXCLUDED.boundary_fiber_key, internal_order_key = EXCLUDED.internal_order_key, raw_orientation_multiplicity = EXCLUDED.raw_orientation_multiplicity, dominated_by_state_id = EXCLUDED.dominated_by_state_id, dominance_delta = EXCLUDED.dominance_delta;

INSERT INTO tsp_cluster_boundary_states (tsp_cluster_boundary_state_id, tsp_instance, neighborhood, entry_stop, exit_stop, internal_via_stop, internal_path_cost, internal_stop_count, is_hamiltonian_path, is_dominated, status, normalized_witness_id, orientation_multiplicity, is_quotient_representative, second_internal_via_stop, entry_port_role, exit_port_role, port_contract, boundary_fiber_key, internal_order_key, raw_orientation_multiplicity, dominated_by_state_id, dominance_delta)
VALUES ('cluster-state-asym-1-4-3-2', 'tsp-asymmetric-four-4', 'gridville-asymmetric-four', 'asym-stop-1', 'asym-stop-2', 'asym-stop-4', 13, 4, TRUE, TRUE, 'DOMINATED', NULL, 2, TRUE, 'asym-stop-3', 'BOUNDARY_ENTRY', 'BOUNDARY_EXIT', 'ONE_ENTRY_ONE_EXIT_FULL_INTERNAL_COVERAGE', 'gridville-asymmetric-four|asym-stop-1|asym-stop-2', 'asym-stop-1>asym-stop-4>asym-stop-3>asym-stop-2', 2, 'cluster-state-asym-1-3-4-2', 1) ON CONFLICT (tsp_cluster_boundary_state_id) DO UPDATE SET tsp_instance = EXCLUDED.tsp_instance, neighborhood = EXCLUDED.neighborhood, entry_stop = EXCLUDED.entry_stop, exit_stop = EXCLUDED.exit_stop, internal_via_stop = EXCLUDED.internal_via_stop, internal_path_cost = EXCLUDED.internal_path_cost, internal_stop_count = EXCLUDED.internal_stop_count, is_hamiltonian_path = EXCLUDED.is_hamiltonian_path, is_dominated = EXCLUDED.is_dominated, status = EXCLUDED.status, normalized_witness_id = EXCLUDED.normalized_witness_id, orientation_multiplicity = EXCLUDED.orientation_multiplicity, is_quotient_representative = EXCLUDED.is_quotient_representative, second_internal_via_stop = EXCLUDED.second_internal_via_stop, entry_port_role = EXCLUDED.entry_port_role, exit_port_role = EXCLUDED.exit_port_role, port_contract = EXCLUDED.port_contract, boundary_fiber_key = EXCLUDED.boundary_fiber_key, internal_order_key = EXCLUDED.internal_order_key, raw_orientation_multiplicity = EXCLUDED.raw_orientation_multiplicity, dominated_by_state_id = EXCLUDED.dominated_by_state_id, dominance_delta = EXCLUDED.dominance_delta;

INSERT INTO tsp_cluster_boundary_states (tsp_cluster_boundary_state_id, tsp_instance, neighborhood, entry_stop, exit_stop, internal_via_stop, internal_path_cost, internal_stop_count, is_hamiltonian_path, is_dominated, status, normalized_witness_id, orientation_multiplicity, is_quotient_representative, second_internal_via_stop, entry_port_role, exit_port_role, port_contract, boundary_fiber_key, internal_order_key, raw_orientation_multiplicity, dominated_by_state_id, dominance_delta)
VALUES ('cluster-state-asym-1-2-4-3', 'tsp-asymmetric-four-4', 'gridville-asymmetric-four', 'asym-stop-1', 'asym-stop-3', 'asym-stop-2', 9, 4, TRUE, FALSE, 'SURVIVES', NULL, 2, TRUE, 'asym-stop-4', 'BOUNDARY_ENTRY', 'BOUNDARY_EXIT', 'ONE_ENTRY_ONE_EXIT_FULL_INTERNAL_COVERAGE', 'gridville-asymmetric-four|asym-stop-1|asym-stop-3', 'asym-stop-1>asym-stop-2>asym-stop-4>asym-stop-3', 2, NULL, 0) ON CONFLICT (tsp_cluster_boundary_state_id) DO UPDATE SET tsp_instance = EXCLUDED.tsp_instance, neighborhood = EXCLUDED.neighborhood, entry_stop = EXCLUDED.entry_stop, exit_stop = EXCLUDED.exit_stop, internal_via_stop = EXCLUDED.internal_via_stop, internal_path_cost = EXCLUDED.internal_path_cost, internal_stop_count = EXCLUDED.internal_stop_count, is_hamiltonian_path = EXCLUDED.is_hamiltonian_path, is_dominated = EXCLUDED.is_dominated, status = EXCLUDED.status, normalized_witness_id = EXCLUDED.normalized_witness_id, orientation_multiplicity = EXCLUDED.orientation_multiplicity, is_quotient_representative = EXCLUDED.is_quotient_representative, second_internal_via_stop = EXCLUDED.second_internal_via_stop, entry_port_role = EXCLUDED.entry_port_role, exit_port_role = EXCLUDED.exit_port_role, port_contract = EXCLUDED.port_contract, boundary_fiber_key = EXCLUDED.boundary_fiber_key, internal_order_key = EXCLUDED.internal_order_key, raw_orientation_multiplicity = EXCLUDED.raw_orientation_multiplicity, dominated_by_state_id = EXCLUDED.dominated_by_state_id, dominance_delta = EXCLUDED.dominance_delta;

INSERT INTO tsp_cluster_boundary_states (tsp_cluster_boundary_state_id, tsp_instance, neighborhood, entry_stop, exit_stop, internal_via_stop, internal_path_cost, internal_stop_count, is_hamiltonian_path, is_dominated, status, normalized_witness_id, orientation_multiplicity, is_quotient_representative, second_internal_via_stop, entry_port_role, exit_port_role, port_contract, boundary_fiber_key, internal_order_key, raw_orientation_multiplicity, dominated_by_state_id, dominance_delta)
VALUES ('cluster-state-asym-1-4-2-3', 'tsp-asymmetric-four-4', 'gridville-asymmetric-four', 'asym-stop-1', 'asym-stop-3', 'asym-stop-4', 15, 4, TRUE, TRUE, 'DOMINATED', NULL, 2, TRUE, 'asym-stop-2', 'BOUNDARY_ENTRY', 'BOUNDARY_EXIT', 'ONE_ENTRY_ONE_EXIT_FULL_INTERNAL_COVERAGE', 'gridville-asymmetric-four|asym-stop-1|asym-stop-3', 'asym-stop-1>asym-stop-4>asym-stop-2>asym-stop-3', 2, 'cluster-state-asym-1-2-4-3', 6) ON CONFLICT (tsp_cluster_boundary_state_id) DO UPDATE SET tsp_instance = EXCLUDED.tsp_instance, neighborhood = EXCLUDED.neighborhood, entry_stop = EXCLUDED.entry_stop, exit_stop = EXCLUDED.exit_stop, internal_via_stop = EXCLUDED.internal_via_stop, internal_path_cost = EXCLUDED.internal_path_cost, internal_stop_count = EXCLUDED.internal_stop_count, is_hamiltonian_path = EXCLUDED.is_hamiltonian_path, is_dominated = EXCLUDED.is_dominated, status = EXCLUDED.status, normalized_witness_id = EXCLUDED.normalized_witness_id, orientation_multiplicity = EXCLUDED.orientation_multiplicity, is_quotient_representative = EXCLUDED.is_quotient_representative, second_internal_via_stop = EXCLUDED.second_internal_via_stop, entry_port_role = EXCLUDED.entry_port_role, exit_port_role = EXCLUDED.exit_port_role, port_contract = EXCLUDED.port_contract, boundary_fiber_key = EXCLUDED.boundary_fiber_key, internal_order_key = EXCLUDED.internal_order_key, raw_orientation_multiplicity = EXCLUDED.raw_orientation_multiplicity, dominated_by_state_id = EXCLUDED.dominated_by_state_id, dominance_delta = EXCLUDED.dominance_delta;

INSERT INTO tsp_cluster_boundary_states (tsp_cluster_boundary_state_id, tsp_instance, neighborhood, entry_stop, exit_stop, internal_via_stop, internal_path_cost, internal_stop_count, is_hamiltonian_path, is_dominated, status, normalized_witness_id, orientation_multiplicity, is_quotient_representative, second_internal_via_stop, entry_port_role, exit_port_role, port_contract, boundary_fiber_key, internal_order_key, raw_orientation_multiplicity, dominated_by_state_id, dominance_delta)
VALUES ('cluster-state-asym-1-2-3-4', 'tsp-asymmetric-four-4', 'gridville-asymmetric-four', 'asym-stop-1', 'asym-stop-4', 'asym-stop-2', 6, 4, TRUE, FALSE, 'SURVIVES', NULL, 2, TRUE, 'asym-stop-3', 'BOUNDARY_ENTRY', 'BOUNDARY_EXIT', 'ONE_ENTRY_ONE_EXIT_FULL_INTERNAL_COVERAGE', 'gridville-asymmetric-four|asym-stop-1|asym-stop-4', 'asym-stop-1>asym-stop-2>asym-stop-3>asym-stop-4', 2, NULL, 0) ON CONFLICT (tsp_cluster_boundary_state_id) DO UPDATE SET tsp_instance = EXCLUDED.tsp_instance, neighborhood = EXCLUDED.neighborhood, entry_stop = EXCLUDED.entry_stop, exit_stop = EXCLUDED.exit_stop, internal_via_stop = EXCLUDED.internal_via_stop, internal_path_cost = EXCLUDED.internal_path_cost, internal_stop_count = EXCLUDED.internal_stop_count, is_hamiltonian_path = EXCLUDED.is_hamiltonian_path, is_dominated = EXCLUDED.is_dominated, status = EXCLUDED.status, normalized_witness_id = EXCLUDED.normalized_witness_id, orientation_multiplicity = EXCLUDED.orientation_multiplicity, is_quotient_representative = EXCLUDED.is_quotient_representative, second_internal_via_stop = EXCLUDED.second_internal_via_stop, entry_port_role = EXCLUDED.entry_port_role, exit_port_role = EXCLUDED.exit_port_role, port_contract = EXCLUDED.port_contract, boundary_fiber_key = EXCLUDED.boundary_fiber_key, internal_order_key = EXCLUDED.internal_order_key, raw_orientation_multiplicity = EXCLUDED.raw_orientation_multiplicity, dominated_by_state_id = EXCLUDED.dominated_by_state_id, dominance_delta = EXCLUDED.dominance_delta;

INSERT INTO tsp_cluster_boundary_states (tsp_cluster_boundary_state_id, tsp_instance, neighborhood, entry_stop, exit_stop, internal_via_stop, internal_path_cost, internal_stop_count, is_hamiltonian_path, is_dominated, status, normalized_witness_id, orientation_multiplicity, is_quotient_representative, second_internal_via_stop, entry_port_role, exit_port_role, port_contract, boundary_fiber_key, internal_order_key, raw_orientation_multiplicity, dominated_by_state_id, dominance_delta)
VALUES ('cluster-state-asym-1-3-2-4', 'tsp-asymmetric-four-4', 'gridville-asymmetric-four', 'asym-stop-1', 'asym-stop-4', 'asym-stop-3', 11, 4, TRUE, TRUE, 'DOMINATED', NULL, 2, TRUE, 'asym-stop-2', 'BOUNDARY_ENTRY', 'BOUNDARY_EXIT', 'ONE_ENTRY_ONE_EXIT_FULL_INTERNAL_COVERAGE', 'gridville-asymmetric-four|asym-stop-1|asym-stop-4', 'asym-stop-1>asym-stop-3>asym-stop-2>asym-stop-4', 2, 'cluster-state-asym-1-2-3-4', 5) ON CONFLICT (tsp_cluster_boundary_state_id) DO UPDATE SET tsp_instance = EXCLUDED.tsp_instance, neighborhood = EXCLUDED.neighborhood, entry_stop = EXCLUDED.entry_stop, exit_stop = EXCLUDED.exit_stop, internal_via_stop = EXCLUDED.internal_via_stop, internal_path_cost = EXCLUDED.internal_path_cost, internal_stop_count = EXCLUDED.internal_stop_count, is_hamiltonian_path = EXCLUDED.is_hamiltonian_path, is_dominated = EXCLUDED.is_dominated, status = EXCLUDED.status, normalized_witness_id = EXCLUDED.normalized_witness_id, orientation_multiplicity = EXCLUDED.orientation_multiplicity, is_quotient_representative = EXCLUDED.is_quotient_representative, second_internal_via_stop = EXCLUDED.second_internal_via_stop, entry_port_role = EXCLUDED.entry_port_role, exit_port_role = EXCLUDED.exit_port_role, port_contract = EXCLUDED.port_contract, boundary_fiber_key = EXCLUDED.boundary_fiber_key, internal_order_key = EXCLUDED.internal_order_key, raw_orientation_multiplicity = EXCLUDED.raw_orientation_multiplicity, dominated_by_state_id = EXCLUDED.dominated_by_state_id, dominance_delta = EXCLUDED.dominance_delta;

INSERT INTO tsp_cluster_boundary_states (tsp_cluster_boundary_state_id, tsp_instance, neighborhood, entry_stop, exit_stop, internal_via_stop, internal_path_cost, internal_stop_count, is_hamiltonian_path, is_dominated, status, normalized_witness_id, orientation_multiplicity, is_quotient_representative, second_internal_via_stop, entry_port_role, exit_port_role, port_contract, boundary_fiber_key, internal_order_key, raw_orientation_multiplicity, dominated_by_state_id, dominance_delta)
VALUES ('cluster-state-asym-2-1-4-3', 'tsp-asymmetric-four-4', 'gridville-asymmetric-four', 'asym-stop-2', 'asym-stop-3', 'asym-stop-1', 12, 4, TRUE, FALSE, 'SURVIVES', NULL, 2, TRUE, 'asym-stop-4', 'BOUNDARY_ENTRY', 'BOUNDARY_EXIT', 'ONE_ENTRY_ONE_EXIT_FULL_INTERNAL_COVERAGE', 'gridville-asymmetric-four|asym-stop-2|asym-stop-3', 'asym-stop-2>asym-stop-1>asym-stop-4>asym-stop-3', 2, NULL, 0) ON CONFLICT (tsp_cluster_boundary_state_id) DO UPDATE SET tsp_instance = EXCLUDED.tsp_instance, neighborhood = EXCLUDED.neighborhood, entry_stop = EXCLUDED.entry_stop, exit_stop = EXCLUDED.exit_stop, internal_via_stop = EXCLUDED.internal_via_stop, internal_path_cost = EXCLUDED.internal_path_cost, internal_stop_count = EXCLUDED.internal_stop_count, is_hamiltonian_path = EXCLUDED.is_hamiltonian_path, is_dominated = EXCLUDED.is_dominated, status = EXCLUDED.status, normalized_witness_id = EXCLUDED.normalized_witness_id, orientation_multiplicity = EXCLUDED.orientation_multiplicity, is_quotient_representative = EXCLUDED.is_quotient_representative, second_internal_via_stop = EXCLUDED.second_internal_via_stop, entry_port_role = EXCLUDED.entry_port_role, exit_port_role = EXCLUDED.exit_port_role, port_contract = EXCLUDED.port_contract, boundary_fiber_key = EXCLUDED.boundary_fiber_key, internal_order_key = EXCLUDED.internal_order_key, raw_orientation_multiplicity = EXCLUDED.raw_orientation_multiplicity, dominated_by_state_id = EXCLUDED.dominated_by_state_id, dominance_delta = EXCLUDED.dominance_delta;

INSERT INTO tsp_cluster_boundary_states (tsp_cluster_boundary_state_id, tsp_instance, neighborhood, entry_stop, exit_stop, internal_via_stop, internal_path_cost, internal_stop_count, is_hamiltonian_path, is_dominated, status, normalized_witness_id, orientation_multiplicity, is_quotient_representative, second_internal_via_stop, entry_port_role, exit_port_role, port_contract, boundary_fiber_key, internal_order_key, raw_orientation_multiplicity, dominated_by_state_id, dominance_delta)
VALUES ('cluster-state-asym-2-4-1-3', 'tsp-asymmetric-four-4', 'gridville-asymmetric-four', 'asym-stop-2', 'asym-stop-3', 'asym-stop-4', 17, 4, TRUE, TRUE, 'DOMINATED', NULL, 2, TRUE, 'asym-stop-1', 'BOUNDARY_ENTRY', 'BOUNDARY_EXIT', 'ONE_ENTRY_ONE_EXIT_FULL_INTERNAL_COVERAGE', 'gridville-asymmetric-four|asym-stop-2|asym-stop-3', 'asym-stop-2>asym-stop-4>asym-stop-1>asym-stop-3', 2, 'cluster-state-asym-2-1-4-3', 5) ON CONFLICT (tsp_cluster_boundary_state_id) DO UPDATE SET tsp_instance = EXCLUDED.tsp_instance, neighborhood = EXCLUDED.neighborhood, entry_stop = EXCLUDED.entry_stop, exit_stop = EXCLUDED.exit_stop, internal_via_stop = EXCLUDED.internal_via_stop, internal_path_cost = EXCLUDED.internal_path_cost, internal_stop_count = EXCLUDED.internal_stop_count, is_hamiltonian_path = EXCLUDED.is_hamiltonian_path, is_dominated = EXCLUDED.is_dominated, status = EXCLUDED.status, normalized_witness_id = EXCLUDED.normalized_witness_id, orientation_multiplicity = EXCLUDED.orientation_multiplicity, is_quotient_representative = EXCLUDED.is_quotient_representative, second_internal_via_stop = EXCLUDED.second_internal_via_stop, entry_port_role = EXCLUDED.entry_port_role, exit_port_role = EXCLUDED.exit_port_role, port_contract = EXCLUDED.port_contract, boundary_fiber_key = EXCLUDED.boundary_fiber_key, internal_order_key = EXCLUDED.internal_order_key, raw_orientation_multiplicity = EXCLUDED.raw_orientation_multiplicity, dominated_by_state_id = EXCLUDED.dominated_by_state_id, dominance_delta = EXCLUDED.dominance_delta;

INSERT INTO tsp_cluster_boundary_states (tsp_cluster_boundary_state_id, tsp_instance, neighborhood, entry_stop, exit_stop, internal_via_stop, internal_path_cost, internal_stop_count, is_hamiltonian_path, is_dominated, status, normalized_witness_id, orientation_multiplicity, is_quotient_representative, second_internal_via_stop, entry_port_role, exit_port_role, port_contract, boundary_fiber_key, internal_order_key, raw_orientation_multiplicity, dominated_by_state_id, dominance_delta)
VALUES ('cluster-state-asym-2-1-3-4', 'tsp-asymmetric-four-4', 'gridville-asymmetric-four', 'asym-stop-2', 'asym-stop-4', 'asym-stop-1', 8, 4, TRUE, FALSE, 'SURVIVES', NULL, 2, TRUE, 'asym-stop-3', 'BOUNDARY_ENTRY', 'BOUNDARY_EXIT', 'ONE_ENTRY_ONE_EXIT_FULL_INTERNAL_COVERAGE', 'gridville-asymmetric-four|asym-stop-2|asym-stop-4', 'asym-stop-2>asym-stop-1>asym-stop-3>asym-stop-4', 2, NULL, 0) ON CONFLICT (tsp_cluster_boundary_state_id) DO UPDATE SET tsp_instance = EXCLUDED.tsp_instance, neighborhood = EXCLUDED.neighborhood, entry_stop = EXCLUDED.entry_stop, exit_stop = EXCLUDED.exit_stop, internal_via_stop = EXCLUDED.internal_via_stop, internal_path_cost = EXCLUDED.internal_path_cost, internal_stop_count = EXCLUDED.internal_stop_count, is_hamiltonian_path = EXCLUDED.is_hamiltonian_path, is_dominated = EXCLUDED.is_dominated, status = EXCLUDED.status, normalized_witness_id = EXCLUDED.normalized_witness_id, orientation_multiplicity = EXCLUDED.orientation_multiplicity, is_quotient_representative = EXCLUDED.is_quotient_representative, second_internal_via_stop = EXCLUDED.second_internal_via_stop, entry_port_role = EXCLUDED.entry_port_role, exit_port_role = EXCLUDED.exit_port_role, port_contract = EXCLUDED.port_contract, boundary_fiber_key = EXCLUDED.boundary_fiber_key, internal_order_key = EXCLUDED.internal_order_key, raw_orientation_multiplicity = EXCLUDED.raw_orientation_multiplicity, dominated_by_state_id = EXCLUDED.dominated_by_state_id, dominance_delta = EXCLUDED.dominance_delta;

INSERT INTO tsp_cluster_boundary_states (tsp_cluster_boundary_state_id, tsp_instance, neighborhood, entry_stop, exit_stop, internal_via_stop, internal_path_cost, internal_stop_count, is_hamiltonian_path, is_dominated, status, normalized_witness_id, orientation_multiplicity, is_quotient_representative, second_internal_via_stop, entry_port_role, exit_port_role, port_contract, boundary_fiber_key, internal_order_key, raw_orientation_multiplicity, dominated_by_state_id, dominance_delta)
VALUES ('cluster-state-asym-2-3-1-4', 'tsp-asymmetric-four-4', 'gridville-asymmetric-four', 'asym-stop-2', 'asym-stop-4', 'asym-stop-3', 14, 4, TRUE, TRUE, 'DOMINATED', NULL, 2, TRUE, 'asym-stop-1', 'BOUNDARY_ENTRY', 'BOUNDARY_EXIT', 'ONE_ENTRY_ONE_EXIT_FULL_INTERNAL_COVERAGE', 'gridville-asymmetric-four|asym-stop-2|asym-stop-4', 'asym-stop-2>asym-stop-3>asym-stop-1>asym-stop-4', 2, 'cluster-state-asym-2-1-3-4', 6) ON CONFLICT (tsp_cluster_boundary_state_id) DO UPDATE SET tsp_instance = EXCLUDED.tsp_instance, neighborhood = EXCLUDED.neighborhood, entry_stop = EXCLUDED.entry_stop, exit_stop = EXCLUDED.exit_stop, internal_via_stop = EXCLUDED.internal_via_stop, internal_path_cost = EXCLUDED.internal_path_cost, internal_stop_count = EXCLUDED.internal_stop_count, is_hamiltonian_path = EXCLUDED.is_hamiltonian_path, is_dominated = EXCLUDED.is_dominated, status = EXCLUDED.status, normalized_witness_id = EXCLUDED.normalized_witness_id, orientation_multiplicity = EXCLUDED.orientation_multiplicity, is_quotient_representative = EXCLUDED.is_quotient_representative, second_internal_via_stop = EXCLUDED.second_internal_via_stop, entry_port_role = EXCLUDED.entry_port_role, exit_port_role = EXCLUDED.exit_port_role, port_contract = EXCLUDED.port_contract, boundary_fiber_key = EXCLUDED.boundary_fiber_key, internal_order_key = EXCLUDED.internal_order_key, raw_orientation_multiplicity = EXCLUDED.raw_orientation_multiplicity, dominated_by_state_id = EXCLUDED.dominated_by_state_id, dominance_delta = EXCLUDED.dominance_delta;

INSERT INTO tsp_cluster_boundary_states (tsp_cluster_boundary_state_id, tsp_instance, neighborhood, entry_stop, exit_stop, internal_via_stop, internal_path_cost, internal_stop_count, is_hamiltonian_path, is_dominated, status, normalized_witness_id, orientation_multiplicity, is_quotient_representative, second_internal_via_stop, entry_port_role, exit_port_role, port_contract, boundary_fiber_key, internal_order_key, raw_orientation_multiplicity, dominated_by_state_id, dominance_delta)
VALUES ('cluster-state-asym-3-1-2-4', 'tsp-asymmetric-four-4', 'gridville-asymmetric-four', 'asym-stop-3', 'asym-stop-4', 'asym-stop-1', 10, 4, TRUE, FALSE, 'SURVIVES', NULL, 2, TRUE, 'asym-stop-2', 'BOUNDARY_ENTRY', 'BOUNDARY_EXIT', 'ONE_ENTRY_ONE_EXIT_FULL_INTERNAL_COVERAGE', 'gridville-asymmetric-four|asym-stop-3|asym-stop-4', 'asym-stop-3>asym-stop-1>asym-stop-2>asym-stop-4', 2, NULL, 0) ON CONFLICT (tsp_cluster_boundary_state_id) DO UPDATE SET tsp_instance = EXCLUDED.tsp_instance, neighborhood = EXCLUDED.neighborhood, entry_stop = EXCLUDED.entry_stop, exit_stop = EXCLUDED.exit_stop, internal_via_stop = EXCLUDED.internal_via_stop, internal_path_cost = EXCLUDED.internal_path_cost, internal_stop_count = EXCLUDED.internal_stop_count, is_hamiltonian_path = EXCLUDED.is_hamiltonian_path, is_dominated = EXCLUDED.is_dominated, status = EXCLUDED.status, normalized_witness_id = EXCLUDED.normalized_witness_id, orientation_multiplicity = EXCLUDED.orientation_multiplicity, is_quotient_representative = EXCLUDED.is_quotient_representative, second_internal_via_stop = EXCLUDED.second_internal_via_stop, entry_port_role = EXCLUDED.entry_port_role, exit_port_role = EXCLUDED.exit_port_role, port_contract = EXCLUDED.port_contract, boundary_fiber_key = EXCLUDED.boundary_fiber_key, internal_order_key = EXCLUDED.internal_order_key, raw_orientation_multiplicity = EXCLUDED.raw_orientation_multiplicity, dominated_by_state_id = EXCLUDED.dominated_by_state_id, dominance_delta = EXCLUDED.dominance_delta;

INSERT INTO tsp_cluster_boundary_states (tsp_cluster_boundary_state_id, tsp_instance, neighborhood, entry_stop, exit_stop, internal_via_stop, internal_path_cost, internal_stop_count, is_hamiltonian_path, is_dominated, status, normalized_witness_id, orientation_multiplicity, is_quotient_representative, second_internal_via_stop, entry_port_role, exit_port_role, port_contract, boundary_fiber_key, internal_order_key, raw_orientation_multiplicity, dominated_by_state_id, dominance_delta)
VALUES ('cluster-state-asym-3-2-1-4', 'tsp-asymmetric-four-4', 'gridville-asymmetric-four', 'asym-stop-3', 'asym-stop-4', 'asym-stop-2', 11, 4, TRUE, TRUE, 'DOMINATED', NULL, 2, TRUE, 'asym-stop-1', 'BOUNDARY_ENTRY', 'BOUNDARY_EXIT', 'ONE_ENTRY_ONE_EXIT_FULL_INTERNAL_COVERAGE', 'gridville-asymmetric-four|asym-stop-3|asym-stop-4', 'asym-stop-3>asym-stop-2>asym-stop-1>asym-stop-4', 2, 'cluster-state-asym-3-1-2-4', 1) ON CONFLICT (tsp_cluster_boundary_state_id) DO UPDATE SET tsp_instance = EXCLUDED.tsp_instance, neighborhood = EXCLUDED.neighborhood, entry_stop = EXCLUDED.entry_stop, exit_stop = EXCLUDED.exit_stop, internal_via_stop = EXCLUDED.internal_via_stop, internal_path_cost = EXCLUDED.internal_path_cost, internal_stop_count = EXCLUDED.internal_stop_count, is_hamiltonian_path = EXCLUDED.is_hamiltonian_path, is_dominated = EXCLUDED.is_dominated, status = EXCLUDED.status, normalized_witness_id = EXCLUDED.normalized_witness_id, orientation_multiplicity = EXCLUDED.orientation_multiplicity, is_quotient_representative = EXCLUDED.is_quotient_representative, second_internal_via_stop = EXCLUDED.second_internal_via_stop, entry_port_role = EXCLUDED.entry_port_role, exit_port_role = EXCLUDED.exit_port_role, port_contract = EXCLUDED.port_contract, boundary_fiber_key = EXCLUDED.boundary_fiber_key, internal_order_key = EXCLUDED.internal_order_key, raw_orientation_multiplicity = EXCLUDED.raw_orientation_multiplicity, dominated_by_state_id = EXCLUDED.dominated_by_state_id, dominance_delta = EXCLUDED.dominance_delta;

INSERT INTO tsp_cluster_boundary_states (tsp_cluster_boundary_state_id, tsp_instance, neighborhood, entry_stop, exit_stop, internal_via_stop, internal_path_cost, internal_stop_count, is_hamiltonian_path, is_dominated, status, normalized_witness_id, orientation_multiplicity, is_quotient_representative, second_internal_via_stop, entry_port_role, exit_port_role, port_contract, boundary_fiber_key, internal_order_key, raw_orientation_multiplicity, dominated_by_state_id, dominance_delta)
VALUES ('cluster-state-r3-a-a1-a2', 'tsp-three-regions-9', 'gridville-region-a', 'r3-stop-a1', 'r3-stop-a2', 'r3-stop-a3', 2, 3, TRUE, FALSE, 'SURVIVES', NULL, 2, TRUE, NULL, 'BOUNDARY_ENTRY', 'BOUNDARY_EXIT', 'ONE_ENTRY_ONE_EXIT_FULL_INTERNAL_COVERAGE', 'gridville-region-a|r3-stop-a1|r3-stop-a2', 'r3-stop-a1>r3-stop-a3>r3-stop-a2', 2, NULL, 0) ON CONFLICT (tsp_cluster_boundary_state_id) DO UPDATE SET tsp_instance = EXCLUDED.tsp_instance, neighborhood = EXCLUDED.neighborhood, entry_stop = EXCLUDED.entry_stop, exit_stop = EXCLUDED.exit_stop, internal_via_stop = EXCLUDED.internal_via_stop, internal_path_cost = EXCLUDED.internal_path_cost, internal_stop_count = EXCLUDED.internal_stop_count, is_hamiltonian_path = EXCLUDED.is_hamiltonian_path, is_dominated = EXCLUDED.is_dominated, status = EXCLUDED.status, normalized_witness_id = EXCLUDED.normalized_witness_id, orientation_multiplicity = EXCLUDED.orientation_multiplicity, is_quotient_representative = EXCLUDED.is_quotient_representative, second_internal_via_stop = EXCLUDED.second_internal_via_stop, entry_port_role = EXCLUDED.entry_port_role, exit_port_role = EXCLUDED.exit_port_role, port_contract = EXCLUDED.port_contract, boundary_fiber_key = EXCLUDED.boundary_fiber_key, internal_order_key = EXCLUDED.internal_order_key, raw_orientation_multiplicity = EXCLUDED.raw_orientation_multiplicity, dominated_by_state_id = EXCLUDED.dominated_by_state_id, dominance_delta = EXCLUDED.dominance_delta;

INSERT INTO tsp_cluster_boundary_states (tsp_cluster_boundary_state_id, tsp_instance, neighborhood, entry_stop, exit_stop, internal_via_stop, internal_path_cost, internal_stop_count, is_hamiltonian_path, is_dominated, status, normalized_witness_id, orientation_multiplicity, is_quotient_representative, second_internal_via_stop, entry_port_role, exit_port_role, port_contract, boundary_fiber_key, internal_order_key, raw_orientation_multiplicity, dominated_by_state_id, dominance_delta)
VALUES ('cluster-state-r3-a-a1-a3', 'tsp-three-regions-9', 'gridville-region-a', 'r3-stop-a1', 'r3-stop-a3', 'r3-stop-a2', 2, 3, TRUE, FALSE, 'SURVIVES', NULL, 2, TRUE, NULL, 'BOUNDARY_ENTRY', 'BOUNDARY_EXIT', 'ONE_ENTRY_ONE_EXIT_FULL_INTERNAL_COVERAGE', 'gridville-region-a|r3-stop-a1|r3-stop-a3', 'r3-stop-a1>r3-stop-a2>r3-stop-a3', 2, NULL, 0) ON CONFLICT (tsp_cluster_boundary_state_id) DO UPDATE SET tsp_instance = EXCLUDED.tsp_instance, neighborhood = EXCLUDED.neighborhood, entry_stop = EXCLUDED.entry_stop, exit_stop = EXCLUDED.exit_stop, internal_via_stop = EXCLUDED.internal_via_stop, internal_path_cost = EXCLUDED.internal_path_cost, internal_stop_count = EXCLUDED.internal_stop_count, is_hamiltonian_path = EXCLUDED.is_hamiltonian_path, is_dominated = EXCLUDED.is_dominated, status = EXCLUDED.status, normalized_witness_id = EXCLUDED.normalized_witness_id, orientation_multiplicity = EXCLUDED.orientation_multiplicity, is_quotient_representative = EXCLUDED.is_quotient_representative, second_internal_via_stop = EXCLUDED.second_internal_via_stop, entry_port_role = EXCLUDED.entry_port_role, exit_port_role = EXCLUDED.exit_port_role, port_contract = EXCLUDED.port_contract, boundary_fiber_key = EXCLUDED.boundary_fiber_key, internal_order_key = EXCLUDED.internal_order_key, raw_orientation_multiplicity = EXCLUDED.raw_orientation_multiplicity, dominated_by_state_id = EXCLUDED.dominated_by_state_id, dominance_delta = EXCLUDED.dominance_delta;

INSERT INTO tsp_cluster_boundary_states (tsp_cluster_boundary_state_id, tsp_instance, neighborhood, entry_stop, exit_stop, internal_via_stop, internal_path_cost, internal_stop_count, is_hamiltonian_path, is_dominated, status, normalized_witness_id, orientation_multiplicity, is_quotient_representative, second_internal_via_stop, entry_port_role, exit_port_role, port_contract, boundary_fiber_key, internal_order_key, raw_orientation_multiplicity, dominated_by_state_id, dominance_delta)
VALUES ('cluster-state-r3-a-a2-a3', 'tsp-three-regions-9', 'gridville-region-a', 'r3-stop-a2', 'r3-stop-a3', 'r3-stop-a1', 2, 3, TRUE, FALSE, 'SURVIVES', NULL, 2, TRUE, NULL, 'BOUNDARY_ENTRY', 'BOUNDARY_EXIT', 'ONE_ENTRY_ONE_EXIT_FULL_INTERNAL_COVERAGE', 'gridville-region-a|r3-stop-a2|r3-stop-a3', 'r3-stop-a2>r3-stop-a1>r3-stop-a3', 2, NULL, 0) ON CONFLICT (tsp_cluster_boundary_state_id) DO UPDATE SET tsp_instance = EXCLUDED.tsp_instance, neighborhood = EXCLUDED.neighborhood, entry_stop = EXCLUDED.entry_stop, exit_stop = EXCLUDED.exit_stop, internal_via_stop = EXCLUDED.internal_via_stop, internal_path_cost = EXCLUDED.internal_path_cost, internal_stop_count = EXCLUDED.internal_stop_count, is_hamiltonian_path = EXCLUDED.is_hamiltonian_path, is_dominated = EXCLUDED.is_dominated, status = EXCLUDED.status, normalized_witness_id = EXCLUDED.normalized_witness_id, orientation_multiplicity = EXCLUDED.orientation_multiplicity, is_quotient_representative = EXCLUDED.is_quotient_representative, second_internal_via_stop = EXCLUDED.second_internal_via_stop, entry_port_role = EXCLUDED.entry_port_role, exit_port_role = EXCLUDED.exit_port_role, port_contract = EXCLUDED.port_contract, boundary_fiber_key = EXCLUDED.boundary_fiber_key, internal_order_key = EXCLUDED.internal_order_key, raw_orientation_multiplicity = EXCLUDED.raw_orientation_multiplicity, dominated_by_state_id = EXCLUDED.dominated_by_state_id, dominance_delta = EXCLUDED.dominance_delta;

INSERT INTO tsp_cluster_boundary_states (tsp_cluster_boundary_state_id, tsp_instance, neighborhood, entry_stop, exit_stop, internal_via_stop, internal_path_cost, internal_stop_count, is_hamiltonian_path, is_dominated, status, normalized_witness_id, orientation_multiplicity, is_quotient_representative, second_internal_via_stop, entry_port_role, exit_port_role, port_contract, boundary_fiber_key, internal_order_key, raw_orientation_multiplicity, dominated_by_state_id, dominance_delta)
VALUES ('cluster-state-r3-b-b1-b2', 'tsp-three-regions-9', 'gridville-region-b', 'r3-stop-b1', 'r3-stop-b2', 'r3-stop-b3', 2, 3, TRUE, FALSE, 'SURVIVES', NULL, 2, TRUE, NULL, 'BOUNDARY_ENTRY', 'BOUNDARY_EXIT', 'ONE_ENTRY_ONE_EXIT_FULL_INTERNAL_COVERAGE', 'gridville-region-b|r3-stop-b1|r3-stop-b2', 'r3-stop-b1>r3-stop-b3>r3-stop-b2', 2, NULL, 0) ON CONFLICT (tsp_cluster_boundary_state_id) DO UPDATE SET tsp_instance = EXCLUDED.tsp_instance, neighborhood = EXCLUDED.neighborhood, entry_stop = EXCLUDED.entry_stop, exit_stop = EXCLUDED.exit_stop, internal_via_stop = EXCLUDED.internal_via_stop, internal_path_cost = EXCLUDED.internal_path_cost, internal_stop_count = EXCLUDED.internal_stop_count, is_hamiltonian_path = EXCLUDED.is_hamiltonian_path, is_dominated = EXCLUDED.is_dominated, status = EXCLUDED.status, normalized_witness_id = EXCLUDED.normalized_witness_id, orientation_multiplicity = EXCLUDED.orientation_multiplicity, is_quotient_representative = EXCLUDED.is_quotient_representative, second_internal_via_stop = EXCLUDED.second_internal_via_stop, entry_port_role = EXCLUDED.entry_port_role, exit_port_role = EXCLUDED.exit_port_role, port_contract = EXCLUDED.port_contract, boundary_fiber_key = EXCLUDED.boundary_fiber_key, internal_order_key = EXCLUDED.internal_order_key, raw_orientation_multiplicity = EXCLUDED.raw_orientation_multiplicity, dominated_by_state_id = EXCLUDED.dominated_by_state_id, dominance_delta = EXCLUDED.dominance_delta;

INSERT INTO tsp_cluster_boundary_states (tsp_cluster_boundary_state_id, tsp_instance, neighborhood, entry_stop, exit_stop, internal_via_stop, internal_path_cost, internal_stop_count, is_hamiltonian_path, is_dominated, status, normalized_witness_id, orientation_multiplicity, is_quotient_representative, second_internal_via_stop, entry_port_role, exit_port_role, port_contract, boundary_fiber_key, internal_order_key, raw_orientation_multiplicity, dominated_by_state_id, dominance_delta)
VALUES ('cluster-state-r3-b-b1-b3', 'tsp-three-regions-9', 'gridville-region-b', 'r3-stop-b1', 'r3-stop-b3', 'r3-stop-b2', 2, 3, TRUE, FALSE, 'SURVIVES', NULL, 2, TRUE, NULL, 'BOUNDARY_ENTRY', 'BOUNDARY_EXIT', 'ONE_ENTRY_ONE_EXIT_FULL_INTERNAL_COVERAGE', 'gridville-region-b|r3-stop-b1|r3-stop-b3', 'r3-stop-b1>r3-stop-b2>r3-stop-b3', 2, NULL, 0) ON CONFLICT (tsp_cluster_boundary_state_id) DO UPDATE SET tsp_instance = EXCLUDED.tsp_instance, neighborhood = EXCLUDED.neighborhood, entry_stop = EXCLUDED.entry_stop, exit_stop = EXCLUDED.exit_stop, internal_via_stop = EXCLUDED.internal_via_stop, internal_path_cost = EXCLUDED.internal_path_cost, internal_stop_count = EXCLUDED.internal_stop_count, is_hamiltonian_path = EXCLUDED.is_hamiltonian_path, is_dominated = EXCLUDED.is_dominated, status = EXCLUDED.status, normalized_witness_id = EXCLUDED.normalized_witness_id, orientation_multiplicity = EXCLUDED.orientation_multiplicity, is_quotient_representative = EXCLUDED.is_quotient_representative, second_internal_via_stop = EXCLUDED.second_internal_via_stop, entry_port_role = EXCLUDED.entry_port_role, exit_port_role = EXCLUDED.exit_port_role, port_contract = EXCLUDED.port_contract, boundary_fiber_key = EXCLUDED.boundary_fiber_key, internal_order_key = EXCLUDED.internal_order_key, raw_orientation_multiplicity = EXCLUDED.raw_orientation_multiplicity, dominated_by_state_id = EXCLUDED.dominated_by_state_id, dominance_delta = EXCLUDED.dominance_delta;

INSERT INTO tsp_cluster_boundary_states (tsp_cluster_boundary_state_id, tsp_instance, neighborhood, entry_stop, exit_stop, internal_via_stop, internal_path_cost, internal_stop_count, is_hamiltonian_path, is_dominated, status, normalized_witness_id, orientation_multiplicity, is_quotient_representative, second_internal_via_stop, entry_port_role, exit_port_role, port_contract, boundary_fiber_key, internal_order_key, raw_orientation_multiplicity, dominated_by_state_id, dominance_delta)
VALUES ('cluster-state-r3-b-b2-b3', 'tsp-three-regions-9', 'gridville-region-b', 'r3-stop-b2', 'r3-stop-b3', 'r3-stop-b1', 2, 3, TRUE, FALSE, 'SURVIVES', NULL, 2, TRUE, NULL, 'BOUNDARY_ENTRY', 'BOUNDARY_EXIT', 'ONE_ENTRY_ONE_EXIT_FULL_INTERNAL_COVERAGE', 'gridville-region-b|r3-stop-b2|r3-stop-b3', 'r3-stop-b2>r3-stop-b1>r3-stop-b3', 2, NULL, 0) ON CONFLICT (tsp_cluster_boundary_state_id) DO UPDATE SET tsp_instance = EXCLUDED.tsp_instance, neighborhood = EXCLUDED.neighborhood, entry_stop = EXCLUDED.entry_stop, exit_stop = EXCLUDED.exit_stop, internal_via_stop = EXCLUDED.internal_via_stop, internal_path_cost = EXCLUDED.internal_path_cost, internal_stop_count = EXCLUDED.internal_stop_count, is_hamiltonian_path = EXCLUDED.is_hamiltonian_path, is_dominated = EXCLUDED.is_dominated, status = EXCLUDED.status, normalized_witness_id = EXCLUDED.normalized_witness_id, orientation_multiplicity = EXCLUDED.orientation_multiplicity, is_quotient_representative = EXCLUDED.is_quotient_representative, second_internal_via_stop = EXCLUDED.second_internal_via_stop, entry_port_role = EXCLUDED.entry_port_role, exit_port_role = EXCLUDED.exit_port_role, port_contract = EXCLUDED.port_contract, boundary_fiber_key = EXCLUDED.boundary_fiber_key, internal_order_key = EXCLUDED.internal_order_key, raw_orientation_multiplicity = EXCLUDED.raw_orientation_multiplicity, dominated_by_state_id = EXCLUDED.dominated_by_state_id, dominance_delta = EXCLUDED.dominance_delta;

INSERT INTO tsp_cluster_boundary_states (tsp_cluster_boundary_state_id, tsp_instance, neighborhood, entry_stop, exit_stop, internal_via_stop, internal_path_cost, internal_stop_count, is_hamiltonian_path, is_dominated, status, normalized_witness_id, orientation_multiplicity, is_quotient_representative, second_internal_via_stop, entry_port_role, exit_port_role, port_contract, boundary_fiber_key, internal_order_key, raw_orientation_multiplicity, dominated_by_state_id, dominance_delta)
VALUES ('cluster-state-r3-c-c1-c2', 'tsp-three-regions-9', 'gridville-region-c', 'r3-stop-c1', 'r3-stop-c2', 'r3-stop-c3', 2, 3, TRUE, FALSE, 'SURVIVES', NULL, 2, TRUE, NULL, 'BOUNDARY_ENTRY', 'BOUNDARY_EXIT', 'ONE_ENTRY_ONE_EXIT_FULL_INTERNAL_COVERAGE', 'gridville-region-c|r3-stop-c1|r3-stop-c2', 'r3-stop-c1>r3-stop-c3>r3-stop-c2', 2, NULL, 0) ON CONFLICT (tsp_cluster_boundary_state_id) DO UPDATE SET tsp_instance = EXCLUDED.tsp_instance, neighborhood = EXCLUDED.neighborhood, entry_stop = EXCLUDED.entry_stop, exit_stop = EXCLUDED.exit_stop, internal_via_stop = EXCLUDED.internal_via_stop, internal_path_cost = EXCLUDED.internal_path_cost, internal_stop_count = EXCLUDED.internal_stop_count, is_hamiltonian_path = EXCLUDED.is_hamiltonian_path, is_dominated = EXCLUDED.is_dominated, status = EXCLUDED.status, normalized_witness_id = EXCLUDED.normalized_witness_id, orientation_multiplicity = EXCLUDED.orientation_multiplicity, is_quotient_representative = EXCLUDED.is_quotient_representative, second_internal_via_stop = EXCLUDED.second_internal_via_stop, entry_port_role = EXCLUDED.entry_port_role, exit_port_role = EXCLUDED.exit_port_role, port_contract = EXCLUDED.port_contract, boundary_fiber_key = EXCLUDED.boundary_fiber_key, internal_order_key = EXCLUDED.internal_order_key, raw_orientation_multiplicity = EXCLUDED.raw_orientation_multiplicity, dominated_by_state_id = EXCLUDED.dominated_by_state_id, dominance_delta = EXCLUDED.dominance_delta;

INSERT INTO tsp_cluster_boundary_states (tsp_cluster_boundary_state_id, tsp_instance, neighborhood, entry_stop, exit_stop, internal_via_stop, internal_path_cost, internal_stop_count, is_hamiltonian_path, is_dominated, status, normalized_witness_id, orientation_multiplicity, is_quotient_representative, second_internal_via_stop, entry_port_role, exit_port_role, port_contract, boundary_fiber_key, internal_order_key, raw_orientation_multiplicity, dominated_by_state_id, dominance_delta)
VALUES ('cluster-state-r3-c-c1-c3', 'tsp-three-regions-9', 'gridville-region-c', 'r3-stop-c1', 'r3-stop-c3', 'r3-stop-c2', 2, 3, TRUE, FALSE, 'SURVIVES', NULL, 2, TRUE, NULL, 'BOUNDARY_ENTRY', 'BOUNDARY_EXIT', 'ONE_ENTRY_ONE_EXIT_FULL_INTERNAL_COVERAGE', 'gridville-region-c|r3-stop-c1|r3-stop-c3', 'r3-stop-c1>r3-stop-c2>r3-stop-c3', 2, NULL, 0) ON CONFLICT (tsp_cluster_boundary_state_id) DO UPDATE SET tsp_instance = EXCLUDED.tsp_instance, neighborhood = EXCLUDED.neighborhood, entry_stop = EXCLUDED.entry_stop, exit_stop = EXCLUDED.exit_stop, internal_via_stop = EXCLUDED.internal_via_stop, internal_path_cost = EXCLUDED.internal_path_cost, internal_stop_count = EXCLUDED.internal_stop_count, is_hamiltonian_path = EXCLUDED.is_hamiltonian_path, is_dominated = EXCLUDED.is_dominated, status = EXCLUDED.status, normalized_witness_id = EXCLUDED.normalized_witness_id, orientation_multiplicity = EXCLUDED.orientation_multiplicity, is_quotient_representative = EXCLUDED.is_quotient_representative, second_internal_via_stop = EXCLUDED.second_internal_via_stop, entry_port_role = EXCLUDED.entry_port_role, exit_port_role = EXCLUDED.exit_port_role, port_contract = EXCLUDED.port_contract, boundary_fiber_key = EXCLUDED.boundary_fiber_key, internal_order_key = EXCLUDED.internal_order_key, raw_orientation_multiplicity = EXCLUDED.raw_orientation_multiplicity, dominated_by_state_id = EXCLUDED.dominated_by_state_id, dominance_delta = EXCLUDED.dominance_delta;

INSERT INTO tsp_cluster_boundary_states (tsp_cluster_boundary_state_id, tsp_instance, neighborhood, entry_stop, exit_stop, internal_via_stop, internal_path_cost, internal_stop_count, is_hamiltonian_path, is_dominated, status, normalized_witness_id, orientation_multiplicity, is_quotient_representative, second_internal_via_stop, entry_port_role, exit_port_role, port_contract, boundary_fiber_key, internal_order_key, raw_orientation_multiplicity, dominated_by_state_id, dominance_delta)
VALUES ('cluster-state-r3-c-c2-c3', 'tsp-three-regions-9', 'gridville-region-c', 'r3-stop-c2', 'r3-stop-c3', 'r3-stop-c1', 2, 3, TRUE, FALSE, 'SURVIVES', NULL, 2, TRUE, NULL, 'BOUNDARY_ENTRY', 'BOUNDARY_EXIT', 'ONE_ENTRY_ONE_EXIT_FULL_INTERNAL_COVERAGE', 'gridville-region-c|r3-stop-c2|r3-stop-c3', 'r3-stop-c2>r3-stop-c1>r3-stop-c3', 2, NULL, 0) ON CONFLICT (tsp_cluster_boundary_state_id) DO UPDATE SET tsp_instance = EXCLUDED.tsp_instance, neighborhood = EXCLUDED.neighborhood, entry_stop = EXCLUDED.entry_stop, exit_stop = EXCLUDED.exit_stop, internal_via_stop = EXCLUDED.internal_via_stop, internal_path_cost = EXCLUDED.internal_path_cost, internal_stop_count = EXCLUDED.internal_stop_count, is_hamiltonian_path = EXCLUDED.is_hamiltonian_path, is_dominated = EXCLUDED.is_dominated, status = EXCLUDED.status, normalized_witness_id = EXCLUDED.normalized_witness_id, orientation_multiplicity = EXCLUDED.orientation_multiplicity, is_quotient_representative = EXCLUDED.is_quotient_representative, second_internal_via_stop = EXCLUDED.second_internal_via_stop, entry_port_role = EXCLUDED.entry_port_role, exit_port_role = EXCLUDED.exit_port_role, port_contract = EXCLUDED.port_contract, boundary_fiber_key = EXCLUDED.boundary_fiber_key, internal_order_key = EXCLUDED.internal_order_key, raw_orientation_multiplicity = EXCLUDED.raw_orientation_multiplicity, dominated_by_state_id = EXCLUDED.dominated_by_state_id, dominance_delta = EXCLUDED.dominance_delta;

-- ----------------------------------------------------------------------------
-- TSPClusterBoundaryStateMembers: Ordered internal edges supporting a cluster boundary state.
-- ----------------------------------------------------------------------------
INSERT INTO tsp_cluster_boundary_state_members (tsp_cluster_boundary_state_member_id, cluster_boundary_state, travel_edge, member_order)
VALUES ('member-cluster-state-gridville-west-triangle-twin-stop-wa-twin-stop-wb-1', 'cluster-state-gridville-west-triangle-twin-stop-wa-twin-stop-wb', 'twin-edge-wa-wc', 1) ON CONFLICT (tsp_cluster_boundary_state_member_id) DO UPDATE SET cluster_boundary_state = EXCLUDED.cluster_boundary_state, travel_edge = EXCLUDED.travel_edge, member_order = EXCLUDED.member_order;

INSERT INTO tsp_cluster_boundary_state_members (tsp_cluster_boundary_state_member_id, cluster_boundary_state, travel_edge, member_order)
VALUES ('member-cluster-state-gridville-west-triangle-twin-stop-wa-twin-stop-wb-2', 'cluster-state-gridville-west-triangle-twin-stop-wa-twin-stop-wb', 'twin-edge-wb-wc', 2) ON CONFLICT (tsp_cluster_boundary_state_member_id) DO UPDATE SET cluster_boundary_state = EXCLUDED.cluster_boundary_state, travel_edge = EXCLUDED.travel_edge, member_order = EXCLUDED.member_order;

INSERT INTO tsp_cluster_boundary_state_members (tsp_cluster_boundary_state_member_id, cluster_boundary_state, travel_edge, member_order)
VALUES ('member-cluster-state-gridville-west-triangle-twin-stop-wa-twin-stop-wc-1', 'cluster-state-gridville-west-triangle-twin-stop-wa-twin-stop-wc', 'twin-edge-wa-wb', 1) ON CONFLICT (tsp_cluster_boundary_state_member_id) DO UPDATE SET cluster_boundary_state = EXCLUDED.cluster_boundary_state, travel_edge = EXCLUDED.travel_edge, member_order = EXCLUDED.member_order;

INSERT INTO tsp_cluster_boundary_state_members (tsp_cluster_boundary_state_member_id, cluster_boundary_state, travel_edge, member_order)
VALUES ('member-cluster-state-gridville-west-triangle-twin-stop-wa-twin-stop-wc-2', 'cluster-state-gridville-west-triangle-twin-stop-wa-twin-stop-wc', 'twin-edge-wb-wc', 2) ON CONFLICT (tsp_cluster_boundary_state_member_id) DO UPDATE SET cluster_boundary_state = EXCLUDED.cluster_boundary_state, travel_edge = EXCLUDED.travel_edge, member_order = EXCLUDED.member_order;

INSERT INTO tsp_cluster_boundary_state_members (tsp_cluster_boundary_state_member_id, cluster_boundary_state, travel_edge, member_order)
VALUES ('member-cluster-state-gridville-west-triangle-twin-stop-wb-twin-stop-wc-1', 'cluster-state-gridville-west-triangle-twin-stop-wb-twin-stop-wc', 'twin-edge-wa-wb', 1) ON CONFLICT (tsp_cluster_boundary_state_member_id) DO UPDATE SET cluster_boundary_state = EXCLUDED.cluster_boundary_state, travel_edge = EXCLUDED.travel_edge, member_order = EXCLUDED.member_order;

INSERT INTO tsp_cluster_boundary_state_members (tsp_cluster_boundary_state_member_id, cluster_boundary_state, travel_edge, member_order)
VALUES ('member-cluster-state-gridville-west-triangle-twin-stop-wb-twin-stop-wc-2', 'cluster-state-gridville-west-triangle-twin-stop-wb-twin-stop-wc', 'twin-edge-wa-wc', 2) ON CONFLICT (tsp_cluster_boundary_state_member_id) DO UPDATE SET cluster_boundary_state = EXCLUDED.cluster_boundary_state, travel_edge = EXCLUDED.travel_edge, member_order = EXCLUDED.member_order;

INSERT INTO tsp_cluster_boundary_state_members (tsp_cluster_boundary_state_member_id, cluster_boundary_state, travel_edge, member_order)
VALUES ('member-cluster-state-gridville-east-triangle-twin-stop-ed-twin-stop-ee-1', 'cluster-state-gridville-east-triangle-twin-stop-ed-twin-stop-ee', 'twin-edge-ed-ef', 1) ON CONFLICT (tsp_cluster_boundary_state_member_id) DO UPDATE SET cluster_boundary_state = EXCLUDED.cluster_boundary_state, travel_edge = EXCLUDED.travel_edge, member_order = EXCLUDED.member_order;

INSERT INTO tsp_cluster_boundary_state_members (tsp_cluster_boundary_state_member_id, cluster_boundary_state, travel_edge, member_order)
VALUES ('member-cluster-state-gridville-east-triangle-twin-stop-ed-twin-stop-ee-2', 'cluster-state-gridville-east-triangle-twin-stop-ed-twin-stop-ee', 'twin-edge-ee-ef', 2) ON CONFLICT (tsp_cluster_boundary_state_member_id) DO UPDATE SET cluster_boundary_state = EXCLUDED.cluster_boundary_state, travel_edge = EXCLUDED.travel_edge, member_order = EXCLUDED.member_order;

INSERT INTO tsp_cluster_boundary_state_members (tsp_cluster_boundary_state_member_id, cluster_boundary_state, travel_edge, member_order)
VALUES ('member-cluster-state-gridville-east-triangle-twin-stop-ed-twin-stop-ef-1', 'cluster-state-gridville-east-triangle-twin-stop-ed-twin-stop-ef', 'twin-edge-ed-ee', 1) ON CONFLICT (tsp_cluster_boundary_state_member_id) DO UPDATE SET cluster_boundary_state = EXCLUDED.cluster_boundary_state, travel_edge = EXCLUDED.travel_edge, member_order = EXCLUDED.member_order;

INSERT INTO tsp_cluster_boundary_state_members (tsp_cluster_boundary_state_member_id, cluster_boundary_state, travel_edge, member_order)
VALUES ('member-cluster-state-gridville-east-triangle-twin-stop-ed-twin-stop-ef-2', 'cluster-state-gridville-east-triangle-twin-stop-ed-twin-stop-ef', 'twin-edge-ee-ef', 2) ON CONFLICT (tsp_cluster_boundary_state_member_id) DO UPDATE SET cluster_boundary_state = EXCLUDED.cluster_boundary_state, travel_edge = EXCLUDED.travel_edge, member_order = EXCLUDED.member_order;

INSERT INTO tsp_cluster_boundary_state_members (tsp_cluster_boundary_state_member_id, cluster_boundary_state, travel_edge, member_order)
VALUES ('member-cluster-state-gridville-east-triangle-twin-stop-ee-twin-stop-ef-1', 'cluster-state-gridville-east-triangle-twin-stop-ee-twin-stop-ef', 'twin-edge-ed-ee', 1) ON CONFLICT (tsp_cluster_boundary_state_member_id) DO UPDATE SET cluster_boundary_state = EXCLUDED.cluster_boundary_state, travel_edge = EXCLUDED.travel_edge, member_order = EXCLUDED.member_order;

INSERT INTO tsp_cluster_boundary_state_members (tsp_cluster_boundary_state_member_id, cluster_boundary_state, travel_edge, member_order)
VALUES ('member-cluster-state-gridville-east-triangle-twin-stop-ee-twin-stop-ef-2', 'cluster-state-gridville-east-triangle-twin-stop-ee-twin-stop-ef', 'twin-edge-ed-ef', 2) ON CONFLICT (tsp_cluster_boundary_state_member_id) DO UPDATE SET cluster_boundary_state = EXCLUDED.cluster_boundary_state, travel_edge = EXCLUDED.travel_edge, member_order = EXCLUDED.member_order;

INSERT INTO tsp_cluster_boundary_state_members (tsp_cluster_boundary_state_member_id, cluster_boundary_state, travel_edge, member_order)
VALUES ('member-cluster-state-asym-1-3-4-2-1', 'cluster-state-asym-1-3-4-2', 'asym-edge-1-3', 1) ON CONFLICT (tsp_cluster_boundary_state_member_id) DO UPDATE SET cluster_boundary_state = EXCLUDED.cluster_boundary_state, travel_edge = EXCLUDED.travel_edge, member_order = EXCLUDED.member_order;

INSERT INTO tsp_cluster_boundary_state_members (tsp_cluster_boundary_state_member_id, cluster_boundary_state, travel_edge, member_order)
VALUES ('member-cluster-state-asym-1-3-4-2-2', 'cluster-state-asym-1-3-4-2', 'asym-edge-3-4', 2) ON CONFLICT (tsp_cluster_boundary_state_member_id) DO UPDATE SET cluster_boundary_state = EXCLUDED.cluster_boundary_state, travel_edge = EXCLUDED.travel_edge, member_order = EXCLUDED.member_order;

INSERT INTO tsp_cluster_boundary_state_members (tsp_cluster_boundary_state_member_id, cluster_boundary_state, travel_edge, member_order)
VALUES ('member-cluster-state-asym-1-3-4-2-3', 'cluster-state-asym-1-3-4-2', 'asym-edge-2-4', 3) ON CONFLICT (tsp_cluster_boundary_state_member_id) DO UPDATE SET cluster_boundary_state = EXCLUDED.cluster_boundary_state, travel_edge = EXCLUDED.travel_edge, member_order = EXCLUDED.member_order;

INSERT INTO tsp_cluster_boundary_state_members (tsp_cluster_boundary_state_member_id, cluster_boundary_state, travel_edge, member_order)
VALUES ('member-cluster-state-asym-1-4-3-2-1', 'cluster-state-asym-1-4-3-2', 'asym-edge-1-4', 1) ON CONFLICT (tsp_cluster_boundary_state_member_id) DO UPDATE SET cluster_boundary_state = EXCLUDED.cluster_boundary_state, travel_edge = EXCLUDED.travel_edge, member_order = EXCLUDED.member_order;

INSERT INTO tsp_cluster_boundary_state_members (tsp_cluster_boundary_state_member_id, cluster_boundary_state, travel_edge, member_order)
VALUES ('member-cluster-state-asym-1-4-3-2-2', 'cluster-state-asym-1-4-3-2', 'asym-edge-3-4', 2) ON CONFLICT (tsp_cluster_boundary_state_member_id) DO UPDATE SET cluster_boundary_state = EXCLUDED.cluster_boundary_state, travel_edge = EXCLUDED.travel_edge, member_order = EXCLUDED.member_order;

INSERT INTO tsp_cluster_boundary_state_members (tsp_cluster_boundary_state_member_id, cluster_boundary_state, travel_edge, member_order)
VALUES ('member-cluster-state-asym-1-4-3-2-3', 'cluster-state-asym-1-4-3-2', 'asym-edge-2-3', 3) ON CONFLICT (tsp_cluster_boundary_state_member_id) DO UPDATE SET cluster_boundary_state = EXCLUDED.cluster_boundary_state, travel_edge = EXCLUDED.travel_edge, member_order = EXCLUDED.member_order;

INSERT INTO tsp_cluster_boundary_state_members (tsp_cluster_boundary_state_member_id, cluster_boundary_state, travel_edge, member_order)
VALUES ('member-cluster-state-asym-1-2-4-3-1', 'cluster-state-asym-1-2-4-3', 'asym-edge-1-2', 1) ON CONFLICT (tsp_cluster_boundary_state_member_id) DO UPDATE SET cluster_boundary_state = EXCLUDED.cluster_boundary_state, travel_edge = EXCLUDED.travel_edge, member_order = EXCLUDED.member_order;

INSERT INTO tsp_cluster_boundary_state_members (tsp_cluster_boundary_state_member_id, cluster_boundary_state, travel_edge, member_order)
VALUES ('member-cluster-state-asym-1-2-4-3-2', 'cluster-state-asym-1-2-4-3', 'asym-edge-2-4', 2) ON CONFLICT (tsp_cluster_boundary_state_member_id) DO UPDATE SET cluster_boundary_state = EXCLUDED.cluster_boundary_state, travel_edge = EXCLUDED.travel_edge, member_order = EXCLUDED.member_order;

INSERT INTO tsp_cluster_boundary_state_members (tsp_cluster_boundary_state_member_id, cluster_boundary_state, travel_edge, member_order)
VALUES ('member-cluster-state-asym-1-2-4-3-3', 'cluster-state-asym-1-2-4-3', 'asym-edge-3-4', 3) ON CONFLICT (tsp_cluster_boundary_state_member_id) DO UPDATE SET cluster_boundary_state = EXCLUDED.cluster_boundary_state, travel_edge = EXCLUDED.travel_edge, member_order = EXCLUDED.member_order;

INSERT INTO tsp_cluster_boundary_state_members (tsp_cluster_boundary_state_member_id, cluster_boundary_state, travel_edge, member_order)
VALUES ('member-cluster-state-asym-1-4-2-3-1', 'cluster-state-asym-1-4-2-3', 'asym-edge-1-4', 1) ON CONFLICT (tsp_cluster_boundary_state_member_id) DO UPDATE SET cluster_boundary_state = EXCLUDED.cluster_boundary_state, travel_edge = EXCLUDED.travel_edge, member_order = EXCLUDED.member_order;

INSERT INTO tsp_cluster_boundary_state_members (tsp_cluster_boundary_state_member_id, cluster_boundary_state, travel_edge, member_order)
VALUES ('member-cluster-state-asym-1-4-2-3-2', 'cluster-state-asym-1-4-2-3', 'asym-edge-2-4', 2) ON CONFLICT (tsp_cluster_boundary_state_member_id) DO UPDATE SET cluster_boundary_state = EXCLUDED.cluster_boundary_state, travel_edge = EXCLUDED.travel_edge, member_order = EXCLUDED.member_order;

INSERT INTO tsp_cluster_boundary_state_members (tsp_cluster_boundary_state_member_id, cluster_boundary_state, travel_edge, member_order)
VALUES ('member-cluster-state-asym-1-4-2-3-3', 'cluster-state-asym-1-4-2-3', 'asym-edge-2-3', 3) ON CONFLICT (tsp_cluster_boundary_state_member_id) DO UPDATE SET cluster_boundary_state = EXCLUDED.cluster_boundary_state, travel_edge = EXCLUDED.travel_edge, member_order = EXCLUDED.member_order;

INSERT INTO tsp_cluster_boundary_state_members (tsp_cluster_boundary_state_member_id, cluster_boundary_state, travel_edge, member_order)
VALUES ('member-cluster-state-asym-1-2-3-4-1', 'cluster-state-asym-1-2-3-4', 'asym-edge-1-2', 1) ON CONFLICT (tsp_cluster_boundary_state_member_id) DO UPDATE SET cluster_boundary_state = EXCLUDED.cluster_boundary_state, travel_edge = EXCLUDED.travel_edge, member_order = EXCLUDED.member_order;

INSERT INTO tsp_cluster_boundary_state_members (tsp_cluster_boundary_state_member_id, cluster_boundary_state, travel_edge, member_order)
VALUES ('member-cluster-state-asym-1-2-3-4-2', 'cluster-state-asym-1-2-3-4', 'asym-edge-2-3', 2) ON CONFLICT (tsp_cluster_boundary_state_member_id) DO UPDATE SET cluster_boundary_state = EXCLUDED.cluster_boundary_state, travel_edge = EXCLUDED.travel_edge, member_order = EXCLUDED.member_order;

INSERT INTO tsp_cluster_boundary_state_members (tsp_cluster_boundary_state_member_id, cluster_boundary_state, travel_edge, member_order)
VALUES ('member-cluster-state-asym-1-2-3-4-3', 'cluster-state-asym-1-2-3-4', 'asym-edge-3-4', 3) ON CONFLICT (tsp_cluster_boundary_state_member_id) DO UPDATE SET cluster_boundary_state = EXCLUDED.cluster_boundary_state, travel_edge = EXCLUDED.travel_edge, member_order = EXCLUDED.member_order;

INSERT INTO tsp_cluster_boundary_state_members (tsp_cluster_boundary_state_member_id, cluster_boundary_state, travel_edge, member_order)
VALUES ('member-cluster-state-asym-1-3-2-4-1', 'cluster-state-asym-1-3-2-4', 'asym-edge-1-3', 1) ON CONFLICT (tsp_cluster_boundary_state_member_id) DO UPDATE SET cluster_boundary_state = EXCLUDED.cluster_boundary_state, travel_edge = EXCLUDED.travel_edge, member_order = EXCLUDED.member_order;

INSERT INTO tsp_cluster_boundary_state_members (tsp_cluster_boundary_state_member_id, cluster_boundary_state, travel_edge, member_order)
VALUES ('member-cluster-state-asym-1-3-2-4-2', 'cluster-state-asym-1-3-2-4', 'asym-edge-2-3', 2) ON CONFLICT (tsp_cluster_boundary_state_member_id) DO UPDATE SET cluster_boundary_state = EXCLUDED.cluster_boundary_state, travel_edge = EXCLUDED.travel_edge, member_order = EXCLUDED.member_order;

INSERT INTO tsp_cluster_boundary_state_members (tsp_cluster_boundary_state_member_id, cluster_boundary_state, travel_edge, member_order)
VALUES ('member-cluster-state-asym-1-3-2-4-3', 'cluster-state-asym-1-3-2-4', 'asym-edge-2-4', 3) ON CONFLICT (tsp_cluster_boundary_state_member_id) DO UPDATE SET cluster_boundary_state = EXCLUDED.cluster_boundary_state, travel_edge = EXCLUDED.travel_edge, member_order = EXCLUDED.member_order;

INSERT INTO tsp_cluster_boundary_state_members (tsp_cluster_boundary_state_member_id, cluster_boundary_state, travel_edge, member_order)
VALUES ('member-cluster-state-asym-2-1-4-3-1', 'cluster-state-asym-2-1-4-3', 'asym-edge-1-2', 1) ON CONFLICT (tsp_cluster_boundary_state_member_id) DO UPDATE SET cluster_boundary_state = EXCLUDED.cluster_boundary_state, travel_edge = EXCLUDED.travel_edge, member_order = EXCLUDED.member_order;

INSERT INTO tsp_cluster_boundary_state_members (tsp_cluster_boundary_state_member_id, cluster_boundary_state, travel_edge, member_order)
VALUES ('member-cluster-state-asym-2-1-4-3-2', 'cluster-state-asym-2-1-4-3', 'asym-edge-1-4', 2) ON CONFLICT (tsp_cluster_boundary_state_member_id) DO UPDATE SET cluster_boundary_state = EXCLUDED.cluster_boundary_state, travel_edge = EXCLUDED.travel_edge, member_order = EXCLUDED.member_order;

INSERT INTO tsp_cluster_boundary_state_members (tsp_cluster_boundary_state_member_id, cluster_boundary_state, travel_edge, member_order)
VALUES ('member-cluster-state-asym-2-1-4-3-3', 'cluster-state-asym-2-1-4-3', 'asym-edge-3-4', 3) ON CONFLICT (tsp_cluster_boundary_state_member_id) DO UPDATE SET cluster_boundary_state = EXCLUDED.cluster_boundary_state, travel_edge = EXCLUDED.travel_edge, member_order = EXCLUDED.member_order;

INSERT INTO tsp_cluster_boundary_state_members (tsp_cluster_boundary_state_member_id, cluster_boundary_state, travel_edge, member_order)
VALUES ('member-cluster-state-asym-2-4-1-3-1', 'cluster-state-asym-2-4-1-3', 'asym-edge-2-4', 1) ON CONFLICT (tsp_cluster_boundary_state_member_id) DO UPDATE SET cluster_boundary_state = EXCLUDED.cluster_boundary_state, travel_edge = EXCLUDED.travel_edge, member_order = EXCLUDED.member_order;

INSERT INTO tsp_cluster_boundary_state_members (tsp_cluster_boundary_state_member_id, cluster_boundary_state, travel_edge, member_order)
VALUES ('member-cluster-state-asym-2-4-1-3-2', 'cluster-state-asym-2-4-1-3', 'asym-edge-1-4', 2) ON CONFLICT (tsp_cluster_boundary_state_member_id) DO UPDATE SET cluster_boundary_state = EXCLUDED.cluster_boundary_state, travel_edge = EXCLUDED.travel_edge, member_order = EXCLUDED.member_order;

INSERT INTO tsp_cluster_boundary_state_members (tsp_cluster_boundary_state_member_id, cluster_boundary_state, travel_edge, member_order)
VALUES ('member-cluster-state-asym-2-4-1-3-3', 'cluster-state-asym-2-4-1-3', 'asym-edge-1-3', 3) ON CONFLICT (tsp_cluster_boundary_state_member_id) DO UPDATE SET cluster_boundary_state = EXCLUDED.cluster_boundary_state, travel_edge = EXCLUDED.travel_edge, member_order = EXCLUDED.member_order;

INSERT INTO tsp_cluster_boundary_state_members (tsp_cluster_boundary_state_member_id, cluster_boundary_state, travel_edge, member_order)
VALUES ('member-cluster-state-asym-2-1-3-4-1', 'cluster-state-asym-2-1-3-4', 'asym-edge-1-2', 1) ON CONFLICT (tsp_cluster_boundary_state_member_id) DO UPDATE SET cluster_boundary_state = EXCLUDED.cluster_boundary_state, travel_edge = EXCLUDED.travel_edge, member_order = EXCLUDED.member_order;

INSERT INTO tsp_cluster_boundary_state_members (tsp_cluster_boundary_state_member_id, cluster_boundary_state, travel_edge, member_order)
VALUES ('member-cluster-state-asym-2-1-3-4-2', 'cluster-state-asym-2-1-3-4', 'asym-edge-1-3', 2) ON CONFLICT (tsp_cluster_boundary_state_member_id) DO UPDATE SET cluster_boundary_state = EXCLUDED.cluster_boundary_state, travel_edge = EXCLUDED.travel_edge, member_order = EXCLUDED.member_order;

INSERT INTO tsp_cluster_boundary_state_members (tsp_cluster_boundary_state_member_id, cluster_boundary_state, travel_edge, member_order)
VALUES ('member-cluster-state-asym-2-1-3-4-3', 'cluster-state-asym-2-1-3-4', 'asym-edge-3-4', 3) ON CONFLICT (tsp_cluster_boundary_state_member_id) DO UPDATE SET cluster_boundary_state = EXCLUDED.cluster_boundary_state, travel_edge = EXCLUDED.travel_edge, member_order = EXCLUDED.member_order;

INSERT INTO tsp_cluster_boundary_state_members (tsp_cluster_boundary_state_member_id, cluster_boundary_state, travel_edge, member_order)
VALUES ('member-cluster-state-asym-2-3-1-4-1', 'cluster-state-asym-2-3-1-4', 'asym-edge-2-3', 1) ON CONFLICT (tsp_cluster_boundary_state_member_id) DO UPDATE SET cluster_boundary_state = EXCLUDED.cluster_boundary_state, travel_edge = EXCLUDED.travel_edge, member_order = EXCLUDED.member_order;

INSERT INTO tsp_cluster_boundary_state_members (tsp_cluster_boundary_state_member_id, cluster_boundary_state, travel_edge, member_order)
VALUES ('member-cluster-state-asym-2-3-1-4-2', 'cluster-state-asym-2-3-1-4', 'asym-edge-1-3', 2) ON CONFLICT (tsp_cluster_boundary_state_member_id) DO UPDATE SET cluster_boundary_state = EXCLUDED.cluster_boundary_state, travel_edge = EXCLUDED.travel_edge, member_order = EXCLUDED.member_order;

INSERT INTO tsp_cluster_boundary_state_members (tsp_cluster_boundary_state_member_id, cluster_boundary_state, travel_edge, member_order)
VALUES ('member-cluster-state-asym-2-3-1-4-3', 'cluster-state-asym-2-3-1-4', 'asym-edge-1-4', 3) ON CONFLICT (tsp_cluster_boundary_state_member_id) DO UPDATE SET cluster_boundary_state = EXCLUDED.cluster_boundary_state, travel_edge = EXCLUDED.travel_edge, member_order = EXCLUDED.member_order;

INSERT INTO tsp_cluster_boundary_state_members (tsp_cluster_boundary_state_member_id, cluster_boundary_state, travel_edge, member_order)
VALUES ('member-cluster-state-asym-3-1-2-4-1', 'cluster-state-asym-3-1-2-4', 'asym-edge-1-3', 1) ON CONFLICT (tsp_cluster_boundary_state_member_id) DO UPDATE SET cluster_boundary_state = EXCLUDED.cluster_boundary_state, travel_edge = EXCLUDED.travel_edge, member_order = EXCLUDED.member_order;

INSERT INTO tsp_cluster_boundary_state_members (tsp_cluster_boundary_state_member_id, cluster_boundary_state, travel_edge, member_order)
VALUES ('member-cluster-state-asym-3-1-2-4-2', 'cluster-state-asym-3-1-2-4', 'asym-edge-1-2', 2) ON CONFLICT (tsp_cluster_boundary_state_member_id) DO UPDATE SET cluster_boundary_state = EXCLUDED.cluster_boundary_state, travel_edge = EXCLUDED.travel_edge, member_order = EXCLUDED.member_order;

INSERT INTO tsp_cluster_boundary_state_members (tsp_cluster_boundary_state_member_id, cluster_boundary_state, travel_edge, member_order)
VALUES ('member-cluster-state-asym-3-1-2-4-3', 'cluster-state-asym-3-1-2-4', 'asym-edge-2-4', 3) ON CONFLICT (tsp_cluster_boundary_state_member_id) DO UPDATE SET cluster_boundary_state = EXCLUDED.cluster_boundary_state, travel_edge = EXCLUDED.travel_edge, member_order = EXCLUDED.member_order;

INSERT INTO tsp_cluster_boundary_state_members (tsp_cluster_boundary_state_member_id, cluster_boundary_state, travel_edge, member_order)
VALUES ('member-cluster-state-asym-3-2-1-4-1', 'cluster-state-asym-3-2-1-4', 'asym-edge-2-3', 1) ON CONFLICT (tsp_cluster_boundary_state_member_id) DO UPDATE SET cluster_boundary_state = EXCLUDED.cluster_boundary_state, travel_edge = EXCLUDED.travel_edge, member_order = EXCLUDED.member_order;

INSERT INTO tsp_cluster_boundary_state_members (tsp_cluster_boundary_state_member_id, cluster_boundary_state, travel_edge, member_order)
VALUES ('member-cluster-state-asym-3-2-1-4-2', 'cluster-state-asym-3-2-1-4', 'asym-edge-1-2', 2) ON CONFLICT (tsp_cluster_boundary_state_member_id) DO UPDATE SET cluster_boundary_state = EXCLUDED.cluster_boundary_state, travel_edge = EXCLUDED.travel_edge, member_order = EXCLUDED.member_order;

INSERT INTO tsp_cluster_boundary_state_members (tsp_cluster_boundary_state_member_id, cluster_boundary_state, travel_edge, member_order)
VALUES ('member-cluster-state-asym-3-2-1-4-3', 'cluster-state-asym-3-2-1-4', 'asym-edge-1-4', 3) ON CONFLICT (tsp_cluster_boundary_state_member_id) DO UPDATE SET cluster_boundary_state = EXCLUDED.cluster_boundary_state, travel_edge = EXCLUDED.travel_edge, member_order = EXCLUDED.member_order;

INSERT INTO tsp_cluster_boundary_state_members (tsp_cluster_boundary_state_member_id, cluster_boundary_state, travel_edge, member_order)
VALUES ('member-cluster-state-r3-a-a1-a2-1', 'cluster-state-r3-a-a1-a2', 'r3-edge-a1-a3', 1) ON CONFLICT (tsp_cluster_boundary_state_member_id) DO UPDATE SET cluster_boundary_state = EXCLUDED.cluster_boundary_state, travel_edge = EXCLUDED.travel_edge, member_order = EXCLUDED.member_order;

INSERT INTO tsp_cluster_boundary_state_members (tsp_cluster_boundary_state_member_id, cluster_boundary_state, travel_edge, member_order)
VALUES ('member-cluster-state-r3-a-a1-a2-2', 'cluster-state-r3-a-a1-a2', 'r3-edge-a2-a3', 2) ON CONFLICT (tsp_cluster_boundary_state_member_id) DO UPDATE SET cluster_boundary_state = EXCLUDED.cluster_boundary_state, travel_edge = EXCLUDED.travel_edge, member_order = EXCLUDED.member_order;

INSERT INTO tsp_cluster_boundary_state_members (tsp_cluster_boundary_state_member_id, cluster_boundary_state, travel_edge, member_order)
VALUES ('member-cluster-state-r3-a-a1-a3-1', 'cluster-state-r3-a-a1-a3', 'r3-edge-a1-a2', 1) ON CONFLICT (tsp_cluster_boundary_state_member_id) DO UPDATE SET cluster_boundary_state = EXCLUDED.cluster_boundary_state, travel_edge = EXCLUDED.travel_edge, member_order = EXCLUDED.member_order;

INSERT INTO tsp_cluster_boundary_state_members (tsp_cluster_boundary_state_member_id, cluster_boundary_state, travel_edge, member_order)
VALUES ('member-cluster-state-r3-a-a1-a3-2', 'cluster-state-r3-a-a1-a3', 'r3-edge-a2-a3', 2) ON CONFLICT (tsp_cluster_boundary_state_member_id) DO UPDATE SET cluster_boundary_state = EXCLUDED.cluster_boundary_state, travel_edge = EXCLUDED.travel_edge, member_order = EXCLUDED.member_order;

INSERT INTO tsp_cluster_boundary_state_members (tsp_cluster_boundary_state_member_id, cluster_boundary_state, travel_edge, member_order)
VALUES ('member-cluster-state-r3-a-a2-a3-1', 'cluster-state-r3-a-a2-a3', 'r3-edge-a1-a2', 1) ON CONFLICT (tsp_cluster_boundary_state_member_id) DO UPDATE SET cluster_boundary_state = EXCLUDED.cluster_boundary_state, travel_edge = EXCLUDED.travel_edge, member_order = EXCLUDED.member_order;

INSERT INTO tsp_cluster_boundary_state_members (tsp_cluster_boundary_state_member_id, cluster_boundary_state, travel_edge, member_order)
VALUES ('member-cluster-state-r3-a-a2-a3-2', 'cluster-state-r3-a-a2-a3', 'r3-edge-a1-a3', 2) ON CONFLICT (tsp_cluster_boundary_state_member_id) DO UPDATE SET cluster_boundary_state = EXCLUDED.cluster_boundary_state, travel_edge = EXCLUDED.travel_edge, member_order = EXCLUDED.member_order;

INSERT INTO tsp_cluster_boundary_state_members (tsp_cluster_boundary_state_member_id, cluster_boundary_state, travel_edge, member_order)
VALUES ('member-cluster-state-r3-b-b1-b2-1', 'cluster-state-r3-b-b1-b2', 'r3-edge-b1-b3', 1) ON CONFLICT (tsp_cluster_boundary_state_member_id) DO UPDATE SET cluster_boundary_state = EXCLUDED.cluster_boundary_state, travel_edge = EXCLUDED.travel_edge, member_order = EXCLUDED.member_order;

INSERT INTO tsp_cluster_boundary_state_members (tsp_cluster_boundary_state_member_id, cluster_boundary_state, travel_edge, member_order)
VALUES ('member-cluster-state-r3-b-b1-b2-2', 'cluster-state-r3-b-b1-b2', 'r3-edge-b2-b3', 2) ON CONFLICT (tsp_cluster_boundary_state_member_id) DO UPDATE SET cluster_boundary_state = EXCLUDED.cluster_boundary_state, travel_edge = EXCLUDED.travel_edge, member_order = EXCLUDED.member_order;

INSERT INTO tsp_cluster_boundary_state_members (tsp_cluster_boundary_state_member_id, cluster_boundary_state, travel_edge, member_order)
VALUES ('member-cluster-state-r3-b-b1-b3-1', 'cluster-state-r3-b-b1-b3', 'r3-edge-b1-b2', 1) ON CONFLICT (tsp_cluster_boundary_state_member_id) DO UPDATE SET cluster_boundary_state = EXCLUDED.cluster_boundary_state, travel_edge = EXCLUDED.travel_edge, member_order = EXCLUDED.member_order;

INSERT INTO tsp_cluster_boundary_state_members (tsp_cluster_boundary_state_member_id, cluster_boundary_state, travel_edge, member_order)
VALUES ('member-cluster-state-r3-b-b1-b3-2', 'cluster-state-r3-b-b1-b3', 'r3-edge-b2-b3', 2) ON CONFLICT (tsp_cluster_boundary_state_member_id) DO UPDATE SET cluster_boundary_state = EXCLUDED.cluster_boundary_state, travel_edge = EXCLUDED.travel_edge, member_order = EXCLUDED.member_order;

INSERT INTO tsp_cluster_boundary_state_members (tsp_cluster_boundary_state_member_id, cluster_boundary_state, travel_edge, member_order)
VALUES ('member-cluster-state-r3-b-b2-b3-1', 'cluster-state-r3-b-b2-b3', 'r3-edge-b1-b2', 1) ON CONFLICT (tsp_cluster_boundary_state_member_id) DO UPDATE SET cluster_boundary_state = EXCLUDED.cluster_boundary_state, travel_edge = EXCLUDED.travel_edge, member_order = EXCLUDED.member_order;

INSERT INTO tsp_cluster_boundary_state_members (tsp_cluster_boundary_state_member_id, cluster_boundary_state, travel_edge, member_order)
VALUES ('member-cluster-state-r3-b-b2-b3-2', 'cluster-state-r3-b-b2-b3', 'r3-edge-b1-b3', 2) ON CONFLICT (tsp_cluster_boundary_state_member_id) DO UPDATE SET cluster_boundary_state = EXCLUDED.cluster_boundary_state, travel_edge = EXCLUDED.travel_edge, member_order = EXCLUDED.member_order;

INSERT INTO tsp_cluster_boundary_state_members (tsp_cluster_boundary_state_member_id, cluster_boundary_state, travel_edge, member_order)
VALUES ('member-cluster-state-r3-c-c1-c2-1', 'cluster-state-r3-c-c1-c2', 'r3-edge-c1-c3', 1) ON CONFLICT (tsp_cluster_boundary_state_member_id) DO UPDATE SET cluster_boundary_state = EXCLUDED.cluster_boundary_state, travel_edge = EXCLUDED.travel_edge, member_order = EXCLUDED.member_order;

INSERT INTO tsp_cluster_boundary_state_members (tsp_cluster_boundary_state_member_id, cluster_boundary_state, travel_edge, member_order)
VALUES ('member-cluster-state-r3-c-c1-c2-2', 'cluster-state-r3-c-c1-c2', 'r3-edge-c2-c3', 2) ON CONFLICT (tsp_cluster_boundary_state_member_id) DO UPDATE SET cluster_boundary_state = EXCLUDED.cluster_boundary_state, travel_edge = EXCLUDED.travel_edge, member_order = EXCLUDED.member_order;

INSERT INTO tsp_cluster_boundary_state_members (tsp_cluster_boundary_state_member_id, cluster_boundary_state, travel_edge, member_order)
VALUES ('member-cluster-state-r3-c-c1-c3-1', 'cluster-state-r3-c-c1-c3', 'r3-edge-c1-c2', 1) ON CONFLICT (tsp_cluster_boundary_state_member_id) DO UPDATE SET cluster_boundary_state = EXCLUDED.cluster_boundary_state, travel_edge = EXCLUDED.travel_edge, member_order = EXCLUDED.member_order;

INSERT INTO tsp_cluster_boundary_state_members (tsp_cluster_boundary_state_member_id, cluster_boundary_state, travel_edge, member_order)
VALUES ('member-cluster-state-r3-c-c1-c3-2', 'cluster-state-r3-c-c1-c3', 'r3-edge-c2-c3', 2) ON CONFLICT (tsp_cluster_boundary_state_member_id) DO UPDATE SET cluster_boundary_state = EXCLUDED.cluster_boundary_state, travel_edge = EXCLUDED.travel_edge, member_order = EXCLUDED.member_order;

INSERT INTO tsp_cluster_boundary_state_members (tsp_cluster_boundary_state_member_id, cluster_boundary_state, travel_edge, member_order)
VALUES ('member-cluster-state-r3-c-c2-c3-1', 'cluster-state-r3-c-c2-c3', 'r3-edge-c1-c2', 1) ON CONFLICT (tsp_cluster_boundary_state_member_id) DO UPDATE SET cluster_boundary_state = EXCLUDED.cluster_boundary_state, travel_edge = EXCLUDED.travel_edge, member_order = EXCLUDED.member_order;

INSERT INTO tsp_cluster_boundary_state_members (tsp_cluster_boundary_state_member_id, cluster_boundary_state, travel_edge, member_order)
VALUES ('member-cluster-state-r3-c-c2-c3-2', 'cluster-state-r3-c-c2-c3', 'r3-edge-c1-c3', 2) ON CONFLICT (tsp_cluster_boundary_state_member_id) DO UPDATE SET cluster_boundary_state = EXCLUDED.cluster_boundary_state, travel_edge = EXCLUDED.travel_edge, member_order = EXCLUDED.member_order;

-- ----------------------------------------------------------------------------
-- TSPClusterContractionCertificates: Finite-fixture certificates measuring neighborhood-state contraction.
-- ----------------------------------------------------------------------------
INSERT INTO tsp_cluster_contraction_certificates (tsp_cluster_contraction_certificate_id, tsp_instance, neighborhood, scope_kind, raw_internal_order_count, surviving_boundary_state_count, raw_combination_count, contracted_combination_count, reduction_pct, is_passing, scope_claim, equivalence_relation, quotient_class_count)
VALUES ('contraction-gridville-west-triangle', 'tsp-twin-triangles-6', 'gridville-west-triangle', 'NEIGHBORHOOD', 6, 3, NULL, NULL, 50, TRUE, 'CERTIFIED_FOR_THREE_STOP_SYMMETRIC_CLUSTER', 'PATH_REVERSAL_WITH_FIXED_UNORDERED_BOUNDARY_AND_COST', 3) ON CONFLICT (tsp_cluster_contraction_certificate_id) DO UPDATE SET tsp_instance = EXCLUDED.tsp_instance, neighborhood = EXCLUDED.neighborhood, scope_kind = EXCLUDED.scope_kind, raw_internal_order_count = EXCLUDED.raw_internal_order_count, surviving_boundary_state_count = EXCLUDED.surviving_boundary_state_count, raw_combination_count = EXCLUDED.raw_combination_count, contracted_combination_count = EXCLUDED.contracted_combination_count, reduction_pct = EXCLUDED.reduction_pct, is_passing = EXCLUDED.is_passing, scope_claim = EXCLUDED.scope_claim, equivalence_relation = EXCLUDED.equivalence_relation, quotient_class_count = EXCLUDED.quotient_class_count;

INSERT INTO tsp_cluster_contraction_certificates (tsp_cluster_contraction_certificate_id, tsp_instance, neighborhood, scope_kind, raw_internal_order_count, surviving_boundary_state_count, raw_combination_count, contracted_combination_count, reduction_pct, is_passing, scope_claim, equivalence_relation, quotient_class_count)
VALUES ('contraction-gridville-east-triangle', 'tsp-twin-triangles-6', 'gridville-east-triangle', 'NEIGHBORHOOD', 6, 3, NULL, NULL, 50, TRUE, 'CERTIFIED_FOR_THREE_STOP_SYMMETRIC_CLUSTER', 'PATH_REVERSAL_WITH_FIXED_UNORDERED_BOUNDARY_AND_COST', 3) ON CONFLICT (tsp_cluster_contraction_certificate_id) DO UPDATE SET tsp_instance = EXCLUDED.tsp_instance, neighborhood = EXCLUDED.neighborhood, scope_kind = EXCLUDED.scope_kind, raw_internal_order_count = EXCLUDED.raw_internal_order_count, surviving_boundary_state_count = EXCLUDED.surviving_boundary_state_count, raw_combination_count = EXCLUDED.raw_combination_count, contracted_combination_count = EXCLUDED.contracted_combination_count, reduction_pct = EXCLUDED.reduction_pct, is_passing = EXCLUDED.is_passing, scope_claim = EXCLUDED.scope_claim, equivalence_relation = EXCLUDED.equivalence_relation, quotient_class_count = EXCLUDED.quotient_class_count;

INSERT INTO tsp_cluster_contraction_certificates (tsp_cluster_contraction_certificate_id, tsp_instance, neighborhood, scope_kind, raw_internal_order_count, surviving_boundary_state_count, raw_combination_count, contracted_combination_count, reduction_pct, is_passing, scope_claim, equivalence_relation, quotient_class_count)
VALUES ('contraction-twin-triangles-composition', 'tsp-twin-triangles-6', NULL, 'INSTANCE_COMPOSITION', 12, 6, 36, 9, 75, TRUE, 'CERTIFIED_FOR_TWO_THREE_STOP_CLUSTERS_ONLY', 'PRODUCT_OF_NEIGHBORHOOD_PATH_REVERSAL_QUOTIENTS', 9) ON CONFLICT (tsp_cluster_contraction_certificate_id) DO UPDATE SET tsp_instance = EXCLUDED.tsp_instance, neighborhood = EXCLUDED.neighborhood, scope_kind = EXCLUDED.scope_kind, raw_internal_order_count = EXCLUDED.raw_internal_order_count, surviving_boundary_state_count = EXCLUDED.surviving_boundary_state_count, raw_combination_count = EXCLUDED.raw_combination_count, contracted_combination_count = EXCLUDED.contracted_combination_count, reduction_pct = EXCLUDED.reduction_pct, is_passing = EXCLUDED.is_passing, scope_claim = EXCLUDED.scope_claim, equivalence_relation = EXCLUDED.equivalence_relation, quotient_class_count = EXCLUDED.quotient_class_count;

INSERT INTO tsp_cluster_contraction_certificates (tsp_cluster_contraction_certificate_id, tsp_instance, neighborhood, scope_kind, raw_internal_order_count, surviving_boundary_state_count, raw_combination_count, contracted_combination_count, reduction_pct, is_passing, scope_claim, equivalence_relation, quotient_class_count)
VALUES ('contraction-asymmetric-four-boundary-fibers', 'tsp-asymmetric-four-4', 'gridville-asymmetric-four', 'NEIGHBORHOOD', 24, 6, NULL, NULL, 75, TRUE, 'CERTIFIED_FOR_ASYMMETRIC_FOUR_STOP_CLUSTER', 'PATH_REVERSAL_THEN_EQUAL_PORT_EQUAL_COVERAGE_COST_DOMINANCE', 12) ON CONFLICT (tsp_cluster_contraction_certificate_id) DO UPDATE SET tsp_instance = EXCLUDED.tsp_instance, neighborhood = EXCLUDED.neighborhood, scope_kind = EXCLUDED.scope_kind, raw_internal_order_count = EXCLUDED.raw_internal_order_count, surviving_boundary_state_count = EXCLUDED.surviving_boundary_state_count, raw_combination_count = EXCLUDED.raw_combination_count, contracted_combination_count = EXCLUDED.contracted_combination_count, reduction_pct = EXCLUDED.reduction_pct, is_passing = EXCLUDED.is_passing, scope_claim = EXCLUDED.scope_claim, equivalence_relation = EXCLUDED.equivalence_relation, quotient_class_count = EXCLUDED.quotient_class_count;

INSERT INTO tsp_cluster_contraction_certificates (tsp_cluster_contraction_certificate_id, tsp_instance, neighborhood, scope_kind, raw_internal_order_count, surviving_boundary_state_count, raw_combination_count, contracted_combination_count, reduction_pct, is_passing, scope_claim, equivalence_relation, quotient_class_count)
VALUES ('contraction-three-region-a', 'tsp-three-regions-9', 'gridville-region-a', 'NEIGHBORHOOD', 6, 3, NULL, NULL, 50, TRUE, 'CERTIFIED_FOR_DECLARED_THREE_STOP_REGION', 'PATH_REVERSAL_WITH_FIXED_UNORDERED_BOUNDARY_AND_COST', 3) ON CONFLICT (tsp_cluster_contraction_certificate_id) DO UPDATE SET tsp_instance = EXCLUDED.tsp_instance, neighborhood = EXCLUDED.neighborhood, scope_kind = EXCLUDED.scope_kind, raw_internal_order_count = EXCLUDED.raw_internal_order_count, surviving_boundary_state_count = EXCLUDED.surviving_boundary_state_count, raw_combination_count = EXCLUDED.raw_combination_count, contracted_combination_count = EXCLUDED.contracted_combination_count, reduction_pct = EXCLUDED.reduction_pct, is_passing = EXCLUDED.is_passing, scope_claim = EXCLUDED.scope_claim, equivalence_relation = EXCLUDED.equivalence_relation, quotient_class_count = EXCLUDED.quotient_class_count;

INSERT INTO tsp_cluster_contraction_certificates (tsp_cluster_contraction_certificate_id, tsp_instance, neighborhood, scope_kind, raw_internal_order_count, surviving_boundary_state_count, raw_combination_count, contracted_combination_count, reduction_pct, is_passing, scope_claim, equivalence_relation, quotient_class_count)
VALUES ('contraction-three-region-b', 'tsp-three-regions-9', 'gridville-region-b', 'NEIGHBORHOOD', 6, 3, NULL, NULL, 50, TRUE, 'CERTIFIED_FOR_DECLARED_THREE_STOP_REGION', 'PATH_REVERSAL_WITH_FIXED_UNORDERED_BOUNDARY_AND_COST', 3) ON CONFLICT (tsp_cluster_contraction_certificate_id) DO UPDATE SET tsp_instance = EXCLUDED.tsp_instance, neighborhood = EXCLUDED.neighborhood, scope_kind = EXCLUDED.scope_kind, raw_internal_order_count = EXCLUDED.raw_internal_order_count, surviving_boundary_state_count = EXCLUDED.surviving_boundary_state_count, raw_combination_count = EXCLUDED.raw_combination_count, contracted_combination_count = EXCLUDED.contracted_combination_count, reduction_pct = EXCLUDED.reduction_pct, is_passing = EXCLUDED.is_passing, scope_claim = EXCLUDED.scope_claim, equivalence_relation = EXCLUDED.equivalence_relation, quotient_class_count = EXCLUDED.quotient_class_count;

INSERT INTO tsp_cluster_contraction_certificates (tsp_cluster_contraction_certificate_id, tsp_instance, neighborhood, scope_kind, raw_internal_order_count, surviving_boundary_state_count, raw_combination_count, contracted_combination_count, reduction_pct, is_passing, scope_claim, equivalence_relation, quotient_class_count)
VALUES ('contraction-three-region-c', 'tsp-three-regions-9', 'gridville-region-c', 'NEIGHBORHOOD', 6, 3, NULL, NULL, 50, TRUE, 'CERTIFIED_FOR_DECLARED_THREE_STOP_REGION', 'PATH_REVERSAL_WITH_FIXED_UNORDERED_BOUNDARY_AND_COST', 3) ON CONFLICT (tsp_cluster_contraction_certificate_id) DO UPDATE SET tsp_instance = EXCLUDED.tsp_instance, neighborhood = EXCLUDED.neighborhood, scope_kind = EXCLUDED.scope_kind, raw_internal_order_count = EXCLUDED.raw_internal_order_count, surviving_boundary_state_count = EXCLUDED.surviving_boundary_state_count, raw_combination_count = EXCLUDED.raw_combination_count, contracted_combination_count = EXCLUDED.contracted_combination_count, reduction_pct = EXCLUDED.reduction_pct, is_passing = EXCLUDED.is_passing, scope_claim = EXCLUDED.scope_claim, equivalence_relation = EXCLUDED.equivalence_relation, quotient_class_count = EXCLUDED.quotient_class_count;

-- ----------------------------------------------------------------------------
-- TSPInferenceRules: Declared structural inference contracts, including soundness, completeness, runtime, memory, applicability, and certificate shape.
-- ----------------------------------------------------------------------------
INSERT INTO tsp_inference_rules (tsp_inference_rule_id, display_name, inference_layer, implementation_status, soundness, completeness, runtime_class, memory_class, applicability, certificate_type, description)
VALUES ('tsp-rule-geographic-normalization', 'City / Neighborhood / Address normalization', 'SEMANTIC_NORMALIZATION', 'EXECUTABLE', 'STRUCTURAL_BY_CONSTRUCTION', 'COMPLETE_FOR_DECLARED_FIXTURE', 'O(V)', 'O(V)', 'Every address has exactly one neighborhood and every neighborhood exactly one city.', 'normalized-spatial-hierarchy', 'Promotes city, neighborhood, and address boundaries to first-class rows instead of opaque labels.') ON CONFLICT (tsp_inference_rule_id) DO UPDATE SET display_name = EXCLUDED.display_name, inference_layer = EXCLUDED.inference_layer, implementation_status = EXCLUDED.implementation_status, soundness = EXCLUDED.soundness, completeness = EXCLUDED.completeness, runtime_class = EXCLUDED.runtime_class, memory_class = EXCLUDED.memory_class, applicability = EXCLUDED.applicability, certificate_type = EXCLUDED.certificate_type, description = EXCLUDED.description;

INSERT INTO tsp_inference_rules (tsp_inference_rule_id, display_name, inference_layer, implementation_status, soundness, completeness, runtime_class, memory_class, applicability, certificate_type, description)
VALUES ('tsp-rule-weighted-edge-normalization', 'Canonical weighted-edge normalization', 'FIRST_ORDER_INFERENCE', 'EXECUTABLE', 'SOUND_FOR_DECLARED_SYMMETRIC_GRAPH_WITH_PAIR_IDENTITY_CHECKS', 'COMPLETE_WHEN_EACH_UNORDERED_REQUIRED_STOP_PAIR_HAS_EXACTLY_ONE_ADMISSIBLE_ROW', 'O(E)', 'O(E)', 'Finite symmetric instance with explicit canonical edge rows.', 'complete-undirected-graph-check', 'Rejects self-loops and cross-instance edges and checks the expected n(n-1)/2 edge count.') ON CONFLICT (tsp_inference_rule_id) DO UPDATE SET display_name = EXCLUDED.display_name, inference_layer = EXCLUDED.inference_layer, implementation_status = EXCLUDED.implementation_status, soundness = EXCLUDED.soundness, completeness = EXCLUDED.completeness, runtime_class = EXCLUDED.runtime_class, memory_class = EXCLUDED.memory_class, applicability = EXCLUDED.applicability, certificate_type = EXCLUDED.certificate_type, description = EXCLUDED.description;

INSERT INTO tsp_inference_rules (tsp_inference_rule_id, display_name, inference_layer, implementation_status, soundness, completeness, runtime_class, memory_class, applicability, certificate_type, description)
VALUES ('tsp-rule-tour-witness-validation', 'Ordered Hamiltonian-cycle witness validation', 'CONSTRAINT_CLOSURE', 'EXECUTABLE', 'SOUND_FOR_EXPLICIT_ORDERED_TOUR_WITNESSES', 'COMPLETE_FOR_VALIDATING_A_SUPPLIED_TOUR_NOT_FOR_FINDING_OR_PROVING_OPTIMALITY', 'O(V+E_TOUR)', 'O(V+E_TOUR)', 'Candidate supplies one ordered visit list and one edge-bound leg per required stop.', 'hamiltonian-cycle-witness', 'Derives supplied-tour validity from visit uniqueness, sequence uniqueness, depot placement, edge membership, global one-in/one-out coverage, unique leg order, and route closure.') ON CONFLICT (tsp_inference_rule_id) DO UPDATE SET display_name = EXCLUDED.display_name, inference_layer = EXCLUDED.inference_layer, implementation_status = EXCLUDED.implementation_status, soundness = EXCLUDED.soundness, completeness = EXCLUDED.completeness, runtime_class = EXCLUDED.runtime_class, memory_class = EXCLUDED.memory_class, applicability = EXCLUDED.applicability, certificate_type = EXCLUDED.certificate_type, description = EXCLUDED.description;

INSERT INTO tsp_inference_rules (tsp_inference_rule_id, display_name, inference_layer, implementation_status, soundness, completeness, runtime_class, memory_class, applicability, certificate_type, description)
VALUES ('tsp-rule-degree-two-forcing', 'Degree-two forced-edge closure', 'SECOND_ORDER_INFERENCE', 'EXECUTABLE', 'SOUND_BY_HAMILTONIAN_DEGREE_TWO_REQUIREMENT', 'LOCAL_FIXED_POINT_RULE_ONLY', 'O(V+E)_PER_ROUND', 'O(V+E)', 'A stop has exactly two remaining admissible incident edges.', 'forced-edge-certificate', 'Next closure target: force both remaining edges at a degree-two stop without branching.') ON CONFLICT (tsp_inference_rule_id) DO UPDATE SET display_name = EXCLUDED.display_name, inference_layer = EXCLUDED.inference_layer, implementation_status = EXCLUDED.implementation_status, soundness = EXCLUDED.soundness, completeness = EXCLUDED.completeness, runtime_class = EXCLUDED.runtime_class, memory_class = EXCLUDED.memory_class, applicability = EXCLUDED.applicability, certificate_type = EXCLUDED.certificate_type, description = EXCLUDED.description;

INSERT INTO tsp_inference_rules (tsp_inference_rule_id, display_name, inference_layer, implementation_status, soundness, completeness, runtime_class, memory_class, applicability, certificate_type, description)
VALUES ('tsp-rule-neighborhood-boundary-state', 'Neighborhood boundary-state contraction', 'THIRD_ORDER_INFERENCE', 'EXECUTABLE_FOR_DECLARED_THREE_STOP_FIXTURE', 'SOUND_FOR_EXPLICIT_CLUSTER_HAMILTONIAN_PATH_STATES_AND_COSTS', 'FINITE_THREE_STOP_SYMMETRIC_CLUSTER_ONLY', 'O(k!)_LOCAL_ENUMERATION_AT_K_EQUALS_3', 'O(STATE_COUNT)', 'Neighborhood clusters expose a finite set of admissible boundary crossings.', 'cluster-boundary-state', 'Future city-scale kernel for contracting internally settled neighborhoods into reusable boundary states.') ON CONFLICT (tsp_inference_rule_id) DO UPDATE SET display_name = EXCLUDED.display_name, inference_layer = EXCLUDED.inference_layer, implementation_status = EXCLUDED.implementation_status, soundness = EXCLUDED.soundness, completeness = EXCLUDED.completeness, runtime_class = EXCLUDED.runtime_class, memory_class = EXCLUDED.memory_class, applicability = EXCLUDED.applicability, certificate_type = EXCLUDED.certificate_type, description = EXCLUDED.description;

INSERT INTO tsp_inference_rules (tsp_inference_rule_id, display_name, inference_layer, implementation_status, soundness, completeness, runtime_class, memory_class, applicability, certificate_type, description)
VALUES ('tsp-rule-frontier-obligation-ledger', 'Typed frontier-obligation ledger', 'SEMANTIC_NORMALIZATION', 'EXECUTABLE', 'STRUCTURAL_STATUS_ACCOUNTING', 'COMPLETE_FOR_CURRENT_DECLARED_FRONTIER', 'O(F)', 'O(F)', 'Every unresolved semantic edge is assigned one obligation kind and one explicit closure criterion.', 'frontier-ledger-certificate', 'Distinguishes external imports from internal inference, certificate, substrate, generalization, and residual-search obligations.') ON CONFLICT (tsp_inference_rule_id) DO UPDATE SET display_name = EXCLUDED.display_name, inference_layer = EXCLUDED.inference_layer, implementation_status = EXCLUDED.implementation_status, soundness = EXCLUDED.soundness, completeness = EXCLUDED.completeness, runtime_class = EXCLUDED.runtime_class, memory_class = EXCLUDED.memory_class, applicability = EXCLUDED.applicability, certificate_type = EXCLUDED.certificate_type, description = EXCLUDED.description;

INSERT INTO tsp_inference_rules (tsp_inference_rule_id, display_name, inference_layer, implementation_status, soundness, completeness, runtime_class, memory_class, applicability, certificate_type, description)
VALUES ('tsp-rule-global-cycle-coverage', 'Global cycle-transition coverage', 'CONSTRAINT_CLOSURE', 'EXECUTABLE', 'SOUND_FOR_EXPLICIT_ORDERED_TOUR_WITNESSES', 'COMPLETE_FOR_GLOBAL_COVERAGE_OF_SUPPLIED_ORDERED_CYCLE_ROWS', 'O(V+E_TOUR)', 'O(V+E_TOUR)', 'Candidate has unique ordered visits and edge-bound leg rows.', 'global-cycle-coverage-certificate', 'Requires every ordered visit to have exactly one incoming and one outgoing valid transition and every leg order to be unique.') ON CONFLICT (tsp_inference_rule_id) DO UPDATE SET display_name = EXCLUDED.display_name, inference_layer = EXCLUDED.inference_layer, implementation_status = EXCLUDED.implementation_status, soundness = EXCLUDED.soundness, completeness = EXCLUDED.completeness, runtime_class = EXCLUDED.runtime_class, memory_class = EXCLUDED.memory_class, applicability = EXCLUDED.applicability, certificate_type = EXCLUDED.certificate_type, description = EXCLUDED.description;

INSERT INTO tsp_inference_rules (tsp_inference_rule_id, display_name, inference_layer, implementation_status, soundness, completeness, runtime_class, memory_class, applicability, certificate_type, description)
VALUES ('tsp-rule-degree-two-lower-bound', 'Degree-two incident-edge lower bound', 'SECOND_ORDER_INFERENCE', 'EXECUTABLE', 'SOUND_BY_HAMILTONIAN_DEGREE_AND_DOUBLE_COUNTING', 'LOWER_BOUND_ONLY', 'O(VE)_FOR_EXPLICIT_WITNESS_ROWS', 'O(VE)', 'Finite symmetric weighted graph with two witnessed cheapest admissible incident edges at every required stop.', 'degree-two-lower-bound-certificate', 'Sums each stop''s two cheapest incident costs, then divides by two because every tour edge contributes at both endpoints.') ON CONFLICT (tsp_inference_rule_id) DO UPDATE SET display_name = EXCLUDED.display_name, inference_layer = EXCLUDED.inference_layer, implementation_status = EXCLUDED.implementation_status, soundness = EXCLUDED.soundness, completeness = EXCLUDED.completeness, runtime_class = EXCLUDED.runtime_class, memory_class = EXCLUDED.memory_class, applicability = EXCLUDED.applicability, certificate_type = EXCLUDED.certificate_type, description = EXCLUDED.description;

INSERT INTO tsp_inference_rules (tsp_inference_rule_id, display_name, inference_layer, implementation_status, soundness, completeness, runtime_class, memory_class, applicability, certificate_type, description)
VALUES ('tsp-rule-bound-equality-optimality', 'Bound-equality finite optimality', 'RIGIDITY', 'EXECUTABLE', 'SOUND_FOR_CERTIFIED_LOWER_BOUND_AND_VALID_CANDIDATE', 'SUFFICIENT_NOT_NECESSARY', 'O(1)_AFTER_CERTIFICATES', 'O(1)', 'Candidate is Hamiltonian, lower bound is certified for the same instance, and candidate cost equals the bound.', 'finite-instance-optimality-certificate', 'Closes optimality for one declared finite instance without enumerating all route classes.') ON CONFLICT (tsp_inference_rule_id) DO UPDATE SET display_name = EXCLUDED.display_name, inference_layer = EXCLUDED.inference_layer, implementation_status = EXCLUDED.implementation_status, soundness = EXCLUDED.soundness, completeness = EXCLUDED.completeness, runtime_class = EXCLUDED.runtime_class, memory_class = EXCLUDED.memory_class, applicability = EXCLUDED.applicability, certificate_type = EXCLUDED.certificate_type, description = EXCLUDED.description;

INSERT INTO tsp_inference_rules (tsp_inference_rule_id, display_name, inference_layer, implementation_status, soundness, completeness, runtime_class, memory_class, applicability, certificate_type, description)
VALUES ('tsp-rule-route-reconstruction', 'Route reconstruction from inferred edge set', 'SPECIALIZATION', 'EXECUTABLE', 'SOUND_FOR_CONNECTED_DEGREE_TWO_EDGE_SET_WITH_DETERMINISTIC_ORIENTATION', 'COMPLETE_FOR_DECLARED_FINITE_EDGE_SET', 'TARGET_O(V+E)', 'TARGET_O(V+E)', 'Inference has selected a connected degree-two edge set with no proper subtour.', 'route-reconstruction-certificate', 'Future rule: order a structurally derived cycle rather than consuming a supplied candidate route.') ON CONFLICT (tsp_inference_rule_id) DO UPDATE SET display_name = EXCLUDED.display_name, inference_layer = EXCLUDED.inference_layer, implementation_status = EXCLUDED.implementation_status, soundness = EXCLUDED.soundness, completeness = EXCLUDED.completeness, runtime_class = EXCLUDED.runtime_class, memory_class = EXCLUDED.memory_class, applicability = EXCLUDED.applicability, certificate_type = EXCLUDED.certificate_type, description = EXCLUDED.description;

INSERT INTO tsp_inference_rules (tsp_inference_rule_id, display_name, inference_layer, implementation_status, soundness, completeness, runtime_class, memory_class, applicability, certificate_type, description)
VALUES ('tsp-rule-substrate-commissioning', 'Substrate commissioning', 'EXECUTION_SUBSTRATE', 'PLANNED', 'UNASSESSED_UNTIL_LOOP_EXECUTION', 'SCOPED_TO_DECLARED_LOOP_FIXTURE', 'TO_BE_MEASURED', 'TO_BE_MEASURED', 'Run the generated Postgres projection, recreate erb_traveling_salesman, compare vw_* results with Python, and record artifact hashes; otherwise record the exact blocking substrate condition.', 'substrate-commissioning-certificate', 'Attempt generated build, database initialization, and peer conformance; blocked attempts are evidence.') ON CONFLICT (tsp_inference_rule_id) DO UPDATE SET display_name = EXCLUDED.display_name, inference_layer = EXCLUDED.inference_layer, implementation_status = EXCLUDED.implementation_status, soundness = EXCLUDED.soundness, completeness = EXCLUDED.completeness, runtime_class = EXCLUDED.runtime_class, memory_class = EXCLUDED.memory_class, applicability = EXCLUDED.applicability, certificate_type = EXCLUDED.certificate_type, description = EXCLUDED.description;

INSERT INTO tsp_inference_rules (tsp_inference_rule_id, display_name, inference_layer, implementation_status, soundness, completeness, runtime_class, memory_class, applicability, certificate_type, description)
VALUES ('tsp-rule-inference-application-spine', 'Inference application spine', 'SEMANTIC_NORMALIZATION', 'PLANNED', 'UNASSESSED_UNTIL_LOOP_EXECUTION', 'SCOPED_TO_DECLARED_LOOP_FIXTURE', 'TO_BE_MEASURED', 'TO_BE_MEASURED', 'Represent local-bound applications, antecedents, selected edge states, and support rows without upgrading selected edges to forced edges.', 'inference-application-spine-certificate', 'Make applications, antecedents, states, decisions, and supports first-class.') ON CONFLICT (tsp_inference_rule_id) DO UPDATE SET display_name = EXCLUDED.display_name, inference_layer = EXCLUDED.inference_layer, implementation_status = EXCLUDED.implementation_status, soundness = EXCLUDED.soundness, completeness = EXCLUDED.completeness, runtime_class = EXCLUDED.runtime_class, memory_class = EXCLUDED.memory_class, applicability = EXCLUDED.applicability, certificate_type = EXCLUDED.certificate_type, description = EXCLUDED.description;

INSERT INTO tsp_inference_rules (tsp_inference_rule_id, display_name, inference_layer, implementation_status, soundness, completeness, runtime_class, memory_class, applicability, certificate_type, description)
VALUES ('tsp-rule-local-bound-edge-union', 'Local-bound edge union', 'SECOND_ORDER_INFERENCE', 'PLANNED', 'UNASSESSED_UNTIL_LOOP_EXECUTION', 'SCOPED_TO_DECLARED_LOOP_FIXTURE', 'TO_BE_MEASURED', 'TO_BE_MEASURED', 'Derive exactly five unique Gridville edges from LocalDegreeBounds and support rows, without using CandidateTour, TourStop, or TourLeg as antecedents.', 'local-bound-edge-union-certificate', 'Deduplicate supported local edge selections into a derived edge set.') ON CONFLICT (tsp_inference_rule_id) DO UPDATE SET display_name = EXCLUDED.display_name, inference_layer = EXCLUDED.inference_layer, implementation_status = EXCLUDED.implementation_status, soundness = EXCLUDED.soundness, completeness = EXCLUDED.completeness, runtime_class = EXCLUDED.runtime_class, memory_class = EXCLUDED.memory_class, applicability = EXCLUDED.applicability, certificate_type = EXCLUDED.certificate_type, description = EXCLUDED.description;

INSERT INTO tsp_inference_rules (tsp_inference_rule_id, display_name, inference_layer, implementation_status, soundness, completeness, runtime_class, memory_class, applicability, certificate_type, description)
VALUES ('tsp-rule-connected-degree-two-certificate', 'Connected degree-two certificate', 'RIGIDITY', 'PLANNED', 'UNASSESSED_UNTIL_LOOP_EXECUTION', 'SCOPED_TO_DECLARED_LOOP_FIXTURE', 'TO_BE_MEASURED', 'TO_BE_MEASURED', 'Witness selected degree two at all five stops, one connected component, a four-edge spanning tree, and zero proper subtours.', 'connected-degree-two-certificate-certificate', 'Certify degree two, connectedness, spanning-tree coverage, and absence of proper subtours.') ON CONFLICT (tsp_inference_rule_id) DO UPDATE SET display_name = EXCLUDED.display_name, inference_layer = EXCLUDED.inference_layer, implementation_status = EXCLUDED.implementation_status, soundness = EXCLUDED.soundness, completeness = EXCLUDED.completeness, runtime_class = EXCLUDED.runtime_class, memory_class = EXCLUDED.memory_class, applicability = EXCLUDED.applicability, certificate_type = EXCLUDED.certificate_type, description = EXCLUDED.description;

INSERT INTO tsp_inference_rules (tsp_inference_rule_id, display_name, inference_layer, implementation_status, soundness, completeness, runtime_class, memory_class, applicability, certificate_type, description)
VALUES ('tsp-rule-derived-search-accounting', 'Derived search accounting', 'MEASUREMENT', 'PLANNED', 'UNASSESSED_UNTIL_LOOP_EXECUTION', 'SCOPED_TO_DECLARED_LOOP_FIXTURE', 'TO_BE_MEASURED', 'TO_BE_MEASURED', 'Derive 12 initial symmetry-reduced classes, one surviving reconstructed class, zero branch decisions, zero backtracks, and zero residual ambiguity for Gridville.', 'derived-search-accounting-certificate', 'Derive route-class and branch metrics from structural closure.') ON CONFLICT (tsp_inference_rule_id) DO UPDATE SET display_name = EXCLUDED.display_name, inference_layer = EXCLUDED.inference_layer, implementation_status = EXCLUDED.implementation_status, soundness = EXCLUDED.soundness, completeness = EXCLUDED.completeness, runtime_class = EXCLUDED.runtime_class, memory_class = EXCLUDED.memory_class, applicability = EXCLUDED.applicability, certificate_type = EXCLUDED.certificate_type, description = EXCLUDED.description;

INSERT INTO tsp_inference_rules (tsp_inference_rule_id, display_name, inference_layer, implementation_status, soundness, completeness, runtime_class, memory_class, applicability, certificate_type, description)
VALUES ('tsp-rule-non-tight-lower-bound-counterexample', 'Non-tight lower-bound counterexample', 'COUNTERFACTUAL', 'PLANNED', 'UNASSESSED_UNTIL_LOOP_EXECUTION', 'SCOPED_TO_DECLARED_LOOP_FIXTURE', 'TO_BE_MEASURED', 'TO_BE_MEASURED', 'Represent six stops in two cheap triangles with expensive crossings; certify lower bound 6, candidate cost 24, two selected components, and no optimality or route-reconstruction certificate.', 'non-tight-lower-bound-counterexample-certificate', 'Require sound lower bounds to remain distinct from tightness, connectedness, reconstruction, and optimality.') ON CONFLICT (tsp_inference_rule_id) DO UPDATE SET display_name = EXCLUDED.display_name, inference_layer = EXCLUDED.inference_layer, implementation_status = EXCLUDED.implementation_status, soundness = EXCLUDED.soundness, completeness = EXCLUDED.completeness, runtime_class = EXCLUDED.runtime_class, memory_class = EXCLUDED.memory_class, applicability = EXCLUDED.applicability, certificate_type = EXCLUDED.certificate_type, description = EXCLUDED.description;

INSERT INTO tsp_inference_rules (tsp_inference_rule_id, display_name, inference_layer, implementation_status, soundness, completeness, runtime_class, memory_class, applicability, certificate_type, description)
VALUES ('tsp-rule-forbidden-edge-propagation', 'Forbidden-edge propagation', 'CONSTRAINT_CLOSURE', 'EXECUTABLE', 'SOUND_FOR_DECLARED_DEGREE_AND_PROPER_SUBTOUR_PRECONDITIONS', 'LOCAL_PROPAGATION_ONLY', 'O(V+E)_PER_ROUND', 'O(V+E)', 'Forbid the sparse B-D chord by degree saturation and forbid a twin-triangle closing edge because it would close a proper subtour, with replayable reason codes.', 'forbidden-edge-propagation-certificate', 'Forbid edges by degree saturation or proper-subtour prevention.') ON CONFLICT (tsp_inference_rule_id) DO UPDATE SET display_name = EXCLUDED.display_name, inference_layer = EXCLUDED.inference_layer, implementation_status = EXCLUDED.implementation_status, soundness = EXCLUDED.soundness, completeness = EXCLUDED.completeness, runtime_class = EXCLUDED.runtime_class, memory_class = EXCLUDED.memory_class, applicability = EXCLUDED.applicability, certificate_type = EXCLUDED.certificate_type, description = EXCLUDED.description;

INSERT INTO tsp_inference_rules (tsp_inference_rule_id, display_name, inference_layer, implementation_status, soundness, completeness, runtime_class, memory_class, applicability, certificate_type, description)
VALUES ('tsp-rule-proper-subtour-forbidding', 'Proper-subtour forbidding', 'CONSTRAINT_CLOSURE', 'EXECUTABLE', 'SOUND_FOR_DECLARED_DEGREE_AND_PROPER_SUBTOUR_PRECONDITIONS', 'LOCAL_PROPAGATION_ONLY', 'O(V+E)_PER_ROUND', 'O(V+E)', 'Forbid the sparse B-D chord by degree saturation and forbid a twin-triangle closing edge because it would close a proper subtour, with replayable reason codes.', 'proper-subtour-forbidding-certificate', 'Forbid an edge when adding it would close a cycle excluding required stops.') ON CONFLICT (tsp_inference_rule_id) DO UPDATE SET display_name = EXCLUDED.display_name, inference_layer = EXCLUDED.inference_layer, implementation_status = EXCLUDED.implementation_status, soundness = EXCLUDED.soundness, completeness = EXCLUDED.completeness, runtime_class = EXCLUDED.runtime_class, memory_class = EXCLUDED.memory_class, applicability = EXCLUDED.applicability, certificate_type = EXCLUDED.certificate_type, description = EXCLUDED.description;

INSERT INTO tsp_inference_rules (tsp_inference_rule_id, display_name, inference_layer, implementation_status, soundness, completeness, runtime_class, memory_class, applicability, certificate_type, description)
VALUES ('tsp-rule-predicate-invention', 'DAG predicate invention', 'SEMANTIC_REDUCTION', 'PLANNED', 'STRUCTURAL_DEFINITION_AND_CONFORMANCE_ONLY', 'EMPIRICAL_FOR_CURRENT_DOMAIN', 'O(C+M)', 'O(C+M)', 'A recurring surface vocabulary admits explicit definitions over a smaller basis with replayable source mappings.', 'predicate-reduction-certificate', 'Invent predicates by composing witnessed DAG structure, then retain old names as projections rather than primitives.') ON CONFLICT (tsp_inference_rule_id) DO UPDATE SET display_name = EXCLUDED.display_name, inference_layer = EXCLUDED.inference_layer, implementation_status = EXCLUDED.implementation_status, soundness = EXCLUDED.soundness, completeness = EXCLUDED.completeness, runtime_class = EXCLUDED.runtime_class, memory_class = EXCLUDED.memory_class, applicability = EXCLUDED.applicability, certificate_type = EXCLUDED.certificate_type, description = EXCLUDED.description;

INSERT INTO tsp_inference_rules (tsp_inference_rule_id, display_name, inference_layer, implementation_status, soundness, completeness, runtime_class, memory_class, applicability, certificate_type, description)
VALUES ('tsp-rule-cut-parity', 'Positive even cut crossing', 'CONNECTIVITY', 'EXECUTABLE', 'SOUND_FOR_UNDIRECTED_CYCLES_AND_NONTRIVIAL_CUTS', 'LOWER_BOUND_ON_CROSSING_COUNT_ONLY', 'O(V+E)', 'O(V+E)', 'A selected structure has more than one connected component and a Hamiltonian cycle must connect both sides of a nontrivial cut.', 'cut-parity-certificate', 'Any cycle crosses a cut an even number of times; connected coverage makes the count positive, hence at least two.') ON CONFLICT (tsp_inference_rule_id) DO UPDATE SET display_name = EXCLUDED.display_name, inference_layer = EXCLUDED.inference_layer, implementation_status = EXCLUDED.implementation_status, soundness = EXCLUDED.soundness, completeness = EXCLUDED.completeness, runtime_class = EXCLUDED.runtime_class, memory_class = EXCLUDED.memory_class, applicability = EXCLUDED.applicability, certificate_type = EXCLUDED.certificate_type, description = EXCLUDED.description;

INSERT INTO tsp_inference_rules (tsp_inference_rule_id, display_name, inference_layer, implementation_status, soundness, completeness, runtime_class, memory_class, applicability, certificate_type, description)
VALUES ('tsp-rule-component-repair-bound', 'Component repair lower bound', 'LOWER_BOUND', 'EXECUTABLE', 'SOUND_FOR_WITNESSED_TWO_FACTOR_COMPONENTS_AND_EDGE_COST_MINIMA', 'SUFFICIENT_ADDITIVE_REPAIR_BOUND', 'O(E)', 'O(E)', 'A certified local two-factor is disconnected, cut parity supplies mandatory crossings, and insertion/release costs are witnessed.', 'component-repair-bound-certificate', 'Strengthen a local degree bound by the cheapest witnessed cost of repairing disconnected components into one cycle.') ON CONFLICT (tsp_inference_rule_id) DO UPDATE SET display_name = EXCLUDED.display_name, inference_layer = EXCLUDED.inference_layer, implementation_status = EXCLUDED.implementation_status, soundness = EXCLUDED.soundness, completeness = EXCLUDED.completeness, runtime_class = EXCLUDED.runtime_class, memory_class = EXCLUDED.memory_class, applicability = EXCLUDED.applicability, certificate_type = EXCLUDED.certificate_type, description = EXCLUDED.description;

INSERT INTO tsp_inference_rules (tsp_inference_rule_id, display_name, inference_layer, implementation_status, soundness, completeness, runtime_class, memory_class, applicability, certificate_type, description)
VALUES ('tsp-rule-witness-normal-form', 'Witness normal-form projection', 'SEMANTIC_REDUCTION', 'EXECUTABLE', 'SOUND_WHEN_COVERAGE_ORDER_INCIDENCE_CONNECTIVITY_COST_AND_PROVENANCE_ARE_PRESERVED', 'CURRENT_CYCLE_AND_PATH_WITNESS_FAMILIES', 'O(V+E)', 'O(V+E)', 'A supplied, reconstructed, or contracted witness exposes explicit coverage, edge count, cost, defects, and provenance.', 'witness-normal-form-certificate', 'Treat cycles and paths as one witnessed shape; supplied versus reconstructed becomes provenance rather than ontology.') ON CONFLICT (tsp_inference_rule_id) DO UPDATE SET display_name = EXCLUDED.display_name, inference_layer = EXCLUDED.inference_layer, implementation_status = EXCLUDED.implementation_status, soundness = EXCLUDED.soundness, completeness = EXCLUDED.completeness, runtime_class = EXCLUDED.runtime_class, memory_class = EXCLUDED.memory_class, applicability = EXCLUDED.applicability, certificate_type = EXCLUDED.certificate_type, description = EXCLUDED.description;

INSERT INTO tsp_inference_rules (tsp_inference_rule_id, display_name, inference_layer, implementation_status, soundness, completeness, runtime_class, memory_class, applicability, certificate_type, description)
VALUES ('tsp-rule-semantic-quotient', 'Semantic quotient contraction', 'SEMANTIC_REDUCTION', 'EXECUTABLE', 'SOUND_FOR_EXPLICIT_EQUIVALENCE_RELATION_AND_REPRESENTATIVE_COVERAGE', 'CURRENT_BOUNDARY_AND_COMPONENT_FIXTURES', 'O(S_LOG_S)', 'O(S)', 'Multiple raw witnesses preserve the same boundary signature, coverage, cost, and expansion semantics.', 'semantic-quotient-certificate', 'Collapse raw witnesses into equivalence classes while retaining expansion certificates.') ON CONFLICT (tsp_inference_rule_id) DO UPDATE SET display_name = EXCLUDED.display_name, inference_layer = EXCLUDED.inference_layer, implementation_status = EXCLUDED.implementation_status, soundness = EXCLUDED.soundness, completeness = EXCLUDED.completeness, runtime_class = EXCLUDED.runtime_class, memory_class = EXCLUDED.memory_class, applicability = EXCLUDED.applicability, certificate_type = EXCLUDED.certificate_type, description = EXCLUDED.description;

INSERT INTO tsp_inference_rules (tsp_inference_rule_id, display_name, inference_layer, implementation_status, soundness, completeness, runtime_class, memory_class, applicability, certificate_type, description)
VALUES ('tsp-rule-closure-event', 'Closure-event normalization', 'EXECUTION_GEOMETRY', 'EXECUTABLE', 'STRUCTURAL_PROJECTION_OF_EXISTING_CERTIFIED_STEPS', 'REPRESENTATIVE_CURRENT_PIPELINE', 'O(A+D)', 'O(A+D)', 'An inference step has a rule, input state, output state, antecedent count, decision count, and certificate.', 'closure-event-certificate', 'Collapse applications, rounds, supports, antecedents, and decisions into one event vocabulary.') ON CONFLICT (tsp_inference_rule_id) DO UPDATE SET display_name = EXCLUDED.display_name, inference_layer = EXCLUDED.inference_layer, implementation_status = EXCLUDED.implementation_status, soundness = EXCLUDED.soundness, completeness = EXCLUDED.completeness, runtime_class = EXCLUDED.runtime_class, memory_class = EXCLUDED.memory_class, applicability = EXCLUDED.applicability, certificate_type = EXCLUDED.certificate_type, description = EXCLUDED.description;

INSERT INTO tsp_inference_rules (tsp_inference_rule_id, display_name, inference_layer, implementation_status, soundness, completeness, runtime_class, memory_class, applicability, certificate_type, description)
VALUES ('tsp-rule-atom-operator-refinement', 'Atom/operator semantic refinement', 'SEMANTIC_REDUCTION', 'PLANNED', 'DEFINITIONAL_REFACTOR_WITH_EXPLICIT_HISTORICAL_PROJECTIONS', 'EMPIRICAL_FOR_REGISTERED_CURRENT_DOMAIN', 'O(C)', 'O(C)', 'Registered concepts admit explicit definitions over fewer relational atoms and named operators.', 'atom-operator-basis-certificate', 'Separate relational atoms from closure operators while preserving every historical concept as a replayable definition.') ON CONFLICT (tsp_inference_rule_id) DO UPDATE SET display_name = EXCLUDED.display_name, inference_layer = EXCLUDED.inference_layer, implementation_status = EXCLUDED.implementation_status, soundness = EXCLUDED.soundness, completeness = EXCLUDED.completeness, runtime_class = EXCLUDED.runtime_class, memory_class = EXCLUDED.memory_class, applicability = EXCLUDED.applicability, certificate_type = EXCLUDED.certificate_type, description = EXCLUDED.description;

INSERT INTO tsp_inference_rules (tsp_inference_rule_id, display_name, inference_layer, implementation_status, soundness, completeness, runtime_class, memory_class, applicability, certificate_type, description)
VALUES ('tsp-rule-operator-lift', 'Semantic operator lift', 'SEMANTIC_REDUCTION', 'PLANNED', 'SOUND_WHEN_OPERATOR_INPUT_OUTPUT_AND_WARRANT_ARE_EXPLICIT', 'CURRENT_CLOSURE_AGGREGATE_QUOTIENT_FIXPOINT_FAMILIES', 'OPERATOR_DEPENDENT', 'OPERATOR_DEPENDENT', 'A recurring derived relation is produced by a reusable transformation over typed atoms.', 'semantic-operator-certificate', 'Promote closure, aggregation, quotient, and fixed-point transformations to reusable operators rather than primitive predicates.') ON CONFLICT (tsp_inference_rule_id) DO UPDATE SET display_name = EXCLUDED.display_name, inference_layer = EXCLUDED.inference_layer, implementation_status = EXCLUDED.implementation_status, soundness = EXCLUDED.soundness, completeness = EXCLUDED.completeness, runtime_class = EXCLUDED.runtime_class, memory_class = EXCLUDED.memory_class, applicability = EXCLUDED.applicability, certificate_type = EXCLUDED.certificate_type, description = EXCLUDED.description;

INSERT INTO tsp_inference_rules (tsp_inference_rule_id, display_name, inference_layer, implementation_status, soundness, completeness, runtime_class, memory_class, applicability, certificate_type, description)
VALUES ('tsp-rule-boundary-fiber', 'Boundary-fiber normalization', 'SEMANTIC_QUOTIENT', 'PLANNED', 'SOUND_FOR_EXPLICIT_HAMILTONIAN_PATH_EXPANSIONS', 'FINITE_DECLARED_CLUSTER', 'O(P)', 'O(P)', 'Internal path witnesses expose a scope, two ports, full coverage, edge members, order, and cost.', 'boundary-fiber-certificate', 'Group internal path witnesses that share the same typed boundary ports and coverage scope.') ON CONFLICT (tsp_inference_rule_id) DO UPDATE SET display_name = EXCLUDED.display_name, inference_layer = EXCLUDED.inference_layer, implementation_status = EXCLUDED.implementation_status, soundness = EXCLUDED.soundness, completeness = EXCLUDED.completeness, runtime_class = EXCLUDED.runtime_class, memory_class = EXCLUDED.memory_class, applicability = EXCLUDED.applicability, certificate_type = EXCLUDED.certificate_type, description = EXCLUDED.description;

INSERT INTO tsp_inference_rules (tsp_inference_rule_id, display_name, inference_layer, implementation_status, soundness, completeness, runtime_class, memory_class, applicability, certificate_type, description)
VALUES ('tsp-rule-fiber-dominance', 'Boundary-fiber valuation dominance', 'SEMANTIC_QUOTIENT', 'PLANNED', 'SOUND_FOR_EQUAL_PORT_EQUAL_COVERAGE_PATHS_WITH_ADDITIVE_COST', 'FINITE_DECLARED_FIBERS', 'O(P_LOG_P)', 'O(P)', 'Two or more valid path witnesses share a boundary fiber and differ only in internal order and valuation.', 'fiber-minimum-certificate', 'Retain minimum-valued representatives within each boundary fiber and preserve dominated witnesses as expandable provenance.') ON CONFLICT (tsp_inference_rule_id) DO UPDATE SET display_name = EXCLUDED.display_name, inference_layer = EXCLUDED.inference_layer, implementation_status = EXCLUDED.implementation_status, soundness = EXCLUDED.soundness, completeness = EXCLUDED.completeness, runtime_class = EXCLUDED.runtime_class, memory_class = EXCLUDED.memory_class, applicability = EXCLUDED.applicability, certificate_type = EXCLUDED.certificate_type, description = EXCLUDED.description;

INSERT INTO tsp_inference_rules (tsp_inference_rule_id, display_name, inference_layer, implementation_status, soundness, completeness, runtime_class, memory_class, applicability, certificate_type, description)
VALUES ('tsp-rule-coherence-measurement', 'Multidimensional coherence measurement', 'SEMANTIC_REDUCTION', 'PLANNED', 'STRUCTURAL_MEASUREMENT_WITHOUT_SCALARIZING_INCOMPARABLE_DIMENSIONS', 'CURRENT_REPRESENTED_DOMAIN', 'O(C+F)', 'O(1)_AFTER_COUNTS', 'A versioned concept registry, frontier ledger, and physical schema are available.', 'coherence-vector-certificate', 'Measure semantic basis, physical size, open frontier, and named vocabulary separately so local expansion is not mistaken for entropy.') ON CONFLICT (tsp_inference_rule_id) DO UPDATE SET display_name = EXCLUDED.display_name, inference_layer = EXCLUDED.inference_layer, implementation_status = EXCLUDED.implementation_status, soundness = EXCLUDED.soundness, completeness = EXCLUDED.completeness, runtime_class = EXCLUDED.runtime_class, memory_class = EXCLUDED.memory_class, applicability = EXCLUDED.applicability, certificate_type = EXCLUDED.certificate_type, description = EXCLUDED.description;

INSERT INTO tsp_inference_rules (tsp_inference_rule_id, display_name, inference_layer, implementation_status, soundness, completeness, runtime_class, memory_class, applicability, certificate_type, description)
VALUES ('tsp-rule-semantic-arc-refinement', 'Typed semantic-arc refinement', 'SEMANTIC_REDUCTION', 'PLANNED', 'DEFINITIONAL_WHEN_SIGNATURES_AND_RECOVERY_VIEWS_ARE_EXPLICIT', 'REGISTERED_CURRENT_CONCEPTS', 'O(C)', 'O(C)', 'Active ternary atoms share a subject-label-target form and retain typed label and target sorts.', 'semantic-arc-recoverability-certificate', 'Collapse attachment, valuation, and warrant to one typed arc without accepting an untyped triple-store tautology.') ON CONFLICT (tsp_inference_rule_id) DO UPDATE SET display_name = EXCLUDED.display_name, inference_layer = EXCLUDED.inference_layer, implementation_status = EXCLUDED.implementation_status, soundness = EXCLUDED.soundness, completeness = EXCLUDED.completeness, runtime_class = EXCLUDED.runtime_class, memory_class = EXCLUDED.memory_class, applicability = EXCLUDED.applicability, certificate_type = EXCLUDED.certificate_type, description = EXCLUDED.description;

INSERT INTO tsp_inference_rules (tsp_inference_rule_id, display_name, inference_layer, implementation_status, soundness, completeness, runtime_class, memory_class, applicability, certificate_type, description)
VALUES ('tsp-rule-warranted-rewrite', 'Warranted semantic rewrite', 'EXECUTION_GEOMETRY', 'PLANNED', 'SOUND_WHEN_INPUT_OUTPUT_POLARITY_TERMINATION_AND_EXPANSION_WARRANTS_ARE_EXPLICIT', 'CURRENT_SATURATION_AND_FIBER_REDUCTION_FAMILIES', 'MODE_DEPENDENT', 'MODE_DEPENDENT', 'A transformation maps one semantic-arc state to another and exposes its warrant and polarity.', 'warranted-rewrite-certificate', 'Unify expansive saturation and contractive fiber reduction while preserving their distinct modes.') ON CONFLICT (tsp_inference_rule_id) DO UPDATE SET display_name = EXCLUDED.display_name, inference_layer = EXCLUDED.inference_layer, implementation_status = EXCLUDED.implementation_status, soundness = EXCLUDED.soundness, completeness = EXCLUDED.completeness, runtime_class = EXCLUDED.runtime_class, memory_class = EXCLUDED.memory_class, applicability = EXCLUDED.applicability, certificate_type = EXCLUDED.certificate_type, description = EXCLUDED.description;

INSERT INTO tsp_inference_rules (tsp_inference_rule_id, display_name, inference_layer, implementation_status, soundness, completeness, runtime_class, memory_class, applicability, certificate_type, description)
VALUES ('tsp-rule-region-interface', 'Region interface normalization', 'SEMANTIC_QUOTIENT', 'PLANNED', 'SOUND_FOR_EXPLICIT_PORT_COVERAGE_COST_AND_EXPANSION_WITNESSES', 'DECLARED_FINITE_REGIONS', 'O(S)', 'O(S)', 'A connected internal scope exposes finite entry/exit states and an expansion witness.', 'region-interface-certificate', 'Treat neighborhoods, components, and boundary fibers as one port-bearing region contract.') ON CONFLICT (tsp_inference_rule_id) DO UPDATE SET display_name = EXCLUDED.display_name, inference_layer = EXCLUDED.inference_layer, implementation_status = EXCLUDED.implementation_status, soundness = EXCLUDED.soundness, completeness = EXCLUDED.completeness, runtime_class = EXCLUDED.runtime_class, memory_class = EXCLUDED.memory_class, applicability = EXCLUDED.applicability, certificate_type = EXCLUDED.certificate_type, description = EXCLUDED.description;

INSERT INTO tsp_inference_rules (tsp_inference_rule_id, display_name, inference_layer, implementation_status, soundness, completeness, runtime_class, memory_class, applicability, certificate_type, description)
VALUES ('tsp-rule-boundary-handshake', 'Quotient boundary handshake', 'CONNECTIVITY', 'EXECUTABLE', 'SOUND_FOR_UNDIRECTED_QUOTIENT_CYCLES', 'LOWER_BOUND_ON_CROSSING_EDGE_COUNT', 'O(R)', 'O(1)', 'Every quotient region in the target cycle has required external degree two.', 'boundary-handshake-certificate', 'Sum quotient boundary degrees and divide by two because each crossing edge is incident to two regions.') ON CONFLICT (tsp_inference_rule_id) DO UPDATE SET display_name = EXCLUDED.display_name, inference_layer = EXCLUDED.inference_layer, implementation_status = EXCLUDED.implementation_status, soundness = EXCLUDED.soundness, completeness = EXCLUDED.completeness, runtime_class = EXCLUDED.runtime_class, memory_class = EXCLUDED.memory_class, applicability = EXCLUDED.applicability, certificate_type = EXCLUDED.certificate_type, description = EXCLUDED.description;

INSERT INTO tsp_inference_rules (tsp_inference_rule_id, display_name, inference_layer, implementation_status, soundness, completeness, runtime_class, memory_class, applicability, certificate_type, description)
VALUES ('tsp-rule-region-repair-equation', 'Multi-region repair equation', 'LOWER_BOUND', 'EXECUTABLE', 'SOUND_FOR_WITNESSED_EQUAL_INTERNAL_RELEASE_COST_AND_MINIMUM_CROSSING_COST', 'DECLARED_THREE_TRIANGLE_FIXTURE', 'O(E)', 'O(E)', 'A disconnected local two-factor, quotient crossing demand, insertion minima, and release credits are explicitly witnessed.', 'region-repair-equation-certificate', 'Compose local degree cost with signed crossing insertions and necessary internal releases.') ON CONFLICT (tsp_inference_rule_id) DO UPDATE SET display_name = EXCLUDED.display_name, inference_layer = EXCLUDED.inference_layer, implementation_status = EXCLUDED.implementation_status, soundness = EXCLUDED.soundness, completeness = EXCLUDED.completeness, runtime_class = EXCLUDED.runtime_class, memory_class = EXCLUDED.memory_class, applicability = EXCLUDED.applicability, certificate_type = EXCLUDED.certificate_type, description = EXCLUDED.description;

INSERT INTO tsp_inference_rules (tsp_inference_rule_id, display_name, inference_layer, implementation_status, soundness, completeness, runtime_class, memory_class, applicability, certificate_type, description)
VALUES ('tsp-rule-balanced-edge-exchange', 'Balanced edge exchange', 'CONSTRUCTION', 'EXECUTABLE', 'SOUND_WHEN_ADDED_AND_RELEASED_INCIDENCE_BALANCE_AT_EVERY_STOP', 'DECLARED_THREE_REGION_FIXTURE', 'O(V+E)', 'O(V+E)', 'A repair equation identifies crossing insertions and internal releases that preserve degree two.', 'balanced-edge-exchange-certificate', 'Replace local cycle edges with crossing edges while preserving incidence and certifying one connected cycle.') ON CONFLICT (tsp_inference_rule_id) DO UPDATE SET display_name = EXCLUDED.display_name, inference_layer = EXCLUDED.inference_layer, implementation_status = EXCLUDED.implementation_status, soundness = EXCLUDED.soundness, completeness = EXCLUDED.completeness, runtime_class = EXCLUDED.runtime_class, memory_class = EXCLUDED.memory_class, applicability = EXCLUDED.applicability, certificate_type = EXCLUDED.certificate_type, description = EXCLUDED.description;

INSERT INTO tsp_inference_rules (tsp_inference_rule_id, display_name, inference_layer, implementation_status, soundness, completeness, runtime_class, memory_class, applicability, certificate_type, description)
VALUES ('tsp-rule-optimal-face', 'Optimal-face value and choice separation', 'RIGIDITY', 'EXECUTABLE', 'SOUND_FOR_MULTIPLE_VALID_WITNESSES_EQUAL_TO_ONE_CERTIFIED_LOWER_BOUND', 'DECLARED_FOUR_STOP_FIXTURE', 'O(W)', 'O(W)', 'Two or more non-equivalent valid witnesses attain the same certified optimum value.', 'optimal-face-certificate', 'Close the optimum value without falsely claiming a unique optimal witness.') ON CONFLICT (tsp_inference_rule_id) DO UPDATE SET display_name = EXCLUDED.display_name, inference_layer = EXCLUDED.inference_layer, implementation_status = EXCLUDED.implementation_status, soundness = EXCLUDED.soundness, completeness = EXCLUDED.completeness, runtime_class = EXCLUDED.runtime_class, memory_class = EXCLUDED.memory_class, applicability = EXCLUDED.applicability, certificate_type = EXCLUDED.certificate_type, description = EXCLUDED.description;

INSERT INTO tsp_inference_rules (tsp_inference_rule_id, display_name, inference_layer, implementation_status, soundness, completeness, runtime_class, memory_class, applicability, certificate_type, description)
VALUES ('tsp-rule-branch-warrant', 'Residual branch warrant', 'RESIDUAL_SEARCH', 'EXECUTABLE', 'EPISTEMIC_STATUS_RULE', 'CURRENT_VALUE_CLOSED_CHOICE_OPEN_FIXTURE', 'O(1)_AFTER_CERTIFICATES', 'O(1)', 'Deterministic closure is complete and a residual orbit remains; branch purpose and external selection policy are explicit.', 'branch-warrant-certificate', 'Permit branching only for an unresolved value defect or an explicit external representative-selection policy.') ON CONFLICT (tsp_inference_rule_id) DO UPDATE SET display_name = EXCLUDED.display_name, inference_layer = EXCLUDED.inference_layer, implementation_status = EXCLUDED.implementation_status, soundness = EXCLUDED.soundness, completeness = EXCLUDED.completeness, runtime_class = EXCLUDED.runtime_class, memory_class = EXCLUDED.memory_class, applicability = EXCLUDED.applicability, certificate_type = EXCLUDED.certificate_type, description = EXCLUDED.description;

-- ----------------------------------------------------------------------------
-- TSPFrontierObligations: Typed ledger of open and closed semantic frontier obligations. Imported dependencies are used only when an external provider conclusion is actually consumed.
-- ----------------------------------------------------------------------------
INSERT INTO tsp_frontier_obligations (tsp_frontier_obligation_id, display_name, obligation_kind, status, inference_rule, opened_by_loop, closed_by_loop, trust_disposition, closure_criterion, certificate_type)
VALUES ('frontier-global-cycle-coverage', 'Global transition coverage', 'INFERENCE_OBLIGATION', 'CLOSED', 'tsp-rule-global-cycle-coverage', 'tsp-loop-580', 'tsp-loop-583', 'INTERNALIZED_FROM_ORDERED_CYCLE_DEFINITION', 'Every visit has exactly one incoming and one outgoing valid transition; adversarial duplicated-transition witness is rejected.', 'global-cycle-coverage-certificate') ON CONFLICT (tsp_frontier_obligation_id) DO UPDATE SET display_name = EXCLUDED.display_name, obligation_kind = EXCLUDED.obligation_kind, status = EXCLUDED.status, inference_rule = EXCLUDED.inference_rule, opened_by_loop = EXCLUDED.opened_by_loop, closed_by_loop = EXCLUDED.closed_by_loop, trust_disposition = EXCLUDED.trust_disposition, closure_criterion = EXCLUDED.closure_criterion, certificate_type = EXCLUDED.certificate_type;

INSERT INTO tsp_frontier_obligations (tsp_frontier_obligation_id, display_name, obligation_kind, status, inference_rule, opened_by_loop, closed_by_loop, trust_disposition, closure_criterion, certificate_type)
VALUES ('frontier-canonical-edge-pairs', 'Canonical unordered edge-pair completeness', 'INFERENCE_OBLIGATION', 'CLOSED', 'tsp-rule-weighted-edge-normalization', 'tsp-loop-578', 'tsp-loop-584', 'INTERNALIZED_FROM_PAIR_IDENTITY_AND_MULTIPLICITY', 'Expected edge count, pair-key correctness, pair uniqueness, endpoint order, and negative duplicate-pair fixture all agree.', 'complete-undirected-graph-certificate') ON CONFLICT (tsp_frontier_obligation_id) DO UPDATE SET display_name = EXCLUDED.display_name, obligation_kind = EXCLUDED.obligation_kind, status = EXCLUDED.status, inference_rule = EXCLUDED.inference_rule, opened_by_loop = EXCLUDED.opened_by_loop, closed_by_loop = EXCLUDED.closed_by_loop, trust_disposition = EXCLUDED.trust_disposition, closure_criterion = EXCLUDED.closure_criterion, certificate_type = EXCLUDED.certificate_type;

INSERT INTO tsp_frontier_obligations (tsp_frontier_obligation_id, display_name, obligation_kind, status, inference_rule, opened_by_loop, closed_by_loop, trust_disposition, closure_criterion, certificate_type)
VALUES ('frontier-postgres-commissioning', 'Live Postgres build and conformance', 'SUBSTRATE_OBLIGATION', 'CLOSED', NULL, 'tsp-loop-580', 'tsp-loop-587', 'CLOSED_BY_PINNED_CLI_GENERATION_LIVE_DATABASE_AND_PEER_CONFORMANCE', 'effortless build, database recreation, and all vw_* versus Python conformance checks pass with recorded artifact hashes.', 'substrate-conformance-certificate') ON CONFLICT (tsp_frontier_obligation_id) DO UPDATE SET display_name = EXCLUDED.display_name, obligation_kind = EXCLUDED.obligation_kind, status = EXCLUDED.status, inference_rule = EXCLUDED.inference_rule, opened_by_loop = EXCLUDED.opened_by_loop, closed_by_loop = EXCLUDED.closed_by_loop, trust_disposition = EXCLUDED.trust_disposition, closure_criterion = EXCLUDED.closure_criterion, certificate_type = EXCLUDED.certificate_type;

INSERT INTO tsp_frontier_obligations (tsp_frontier_obligation_id, display_name, obligation_kind, status, inference_rule, opened_by_loop, closed_by_loop, trust_disposition, closure_criterion, certificate_type)
VALUES ('frontier-degree-two-lower-bound', 'Degree-two local-to-global lower bound', 'INFERENCE_OBLIGATION', 'CLOSED', 'tsp-rule-degree-two-lower-bound', 'tsp-loop-581', 'tsp-loop-585', 'INTERNALIZED_FROM_HAMILTONIAN_DEGREE_AND_DOUBLE_COUNTING', 'Two cheapest incident edges are witnessed at every required stop and half their summed cost is emitted as a certified instance lower bound.', 'degree-two-lower-bound-certificate') ON CONFLICT (tsp_frontier_obligation_id) DO UPDATE SET display_name = EXCLUDED.display_name, obligation_kind = EXCLUDED.obligation_kind, status = EXCLUDED.status, inference_rule = EXCLUDED.inference_rule, opened_by_loop = EXCLUDED.opened_by_loop, closed_by_loop = EXCLUDED.closed_by_loop, trust_disposition = EXCLUDED.trust_disposition, closure_criterion = EXCLUDED.closure_criterion, certificate_type = EXCLUDED.certificate_type;

INSERT INTO tsp_frontier_obligations (tsp_frontier_obligation_id, display_name, obligation_kind, status, inference_rule, opened_by_loop, closed_by_loop, trust_disposition, closure_criterion, certificate_type)
VALUES ('frontier-gridville-optimality', 'Gridville finite-instance optimality', 'CERTIFICATE_OBLIGATION', 'CLOSED', 'tsp-rule-bound-equality-optimality', 'tsp-loop-580', 'tsp-loop-586', 'CLOSED_BY_BOUND_EQUALITY', 'A valid candidate cost equals a certified lower bound for the same finite instance.', 'finite-instance-optimality-certificate') ON CONFLICT (tsp_frontier_obligation_id) DO UPDATE SET display_name = EXCLUDED.display_name, obligation_kind = EXCLUDED.obligation_kind, status = EXCLUDED.status, inference_rule = EXCLUDED.inference_rule, opened_by_loop = EXCLUDED.opened_by_loop, closed_by_loop = EXCLUDED.closed_by_loop, trust_disposition = EXCLUDED.trust_disposition, closure_criterion = EXCLUDED.closure_criterion, certificate_type = EXCLUDED.certificate_type;

INSERT INTO tsp_frontier_obligations (tsp_frontier_obligation_id, display_name, obligation_kind, status, inference_rule, opened_by_loop, closed_by_loop, trust_disposition, closure_criterion, certificate_type)
VALUES ('frontier-route-reconstruction', 'Route reconstruction from forced structural edges', 'CERTIFICATE_OBLIGATION', 'CLOSED', 'tsp-rule-route-reconstruction', 'tsp-loop-586', 'tsp-loop-591', 'CLOSED_BY_ORDERED_PROJECTION_FROM_CONNECTED_DEGREE_TWO_EDGE_SET', 'Derive the cycle edge set from inference rows, prove one connected component with no proper subtour, then project ordered tour rows.', 'route-reconstruction-certificate') ON CONFLICT (tsp_frontier_obligation_id) DO UPDATE SET display_name = EXCLUDED.display_name, obligation_kind = EXCLUDED.obligation_kind, status = EXCLUDED.status, inference_rule = EXCLUDED.inference_rule, opened_by_loop = EXCLUDED.opened_by_loop, closed_by_loop = EXCLUDED.closed_by_loop, trust_disposition = EXCLUDED.trust_disposition, closure_criterion = EXCLUDED.closure_criterion, certificate_type = EXCLUDED.certificate_type;

INSERT INTO tsp_frontier_obligations (tsp_frontier_obligation_id, display_name, obligation_kind, status, inference_rule, opened_by_loop, closed_by_loop, trust_disposition, closure_criterion, certificate_type)
VALUES ('frontier-neighborhood-contraction', 'Neighborhood boundary-state contraction', 'GENERALIZATION_OBLIGATION', 'OPEN', 'tsp-rule-neighborhood-boundary-state', 'tsp-loop-577', NULL, 'V0_FINITE_FIXTURE_CLOSED_GENERAL_CLUSTER_FAMILY_OPEN', 'Generalize boundary-state coverage, dominance, and expansion soundness beyond three-stop symmetric clusters.', 'cluster-boundary-state-certificate') ON CONFLICT (tsp_frontier_obligation_id) DO UPDATE SET display_name = EXCLUDED.display_name, obligation_kind = EXCLUDED.obligation_kind, status = EXCLUDED.status, inference_rule = EXCLUDED.inference_rule, opened_by_loop = EXCLUDED.opened_by_loop, closed_by_loop = EXCLUDED.closed_by_loop, trust_disposition = EXCLUDED.trust_disposition, closure_criterion = EXCLUDED.closure_criterion, certificate_type = EXCLUDED.certificate_type;

INSERT INTO tsp_frontier_obligations (tsp_frontier_obligation_id, display_name, obligation_kind, status, inference_rule, opened_by_loop, closed_by_loop, trust_disposition, closure_criterion, certificate_type)
VALUES ('frontier-residual-route-discovery-search', 'Residual route-discovery ambiguity', 'RESIDUAL_SEARCH', 'OPEN', 'tsp-rule-degree-two-forcing', 'tsp-loop-581', NULL, 'SEARCH_ONLY_AFTER_CONSTRAINT_CLOSURE', 'All represented deterministic inference reaches closure; any remaining route classes are explicitly branched with replayable branch certificates.', 'residual-search-certificate') ON CONFLICT (tsp_frontier_obligation_id) DO UPDATE SET display_name = EXCLUDED.display_name, obligation_kind = EXCLUDED.obligation_kind, status = EXCLUDED.status, inference_rule = EXCLUDED.inference_rule, opened_by_loop = EXCLUDED.opened_by_loop, closed_by_loop = EXCLUDED.closed_by_loop, trust_disposition = EXCLUDED.trust_disposition, closure_criterion = EXCLUDED.closure_criterion, certificate_type = EXCLUDED.certificate_type;

INSERT INTO tsp_frontier_obligations (tsp_frontier_obligation_id, display_name, obligation_kind, status, inference_rule, opened_by_loop, closed_by_loop, trust_disposition, closure_criterion, certificate_type)
VALUES ('frontier-inference-application-spine', 'First-class inference application spine', 'INFERENCE_OBLIGATION', 'CLOSED', 'tsp-rule-inference-application-spine', 'tsp-loop-586', 'tsp-loop-588', 'CLOSED_BY_FIRST_CLASS_APPLICATION_ANTECEDENT_STATE_AND_SUPPORT_ROWS', 'Represent local-bound applications, antecedents, selected edge states, and support rows without upgrading selected edges to forced edges.', 'inference-application-spine-certificate') ON CONFLICT (tsp_frontier_obligation_id) DO UPDATE SET display_name = EXCLUDED.display_name, obligation_kind = EXCLUDED.obligation_kind, status = EXCLUDED.status, inference_rule = EXCLUDED.inference_rule, opened_by_loop = EXCLUDED.opened_by_loop, closed_by_loop = EXCLUDED.closed_by_loop, trust_disposition = EXCLUDED.trust_disposition, closure_criterion = EXCLUDED.closure_criterion, certificate_type = EXCLUDED.certificate_type;

INSERT INTO tsp_frontier_obligations (tsp_frontier_obligation_id, display_name, obligation_kind, status, inference_rule, opened_by_loop, closed_by_loop, trust_disposition, closure_criterion, certificate_type)
VALUES ('frontier-gridville-inferred-edge-set', 'Gridville inferred edge set', 'CERTIFICATE_OBLIGATION', 'CLOSED', 'tsp-rule-local-bound-edge-union', 'tsp-loop-586', 'tsp-loop-589', 'CLOSED_BY_DEDUPLICATED_LOCAL_BOUND_SUPPORT_UNION', 'Derive exactly five unique Gridville edges from LocalDegreeBounds and support rows, without using CandidateTour, TourStop, or TourLeg as antecedents.', 'derived-edge-set-certificate') ON CONFLICT (tsp_frontier_obligation_id) DO UPDATE SET display_name = EXCLUDED.display_name, obligation_kind = EXCLUDED.obligation_kind, status = EXCLUDED.status, inference_rule = EXCLUDED.inference_rule, opened_by_loop = EXCLUDED.opened_by_loop, closed_by_loop = EXCLUDED.closed_by_loop, trust_disposition = EXCLUDED.trust_disposition, closure_criterion = EXCLUDED.closure_criterion, certificate_type = EXCLUDED.certificate_type;

INSERT INTO tsp_frontier_obligations (tsp_frontier_obligation_id, display_name, obligation_kind, status, inference_rule, opened_by_loop, closed_by_loop, trust_disposition, closure_criterion, certificate_type)
VALUES ('frontier-gridville-connected-degree-two', 'Gridville connected degree-two geometry', 'CERTIFICATE_OBLIGATION', 'CLOSED', 'tsp-rule-connected-degree-two-certificate', 'tsp-loop-586', 'tsp-loop-590', 'CLOSED_BY_DEGREE_COMPONENT_SPANNING_TREE_AND_SUBTOUR_CERTIFICATES', 'Witness selected degree two at all five stops, one connected component, a four-edge spanning tree, and zero proper subtours.', 'connected-degree-two-certificate') ON CONFLICT (tsp_frontier_obligation_id) DO UPDATE SET display_name = EXCLUDED.display_name, obligation_kind = EXCLUDED.obligation_kind, status = EXCLUDED.status, inference_rule = EXCLUDED.inference_rule, opened_by_loop = EXCLUDED.opened_by_loop, closed_by_loop = EXCLUDED.closed_by_loop, trust_disposition = EXCLUDED.trust_disposition, closure_criterion = EXCLUDED.closure_criterion, certificate_type = EXCLUDED.certificate_type;

INSERT INTO tsp_frontier_obligations (tsp_frontier_obligation_id, display_name, obligation_kind, status, inference_rule, opened_by_loop, closed_by_loop, trust_disposition, closure_criterion, certificate_type)
VALUES ('frontier-gridville-route-discovery', 'Gridville route discovery without branching', 'RESIDUAL_SEARCH', 'CLOSED', 'tsp-rule-derived-search-accounting', 'tsp-loop-586', 'tsp-loop-592', 'CLOSED_FOR_GRIDVILLE_BY_RECONSTRUCTION_WITH_ZERO_BRANCH_DECISIONS', 'Derive 12 initial symmetry-reduced classes, one surviving reconstructed class, zero branch decisions, zero backtracks, and zero residual ambiguity for Gridville.', 'search-elimination-certificate') ON CONFLICT (tsp_frontier_obligation_id) DO UPDATE SET display_name = EXCLUDED.display_name, obligation_kind = EXCLUDED.obligation_kind, status = EXCLUDED.status, inference_rule = EXCLUDED.inference_rule, opened_by_loop = EXCLUDED.opened_by_loop, closed_by_loop = EXCLUDED.closed_by_loop, trust_disposition = EXCLUDED.trust_disposition, closure_criterion = EXCLUDED.closure_criterion, certificate_type = EXCLUDED.certificate_type;

INSERT INTO tsp_frontier_obligations (tsp_frontier_obligation_id, display_name, obligation_kind, status, inference_rule, opened_by_loop, closed_by_loop, trust_disposition, closure_criterion, certificate_type)
VALUES ('frontier-non-tight-lower-bound-fixture', 'Non-tight lower-bound fixture', 'GENERALIZATION_OBLIGATION', 'CLOSED', 'tsp-rule-non-tight-lower-bound-counterexample', 'tsp-loop-586', 'tsp-loop-593', 'CLOSED_BY_DISCONNECTED_TWIN_TRIANGLE_COUNTEREXAMPLE', 'Represent six stops in two cheap triangles with expensive crossings; certify lower bound 6, candidate cost 24, two selected components, and no optimality or route-reconstruction certificate.', 'non-tight-bound-counterexample') ON CONFLICT (tsp_frontier_obligation_id) DO UPDATE SET display_name = EXCLUDED.display_name, obligation_kind = EXCLUDED.obligation_kind, status = EXCLUDED.status, inference_rule = EXCLUDED.inference_rule, opened_by_loop = EXCLUDED.opened_by_loop, closed_by_loop = EXCLUDED.closed_by_loop, trust_disposition = EXCLUDED.trust_disposition, closure_criterion = EXCLUDED.closure_criterion, certificate_type = EXCLUDED.certificate_type;

INSERT INTO tsp_frontier_obligations (tsp_frontier_obligation_id, display_name, obligation_kind, status, inference_rule, opened_by_loop, closed_by_loop, trust_disposition, closure_criterion, certificate_type)
VALUES ('frontier-degree-two-forcing', 'Executable degree-two forcing', 'INFERENCE_OBLIGATION', 'CLOSED', 'tsp-rule-degree-two-forcing', 'tsp-loop-581', 'tsp-loop-594', 'CLOSED_BY_SPARSE_FIXTURE_FORCED_EDGE_CERTIFICATES', 'On a sparse five-stop fixture, stops with exactly two available incident edges force the five cycle edges with zero branching.', 'forced-edge-certificate') ON CONFLICT (tsp_frontier_obligation_id) DO UPDATE SET display_name = EXCLUDED.display_name, obligation_kind = EXCLUDED.obligation_kind, status = EXCLUDED.status, inference_rule = EXCLUDED.inference_rule, opened_by_loop = EXCLUDED.opened_by_loop, closed_by_loop = EXCLUDED.closed_by_loop, trust_disposition = EXCLUDED.trust_disposition, closure_criterion = EXCLUDED.closure_criterion, certificate_type = EXCLUDED.certificate_type;

INSERT INTO tsp_frontier_obligations (tsp_frontier_obligation_id, display_name, obligation_kind, status, inference_rule, opened_by_loop, closed_by_loop, trust_disposition, closure_criterion, certificate_type)
VALUES ('frontier-forbidden-edge-propagation', 'Forbidden-edge propagation', 'INFERENCE_OBLIGATION', 'CLOSED', 'tsp-rule-forbidden-edge-propagation', 'tsp-loop-594', 'tsp-loop-595', 'CLOSED_BY_REASON_CODED_DEGREE_SATURATION_AND_SUBTOUR_DECISIONS', 'Forbid the sparse B-D chord by degree saturation and forbid a twin-triangle closing edge because it would close a proper subtour, with replayable reason codes.', 'forbidden-edge-certificate') ON CONFLICT (tsp_frontier_obligation_id) DO UPDATE SET display_name = EXCLUDED.display_name, obligation_kind = EXCLUDED.obligation_kind, status = EXCLUDED.status, inference_rule = EXCLUDED.inference_rule, opened_by_loop = EXCLUDED.opened_by_loop, closed_by_loop = EXCLUDED.closed_by_loop, trust_disposition = EXCLUDED.trust_disposition, closure_criterion = EXCLUDED.closure_criterion, certificate_type = EXCLUDED.certificate_type;

INSERT INTO tsp_frontier_obligations (tsp_frontier_obligation_id, display_name, obligation_kind, status, inference_rule, opened_by_loop, closed_by_loop, trust_disposition, closure_criterion, certificate_type)
VALUES ('frontier-neighborhood-contraction-v0', 'Twin-triangle neighborhood contraction v0', 'CERTIFICATE_OBLIGATION', 'CLOSED', 'tsp-rule-neighborhood-boundary-state', 'tsp-loop-593', 'tsp-loop-596', 'CLOSED_FOR_TWIN_TRIANGLE_FIXTURE_BY_BOUNDARY_STATE_CERTIFICATES', 'For each three-stop twin-triangle neighborhood, derive three undirected entry/exit Hamiltonian-path states, reduce six internal orders to three states, and reduce 36 paired internal orders to nine paired boundary-state combinations.', 'cluster-boundary-state-certificate') ON CONFLICT (tsp_frontier_obligation_id) DO UPDATE SET display_name = EXCLUDED.display_name, obligation_kind = EXCLUDED.obligation_kind, status = EXCLUDED.status, inference_rule = EXCLUDED.inference_rule, opened_by_loop = EXCLUDED.opened_by_loop, closed_by_loop = EXCLUDED.closed_by_loop, trust_disposition = EXCLUDED.trust_disposition, closure_criterion = EXCLUDED.closure_criterion, certificate_type = EXCLUDED.certificate_type;

INSERT INTO tsp_frontier_obligations (tsp_frontier_obligation_id, display_name, obligation_kind, status, inference_rule, opened_by_loop, closed_by_loop, trust_disposition, closure_criterion, certificate_type)
VALUES ('frontier-predicate-basis', 'Eight-predicate semantic basis', 'INFERENCE_OBLIGATION', 'CLOSED', 'tsp-rule-predicate-invention', 'tsp-loop-597', 'tsp-loop-598', 'INTERNALIZED_FOR_DECLARED_FINITE_SCOPE', 'Every baseline surface predicate has a finite expression over exactly eight canonical primitives.', 'predicate-basis-certificate') ON CONFLICT (tsp_frontier_obligation_id) DO UPDATE SET display_name = EXCLUDED.display_name, obligation_kind = EXCLUDED.obligation_kind, status = EXCLUDED.status, inference_rule = EXCLUDED.inference_rule, opened_by_loop = EXCLUDED.opened_by_loop, closed_by_loop = EXCLUDED.closed_by_loop, trust_disposition = EXCLUDED.trust_disposition, closure_criterion = EXCLUDED.closure_criterion, certificate_type = EXCLUDED.certificate_type;

INSERT INTO tsp_frontier_obligations (tsp_frontier_obligation_id, display_name, obligation_kind, status, inference_rule, opened_by_loop, closed_by_loop, trust_disposition, closure_criterion, certificate_type)
VALUES ('frontier-twin-component-repair', 'Twin component repair lower bound', 'INFERENCE_OBLIGATION', 'CLOSED', 'tsp-rule-component-repair-bound', 'tsp-loop-593', 'tsp-loop-603', 'INTERNALIZED_FOR_DECLARED_FINITE_SCOPE', 'Base six plus mandatory crossing insertion twenty minus internal release two equals certified lower bound twenty-four.', 'component-repair-bound-certificate') ON CONFLICT (tsp_frontier_obligation_id) DO UPDATE SET display_name = EXCLUDED.display_name, obligation_kind = EXCLUDED.obligation_kind, status = EXCLUDED.status, inference_rule = EXCLUDED.inference_rule, opened_by_loop = EXCLUDED.opened_by_loop, closed_by_loop = EXCLUDED.closed_by_loop, trust_disposition = EXCLUDED.trust_disposition, closure_criterion = EXCLUDED.closure_criterion, certificate_type = EXCLUDED.certificate_type;

INSERT INTO tsp_frontier_obligations (tsp_frontier_obligation_id, display_name, obligation_kind, status, inference_rule, opened_by_loop, closed_by_loop, trust_disposition, closure_criterion, certificate_type)
VALUES ('frontier-twin-optimality', 'Twin-triangle finite optimality', 'INFERENCE_OBLIGATION', 'CLOSED', 'tsp-rule-bound-equality-optimality', 'tsp-loop-593', 'tsp-loop-604', 'INTERNALIZED_FOR_DECLARED_FINITE_SCOPE', 'A valid cost-twenty-four cycle equals the certified component-repair lower bound twenty-four.', 'finite-instance-optimality-certificate') ON CONFLICT (tsp_frontier_obligation_id) DO UPDATE SET display_name = EXCLUDED.display_name, obligation_kind = EXCLUDED.obligation_kind, status = EXCLUDED.status, inference_rule = EXCLUDED.inference_rule, opened_by_loop = EXCLUDED.opened_by_loop, closed_by_loop = EXCLUDED.closed_by_loop, trust_disposition = EXCLUDED.trust_disposition, closure_criterion = EXCLUDED.closure_criterion, certificate_type = EXCLUDED.certificate_type;

INSERT INTO tsp_frontier_obligations (tsp_frontier_obligation_id, display_name, obligation_kind, status, inference_rule, opened_by_loop, closed_by_loop, trust_disposition, closure_criterion, certificate_type)
VALUES ('frontier-witness-normal-form', 'Cycle witness normal form', 'INFERENCE_OBLIGATION', 'CLOSED', 'tsp-rule-witness-normal-form', 'tsp-loop-579', 'tsp-loop-605', 'INTERNALIZED_FOR_DECLARED_FINITE_SCOPE', 'Supplied and reconstructed valid cycles project to one semantic shape while retaining distinct provenance.', 'witness-normal-form-certificate') ON CONFLICT (tsp_frontier_obligation_id) DO UPDATE SET display_name = EXCLUDED.display_name, obligation_kind = EXCLUDED.obligation_kind, status = EXCLUDED.status, inference_rule = EXCLUDED.inference_rule, opened_by_loop = EXCLUDED.opened_by_loop, closed_by_loop = EXCLUDED.closed_by_loop, trust_disposition = EXCLUDED.trust_disposition, closure_criterion = EXCLUDED.closure_criterion, certificate_type = EXCLUDED.certificate_type;

INSERT INTO tsp_frontier_obligations (tsp_frontier_obligation_id, display_name, obligation_kind, status, inference_rule, opened_by_loop, closed_by_loop, trust_disposition, closure_criterion, certificate_type)
VALUES ('frontier-component-quotient', 'Neighborhood/component quotient interface', 'INFERENCE_OBLIGATION', 'CLOSED', 'tsp-rule-semantic-quotient', 'tsp-loop-596', 'tsp-loop-608', 'INTERNALIZED_FOR_DECLARED_FINITE_SCOPE', 'Both twin components are represented as boundary-degree-two quotient nodes with expansion witnesses.', 'component-quotient-certificate') ON CONFLICT (tsp_frontier_obligation_id) DO UPDATE SET display_name = EXCLUDED.display_name, obligation_kind = EXCLUDED.obligation_kind, status = EXCLUDED.status, inference_rule = EXCLUDED.inference_rule, opened_by_loop = EXCLUDED.opened_by_loop, closed_by_loop = EXCLUDED.closed_by_loop, trust_disposition = EXCLUDED.trust_disposition, closure_criterion = EXCLUDED.closure_criterion, certificate_type = EXCLUDED.certificate_type;

INSERT INTO tsp_frontier_obligations (tsp_frontier_obligation_id, display_name, obligation_kind, status, inference_rule, opened_by_loop, closed_by_loop, trust_disposition, closure_criterion, certificate_type)
VALUES ('frontier-closure-event-normalization', 'Closure-event execution normal form', 'INFERENCE_OBLIGATION', 'CLOSED', 'tsp-rule-closure-event', 'tsp-loop-588', 'tsp-loop-609', 'INTERNALIZED_FOR_DECLARED_FINITE_SCOPE', 'Representative inference and constraint steps project to one event schema without losing provenance.', 'closure-event-certificate') ON CONFLICT (tsp_frontier_obligation_id) DO UPDATE SET display_name = EXCLUDED.display_name, obligation_kind = EXCLUDED.obligation_kind, status = EXCLUDED.status, inference_rule = EXCLUDED.inference_rule, opened_by_loop = EXCLUDED.opened_by_loop, closed_by_loop = EXCLUDED.closed_by_loop, trust_disposition = EXCLUDED.trust_disposition, closure_criterion = EXCLUDED.closure_criterion, certificate_type = EXCLUDED.certificate_type;

INSERT INTO tsp_frontier_obligations (tsp_frontier_obligation_id, display_name, obligation_kind, status, inference_rule, opened_by_loop, closed_by_loop, trust_disposition, closure_criterion, certificate_type)
VALUES ('frontier-convergence-event', 'Predicate convergence measurement', 'INFERENCE_OBLIGATION', 'CLOSED', 'tsp-rule-predicate-invention', 'tsp-loop-597', 'tsp-loop-610', 'INTERNALIZED_FOR_DECLARED_FINITE_SCOPE', 'The basis remains eight while fourteen useful derived terms are coined and all baseline surface predicates retain explicit definitions.', 'convergence-event-certificate') ON CONFLICT (tsp_frontier_obligation_id) DO UPDATE SET display_name = EXCLUDED.display_name, obligation_kind = EXCLUDED.obligation_kind, status = EXCLUDED.status, inference_rule = EXCLUDED.inference_rule, opened_by_loop = EXCLUDED.opened_by_loop, closed_by_loop = EXCLUDED.closed_by_loop, trust_disposition = EXCLUDED.trust_disposition, closure_criterion = EXCLUDED.closure_criterion, certificate_type = EXCLUDED.certificate_type;

INSERT INTO tsp_frontier_obligations (tsp_frontier_obligation_id, display_name, obligation_kind, status, inference_rule, opened_by_loop, closed_by_loop, trust_disposition, closure_criterion, certificate_type)
VALUES ('frontier-semantic-arc-recoverability', 'Typed semantic-arc recoverability', 'INFERENCE_OBLIGATION', 'CLOSED', 'tsp-rule-semantic-arc-refinement', 'tsp-loop-625', 'tsp-loop-627', 'INTERNALIZED_FOR_DECLARED_FINITE_SCOPE', 'Every registered concept is recoverable from semantic arcs plus the active operators, and attachment/valuation/warrant retain distinct signatures.', 'semantic-arc-recoverability-certificate') ON CONFLICT (tsp_frontier_obligation_id) DO UPDATE SET display_name = EXCLUDED.display_name, obligation_kind = EXCLUDED.obligation_kind, status = EXCLUDED.status, inference_rule = EXCLUDED.inference_rule, opened_by_loop = EXCLUDED.opened_by_loop, closed_by_loop = EXCLUDED.closed_by_loop, trust_disposition = EXCLUDED.trust_disposition, closure_criterion = EXCLUDED.closure_criterion, certificate_type = EXCLUDED.certificate_type;

INSERT INTO tsp_frontier_obligations (tsp_frontier_obligation_id, display_name, obligation_kind, status, inference_rule, opened_by_loop, closed_by_loop, trust_disposition, closure_criterion, certificate_type)
VALUES ('frontier-one-arc-one-rewrite', 'One-arc/one-rewrite recoverable basis', 'INFERENCE_OBLIGATION', 'CLOSED', 'tsp-rule-semantic-arc-refinement', 'tsp-loop-624', 'tsp-loop-632', 'INTERNALIZED_FOR_DECLARED_FINITE_SCOPE', 'Exactly one active relational atom and one active operator recover every registered concept through typed signatures and explicit rewrite modes.', 'one-arc-one-rewrite-certificate') ON CONFLICT (tsp_frontier_obligation_id) DO UPDATE SET display_name = EXCLUDED.display_name, obligation_kind = EXCLUDED.obligation_kind, status = EXCLUDED.status, inference_rule = EXCLUDED.inference_rule, opened_by_loop = EXCLUDED.opened_by_loop, closed_by_loop = EXCLUDED.closed_by_loop, trust_disposition = EXCLUDED.trust_disposition, closure_criterion = EXCLUDED.closure_criterion, certificate_type = EXCLUDED.certificate_type;

INSERT INTO tsp_frontier_obligations (tsp_frontier_obligation_id, display_name, obligation_kind, status, inference_rule, opened_by_loop, closed_by_loop, trust_disposition, closure_criterion, certificate_type)
VALUES ('frontier-three-region-quotient', 'Three-region quotient interfaces', 'INFERENCE_OBLIGATION', 'CLOSED', 'tsp-rule-region-interface', 'tsp-loop-634', 'tsp-loop-635', 'INTERNALIZED_FOR_DECLARED_FINITE_SCOPE', 'Each of three local triangle components exposes a boundary-degree-two region interface with three path states and explicit expansion members.', 'region-interface-certificate') ON CONFLICT (tsp_frontier_obligation_id) DO UPDATE SET display_name = EXCLUDED.display_name, obligation_kind = EXCLUDED.obligation_kind, status = EXCLUDED.status, inference_rule = EXCLUDED.inference_rule, opened_by_loop = EXCLUDED.opened_by_loop, closed_by_loop = EXCLUDED.closed_by_loop, trust_disposition = EXCLUDED.trust_disposition, closure_criterion = EXCLUDED.closure_criterion, certificate_type = EXCLUDED.certificate_type;

INSERT INTO tsp_frontier_obligations (tsp_frontier_obligation_id, display_name, obligation_kind, status, inference_rule, opened_by_loop, closed_by_loop, trust_disposition, closure_criterion, certificate_type)
VALUES ('frontier-three-region-repair-bound', 'Three-region repair lower bound', 'INFERENCE_OBLIGATION', 'CLOSED', 'tsp-rule-region-repair-equation', 'tsp-loop-634', 'tsp-loop-638', 'INTERNALIZED_FOR_DECLARED_FINITE_SCOPE', 'Base nine plus three cost-ten crossings minus three cost-one releases equals certified lower bound thirty-six.', 'region-repair-equation-certificate') ON CONFLICT (tsp_frontier_obligation_id) DO UPDATE SET display_name = EXCLUDED.display_name, obligation_kind = EXCLUDED.obligation_kind, status = EXCLUDED.status, inference_rule = EXCLUDED.inference_rule, opened_by_loop = EXCLUDED.opened_by_loop, closed_by_loop = EXCLUDED.closed_by_loop, trust_disposition = EXCLUDED.trust_disposition, closure_criterion = EXCLUDED.closure_criterion, certificate_type = EXCLUDED.certificate_type;

INSERT INTO tsp_frontier_obligations (tsp_frontier_obligation_id, display_name, obligation_kind, status, inference_rule, opened_by_loop, closed_by_loop, trust_disposition, closure_criterion, certificate_type)
VALUES ('frontier-three-region-optimality', 'Three-region finite optimality', 'INFERENCE_OBLIGATION', 'CLOSED', 'tsp-rule-bound-equality-optimality', 'tsp-loop-634', 'tsp-loop-641', 'INTERNALIZED_FOR_DECLARED_FINITE_SCOPE', 'A valid reconstructed cost-thirty-six cycle equals the certified three-region repair lower bound thirty-six.', 'finite-instance-optimality-certificate') ON CONFLICT (tsp_frontier_obligation_id) DO UPDATE SET display_name = EXCLUDED.display_name, obligation_kind = EXCLUDED.obligation_kind, status = EXCLUDED.status, inference_rule = EXCLUDED.inference_rule, opened_by_loop = EXCLUDED.opened_by_loop, closed_by_loop = EXCLUDED.closed_by_loop, trust_disposition = EXCLUDED.trust_disposition, closure_criterion = EXCLUDED.closure_criterion, certificate_type = EXCLUDED.certificate_type;

INSERT INTO tsp_frontier_obligations (tsp_frontier_obligation_id, display_name, obligation_kind, status, inference_rule, opened_by_loop, closed_by_loop, trust_disposition, closure_criterion, certificate_type)
VALUES ('frontier-optimal-face-value', 'Optimal-face value certificate', 'INFERENCE_OBLIGATION', 'CLOSED', 'tsp-rule-optimal-face', 'tsp-loop-642', 'tsp-loop-643', 'INTERNALIZED_FOR_DECLARED_FINITE_SCOPE', 'At least two non-equivalent valid witnesses equal the certified finite-instance lower bound four, closing value but not uniqueness.', 'optimal-face-certificate') ON CONFLICT (tsp_frontier_obligation_id) DO UPDATE SET display_name = EXCLUDED.display_name, obligation_kind = EXCLUDED.obligation_kind, status = EXCLUDED.status, inference_rule = EXCLUDED.inference_rule, opened_by_loop = EXCLUDED.opened_by_loop, closed_by_loop = EXCLUDED.closed_by_loop, trust_disposition = EXCLUDED.trust_disposition, closure_criterion = EXCLUDED.closure_criterion, certificate_type = EXCLUDED.certificate_type;

INSERT INTO tsp_frontier_obligations (tsp_frontier_obligation_id, display_name, obligation_kind, status, inference_rule, opened_by_loop, closed_by_loop, trust_disposition, closure_criterion, certificate_type)
VALUES ('frontier-optimal-face-branch-warrant', 'Optimal-face residual branch warrant', 'RESIDUAL_SEARCH', 'CLOSED', 'tsp-rule-branch-warrant', 'tsp-loop-644', 'tsp-loop-645', 'INTERNALIZED_FOR_DECLARED_FINITE_SCOPE', 'Reject branching for certified value and require an explicit external policy before selecting one equal optimal representative.', 'branch-warrant-certificate') ON CONFLICT (tsp_frontier_obligation_id) DO UPDATE SET display_name = EXCLUDED.display_name, obligation_kind = EXCLUDED.obligation_kind, status = EXCLUDED.status, inference_rule = EXCLUDED.inference_rule, opened_by_loop = EXCLUDED.opened_by_loop, closed_by_loop = EXCLUDED.closed_by_loop, trust_disposition = EXCLUDED.trust_disposition, closure_criterion = EXCLUDED.closure_criterion, certificate_type = EXCLUDED.certificate_type;

INSERT INTO tsp_frontier_obligations (tsp_frontier_obligation_id, display_name, obligation_kind, status, inference_rule, opened_by_loop, closed_by_loop, trust_disposition, closure_criterion, certificate_type)
VALUES ('frontier-coherence-event-two', 'Second coherence-convergence event', 'INFERENCE_OBLIGATION', 'CLOSED', 'tsp-rule-coherence-measurement', 'tsp-loop-624', 'tsp-loop-646', 'INTERNALIZED_FOR_DECLARED_FINITE_SCOPE', 'One active arc, one active rewrite, unchanged physical tables, complete recoverability, three-region optimality, and value/choice branch accounting all agree.', 'coherence-vector-certificate') ON CONFLICT (tsp_frontier_obligation_id) DO UPDATE SET display_name = EXCLUDED.display_name, obligation_kind = EXCLUDED.obligation_kind, status = EXCLUDED.status, inference_rule = EXCLUDED.inference_rule, opened_by_loop = EXCLUDED.opened_by_loop, closed_by_loop = EXCLUDED.closed_by_loop, trust_disposition = EXCLUDED.trust_disposition, closure_criterion = EXCLUDED.closure_criterion, certificate_type = EXCLUDED.certificate_type;

-- ----------------------------------------------------------------------------
-- TSPLoops: Named semantic loops that establish the initial Traveling Salesman architecture.
-- ----------------------------------------------------------------------------
INSERT INTO tsp_loops (tsp_loop_id, loop_order, display_name, status, primary_inference_rule, new_concept, witness_summary, next_frontier, planned_closure_criterion, before_state, after_state, completion_disposition)
VALUES ('tsp-loop-577', 577, 'Spatial hierarchy', 'CLOSED', 'tsp-rule-geographic-normalization', 'City -> Neighborhood -> Address', 'One city, three neighborhoods, and five addresses form an acyclic spatial hierarchy.', 'Select addresses into a finite optimization instance.', NULL, NULL, NULL, NULL) ON CONFLICT (tsp_loop_id) DO UPDATE SET loop_order = EXCLUDED.loop_order, display_name = EXCLUDED.display_name, status = EXCLUDED.status, primary_inference_rule = EXCLUDED.primary_inference_rule, new_concept = EXCLUDED.new_concept, witness_summary = EXCLUDED.witness_summary, next_frontier = EXCLUDED.next_frontier, planned_closure_criterion = EXCLUDED.planned_closure_criterion, before_state = EXCLUDED.before_state, after_state = EXCLUDED.after_state, completion_disposition = EXCLUDED.completion_disposition;

INSERT INTO tsp_loops (tsp_loop_id, loop_order, display_name, status, primary_inference_rule, new_concept, witness_summary, next_frontier, planned_closure_criterion, before_state, after_state, completion_disposition)
VALUES ('tsp-loop-578', 578, 'Weighted graph normalization', 'CLOSED', 'tsp-rule-weighted-edge-normalization', 'TSP instance, instance stops, and canonical undirected edges', 'Five required stops and ten canonical edges satisfy n(n-1)/2 for a complete symmetric graph.', 'Represent a route as an auditable ordered witness.', NULL, NULL, NULL, NULL) ON CONFLICT (tsp_loop_id) DO UPDATE SET loop_order = EXCLUDED.loop_order, display_name = EXCLUDED.display_name, status = EXCLUDED.status, primary_inference_rule = EXCLUDED.primary_inference_rule, new_concept = EXCLUDED.new_concept, witness_summary = EXCLUDED.witness_summary, next_frontier = EXCLUDED.next_frontier, planned_closure_criterion = EXCLUDED.planned_closure_criterion, before_state = EXCLUDED.before_state, after_state = EXCLUDED.after_state, completion_disposition = EXCLUDED.completion_disposition;

INSERT INTO tsp_loops (tsp_loop_id, loop_order, display_name, status, primary_inference_rule, new_concept, witness_summary, next_frontier, planned_closure_criterion, before_state, after_state, completion_disposition)
VALUES ('tsp-loop-579', 579, 'Ordered route witness', 'CLOSED', 'tsp-rule-tour-witness-validation', 'Candidate tour, ordered stops, and edge-bound legs', 'The route A-B-C-D-E-A is represented entirely by rows and relationships.', 'Derive route validity and reject a structurally deceptive counterexample.', NULL, NULL, NULL, NULL) ON CONFLICT (tsp_loop_id) DO UPDATE SET loop_order = EXCLUDED.loop_order, display_name = EXCLUDED.display_name, status = EXCLUDED.status, primary_inference_rule = EXCLUDED.primary_inference_rule, new_concept = EXCLUDED.new_concept, witness_summary = EXCLUDED.witness_summary, next_frontier = EXCLUDED.next_frontier, planned_closure_criterion = EXCLUDED.planned_closure_criterion, before_state = EXCLUDED.before_state, after_state = EXCLUDED.after_state, completion_disposition = EXCLUDED.completion_disposition;

INSERT INTO tsp_loops (tsp_loop_id, loop_order, display_name, status, primary_inference_rule, new_concept, witness_summary, next_frontier, planned_closure_criterion, before_state, after_state, completion_disposition)
VALUES ('tsp-loop-580', 580, 'Postgres tour certificate', 'CLOSED', 'tsp-rule-tour-witness-validation', 'Derived Hamiltonian-cycle validity with explicit optimality boundary', 'The reference route validates; A-B-C-B-E-A is rejected for duplicate visitation; both retain IsOptimalityProved=false.', 'Measure how much search remains before adding inference closure.', NULL, NULL, NULL, NULL) ON CONFLICT (tsp_loop_id) DO UPDATE SET loop_order = EXCLUDED.loop_order, display_name = EXCLUDED.display_name, status = EXCLUDED.status, primary_inference_rule = EXCLUDED.primary_inference_rule, new_concept = EXCLUDED.new_concept, witness_summary = EXCLUDED.witness_summary, next_frontier = EXCLUDED.next_frontier, planned_closure_criterion = EXCLUDED.planned_closure_criterion, before_state = EXCLUDED.before_state, after_state = EXCLUDED.after_state, completion_disposition = EXCLUDED.completion_disposition;

INSERT INTO tsp_loops (tsp_loop_id, loop_order, display_name, status, primary_inference_rule, new_concept, witness_summary, next_frontier, planned_closure_criterion, before_state, after_state, completion_disposition)
VALUES ('tsp-loop-581', 581, 'Search baseline', 'CLOSED', 'tsp-rule-degree-two-forcing', 'Search-elimination metrics', 'For five stops with depot and reversal symmetry fixed, twelve route classes remain and zero have yet been eliminated.', 'Implement degree-two forced-edge closure and compare BranchCountAfter against twelve.', NULL, NULL, NULL, NULL) ON CONFLICT (tsp_loop_id) DO UPDATE SET loop_order = EXCLUDED.loop_order, display_name = EXCLUDED.display_name, status = EXCLUDED.status, primary_inference_rule = EXCLUDED.primary_inference_rule, new_concept = EXCLUDED.new_concept, witness_summary = EXCLUDED.witness_summary, next_frontier = EXCLUDED.next_frontier, planned_closure_criterion = EXCLUDED.planned_closure_criterion, before_state = EXCLUDED.before_state, after_state = EXCLUDED.after_state, completion_disposition = EXCLUDED.completion_disposition;

INSERT INTO tsp_loops (tsp_loop_id, loop_order, display_name, status, primary_inference_rule, new_concept, witness_summary, next_frontier, planned_closure_criterion, before_state, after_state, completion_disposition)
VALUES ('tsp-loop-582', 582, 'Frontier obligation vocabulary', 'CLOSED', 'tsp-rule-frontier-obligation-ledger', 'Typed frontier obligations distinct from imported dependencies and residual search', 'Eight current frontier rows classify internal inference, certificates, substrate commissioning, generalization, and residual search; active imported dependencies remain zero.', 'Harden supplied-cycle validity from local leg checks to global transition coverage.', NULL, NULL, NULL, NULL) ON CONFLICT (tsp_loop_id) DO UPDATE SET loop_order = EXCLUDED.loop_order, display_name = EXCLUDED.display_name, status = EXCLUDED.status, primary_inference_rule = EXCLUDED.primary_inference_rule, new_concept = EXCLUDED.new_concept, witness_summary = EXCLUDED.witness_summary, next_frontier = EXCLUDED.next_frontier, planned_closure_criterion = EXCLUDED.planned_closure_criterion, before_state = EXCLUDED.before_state, after_state = EXCLUDED.after_state, completion_disposition = EXCLUDED.completion_disposition;

INSERT INTO tsp_loops (tsp_loop_id, loop_order, display_name, status, primary_inference_rule, new_concept, witness_summary, next_frontier, planned_closure_criterion, before_state, after_state, completion_disposition)
VALUES ('tsp-loop-583', 583, 'Global cycle coverage', 'CLOSED', 'tsp-rule-global-cycle-coverage', 'Exactly one incoming and outgoing transition per ordered visit', 'A candidate with five unique visits and five locally legal legs is rejected because A-B is duplicated and E-A is missing.', 'Prove graph completeness by unordered pair identity, not edge count alone.', NULL, NULL, NULL, NULL) ON CONFLICT (tsp_loop_id) DO UPDATE SET loop_order = EXCLUDED.loop_order, display_name = EXCLUDED.display_name, status = EXCLUDED.status, primary_inference_rule = EXCLUDED.primary_inference_rule, new_concept = EXCLUDED.new_concept, witness_summary = EXCLUDED.witness_summary, next_frontier = EXCLUDED.next_frontier, planned_closure_criterion = EXCLUDED.planned_closure_criterion, before_state = EXCLUDED.before_state, after_state = EXCLUDED.after_state, completion_disposition = EXCLUDED.completion_disposition;

INSERT INTO tsp_loops (tsp_loop_id, loop_order, display_name, status, primary_inference_rule, new_concept, witness_summary, next_frontier, planned_closure_criterion, before_state, after_state, completion_disposition)
VALUES ('tsp-loop-584', 584, 'Canonical edge-pair completeness', 'CLOSED', 'tsp-rule-weighted-edge-normalization', 'Canonical pair key, pair multiplicity, and duplicate-pair negative graph', 'A three-stop graph with the expected three rows is rejected because AB occurs twice and BC is absent.', 'Construct a reusable lower bound from the Hamiltonian degree-two requirement.', NULL, NULL, NULL, NULL) ON CONFLICT (tsp_loop_id) DO UPDATE SET loop_order = EXCLUDED.loop_order, display_name = EXCLUDED.display_name, status = EXCLUDED.status, primary_inference_rule = EXCLUDED.primary_inference_rule, new_concept = EXCLUDED.new_concept, witness_summary = EXCLUDED.witness_summary, next_frontier = EXCLUDED.next_frontier, planned_closure_criterion = EXCLUDED.planned_closure_criterion, before_state = EXCLUDED.before_state, after_state = EXCLUDED.after_state, completion_disposition = EXCLUDED.completion_disposition;

INSERT INTO tsp_loops (tsp_loop_id, loop_order, display_name, status, primary_inference_rule, new_concept, witness_summary, next_frontier, planned_closure_criterion, before_state, after_state, completion_disposition)
VALUES ('tsp-loop-585', 585, 'Degree-two lower bound', 'CLOSED', 'tsp-rule-degree-two-lower-bound', 'Local two-cheapest incident-edge witnesses and global double-counting bound', 'Local bounds 5,5,6,6,6 sum to 28; dividing by two certifies every Gridville tour costs at least 14.', 'Compare the certified lower bound with a valid candidate upper bound.', NULL, NULL, NULL, NULL) ON CONFLICT (tsp_loop_id) DO UPDATE SET loop_order = EXCLUDED.loop_order, display_name = EXCLUDED.display_name, status = EXCLUDED.status, primary_inference_rule = EXCLUDED.primary_inference_rule, new_concept = EXCLUDED.new_concept, witness_summary = EXCLUDED.witness_summary, next_frontier = EXCLUDED.next_frontier, planned_closure_criterion = EXCLUDED.planned_closure_criterion, before_state = EXCLUDED.before_state, after_state = EXCLUDED.after_state, completion_disposition = EXCLUDED.completion_disposition;

INSERT INTO tsp_loops (tsp_loop_id, loop_order, display_name, status, primary_inference_rule, new_concept, witness_summary, next_frontier, planned_closure_criterion, before_state, after_state, completion_disposition)
VALUES ('tsp-loop-586', 586, 'Gridville finite optimality', 'CLOSED', 'tsp-rule-bound-equality-optimality', 'Finite-instance optimality by lower-bound equality', 'The valid reference tour costs 14 and the certified lower bound is 14, so it is optimal for tsp-gridville-5 without route enumeration.', 'Reconstruct the cycle from inferred structural edges rather than a supplied route.', NULL, NULL, NULL, NULL) ON CONFLICT (tsp_loop_id) DO UPDATE SET loop_order = EXCLUDED.loop_order, display_name = EXCLUDED.display_name, status = EXCLUDED.status, primary_inference_rule = EXCLUDED.primary_inference_rule, new_concept = EXCLUDED.new_concept, witness_summary = EXCLUDED.witness_summary, next_frontier = EXCLUDED.next_frontier, planned_closure_criterion = EXCLUDED.planned_closure_criterion, before_state = EXCLUDED.before_state, after_state = EXCLUDED.after_state, completion_disposition = EXCLUDED.completion_disposition;

INSERT INTO tsp_loops (tsp_loop_id, loop_order, display_name, status, primary_inference_rule, new_concept, witness_summary, next_frontier, planned_closure_criterion, before_state, after_state, completion_disposition)
VALUES ('tsp-loop-587', 587, 'Postgres commissioning attempt', 'CLOSED', 'tsp-rule-substrate-commissioning', 'Postgres commissioning attempt', 'Generated Postgres and Python agree on all declared semantics; Decimal-normalized live checks and append-only attempt history close the substrate obligation.', 'Create a first-class inference application spine independent of substrate availability.', 'Run the generated Postgres projection, recreate erb_traveling_salesman, compare vw_* results with Python, and record artifact hashes; otherwise record the exact blocking substrate condition.', 'frontier-postgres-commissioning is OPEN; no execution-run certificate exists', 'Attempts 1-9 preserve missing-CLI, npm, workflow, stale-oracle, chained-finalizer, and numeric-presentation failures. Retry 10 installed the pinned CLI archive, generated the complete vw_* projection, initialized erb_traveling_salesman, passed rulebook-derived Python/Postgres conformance, normalized NUMERIC text through Decimal, and durably sealed the substrate certificate.', 'CLOSED_ON_RETRY_10') ON CONFLICT (tsp_loop_id) DO UPDATE SET loop_order = EXCLUDED.loop_order, display_name = EXCLUDED.display_name, status = EXCLUDED.status, primary_inference_rule = EXCLUDED.primary_inference_rule, new_concept = EXCLUDED.new_concept, witness_summary = EXCLUDED.witness_summary, next_frontier = EXCLUDED.next_frontier, planned_closure_criterion = EXCLUDED.planned_closure_criterion, before_state = EXCLUDED.before_state, after_state = EXCLUDED.after_state, completion_disposition = EXCLUDED.completion_disposition;

INSERT INTO tsp_loops (tsp_loop_id, loop_order, display_name, status, primary_inference_rule, new_concept, witness_summary, next_frontier, planned_closure_criterion, before_state, after_state, completion_disposition)
VALUES ('tsp-loop-588', 588, 'Inference application spine', 'CLOSED', 'tsp-rule-inference-application-spine', 'Inference application spine', 'Represented 5 applications, 5 antecedents, 5 selected edge states, and 10 supports; no edge was labeled FORCED.', 'Union supported edge selections into a derived structural edge set.', 'Represent local-bound applications, antecedents, selected edge states, and support rows without upgrading selected edges to forced edges.', 'Inference rules exist, but individual applications, antecedents, edge decisions, and supports are not first-class rows.', 'Represented 5 applications, 5 antecedents, 5 selected edge states, and 10 supports; no edge was labeled FORCED.', 'CLOSED') ON CONFLICT (tsp_loop_id) DO UPDATE SET loop_order = EXCLUDED.loop_order, display_name = EXCLUDED.display_name, status = EXCLUDED.status, primary_inference_rule = EXCLUDED.primary_inference_rule, new_concept = EXCLUDED.new_concept, witness_summary = EXCLUDED.witness_summary, next_frontier = EXCLUDED.next_frontier, planned_closure_criterion = EXCLUDED.planned_closure_criterion, before_state = EXCLUDED.before_state, after_state = EXCLUDED.after_state, completion_disposition = EXCLUDED.completion_disposition;

INSERT INTO tsp_loops (tsp_loop_id, loop_order, display_name, status, primary_inference_rule, new_concept, witness_summary, next_frontier, planned_closure_criterion, before_state, after_state, completion_disposition)
VALUES ('tsp-loop-589', 589, 'Gridville inferred edge set', 'CLOSED', 'tsp-rule-local-bound-edge-union', 'Gridville inferred edge set', 'Derived 5 unique edges [''edge-a-b'', ''edge-a-e'', ''edge-b-c'', ''edge-c-d'', ''edge-d-e''] at total cost 14; no CandidateTour/TourStop/TourLeg row was an antecedent.', 'Prove the derived edge set is connected and degree two at every required stop.', 'Derive exactly five unique Gridville edges from LocalDegreeBounds and support rows, without using CandidateTour, TourStop, or TourLeg as antecedents.', 'Local degree bounds identify edges independently at stops, but their deduplicated union is not a first-class object.', 'Derived 5 unique edges [''edge-a-b'', ''edge-a-e'', ''edge-b-c'', ''edge-c-d'', ''edge-d-e''] at total cost 14; no CandidateTour/TourStop/TourLeg row was an antecedent.', 'CLOSED') ON CONFLICT (tsp_loop_id) DO UPDATE SET loop_order = EXCLUDED.loop_order, display_name = EXCLUDED.display_name, status = EXCLUDED.status, primary_inference_rule = EXCLUDED.primary_inference_rule, new_concept = EXCLUDED.new_concept, witness_summary = EXCLUDED.witness_summary, next_frontier = EXCLUDED.next_frontier, planned_closure_criterion = EXCLUDED.planned_closure_criterion, before_state = EXCLUDED.before_state, after_state = EXCLUDED.after_state, completion_disposition = EXCLUDED.completion_disposition;

INSERT INTO tsp_loops (tsp_loop_id, loop_order, display_name, status, primary_inference_rule, new_concept, witness_summary, next_frontier, planned_closure_criterion, before_state, after_state, completion_disposition)
VALUES ('tsp-loop-590', 590, 'Connected degree-two certificate', 'CLOSED', 'tsp-rule-connected-degree-two-certificate', 'Connected degree-two certificate', 'All five stops have selected degree two; component count=1, spanning-tree edges=4, proper subtours=0.', 'Reconstruct an ordered cycle from the certified edge set.', 'Witness selected degree two at all five stops, one connected component, a four-edge spanning tree, and zero proper subtours.', 'The inferred Gridville edge union has no represented degree, component, spanning-tree, or subtour certificate.', 'All five stops have selected degree two; component count=1, spanning-tree edges=4, proper subtours=0.', 'CLOSED') ON CONFLICT (tsp_loop_id) DO UPDATE SET loop_order = EXCLUDED.loop_order, display_name = EXCLUDED.display_name, status = EXCLUDED.status, primary_inference_rule = EXCLUDED.primary_inference_rule, new_concept = EXCLUDED.new_concept, witness_summary = EXCLUDED.witness_summary, next_frontier = EXCLUDED.next_frontier, planned_closure_criterion = EXCLUDED.planned_closure_criterion, before_state = EXCLUDED.before_state, after_state = EXCLUDED.after_state, completion_disposition = EXCLUDED.completion_disposition;

INSERT INTO tsp_loops (tsp_loop_id, loop_order, display_name, status, primary_inference_rule, new_concept, witness_summary, next_frontier, planned_closure_criterion, before_state, after_state, completion_disposition)
VALUES ('tsp-loop-591', 591, 'Route reconstruction', 'CLOSED', 'tsp-rule-route-reconstruction', 'Route reconstruction', 'Reconstructed stop-a -> stop-b -> stop-c -> stop-d -> stop-e -> stop-a at cost 14; CandidateUsedAsAntecedent=false and the supplied route is comparison-only.', 'Derive route-class and branch-elimination metrics from the reconstructed result.', 'Starting at the depot with deterministic orientation, project five ordered reconstruction steps from the inferred edge set with CandidateUsedAsAntecedent=false.', 'Gridville has a certified cycle edge set, but the only ordered route rows are supplied candidates.', 'Reconstructed stop-a -> stop-b -> stop-c -> stop-d -> stop-e -> stop-a at cost 14; CandidateUsedAsAntecedent=false and the supplied route is comparison-only.', 'CLOSED') ON CONFLICT (tsp_loop_id) DO UPDATE SET loop_order = EXCLUDED.loop_order, display_name = EXCLUDED.display_name, status = EXCLUDED.status, primary_inference_rule = EXCLUDED.primary_inference_rule, new_concept = EXCLUDED.new_concept, witness_summary = EXCLUDED.witness_summary, next_frontier = EXCLUDED.next_frontier, planned_closure_criterion = EXCLUDED.planned_closure_criterion, before_state = EXCLUDED.before_state, after_state = EXCLUDED.after_state, completion_disposition = EXCLUDED.completion_disposition;

INSERT INTO tsp_loops (tsp_loop_id, loop_order, display_name, status, primary_inference_rule, new_concept, witness_summary, next_frontier, planned_closure_criterion, before_state, after_state, completion_disposition)
VALUES ('tsp-loop-592', 592, 'Derived search accounting', 'CLOSED', 'tsp-rule-derived-search-accounting', 'Derived search accounting', 'Derived 12 initial route classes, one surviving reconstructed class, zero branch decisions, zero backtracks, and zero residual ambiguity.', 'Add a fixture where the degree-two lower bound is sound but non-tight.', 'Derive 12 initial symmetry-reduced classes, one surviving reconstructed class, zero branch decisions, zero backtracks, and zero residual ambiguity for Gridville.', 'Route-discovery counts are recorded as baseline data and are not tied to a structural reconstruction certificate.', 'Derived 12 initial route classes, one surviving reconstructed class, zero branch decisions, zero backtracks, and zero residual ambiguity.', 'CLOSED') ON CONFLICT (tsp_loop_id) DO UPDATE SET loop_order = EXCLUDED.loop_order, display_name = EXCLUDED.display_name, status = EXCLUDED.status, primary_inference_rule = EXCLUDED.primary_inference_rule, new_concept = EXCLUDED.new_concept, witness_summary = EXCLUDED.witness_summary, next_frontier = EXCLUDED.next_frontier, planned_closure_criterion = EXCLUDED.planned_closure_criterion, before_state = EXCLUDED.before_state, after_state = EXCLUDED.after_state, completion_disposition = EXCLUDED.completion_disposition;

INSERT INTO tsp_loops (tsp_loop_id, loop_order, display_name, status, primary_inference_rule, new_concept, witness_summary, next_frontier, planned_closure_criterion, before_state, after_state, completion_disposition)
VALUES ('tsp-loop-593', 593, 'Non-tight twin-triangles fixture', 'CLOSED', 'tsp-rule-non-tight-lower-bound-counterexample', 'Non-tight twin-triangles fixture', 'Twin triangles: certified degree-two lower bound 6, feasible candidate cost 24, selected component count 2, proper subtours 2; no optimality or reconstruction certificate emitted.', 'Implement generic degree-two forcing on a sparse availability fixture.', 'Represent six stops in two cheap triangles with expensive crossings; certify lower bound 6, candidate cost 24, two selected components, and no optimality or route-reconstruction certificate.', 'The only positive fixture has a tight degree-two lower bound, so failure behavior is not represented.', 'Twin triangles: certified degree-two lower bound 6, feasible candidate cost 24, selected component count 2, proper subtours 2; no optimality or reconstruction certificate emitted.', 'CLOSED') ON CONFLICT (tsp_loop_id) DO UPDATE SET loop_order = EXCLUDED.loop_order, display_name = EXCLUDED.display_name, status = EXCLUDED.status, primary_inference_rule = EXCLUDED.primary_inference_rule, new_concept = EXCLUDED.new_concept, witness_summary = EXCLUDED.witness_summary, next_frontier = EXCLUDED.next_frontier, planned_closure_criterion = EXCLUDED.planned_closure_criterion, before_state = EXCLUDED.before_state, after_state = EXCLUDED.after_state, completion_disposition = EXCLUDED.completion_disposition;

INSERT INTO tsp_loops (tsp_loop_id, loop_order, display_name, status, primary_inference_rule, new_concept, witness_summary, next_frontier, planned_closure_criterion, before_state, after_state, completion_disposition)
VALUES ('tsp-loop-594', 594, 'Degree-two forced-edge closure', 'CLOSED', 'tsp-rule-degree-two-forcing', 'Degree-two forced-edge closure', 'Sparse fixture forced five ring edges from degree-two stops with zero branch decisions; B-D remains for saturation propagation.', 'Propagate degree saturation and proper-subtour forbidden-edge consequences.', 'On a sparse five-stop fixture, stops with exactly two available incident edges force the five cycle edges with zero branching.', 'Degree-two forcing is declared but has no executable state, round, or decision certificates.', 'Sparse fixture forced five ring edges from degree-two stops with zero branch decisions; B-D remains for saturation propagation.', 'CLOSED') ON CONFLICT (tsp_loop_id) DO UPDATE SET loop_order = EXCLUDED.loop_order, display_name = EXCLUDED.display_name, status = EXCLUDED.status, primary_inference_rule = EXCLUDED.primary_inference_rule, new_concept = EXCLUDED.new_concept, witness_summary = EXCLUDED.witness_summary, next_frontier = EXCLUDED.next_frontier, planned_closure_criterion = EXCLUDED.planned_closure_criterion, before_state = EXCLUDED.before_state, after_state = EXCLUDED.after_state, completion_disposition = EXCLUDED.completion_disposition;

INSERT INTO tsp_loops (tsp_loop_id, loop_order, display_name, status, primary_inference_rule, new_concept, witness_summary, next_frontier, planned_closure_criterion, before_state, after_state, completion_disposition)
VALUES ('tsp-loop-595', 595, 'Forbidden-edge propagation', 'CLOSED', 'tsp-rule-forbidden-edge-propagation', 'Forbidden-edge propagation', 'Forbade sparse B-D by degree saturation and twin WA-WC by proper-subtour prevention; both decisions are deterministic and branch-free.', 'Contract neighborhood internals into finite boundary states.', 'Forbid the sparse B-D chord by degree saturation and forbid a twin-triangle closing edge because it would close a proper subtour, with replayable reason codes.', 'Forced edges do not yet emit deterministic forbidden-edge consequences or premature-subtour exclusions.', 'Forbade sparse B-D by degree saturation and twin WA-WC by proper-subtour prevention; both decisions are deterministic and branch-free.', 'CLOSED') ON CONFLICT (tsp_loop_id) DO UPDATE SET loop_order = EXCLUDED.loop_order, display_name = EXCLUDED.display_name, status = EXCLUDED.status, primary_inference_rule = EXCLUDED.primary_inference_rule, new_concept = EXCLUDED.new_concept, witness_summary = EXCLUDED.witness_summary, next_frontier = EXCLUDED.next_frontier, planned_closure_criterion = EXCLUDED.planned_closure_criterion, before_state = EXCLUDED.before_state, after_state = EXCLUDED.after_state, completion_disposition = EXCLUDED.completion_disposition;

INSERT INTO tsp_loops (tsp_loop_id, loop_order, display_name, status, primary_inference_rule, new_concept, witness_summary, next_frontier, planned_closure_criterion, before_state, after_state, completion_disposition)
VALUES ('tsp-loop-596', 596, 'Neighborhood boundary-state contraction v0', 'CLOSED', 'tsp-rule-neighborhood-boundary-state', 'Neighborhood boundary-state contraction v0', 'Each twin-triangle neighborhood contracts six raw internal orders to three undirected boundary states (50%); paired composition contracts 36 combinations to nine (75%) with cost-preserving path witnesses.', 'Generalize boundary-state soundness across non-triangular clusters and then branch only on residual city-level ambiguity.', 'For each three-stop twin-triangle neighborhood, derive three undirected entry/exit Hamiltonian-path states, reduce six internal orders to three states, and reduce 36 paired internal orders to nine paired boundary-state combinations.', 'Neighborhood rows are geographic labels only; no executable entry/exit path states or contraction certificate exists.', 'Each twin-triangle neighborhood contracts six raw internal orders to three undirected boundary states (50%); paired composition contracts 36 combinations to nine (75%) with cost-preserving path witnesses.', 'CLOSED') ON CONFLICT (tsp_loop_id) DO UPDATE SET loop_order = EXCLUDED.loop_order, display_name = EXCLUDED.display_name, status = EXCLUDED.status, primary_inference_rule = EXCLUDED.primary_inference_rule, new_concept = EXCLUDED.new_concept, witness_summary = EXCLUDED.witness_summary, next_frontier = EXCLUDED.next_frontier, planned_closure_criterion = EXCLUDED.planned_closure_criterion, before_state = EXCLUDED.before_state, after_state = EXCLUDED.after_state, completion_disposition = EXCLUDED.completion_disposition;

INSERT INTO tsp_loops (tsp_loop_id, loop_order, display_name, status, primary_inference_rule, new_concept, witness_summary, next_frontier, planned_closure_criterion, before_state, after_state, completion_disposition)
VALUES ('tsp-loop-597', 597, 'Convergence prediction', 'CLOSED', 'tsp-rule-predicate-invention', 'Convergence Prediction', 'The convergence hypothesis is now versioned data, explicitly exploratory and not a theorem.', 'Derive the explicit predicate basis and map the surface vocabulary onto it.', 'Record the working prediction, baseline thirty-two surface predicates, target eight-predicate basis, and DAG-based predicate-invention method without claiming a theorem.', 'Forty physical tables expose at least thirty-two recurring surface predicates, but no explicit convergence hypothesis or semantic compression baseline is recorded.', 'Recorded a thirty-two-surface-predicate baseline, an eight-predicate target, and the prediction that DAG inference will invent derived predicates while the primitive basis stabilizes.', 'CLOSED') ON CONFLICT (tsp_loop_id) DO UPDATE SET loop_order = EXCLUDED.loop_order, display_name = EXCLUDED.display_name, status = EXCLUDED.status, primary_inference_rule = EXCLUDED.primary_inference_rule, new_concept = EXCLUDED.new_concept, witness_summary = EXCLUDED.witness_summary, next_frontier = EXCLUDED.next_frontier, planned_closure_criterion = EXCLUDED.planned_closure_criterion, before_state = EXCLUDED.before_state, after_state = EXCLUDED.after_state, completion_disposition = EXCLUDED.completion_disposition;

INSERT INTO tsp_loops (tsp_loop_id, loop_order, display_name, status, primary_inference_rule, new_concept, witness_summary, next_frontier, planned_closure_criterion, before_state, after_state, completion_disposition)
VALUES ('tsp-loop-598', 598, 'Eight-predicate basis', 'CLOSED', 'tsp-rule-predicate-invention', 'Predicate Basis', 'Predicate basis = {MEMBERSHIP, INCIDENCE, CARDINALITY, ORDER, WEIGHT, COMMITMENT, CONNECTIVITY, PROVENANCE}; measured semantic compression is 75%.', 'Collapse edge-decision vocabulary into one ordered commitment concept.', 'Represent exactly eight canonical primitives and map all thirty-two baseline surface predicates to finite basis expressions.', 'The convergence prediction is recorded, but the candidate primitive vocabulary and surface-to-basis map do not exist.', 'Mapped thirty-two recurring surface predicates to eight canonical primitives; historical names remain queryable projections rather than independent primitives.', 'CLOSED') ON CONFLICT (tsp_loop_id) DO UPDATE SET loop_order = EXCLUDED.loop_order, display_name = EXCLUDED.display_name, status = EXCLUDED.status, primary_inference_rule = EXCLUDED.primary_inference_rule, new_concept = EXCLUDED.new_concept, witness_summary = EXCLUDED.witness_summary, next_frontier = EXCLUDED.next_frontier, planned_closure_criterion = EXCLUDED.planned_closure_criterion, before_state = EXCLUDED.before_state, after_state = EXCLUDED.after_state, completion_disposition = EXCLUDED.completion_disposition;

INSERT INTO tsp_loops (tsp_loop_id, loop_order, display_name, status, primary_inference_rule, new_concept, witness_summary, next_frontier, planned_closure_criterion, before_state, after_state, completion_disposition)
VALUES ('tsp-loop-599', 599, 'Edge commitment lattice', 'CLOSED', 'tsp-rule-predicate-invention', 'Commitment Lattice', 'Gridville selections have rank 1 and CURRENT_WITNESS scope; sparse forced edges have rank 2 and ALL_FEASIBLE_TOURS scope; no epistemic upgrade was hidden.', 'Collapse degree checks, local bounds, and forcing into one incidence budget.', 'Project all edge statuses onto one commitment rank, polarity, necessity scope, and provenance representation without conflating selected with forced.', 'UNKNOWN, SELECTED, FORCED, FORBIDDEN, CONTRADICTED, and SUPERSEDED are separate surface statuses split across edge-state and constraint-decision projections.', 'Collapsed edge-state and constraint-decision vocabulary into a commitment lattice with rank, polarity, necessity scope, and provenance.', 'CLOSED') ON CONFLICT (tsp_loop_id) DO UPDATE SET loop_order = EXCLUDED.loop_order, display_name = EXCLUDED.display_name, status = EXCLUDED.status, primary_inference_rule = EXCLUDED.primary_inference_rule, new_concept = EXCLUDED.new_concept, witness_summary = EXCLUDED.witness_summary, next_frontier = EXCLUDED.next_frontier, planned_closure_criterion = EXCLUDED.planned_closure_criterion, before_state = EXCLUDED.before_state, after_state = EXCLUDED.after_state, completion_disposition = EXCLUDED.completion_disposition;

INSERT INTO tsp_loops (tsp_loop_id, loop_order, display_name, status, primary_inference_rule, new_concept, witness_summary, next_frontier, planned_closure_criterion, before_state, after_state, completion_disposition)
VALUES ('tsp-loop-600', 600, 'Incidence budget', 'CLOSED', 'tsp-rule-predicate-invention', 'Incidence Budget', 'All five Gridville and all six twin-triangle stops have required incidence 2, observed incidence 2, and incidence defect 0; connectivity remains a separate coordinate.', 'Lift local incidence defects into a global multi-coordinate defect vector.', 'Represent required incidence, observed incidence, and incidence defect uniformly for every Gridville and twin-triangle stop.', 'Cycle degree, selected degree, remaining degree, local lower-bound incidence, and forcing applicability are represented as separate concepts.', 'Projected local degree bounds, cycle degree, selected degree, and forcing applicability onto one incidence budget.', 'CLOSED') ON CONFLICT (tsp_loop_id) DO UPDATE SET loop_order = EXCLUDED.loop_order, display_name = EXCLUDED.display_name, status = EXCLUDED.status, primary_inference_rule = EXCLUDED.primary_inference_rule, new_concept = EXCLUDED.new_concept, witness_summary = EXCLUDED.witness_summary, next_frontier = EXCLUDED.next_frontier, planned_closure_criterion = EXCLUDED.planned_closure_criterion, before_state = EXCLUDED.before_state, after_state = EXCLUDED.after_state, completion_disposition = EXCLUDED.completion_disposition;

INSERT INTO tsp_loops (tsp_loop_id, loop_order, display_name, status, primary_inference_rule, new_concept, witness_summary, next_frontier, planned_closure_criterion, before_state, after_state, completion_disposition)
VALUES ('tsp-loop-601', 601, 'Defect vector', 'CLOSED', 'tsp-rule-predicate-invention', 'Defect Vector', 'Gridville vector = 0|0|0|0; twin local two-factor vector = 0|1|2|18, locating the exact unresolved geometry without inventing a new primitive.', 'Derive the minimum crossing demand exposed by the twin component defect.', 'Represent incidence, connectivity, boundary, and cost defects as one vector and distinguish zero-defect Gridville from twin triangles.', 'Degree violations, connected-component count, boundary crossings, and cost gaps are separate acceptance surfaces.', 'Collapsed incidence violations, component excess, missing boundary crossings, and bound gap into one defect vector.', 'CLOSED') ON CONFLICT (tsp_loop_id) DO UPDATE SET loop_order = EXCLUDED.loop_order, display_name = EXCLUDED.display_name, status = EXCLUDED.status, primary_inference_rule = EXCLUDED.primary_inference_rule, new_concept = EXCLUDED.new_concept, witness_summary = EXCLUDED.witness_summary, next_frontier = EXCLUDED.next_frontier, planned_closure_criterion = EXCLUDED.planned_closure_criterion, before_state = EXCLUDED.before_state, after_state = EXCLUDED.after_state, completion_disposition = EXCLUDED.completion_disposition;

INSERT INTO tsp_loops (tsp_loop_id, loop_order, display_name, status, primary_inference_rule, new_concept, witness_summary, next_frontier, planned_closure_criterion, before_state, after_state, completion_disposition)
VALUES ('tsp-loop-602', 602, 'Cut parity', 'CLOSED', 'tsp-rule-cut-parity', 'Cut Parity', 'Twin component cut: crossing count is even for every cycle and nonzero for connected coverage; therefore crossing count >= 2.', 'Turn mandatory crossings into an additive component-repair lower bound.', 'Derive that a Hamiltonian cycle crosses a nontrivial component cut a positive even number of times, hence at least twice.', 'Twin triangles exposes two selected components, but the mandatory number of crossings between them is not represented.', 'Derived a positive-even cut-crossing certificate for the two twin components, with minimum crossing demand two.', 'CLOSED') ON CONFLICT (tsp_loop_id) DO UPDATE SET loop_order = EXCLUDED.loop_order, display_name = EXCLUDED.display_name, status = EXCLUDED.status, primary_inference_rule = EXCLUDED.primary_inference_rule, new_concept = EXCLUDED.new_concept, witness_summary = EXCLUDED.witness_summary, next_frontier = EXCLUDED.next_frontier, planned_closure_criterion = EXCLUDED.planned_closure_criterion, before_state = EXCLUDED.before_state, after_state = EXCLUDED.after_state, completion_disposition = EXCLUDED.completion_disposition;

INSERT INTO tsp_loops (tsp_loop_id, loop_order, display_name, status, primary_inference_rule, new_concept, witness_summary, next_frontier, planned_closure_criterion, before_state, after_state, completion_disposition)
VALUES ('tsp-loop-603', 603, 'Component repair bound', 'CLOSED', 'tsp-rule-component-repair-bound', 'Component Repair Bound', 'Twin component repair adjustment is +18; the strengthened finite-instance lower bound is 24.', 'Compare the repaired lower bound with the feasible candidate upper bound.', 'Add two cost-ten crossings, release two cost-one internal edges, and certify an eighteen-unit repair adjustment and lower bound twenty-four.', 'Twin triangles has a certified local degree bound of six and a two-crossing requirement, but no composed global repair cost.', 'Composed the local degree bound with cut repair: 6 + (2 x 10) - (2 x 1) = 24.', 'CLOSED') ON CONFLICT (tsp_loop_id) DO UPDATE SET loop_order = EXCLUDED.loop_order, display_name = EXCLUDED.display_name, status = EXCLUDED.status, primary_inference_rule = EXCLUDED.primary_inference_rule, new_concept = EXCLUDED.new_concept, witness_summary = EXCLUDED.witness_summary, next_frontier = EXCLUDED.next_frontier, planned_closure_criterion = EXCLUDED.planned_closure_criterion, before_state = EXCLUDED.before_state, after_state = EXCLUDED.after_state, completion_disposition = EXCLUDED.completion_disposition;

INSERT INTO tsp_loops (tsp_loop_id, loop_order, display_name, status, primary_inference_rule, new_concept, witness_summary, next_frontier, planned_closure_criterion, before_state, after_state, completion_disposition)
VALUES ('tsp-loop-604', 604, 'Bound sandwich', 'CLOSED', 'tsp-rule-bound-equality-optimality', 'Bound Sandwich', 'The original degree-only bound remains recorded as non-tight; the composed component-repair bound equals the valid candidate and proves optimality only for tsp-twin-triangles-6.', 'Normalize supplied and reconstructed routes into one witness shape.', 'Close twin-triangle finite optimality by lower-bound/upper-bound equality while retaining the original non-tight local-bound counterexample.', 'Twin triangles has a repaired lower bound of twenty-four and a feasible candidate of cost twenty-four, but no finite optimality certificate.', 'Closed twin-triangle optimality by the sandwich 24 <= candidate cost 24 <= 24.', 'CLOSED') ON CONFLICT (tsp_loop_id) DO UPDATE SET loop_order = EXCLUDED.loop_order, display_name = EXCLUDED.display_name, status = EXCLUDED.status, primary_inference_rule = EXCLUDED.primary_inference_rule, new_concept = EXCLUDED.new_concept, witness_summary = EXCLUDED.witness_summary, next_frontier = EXCLUDED.next_frontier, planned_closure_criterion = EXCLUDED.planned_closure_criterion, before_state = EXCLUDED.before_state, after_state = EXCLUDED.after_state, completion_disposition = EXCLUDED.completion_disposition;

INSERT INTO tsp_loops (tsp_loop_id, loop_order, display_name, status, primary_inference_rule, new_concept, witness_summary, next_frontier, planned_closure_criterion, before_state, after_state, completion_disposition)
VALUES ('tsp-loop-605', 605, 'Witness normal form', 'CLOSED', 'tsp-rule-witness-normal-form', 'Witness Normal Form', 'The supplied and reconstructed Gridville cycles share coverage, edge count, cost, and zero-defect semantic key; only provenance differs.', 'Extend the same normal form to neighborhood entry/exit paths.', 'Project supplied and reconstructed cycles into one normal form whose semantic key differs only by provenance where the underlying cycle is identical.', 'Candidate tours, reconstructed tours, and cluster paths use separate object vocabularies despite sharing coverage, incidence, order, connectivity, cost, and provenance.', 'Normalized supplied and reconstructed cycles into one semantic witness shape.', 'CLOSED') ON CONFLICT (tsp_loop_id) DO UPDATE SET loop_order = EXCLUDED.loop_order, display_name = EXCLUDED.display_name, status = EXCLUDED.status, primary_inference_rule = EXCLUDED.primary_inference_rule, new_concept = EXCLUDED.new_concept, witness_summary = EXCLUDED.witness_summary, next_frontier = EXCLUDED.next_frontier, planned_closure_criterion = EXCLUDED.planned_closure_criterion, before_state = EXCLUDED.before_state, after_state = EXCLUDED.after_state, completion_disposition = EXCLUDED.completion_disposition;

INSERT INTO tsp_loops (tsp_loop_id, loop_order, display_name, status, primary_inference_rule, new_concept, witness_summary, next_frontier, planned_closure_criterion, before_state, after_state, completion_disposition)
VALUES ('tsp-loop-606', 606, 'Boundary signature', 'CLOSED', 'tsp-rule-witness-normal-form', 'Boundary Signature', 'Each path normal form records scope, canonical entry/exit, three-stop coverage, two edges, cost two, zero defects, and expansion provenance.', 'Quotient boundary witnesses by semantic equivalence rather than raw orientation.', 'Project all six cluster boundary states into valid path normal forms keyed by scope, entry, exit, coverage, and cost.', 'Neighborhood boundary states are special-purpose rows rather than path witnesses in the common normal form.', 'Projected all six neighborhood boundary states into valid path witness normal forms.', 'CLOSED') ON CONFLICT (tsp_loop_id) DO UPDATE SET loop_order = EXCLUDED.loop_order, display_name = EXCLUDED.display_name, status = EXCLUDED.status, primary_inference_rule = EXCLUDED.primary_inference_rule, new_concept = EXCLUDED.new_concept, witness_summary = EXCLUDED.witness_summary, next_frontier = EXCLUDED.next_frontier, planned_closure_criterion = EXCLUDED.planned_closure_criterion, before_state = EXCLUDED.before_state, after_state = EXCLUDED.after_state, completion_disposition = EXCLUDED.completion_disposition;

INSERT INTO tsp_loops (tsp_loop_id, loop_order, display_name, status, primary_inference_rule, new_concept, witness_summary, next_frontier, planned_closure_criterion, before_state, after_state, completion_disposition)
VALUES ('tsp-loop-607', 607, 'Semantic quotient', 'CLOSED', 'tsp-rule-semantic-quotient', 'Semantic Quotient', 'Each neighborhood has six directed orders / orientation multiplicity two = three quotient classes; the product quotient has 3 x 3 = 9 classes.', 'Collapse neighborhoods and disconnected components into one boundary object.', 'Represent reversal-equivalent internal orders as quotient classes and derive three classes per neighborhood and nine product classes.', 'The measured six-to-three neighborhood contraction is stored as a count reduction without an explicit equivalence relation.', 'Recast neighborhood contraction as a semantic quotient by path reversal with fixed unordered boundary, coverage, and cost.', 'CLOSED') ON CONFLICT (tsp_loop_id) DO UPDATE SET loop_order = EXCLUDED.loop_order, display_name = EXCLUDED.display_name, status = EXCLUDED.status, primary_inference_rule = EXCLUDED.primary_inference_rule, new_concept = EXCLUDED.new_concept, witness_summary = EXCLUDED.witness_summary, next_frontier = EXCLUDED.next_frontier, planned_closure_criterion = EXCLUDED.planned_closure_criterion, before_state = EXCLUDED.before_state, after_state = EXCLUDED.after_state, completion_disposition = EXCLUDED.completion_disposition;

INSERT INTO tsp_loops (tsp_loop_id, loop_order, display_name, status, primary_inference_rule, new_concept, witness_summary, next_frontier, planned_closure_criterion, before_state, after_state, completion_disposition)
VALUES ('tsp-loop-608', 608, 'Component quotient', 'CLOSED', 'tsp-rule-semantic-quotient', 'Component Quotient', 'The city-level object is now a two-node quotient graph; cluster versus component is provenance, while boundary degree and expansion signature carry the semantics.', 'Collapse applications, rounds, supports, antecedents, and decisions into closure events.', 'Represent the two twin neighborhoods as quotient nodes with boundary degree two, unifying cluster and component interfaces.', 'Neighborhood clusters and selected connected components are treated as different kinds of objects despite exposing the same boundary-degree contract.', 'Unified the two neighborhoods and the two selected connected components as quotient nodes with required boundary degree two.', 'CLOSED') ON CONFLICT (tsp_loop_id) DO UPDATE SET loop_order = EXCLUDED.loop_order, display_name = EXCLUDED.display_name, status = EXCLUDED.status, primary_inference_rule = EXCLUDED.primary_inference_rule, new_concept = EXCLUDED.new_concept, witness_summary = EXCLUDED.witness_summary, next_frontier = EXCLUDED.next_frontier, planned_closure_criterion = EXCLUDED.planned_closure_criterion, before_state = EXCLUDED.before_state, after_state = EXCLUDED.after_state, completion_disposition = EXCLUDED.completion_disposition;

INSERT INTO tsp_loops (tsp_loop_id, loop_order, display_name, status, primary_inference_rule, new_concept, witness_summary, next_frontier, planned_closure_criterion, before_state, after_state, completion_disposition)
VALUES ('tsp-loop-609', 609, 'Closure event', 'CLOSED', 'tsp-rule-closure-event', 'Closure Event', '14 closure events cover selection, union, rigidity, reconstruction, forcing, forbidding, cut parity, repair, optimality, and quotienting.', 'Measure whether new derived vocabulary has stopped increasing the primitive basis.', 'Project representative selection, union, rigidity, reconstruction, forcing, forbidding, cut, repair, optimality, and quotient steps into one closure-event schema.', 'Inference applications, antecedents, supports, states, constraint rounds, and decisions are separate execution concepts.', 'Collapsed applications, states, antecedents, supports, rounds, and decisions into a common closure-event projection.', 'CLOSED') ON CONFLICT (tsp_loop_id) DO UPDATE SET loop_order = EXCLUDED.loop_order, display_name = EXCLUDED.display_name, status = EXCLUDED.status, primary_inference_rule = EXCLUDED.primary_inference_rule, new_concept = EXCLUDED.new_concept, witness_summary = EXCLUDED.witness_summary, next_frontier = EXCLUDED.next_frontier, planned_closure_criterion = EXCLUDED.planned_closure_criterion, before_state = EXCLUDED.before_state, after_state = EXCLUDED.after_state, completion_disposition = EXCLUDED.completion_disposition;

INSERT INTO tsp_loops (tsp_loop_id, loop_order, display_name, status, primary_inference_rule, new_concept, witness_summary, next_frontier, planned_closure_criterion, before_state, after_state, completion_disposition)
VALUES ('tsp-loop-610', 610, 'Convergence event', 'CLOSED', 'tsp-rule-predicate-invention', 'Convergence Event', 'Convergence event: semantic compression 75%, physical tables 40 to 45, coined terms 14, new primitives after basis discovery 0; status is early empirical support for this finite TSP domain.', 'Stress the eight-predicate basis on larger clusters and branch only after closure leaves a witnessed residual kernel.', 'Certify thirty-two-to-eight semantic compression, fourteen coined terms, zero new primitives after the basis loop, bounded physical schema growth, and an explicit residual kernel.', 'Thirteen reduction loops have coined derived predicates, but their cumulative compression and primitive-basis stability are not certified.', 'Certified a stable eight-predicate basis across fourteen reduction loops: thirty-two baseline surface predicates compress to eight primitives, fourteen useful terms were coined, and no new primitive appeared after loop 598.', 'CLOSED') ON CONFLICT (tsp_loop_id) DO UPDATE SET loop_order = EXCLUDED.loop_order, display_name = EXCLUDED.display_name, status = EXCLUDED.status, primary_inference_rule = EXCLUDED.primary_inference_rule, new_concept = EXCLUDED.new_concept, witness_summary = EXCLUDED.witness_summary, next_frontier = EXCLUDED.next_frontier, planned_closure_criterion = EXCLUDED.planned_closure_criterion, before_state = EXCLUDED.before_state, after_state = EXCLUDED.after_state, completion_disposition = EXCLUDED.completion_disposition;

INSERT INTO tsp_loops (tsp_loop_id, loop_order, display_name, status, primary_inference_rule, new_concept, witness_summary, next_frontier, planned_closure_criterion, before_state, after_state, completion_disposition)
VALUES ('tsp-loop-611', 611, 'Predicate/operator split', 'CLOSED', 'tsp-rule-atom-operator-refinement', 'Predicate–Operator Split', 'All eight loop-610 primitives retain their historical identity and receive explicit semantic-category and reduced-expression fields; current primitive count remains eight. The convergence objective is coherence rather than monotone row, table, or predicate-count reduction.', 'Test whether membership and incidence share one typed attachment atom.', 'Classify the eight historical predicates as candidate atoms or operator-derived concepts, preserve their loop-610 provenance, and record that local expansion is permitted when an opaque dependency is replaced by explicit reusable machinery. Measure convergence by coherence, reuse, trust-boundary reduction, and residual ambiguity rather than by monotone physical size.', 'Loop 610 records eight canonical predicates, but relational atoms and reusable operators are not distinguished. Convergence could also be misread as requiring monotone table or predicate shrinkage.', 'Separated the historical eight-predicate basis into candidate relational atoms and operator-derived concepts without changing the active basis. Recorded that local representational growth is compatible with global semantic convergence when it replaces opacity with reusable structure.', 'CLOSED') ON CONFLICT (tsp_loop_id) DO UPDATE SET loop_order = EXCLUDED.loop_order, display_name = EXCLUDED.display_name, status = EXCLUDED.status, primary_inference_rule = EXCLUDED.primary_inference_rule, new_concept = EXCLUDED.new_concept, witness_summary = EXCLUDED.witness_summary, next_frontier = EXCLUDED.next_frontier, planned_closure_criterion = EXCLUDED.planned_closure_criterion, before_state = EXCLUDED.before_state, after_state = EXCLUDED.after_state, completion_disposition = EXCLUDED.completion_disposition;

INSERT INTO tsp_loops (tsp_loop_id, loop_order, display_name, status, primary_inference_rule, new_concept, witness_summary, next_frontier, planned_closure_criterion, before_state, after_state, completion_disposition)
VALUES ('tsp-loop-612', 612, 'Attachment atom', 'CLOSED', 'tsp-rule-atom-operator-refinement', 'Attachment Atom', 'Every historical membership/incidence surface retains a reduced expression, while the active primitive count becomes seven.', 'Test whether cardinality, order, and weight share one valuation atom.', 'Introduce ATTACHMENT(subject, object, role), reduce MEMBERSHIP and INCIDENCE to typed attachment roles, and preserve every historical surface definition.', 'Membership and incidence are separate primitives even though both attach one object to a typed scope or endpoint.', 'Collapsed membership and incidence into ATTACHMENT with typed roles such as member, endpoint, entry, exit, and uses.', 'CLOSED') ON CONFLICT (tsp_loop_id) DO UPDATE SET loop_order = EXCLUDED.loop_order, display_name = EXCLUDED.display_name, status = EXCLUDED.status, primary_inference_rule = EXCLUDED.primary_inference_rule, new_concept = EXCLUDED.new_concept, witness_summary = EXCLUDED.witness_summary, next_frontier = EXCLUDED.next_frontier, planned_closure_criterion = EXCLUDED.planned_closure_criterion, before_state = EXCLUDED.before_state, after_state = EXCLUDED.after_state, completion_disposition = EXCLUDED.completion_disposition;

INSERT INTO tsp_loops (tsp_loop_id, loop_order, display_name, status, primary_inference_rule, new_concept, witness_summary, next_frontier, planned_closure_criterion, before_state, after_state, completion_disposition)
VALUES ('tsp-loop-613', 613, 'Valuation atom', 'CLOSED', 'tsp-rule-atom-operator-refinement', 'Valuation Atom', 'Degree is a valuation under incident-count, sequence is a valuation under ordinal-position, and cost is a valuation under the objective measure; active primitive count becomes five.', 'Test whether commitment and provenance share one warrant atom.', 'Introduce VALUATION(subject, measure, value), reduce count, ordinal, and cost predicates to valuation forms, and retain aggregation as an explicit pending operator.', 'Cardinality, order, and weight remain separate primitives despite all assigning values under a named measure.', 'Collapsed cardinality, order, and weight into VALUATION under explicit measures.', 'CLOSED') ON CONFLICT (tsp_loop_id) DO UPDATE SET loop_order = EXCLUDED.loop_order, display_name = EXCLUDED.display_name, status = EXCLUDED.status, primary_inference_rule = EXCLUDED.primary_inference_rule, new_concept = EXCLUDED.new_concept, witness_summary = EXCLUDED.witness_summary, next_frontier = EXCLUDED.next_frontier, planned_closure_criterion = EXCLUDED.planned_closure_criterion, before_state = EXCLUDED.before_state, after_state = EXCLUDED.after_state, completion_disposition = EXCLUDED.completion_disposition;

INSERT INTO tsp_loops (tsp_loop_id, loop_order, display_name, status, primary_inference_rule, new_concept, witness_summary, next_frontier, planned_closure_criterion, before_state, after_state, completion_disposition)
VALUES ('tsp-loop-614', 614, 'Warrant atom', 'CLOSED', 'tsp-rule-atom-operator-refinement', 'Warrant Atom', 'SELECTED remains a current-witness warrant, FORCED remains an all-feasible-tours warrant, and historical provenance remains queryable; active primitive count becomes four.', 'Move connectivity from the atom basis into a closure operator.', 'Introduce WARRANT(conclusion, source, modality), reduce commitment and provenance to warrant projections, and preserve necessity scope distinctions.', 'Commitment and provenance are separate primitives even though every commitment is a scoped conclusion warranted by sources and rules.', 'Collapsed commitment and provenance into WARRANT with explicit source, modality, and scope.', 'CLOSED') ON CONFLICT (tsp_loop_id) DO UPDATE SET loop_order = EXCLUDED.loop_order, display_name = EXCLUDED.display_name, status = EXCLUDED.status, primary_inference_rule = EXCLUDED.primary_inference_rule, new_concept = EXCLUDED.new_concept, witness_summary = EXCLUDED.witness_summary, next_frontier = EXCLUDED.next_frontier, planned_closure_criterion = EXCLUDED.planned_closure_criterion, before_state = EXCLUDED.before_state, after_state = EXCLUDED.after_state, completion_disposition = EXCLUDED.completion_disposition;

INSERT INTO tsp_loops (tsp_loop_id, loop_order, display_name, status, primary_inference_rule, new_concept, witness_summary, next_frontier, planned_closure_criterion, before_state, after_state, completion_disposition)
VALUES ('tsp-loop-615', 615, 'Closure operator', 'CLOSED', 'tsp-rule-operator-lift', 'Closure Operator', 'The current active atom count is three: ATTACHMENT, VALUATION, WARRANT. Connectedness, components, cuts, and reachability are closure results.', 'Lift count, sum, minimum, and parity into one aggregation operator.', 'Register CLOSURE as an operator over attachment relations, reduce CONNECTIVITY to closure, and leave exactly three active relational atoms.', 'Connectivity is still treated as a primitive rather than reachability closure over typed attachments.', 'Lifted connectivity from the primitive basis into CLOSURE over typed attachments.', 'CLOSED') ON CONFLICT (tsp_loop_id) DO UPDATE SET loop_order = EXCLUDED.loop_order, display_name = EXCLUDED.display_name, status = EXCLUDED.status, primary_inference_rule = EXCLUDED.primary_inference_rule, new_concept = EXCLUDED.new_concept, witness_summary = EXCLUDED.witness_summary, next_frontier = EXCLUDED.next_frontier, planned_closure_criterion = EXCLUDED.planned_closure_criterion, before_state = EXCLUDED.before_state, after_state = EXCLUDED.after_state, completion_disposition = EXCLUDED.completion_disposition;

INSERT INTO tsp_loops (tsp_loop_id, loop_order, display_name, status, primary_inference_rule, new_concept, witness_summary, next_frontier, planned_closure_criterion, before_state, after_state, completion_disposition)
VALUES ('tsp-loop-616', 616, 'Aggregate operator', 'CLOSED', 'tsp-rule-operator-lift', 'Aggregate Operator', 'Degree, edge count, lower-bound sum, fiber minimum, and convergence measurement now differ by measure and reducer, not by primitive type.', 'Lift symmetry and dominance contraction into one quotient operator.', 'Register AGGREGATE as the common count/sum/min/max/parity operator over attachments and valuations, with no new atom.', 'Counts, sums, minima, degrees, and repair totals are expressed through many surface formulas without one operator identity.', 'Lifted count, sum, minimum, maximum, parity, and signed repair arithmetic into AGGREGATE.', 'CLOSED') ON CONFLICT (tsp_loop_id) DO UPDATE SET loop_order = EXCLUDED.loop_order, display_name = EXCLUDED.display_name, status = EXCLUDED.status, primary_inference_rule = EXCLUDED.primary_inference_rule, new_concept = EXCLUDED.new_concept, witness_summary = EXCLUDED.witness_summary, next_frontier = EXCLUDED.next_frontier, planned_closure_criterion = EXCLUDED.planned_closure_criterion, before_state = EXCLUDED.before_state, after_state = EXCLUDED.after_state, completion_disposition = EXCLUDED.completion_disposition;

INSERT INTO tsp_loops (tsp_loop_id, loop_order, display_name, status, primary_inference_rule, new_concept, witness_summary, next_frontier, planned_closure_criterion, before_state, after_state, completion_disposition)
VALUES ('tsp-loop-617', 617, 'Quotient operator', 'CLOSED', 'tsp-rule-operator-lift', 'Quotient Operator', 'Path reversal, component abstraction, and later valuation dominance now share one operator contract.', 'Lift repeated closure rounds into one fixed-point operator.', 'Register QUOTIENT as the operator that identifies witnesses under an explicit equivalence relation and retains representatives plus expansion provenance.', 'Semantic Quotient and Component Quotient are coined predicates but quotienting is not represented as a reusable operator.', 'Lifted semantic and component contraction into QUOTIENT with explicit equivalence, representatives, and expansion warrant.', 'CLOSED') ON CONFLICT (tsp_loop_id) DO UPDATE SET loop_order = EXCLUDED.loop_order, display_name = EXCLUDED.display_name, status = EXCLUDED.status, primary_inference_rule = EXCLUDED.primary_inference_rule, new_concept = EXCLUDED.new_concept, witness_summary = EXCLUDED.witness_summary, next_frontier = EXCLUDED.next_frontier, planned_closure_criterion = EXCLUDED.planned_closure_criterion, before_state = EXCLUDED.before_state, after_state = EXCLUDED.after_state, completion_disposition = EXCLUDED.completion_disposition;

INSERT INTO tsp_loops (tsp_loop_id, loop_order, display_name, status, primary_inference_rule, new_concept, witness_summary, next_frontier, planned_closure_criterion, before_state, after_state, completion_disposition)
VALUES ('tsp-loop-618', 618, 'Fixed-point operator', 'CLOSED', 'tsp-rule-operator-lift', 'Fixed-Point Operator', 'Forcing, forbidding, repair, and quotient events can now be described as warranted transformations iterated until state stability.', 'Certify the current three-atom/four-operator factorization.', 'Register FIXPOINT as repeated warranted closure until no commitment changes, and map inference rounds and closure events onto it.', 'Closure events and constraint rounds expose repeated application, but fixed-point iteration is not explicit in the semantic basis.', 'Lifted repeated constraint and inference closure into FIXPOINT.', 'CLOSED') ON CONFLICT (tsp_loop_id) DO UPDATE SET loop_order = EXCLUDED.loop_order, display_name = EXCLUDED.display_name, status = EXCLUDED.status, primary_inference_rule = EXCLUDED.primary_inference_rule, new_concept = EXCLUDED.new_concept, witness_summary = EXCLUDED.witness_summary, next_frontier = EXCLUDED.next_frontier, planned_closure_criterion = EXCLUDED.planned_closure_criterion, before_state = EXCLUDED.before_state, after_state = EXCLUDED.after_state, completion_disposition = EXCLUDED.completion_disposition;

INSERT INTO tsp_loops (tsp_loop_id, loop_order, display_name, status, primary_inference_rule, new_concept, witness_summary, next_frontier, planned_closure_criterion, before_state, after_state, completion_disposition)
VALUES ('tsp-loop-619', 619, 'Three-atom basis', 'CLOSED', 'tsp-rule-atom-operator-refinement', 'Three-Atom Basis', 'Atoms = ATTACHMENT, VALUATION, WARRANT. Operators = CLOSURE, AGGREGATE, QUOTIENT, FIXPOINT. Thirty-two baseline surfaces compress to three active atoms (90.63%) for the represented domain.', 'Stress the reduced basis on a general boundary-port interface.', 'Certify ATTACHMENT, VALUATION, and WARRANT as the current atoms; CLOSURE, AGGREGATE, QUOTIENT, and FIXPOINT as operators; and express every registered concept without the old eight primitive tokens.', 'Three active atoms and four operators have emerged incrementally, but their coverage of the historical vocabulary is not certified.', 'Certified a current basis of three atoms and four operators while preserving the historical eight-predicate certificate.', 'CLOSED') ON CONFLICT (tsp_loop_id) DO UPDATE SET loop_order = EXCLUDED.loop_order, display_name = EXCLUDED.display_name, status = EXCLUDED.status, primary_inference_rule = EXCLUDED.primary_inference_rule, new_concept = EXCLUDED.new_concept, witness_summary = EXCLUDED.witness_summary, next_frontier = EXCLUDED.next_frontier, planned_closure_criterion = EXCLUDED.planned_closure_criterion, before_state = EXCLUDED.before_state, after_state = EXCLUDED.after_state, completion_disposition = EXCLUDED.completion_disposition;

INSERT INTO tsp_loops (tsp_loop_id, loop_order, display_name, status, primary_inference_rule, new_concept, witness_summary, next_frontier, planned_closure_criterion, before_state, after_state, completion_disposition)
VALUES ('tsp-loop-620', 620, 'Boundary port', 'CLOSED', 'tsp-rule-boundary-fiber', 'Boundary Port', 'All six existing triangle path states expose one entry, one exit, full internal coverage, orientation multiplicity two, and a canonical boundary-fiber key.', 'Build a non-symmetric four-stop neighborhood and group its path witnesses by boundary fiber.', 'Represent every existing cluster path through typed entry/exit ports, a common port contract, orientation multiplicity, and a boundary-fiber key.', 'Entry and exit stops remain special cluster fields rather than typed attachments with a reusable port contract.', 'Normalized existing cluster entries and exits as typed boundary ports over ATTACHMENT, VALUATION, and WARRANT.', 'CLOSED') ON CONFLICT (tsp_loop_id) DO UPDATE SET loop_order = EXCLUDED.loop_order, display_name = EXCLUDED.display_name, status = EXCLUDED.status, primary_inference_rule = EXCLUDED.primary_inference_rule, new_concept = EXCLUDED.new_concept, witness_summary = EXCLUDED.witness_summary, next_frontier = EXCLUDED.next_frontier, planned_closure_criterion = EXCLUDED.planned_closure_criterion, before_state = EXCLUDED.before_state, after_state = EXCLUDED.after_state, completion_disposition = EXCLUDED.completion_disposition;

INSERT INTO tsp_loops (tsp_loop_id, loop_order, display_name, status, primary_inference_rule, new_concept, witness_summary, next_frontier, planned_closure_criterion, before_state, after_state, completion_disposition)
VALUES ('tsp-loop-621', 621, 'Boundary fiber', 'CLOSED', 'tsp-rule-boundary-fiber', 'Boundary Fiber', 'The twelve path rows retain twenty-four raw directed orientations, full four-stop coverage, explicit three-edge expansions, and unequal costs within every boundary fiber.', 'Collapse each boundary fiber by valuation dominance.', 'Represent an asymmetric four-stop complete neighborhood with twelve reversal-quotient path states grouped into six boundary fibers, retaining twenty-four directed orientations and explicit expansion members.', 'The three-stop fixture has one path per unordered boundary, so it cannot distinguish quotienting by symmetry from competing internal valuations.', 'Represented an asymmetric four-stop complete cluster as six boundary fibers containing twelve reversal-quotient path witnesses.', 'CLOSED') ON CONFLICT (tsp_loop_id) DO UPDATE SET loop_order = EXCLUDED.loop_order, display_name = EXCLUDED.display_name, status = EXCLUDED.status, primary_inference_rule = EXCLUDED.primary_inference_rule, new_concept = EXCLUDED.new_concept, witness_summary = EXCLUDED.witness_summary, next_frontier = EXCLUDED.next_frontier, planned_closure_criterion = EXCLUDED.planned_closure_criterion, before_state = EXCLUDED.before_state, after_state = EXCLUDED.after_state, completion_disposition = EXCLUDED.completion_disposition;

INSERT INTO tsp_loops (tsp_loop_id, loop_order, display_name, status, primary_inference_rule, new_concept, witness_summary, next_frontier, planned_closure_criterion, before_state, after_state, completion_disposition)
VALUES ('tsp-loop-622', 622, 'Fiber minimum', 'CLOSED', 'tsp-rule-fiber-dominance', 'Fiber Minimum', 'Six fibers each contain one SURVIVES row and one DOMINATED row; dominance deltas are 1, 6, 5, 5, 6, and 1 under the declared edge costs.', 'Certify the combined reversal and valuation quotient.', 'Within each of six boundary fibers, warrant the unique minimum-cost path, mark the other path dominated, and record the exact dominance delta.', 'Each asymmetric boundary fiber contains two non-equivalent internal path valuations and no canonical survivor.', 'Collapsed each asymmetric boundary fiber to its unique minimum-valued path while preserving the dominated alternative.', 'CLOSED') ON CONFLICT (tsp_loop_id) DO UPDATE SET loop_order = EXCLUDED.loop_order, display_name = EXCLUDED.display_name, status = EXCLUDED.status, primary_inference_rule = EXCLUDED.primary_inference_rule, new_concept = EXCLUDED.new_concept, witness_summary = EXCLUDED.witness_summary, next_frontier = EXCLUDED.next_frontier, planned_closure_criterion = EXCLUDED.planned_closure_criterion, before_state = EXCLUDED.before_state, after_state = EXCLUDED.after_state, completion_disposition = EXCLUDED.completion_disposition;

INSERT INTO tsp_loops (tsp_loop_id, loop_order, display_name, status, primary_inference_rule, new_concept, witness_summary, next_frontier, planned_closure_criterion, before_state, after_state, completion_disposition)
VALUES ('tsp-loop-623', 623, 'Asymmetric semantic quotient', 'CLOSED', 'tsp-rule-fiber-dominance', 'Asymmetric Quotient', 'The current semantic vocabulary remains three atoms plus four operators; asymmetric costs coin new predicates without adding a primitive. The certificate is finite and scoped to tsp-asymmetric-four-4.', 'Generalize region repair across more than two quotient components, then expose a genuine residual branch orbit.', 'Certify 24 directed paths to 12 reversal classes to 6 boundary-fiber minima, with expansion, coverage, and cost preservation, while the physical table count remains unchanged.', 'The original contraction certificate only demonstrates three-stop reversal symmetry and does not test the reduced basis against asymmetric valuations.', 'Certified an asymmetric semantic quotient: 24 directed internal paths to 12 reversal classes to 6 fiber minima, with no physical table growth.', 'CLOSED') ON CONFLICT (tsp_loop_id) DO UPDATE SET loop_order = EXCLUDED.loop_order, display_name = EXCLUDED.display_name, status = EXCLUDED.status, primary_inference_rule = EXCLUDED.primary_inference_rule, new_concept = EXCLUDED.new_concept, witness_summary = EXCLUDED.witness_summary, next_frontier = EXCLUDED.next_frontier, planned_closure_criterion = EXCLUDED.planned_closure_criterion, before_state = EXCLUDED.before_state, after_state = EXCLUDED.after_state, completion_disposition = EXCLUDED.completion_disposition;

INSERT INTO tsp_loops (tsp_loop_id, loop_order, display_name, status, primary_inference_rule, new_concept, witness_summary, next_frontier, planned_closure_criterion, before_state, after_state, completion_disposition)
VALUES ('tsp-loop-624', 624, 'Coherence vector', 'CLOSED', 'tsp-rule-coherence-measurement', 'Coherence Vector', 'Loop-624 vector: atoms=3, operators=4, tables=45, open_frontier=2, named_concepts=75; local expansion remains allowed.', 'Test whether ATTACHMENT, VALUATION, and WARRANT are typed signatures of one relation.', 'Represent a coherence vector that records active atoms, active operators, physical-table delta, open frontier, named concepts, and the non-monotone expansion guardrail without collapsing those dimensions to an arbitrary scalar.', 'Loop 623 records local expansion as compatible with convergence, but the repository has no multidimensional measurement separating semantic basis size, physical size, open frontier, and named derived vocabulary.', 'Recorded semantic basis size, operator count, physical-table delta, open frontier, and named vocabulary as separate coherence coordinates.', 'CLOSED') ON CONFLICT (tsp_loop_id) DO UPDATE SET loop_order = EXCLUDED.loop_order, display_name = EXCLUDED.display_name, status = EXCLUDED.status, primary_inference_rule = EXCLUDED.primary_inference_rule, new_concept = EXCLUDED.new_concept, witness_summary = EXCLUDED.witness_summary, next_frontier = EXCLUDED.next_frontier, planned_closure_criterion = EXCLUDED.planned_closure_criterion, before_state = EXCLUDED.before_state, after_state = EXCLUDED.after_state, completion_disposition = EXCLUDED.completion_disposition;

INSERT INTO tsp_loops (tsp_loop_id, loop_order, display_name, status, primary_inference_rule, new_concept, witness_summary, next_frontier, planned_closure_criterion, before_state, after_state, completion_disposition)
VALUES ('tsp-loop-625', 625, 'Semantic arc', 'CLOSED', 'tsp-rule-semantic-arc-refinement', 'Semantic Arc', 'The three historical atoms remain distinct recoverable projections by ROLE, MEASURE, and MODALITY signatures; active atom count is one.', 'Prevent the generic arc from becoming a vacuous triple store by making its signatures explicit.', 'Introduce SEMANTIC_ARC(subject,label,target), reduce the three atoms to typed arc projections, preserve all historical definitions, and leave exactly one active relational atom.', 'ATTACHMENT, VALUATION, and WARRANT are three active ternary atoms with the same subject-label-target shape but different label and target sorts.', 'Collapsed ATTACHMENT, VALUATION, and WARRANT into one typed SEMANTIC_ARC relation.', 'CLOSED') ON CONFLICT (tsp_loop_id) DO UPDATE SET loop_order = EXCLUDED.loop_order, display_name = EXCLUDED.display_name, status = EXCLUDED.status, primary_inference_rule = EXCLUDED.primary_inference_rule, new_concept = EXCLUDED.new_concept, witness_summary = EXCLUDED.witness_summary, next_frontier = EXCLUDED.next_frontier, planned_closure_criterion = EXCLUDED.planned_closure_criterion, before_state = EXCLUDED.before_state, after_state = EXCLUDED.after_state, completion_disposition = EXCLUDED.completion_disposition;

INSERT INTO tsp_loops (tsp_loop_id, loop_order, display_name, status, primary_inference_rule, new_concept, witness_summary, next_frontier, planned_closure_criterion, before_state, after_state, completion_disposition)
VALUES ('tsp-loop-626', 626, 'Arc signature', 'CLOSED', 'tsp-rule-semantic-arc-refinement', 'Arc Signature', 'Attachment = ROLE arc, valuation = MEASURE arc, warrant = MODALITY arc; each historical atom has a distinct recovery filter, preventing a vacuous untyped triple-store collapse.', 'Certify that every registered concept remains recoverable from the current basis.', 'Record subject, label, and target sorts for attachment, valuation, and warrant projections and require distinct recoverable signatures for each historical atom.', 'A single generic arc can encode the three atoms syntactically, but their role, measure, and modality constraints are not yet recoverable as typed signatures.', 'Typed the semantic arc with explicit subject, label, and target sorts.', 'CLOSED') ON CONFLICT (tsp_loop_id) DO UPDATE SET loop_order = EXCLUDED.loop_order, display_name = EXCLUDED.display_name, status = EXCLUDED.status, primary_inference_rule = EXCLUDED.primary_inference_rule, new_concept = EXCLUDED.new_concept, witness_summary = EXCLUDED.witness_summary, next_frontier = EXCLUDED.next_frontier, planned_closure_criterion = EXCLUDED.planned_closure_criterion, before_state = EXCLUDED.before_state, after_state = EXCLUDED.after_state, completion_disposition = EXCLUDED.completion_disposition;

INSERT INTO tsp_loops (tsp_loop_id, loop_order, display_name, status, primary_inference_rule, new_concept, witness_summary, next_frontier, planned_closure_criterion, before_state, after_state, completion_disposition)
VALUES ('tsp-loop-627', 627, 'Recoverability witness', 'CLOSED', 'tsp-rule-semantic-arc-refinement', 'Recoverability Witness', 'Recoverability coverage is 79/79; no retired atom token remains in a current reduced definition.', 'Collapse closure and fixed point into one saturation operator.', 'Give every registered concept an explicit recovery expression over semantic arcs and operators, reject unreduced historical tokens, and preserve source-table provenance.', 'The arc signatures are represented, but lossless recovery of the historical vocabulary has not been certified across the concept registry.', 'Certified lossless recovery of the historical and derived vocabulary from semantic arcs plus the current operators.', 'CLOSED') ON CONFLICT (tsp_loop_id) DO UPDATE SET loop_order = EXCLUDED.loop_order, display_name = EXCLUDED.display_name, status = EXCLUDED.status, primary_inference_rule = EXCLUDED.primary_inference_rule, new_concept = EXCLUDED.new_concept, witness_summary = EXCLUDED.witness_summary, next_frontier = EXCLUDED.next_frontier, planned_closure_criterion = EXCLUDED.planned_closure_criterion, before_state = EXCLUDED.before_state, after_state = EXCLUDED.after_state, completion_disposition = EXCLUDED.completion_disposition;

INSERT INTO tsp_loops (tsp_loop_id, loop_order, display_name, status, primary_inference_rule, new_concept, witness_summary, next_frontier, planned_closure_criterion, before_state, after_state, completion_disposition)
VALUES ('tsp-loop-628', 628, 'Saturation operator', 'CLOSED', 'tsp-rule-warranted-rewrite', 'Saturation Operator', 'Reachability closure and no-change rule closure remain recoverable as distinct expansive saturation modes; active operators are Saturate, Aggregate, and Quotient.', 'Collapse aggregation and quotienting into one fiber-reduction operator.', 'Introduce SATURATE(seed,rewrite,termination_warrant), reduce closure and fixed point to explicit saturation modes, and preserve their historical operator identities.', 'CLOSURE and FIXPOINT are separate active operators although both repeatedly add warranted consequences until a stability condition holds.', 'Collapsed CLOSURE and FIXPOINT into the SATURATE operator.', 'CLOSED') ON CONFLICT (tsp_loop_id) DO UPDATE SET loop_order = EXCLUDED.loop_order, display_name = EXCLUDED.display_name, status = EXCLUDED.status, primary_inference_rule = EXCLUDED.primary_inference_rule, new_concept = EXCLUDED.new_concept, witness_summary = EXCLUDED.witness_summary, next_frontier = EXCLUDED.next_frontier, planned_closure_criterion = EXCLUDED.planned_closure_criterion, before_state = EXCLUDED.before_state, after_state = EXCLUDED.after_state, completion_disposition = EXCLUDED.completion_disposition;

INSERT INTO tsp_loops (tsp_loop_id, loop_order, display_name, status, primary_inference_rule, new_concept, witness_summary, next_frontier, planned_closure_criterion, before_state, after_state, completion_disposition)
VALUES ('tsp-loop-629', 629, 'Fiber reduction', 'CLOSED', 'tsp-rule-warranted-rewrite', 'Fiber Reduction', 'Count/sum/min/parity summaries and equivalence representatives remain recoverable reducer modes with explicit expansion warrants; active operator count is two.', 'Test whether saturation and fiber reduction are polarities of one rewrite operator.', 'Introduce FIBER_REDUCE(domain,key,reducer,expansion_warrant), reduce aggregate and quotient to reducer modes, and preserve all expansion and valuation semantics.', 'AGGREGATE and QUOTIENT are separate active operators although both group a domain by a key and replace each fiber with a warranted summary or representative.', 'Collapsed AGGREGATE and QUOTIENT into FIBER_REDUCE.', 'CLOSED') ON CONFLICT (tsp_loop_id) DO UPDATE SET loop_order = EXCLUDED.loop_order, display_name = EXCLUDED.display_name, status = EXCLUDED.status, primary_inference_rule = EXCLUDED.primary_inference_rule, new_concept = EXCLUDED.new_concept, witness_summary = EXCLUDED.witness_summary, next_frontier = EXCLUDED.next_frontier, planned_closure_criterion = EXCLUDED.planned_closure_criterion, before_state = EXCLUDED.before_state, after_state = EXCLUDED.after_state, completion_disposition = EXCLUDED.completion_disposition;

INSERT INTO tsp_loops (tsp_loop_id, loop_order, display_name, status, primary_inference_rule, new_concept, witness_summary, next_frontier, planned_closure_criterion, before_state, after_state, completion_disposition)
VALUES ('tsp-loop-630', 630, 'Warranted rewrite', 'CLOSED', 'tsp-rule-warranted-rewrite', 'Warranted Rewrite', 'Every transformation now exposes input, rule, polarity, output, and warrant; saturation and fiber reduction remain recoverable modes, and active operator count is one.', 'Make expansive and contractive rewrite polarity explicit.', 'Introduce WARRANTED_REWRITE(input,rule,polarity,output,warrant), reduce saturation and fiber reduction to rewrite modes, and leave exactly one active semantic operator.', 'SATURATE and FIBER_REDUCE remain separate operators even though both transform one semantic-arc state into another under an explicit warrant.', 'Collapsed SATURATE and FIBER_REDUCE into one WARRANTED_REWRITE operator.', 'CLOSED') ON CONFLICT (tsp_loop_id) DO UPDATE SET loop_order = EXCLUDED.loop_order, display_name = EXCLUDED.display_name, status = EXCLUDED.status, primary_inference_rule = EXCLUDED.primary_inference_rule, new_concept = EXCLUDED.new_concept, witness_summary = EXCLUDED.witness_summary, next_frontier = EXCLUDED.next_frontier, planned_closure_criterion = EXCLUDED.planned_closure_criterion, before_state = EXCLUDED.before_state, after_state = EXCLUDED.after_state, completion_disposition = EXCLUDED.completion_disposition;

INSERT INTO tsp_loops (tsp_loop_id, loop_order, display_name, status, primary_inference_rule, new_concept, witness_summary, next_frontier, planned_closure_criterion, before_state, after_state, completion_disposition)
VALUES ('tsp-loop-631', 631, 'Rewrite polarity', 'CLOSED', 'tsp-rule-warranted-rewrite', 'Rewrite Polarity', 'Closure/fixed point/saturation are recoverable as expansive modes; aggregate/quotient/fiber reduction as contractive modes; local expansion is explicitly compatible with coherent rewrite composition.', 'Certify the one-arc/one-rewrite basis for the represented domain.', 'Classify historical and current operators as EXPANSIVE, CONTRACTIVE, MIXED, or PARAMETRIC, with modes that recover closure, fixed point, aggregate, quotient, saturation, and fiber reduction.', 'The single rewrite operator is parametric, but the distinction between black-box internalization growth, saturation growth, and quotient contraction is not typed.', 'Typed expansive, contractive, mixed, and parametric rewrite modes.', 'CLOSED') ON CONFLICT (tsp_loop_id) DO UPDATE SET loop_order = EXCLUDED.loop_order, display_name = EXCLUDED.display_name, status = EXCLUDED.status, primary_inference_rule = EXCLUDED.primary_inference_rule, new_concept = EXCLUDED.new_concept, witness_summary = EXCLUDED.witness_summary, next_frontier = EXCLUDED.next_frontier, planned_closure_criterion = EXCLUDED.planned_closure_criterion, before_state = EXCLUDED.before_state, after_state = EXCLUDED.after_state, completion_disposition = EXCLUDED.completion_disposition;

INSERT INTO tsp_loops (tsp_loop_id, loop_order, display_name, status, primary_inference_rule, new_concept, witness_summary, next_frontier, planned_closure_criterion, before_state, after_state, completion_disposition)
VALUES ('tsp-loop-632', 632, 'One-arc one-rewrite basis', 'CLOSED', 'tsp-rule-semantic-arc-refinement', 'One-Arc/One-Rewrite Basis', 'Thirty-two baseline surfaces reduce to one active atom (96.88%); 87 registered concepts remain recoverable, historical bases remain versioned, and minimality is not claimed.', 'Stress the basis on a reusable region interface with three disconnected local components.', 'Certify one active atom and one active operator, recover every registered concept without old atom/operator tokens, preserve all prior certificates, and retain the non-claim of minimality or universality.', 'One active arc and one active rewrite have emerged incrementally, but lossless coverage, current-basis counts, and empirical scope are not yet certified.', 'Certified one active typed semantic arc and one active warranted rewrite for the current TSP domain.', 'CLOSED') ON CONFLICT (tsp_loop_id) DO UPDATE SET loop_order = EXCLUDED.loop_order, display_name = EXCLUDED.display_name, status = EXCLUDED.status, primary_inference_rule = EXCLUDED.primary_inference_rule, new_concept = EXCLUDED.new_concept, witness_summary = EXCLUDED.witness_summary, next_frontier = EXCLUDED.next_frontier, planned_closure_criterion = EXCLUDED.planned_closure_criterion, before_state = EXCLUDED.before_state, after_state = EXCLUDED.after_state, completion_disposition = EXCLUDED.completion_disposition;

INSERT INTO tsp_loops (tsp_loop_id, loop_order, display_name, status, primary_inference_rule, new_concept, witness_summary, next_frontier, planned_closure_criterion, before_state, after_state, completion_disposition)
VALUES ('tsp-loop-633', 633, 'Region interface', 'CLOSED', 'tsp-rule-region-interface', 'Region Interface', 'Region identity now carries two boundary ports, internal coverage, an ordered expansion witness kind, and a certified interface status; neighborhood versus component remains provenance.', 'Instantiate three cheap local regions in one complete nine-stop graph.', 'Add a common region-interface projection to existing quotient nodes without a new table and define ports, internal coverage, expansion witness, and interface status through semantic arcs.', 'Neighborhoods, components, and boundary fibers are quotient objects, but their shared port, coverage, valuation, and expansion contract is not represented as one region interface.', 'Normalized every existing quotient node through one region-interface projection.', 'CLOSED') ON CONFLICT (tsp_loop_id) DO UPDATE SET loop_order = EXCLUDED.loop_order, display_name = EXCLUDED.display_name, status = EXCLUDED.status, primary_inference_rule = EXCLUDED.primary_inference_rule, new_concept = EXCLUDED.new_concept, witness_summary = EXCLUDED.witness_summary, next_frontier = EXCLUDED.next_frontier, planned_closure_criterion = EXCLUDED.planned_closure_criterion, before_state = EXCLUDED.before_state, after_state = EXCLUDED.after_state, completion_disposition = EXCLUDED.completion_disposition;

INSERT INTO tsp_loops (tsp_loop_id, loop_order, display_name, status, primary_inference_rule, new_concept, witness_summary, next_frontier, planned_closure_criterion, before_state, after_state, completion_disposition)
VALUES ('tsp-loop-634', 634, 'Region triad', 'CLOSED', 'tsp-rule-region-interface', 'Region Triad', 'Nine valid local degree witnesses select nine internal edges of total cost nine; their union has degree two at every stop, three connected components, three proper subtours, and no route or optimality promotion.', 'Contract each triangle into a boundary-degree-two region quotient.', 'Represent a complete nine-stop graph partitioned into three cost-one triangles, three cost-ten ring crossings, expensive remaining crossings, nine valid local degree bounds, and a three-component local two-factor of cost nine.', 'Component repair has only been tested on two three-stop regions, so crossing demand and repair composition for more than two components are unmeasured.', 'Represented three cost-one local triangles inside one complete nine-stop weighted graph.', 'CLOSED') ON CONFLICT (tsp_loop_id) DO UPDATE SET loop_order = EXCLUDED.loop_order, display_name = EXCLUDED.display_name, status = EXCLUDED.status, primary_inference_rule = EXCLUDED.primary_inference_rule, new_concept = EXCLUDED.new_concept, witness_summary = EXCLUDED.witness_summary, next_frontier = EXCLUDED.next_frontier, planned_closure_criterion = EXCLUDED.planned_closure_criterion, before_state = EXCLUDED.before_state, after_state = EXCLUDED.after_state, completion_disposition = EXCLUDED.completion_disposition;

INSERT INTO tsp_loops (tsp_loop_id, loop_order, display_name, status, primary_inference_rule, new_concept, witness_summary, next_frontier, planned_closure_criterion, before_state, after_state, completion_disposition)
VALUES ('tsp-loop-635', 635, 'Region quotient', 'CLOSED', 'tsp-rule-region-interface', 'Region Quotient', 'Three quotient nodes expose nine total boundary states and eighteen expansion edges; each regional certificate records 6 directed orders to 3 reversal classes at cost two.', 'Express the global deficit as quotient incidence rather than fixture-specific component prose.', 'Represent three boundary-degree-two quotient nodes, three path states per region, explicit edge expansions, and one passing six-to-three contraction certificate per region.', 'The region-triad local two-factor has three components, but the components do not yet expose reusable path states and expansion witnesses.', 'Contracted each local triangle to a certified boundary-degree-two region quotient.', 'CLOSED') ON CONFLICT (tsp_loop_id) DO UPDATE SET loop_order = EXCLUDED.loop_order, display_name = EXCLUDED.display_name, status = EXCLUDED.status, primary_inference_rule = EXCLUDED.primary_inference_rule, new_concept = EXCLUDED.new_concept, witness_summary = EXCLUDED.witness_summary, next_frontier = EXCLUDED.next_frontier, planned_closure_criterion = EXCLUDED.planned_closure_criterion, before_state = EXCLUDED.before_state, after_state = EXCLUDED.after_state, completion_disposition = EXCLUDED.completion_disposition;

INSERT INTO tsp_loops (tsp_loop_id, loop_order, display_name, status, primary_inference_rule, new_concept, witness_summary, next_frontier, planned_closure_criterion, before_state, after_state, completion_disposition)
VALUES ('tsp-loop-636', 636, 'Quotient incidence budget', 'CLOSED', 'tsp-rule-boundary-handshake', 'Quotient Incidence Budget', 'Every stop retains internal degree two, every region requires external degree two and currently has zero, and the global profile records component count three with crossing deficit three. Cost coordinates remain explicitly unwitnessed at this stage.', 'Convert quotient degree demand into a minimum crossing-edge count.', 'Give each of three region nodes required boundary degree two, observed degree zero, and a shared global profile separating closed internal incidence from open quotient incidence.', 'Every local stop has degree two, yet the quotient graph has no external incidence; the resulting global defect is not represented in the common budget vocabulary.', 'Lifted the three-component defect into quotient incidence budgets.', 'CLOSED') ON CONFLICT (tsp_loop_id) DO UPDATE SET loop_order = EXCLUDED.loop_order, display_name = EXCLUDED.display_name, status = EXCLUDED.status, primary_inference_rule = EXCLUDED.primary_inference_rule, new_concept = EXCLUDED.new_concept, witness_summary = EXCLUDED.witness_summary, next_frontier = EXCLUDED.next_frontier, planned_closure_criterion = EXCLUDED.planned_closure_criterion, before_state = EXCLUDED.before_state, after_state = EXCLUDED.after_state, completion_disposition = EXCLUDED.completion_disposition;

INSERT INTO tsp_loops (tsp_loop_id, loop_order, display_name, status, primary_inference_rule, new_concept, witness_summary, next_frontier, planned_closure_criterion, before_state, after_state, completion_disposition)
VALUES ('tsp-loop-637', 637, 'Boundary handshake', 'CLOSED', 'tsp-rule-boundary-handshake', 'Boundary Handshake', 'Required quotient degree is 3 regions x 2 = 6; dividing by two endpoints per crossing certifies at least 3 inter-region edges.', 'Compose the crossing demand with insertion and release valuations.', 'Apply the handshake identity to the quotient: total boundary degree six divided by two endpoints per crossing requires at least three inter-region edges.', 'Three quotient nodes each require boundary degree two, but the number of inter-region edges forced by that demand is not yet derived.', 'Derived a three-edge crossing demand from the quotient boundary-degree handshake.', 'CLOSED') ON CONFLICT (tsp_loop_id) DO UPDATE SET loop_order = EXCLUDED.loop_order, display_name = EXCLUDED.display_name, status = EXCLUDED.status, primary_inference_rule = EXCLUDED.primary_inference_rule, new_concept = EXCLUDED.new_concept, witness_summary = EXCLUDED.witness_summary, next_frontier = EXCLUDED.next_frontier, planned_closure_criterion = EXCLUDED.planned_closure_criterion, before_state = EXCLUDED.before_state, after_state = EXCLUDED.after_state, completion_disposition = EXCLUDED.completion_disposition;

INSERT INTO tsp_loops (tsp_loop_id, loop_order, display_name, status, primary_inference_rule, new_concept, witness_summary, next_frontier, planned_closure_criterion, before_state, after_state, completion_disposition)
VALUES ('tsp-loop-638', 638, 'Region repair equation', 'CLOSED', 'tsp-rule-region-repair-equation', 'Region Repair Equation', 'The signed supplemental adjustment is +27; all contributing insertion and release terms are separately certified, and no route witness has yet been used to set the bound. The lower coordinate is witnessed; the feasible upper coordinate remains open until construction.', 'Construct the repaired cycle as a balanced edge exchange.', 'Certify 9 + 3*10 - 3*1 = 36 from a base term, three mandatory crossing insertions, and one necessary cost-one internal release per region.', 'The base degree-two lower bound is nine and crossing demand is three, but the signed cost of repairing three components is not represented.', 'Composed the three-region repair lower bound as 9 + 3*10 - 3*1 = 36.', 'CLOSED') ON CONFLICT (tsp_loop_id) DO UPDATE SET loop_order = EXCLUDED.loop_order, display_name = EXCLUDED.display_name, status = EXCLUDED.status, primary_inference_rule = EXCLUDED.primary_inference_rule, new_concept = EXCLUDED.new_concept, witness_summary = EXCLUDED.witness_summary, next_frontier = EXCLUDED.next_frontier, planned_closure_criterion = EXCLUDED.planned_closure_criterion, before_state = EXCLUDED.before_state, after_state = EXCLUDED.after_state, completion_disposition = EXCLUDED.completion_disposition;

INSERT INTO tsp_loops (tsp_loop_id, loop_order, display_name, status, primary_inference_rule, new_concept, witness_summary, next_frontier, planned_closure_criterion, before_state, after_state, completion_disposition)
VALUES ('tsp-loop-639', 639, 'Balanced edge exchange', 'CLOSED', 'tsp-rule-balanced-edge-exchange', 'Balanced Edge Exchange', 'Added=[''r3-edge-a1-c3'', ''r3-edge-a3-b1'', ''r3-edge-b3-c1'']; released=[''r3-edge-a1-a3'', ''r3-edge-b1-b3'', ''r3-edge-c1-c3'']; every stop has repaired degree two, component count is one, proper subtours are zero, and total cost is thirty-six. Released edges are superseded only for this witness, never silently forbidden globally. The connected degree-two exchange now supplies the cost-thirty-six feasible upper witness.', 'Project an ordered repair cycle without consuming a supplied candidate as antecedent.', 'Replace one internal edge per local triangle with the three cost-ten ring crossings, preserve every stop at degree two, and certify one connected nine-edge cycle of cost thirty-six.', 'The repair equation proves a lower value, but no structural object witnesses the three added and three released edges that preserve degree while joining the regions.', 'Constructed a connected nine-edge cycle by a balanced three-add/three-release exchange.', 'CLOSED') ON CONFLICT (tsp_loop_id) DO UPDATE SET loop_order = EXCLUDED.loop_order, display_name = EXCLUDED.display_name, status = EXCLUDED.status, primary_inference_rule = EXCLUDED.primary_inference_rule, new_concept = EXCLUDED.new_concept, witness_summary = EXCLUDED.witness_summary, next_frontier = EXCLUDED.next_frontier, planned_closure_criterion = EXCLUDED.planned_closure_criterion, before_state = EXCLUDED.before_state, after_state = EXCLUDED.after_state, completion_disposition = EXCLUDED.completion_disposition;

INSERT INTO tsp_loops (tsp_loop_id, loop_order, display_name, status, primary_inference_rule, new_concept, witness_summary, next_frontier, planned_closure_criterion, before_state, after_state, completion_disposition)
VALUES ('tsp-loop-640', 640, 'Repair cycle', 'CLOSED', 'tsp-rule-balanced-edge-exchange', 'Repair Cycle', 'Route A1-A2-A3-B1-B2-B3-C1-C2-C3-A1 has nine valid legs, zero defects, CandidateUsedAsAntecedent=false, and matches its downstream comparison candidate.', 'Close finite optimality by equality with the region repair bound.', 'Reconstruct the nine-stop cycle from the repaired edge set, emit ordered steps and a comparison candidate of cost thirty-six, and record CandidateUsedAsAntecedent=false.', 'The balanced-exchange edge set is a certified cycle, but it has no ordered reconstruction or normalized route witness.', 'Reconstructed the balanced-exchange cycle as an ordered nine-stop route of cost thirty-six.', 'CLOSED') ON CONFLICT (tsp_loop_id) DO UPDATE SET loop_order = EXCLUDED.loop_order, display_name = EXCLUDED.display_name, status = EXCLUDED.status, primary_inference_rule = EXCLUDED.primary_inference_rule, new_concept = EXCLUDED.new_concept, witness_summary = EXCLUDED.witness_summary, next_frontier = EXCLUDED.next_frontier, planned_closure_criterion = EXCLUDED.planned_closure_criterion, before_state = EXCLUDED.before_state, after_state = EXCLUDED.after_state, completion_disposition = EXCLUDED.completion_disposition;

INSERT INTO tsp_loops (tsp_loop_id, loop_order, display_name, status, primary_inference_rule, new_concept, witness_summary, next_frontier, planned_closure_criterion, before_state, after_state, completion_disposition)
VALUES ('tsp-loop-641', 641, 'Region bound sandwich', 'CLOSED', 'tsp-rule-bound-equality-optimality', 'Region Bound Sandwich', 'Certified lower bound 36 equals valid reconstructed witness cost 36. The certificate is scoped to tsp-three-regions-9 and does not claim a general k-region repair theorem.', 'Stress the value proof on an instance with two distinct optimal route classes.', 'Certify the reconstructed cost-thirty-six cycle as optimal for tsp-three-regions-9 by lower-bound equality, without claiming a general k-region theorem.', 'The three-region lower bound and valid reconstructed cycle both equal thirty-six, but no finite optimality certificate joins them.', 'Closed finite optimality for the three-region nine-stop fixture at cost thirty-six.', 'CLOSED') ON CONFLICT (tsp_loop_id) DO UPDATE SET loop_order = EXCLUDED.loop_order, display_name = EXCLUDED.display_name, status = EXCLUDED.status, primary_inference_rule = EXCLUDED.primary_inference_rule, new_concept = EXCLUDED.new_concept, witness_summary = EXCLUDED.witness_summary, next_frontier = EXCLUDED.next_frontier, planned_closure_criterion = EXCLUDED.planned_closure_criterion, before_state = EXCLUDED.before_state, after_state = EXCLUDED.after_state, completion_disposition = EXCLUDED.completion_disposition;

INSERT INTO tsp_loops (tsp_loop_id, loop_order, display_name, status, primary_inference_rule, new_concept, witness_summary, next_frontier, planned_closure_criterion, before_state, after_state, completion_disposition)
VALUES ('tsp-loop-642', 642, 'Optimal face', 'CLOSED', 'tsp-rule-optimal-face', 'Optimal Face', 'The degree-two lower-bound ingredients total eight before double-counting, and the three valid Hamiltonian witnesses have raw costs [4, 4, 6]; value and witness identity remain open.', 'Certify the optimum value while leaving route identity non-unique.', 'Represent a complete four-stop graph with degree-two lower bound four, two non-reversal-equivalent Hamiltonian cycles of cost four, and a third Hamiltonian cycle of cost six.', 'Every represented positive fixture has one distinguished optimal route, so optimal value and optimal witness identity have not been separated.', 'Represented a four-stop optimal face with two non-reversal-equivalent cost-four cycles and one cost-six control cycle.', 'CLOSED') ON CONFLICT (tsp_loop_id) DO UPDATE SET loop_order = EXCLUDED.loop_order, display_name = EXCLUDED.display_name, status = EXCLUDED.status, primary_inference_rule = EXCLUDED.primary_inference_rule, new_concept = EXCLUDED.new_concept, witness_summary = EXCLUDED.witness_summary, next_frontier = EXCLUDED.next_frontier, planned_closure_criterion = EXCLUDED.planned_closure_criterion, before_state = EXCLUDED.before_state, after_state = EXCLUDED.after_state, completion_disposition = EXCLUDED.completion_disposition;

INSERT INTO tsp_loops (tsp_loop_id, loop_order, display_name, status, primary_inference_rule, new_concept, witness_summary, next_frontier, planned_closure_criterion, before_state, after_state, completion_disposition)
VALUES ('tsp-loop-643', 643, 'Value choice split', 'CLOSED', 'tsp-rule-optimal-face', 'Value/Choice Split', 'Both A-B-C-D-A and A-C-B-D-A carry passing finite optimality certificates; A-B-D-C-A costs six. ValueStatus=CLOSED_AT_4, ChoiceStatus=OPEN_TWO_OPTIMAL_CLASSES, branch decisions=0.', 'Name and measure the residual optimal-witness orbit.', 'Attach passing optimality certificates to both cost-four cycles and represent value status CLOSED while choice status remains a two-alternative non-reversal orbit.', 'The optimal-face fixture has two equal-cost witnesses, but proof status and witness-selection status are not independently represented.', 'Closed the optimum value at four while preserving two distinct optimal witness classes.', 'CLOSED') ON CONFLICT (tsp_loop_id) DO UPDATE SET loop_order = EXCLUDED.loop_order, display_name = EXCLUDED.display_name, status = EXCLUDED.status, primary_inference_rule = EXCLUDED.primary_inference_rule, new_concept = EXCLUDED.new_concept, witness_summary = EXCLUDED.witness_summary, next_frontier = EXCLUDED.next_frontier, planned_closure_criterion = EXCLUDED.planned_closure_criterion, before_state = EXCLUDED.before_state, after_state = EXCLUDED.after_state, completion_disposition = EXCLUDED.completion_disposition;

INSERT INTO tsp_loops (tsp_loop_id, loop_order, display_name, status, primary_inference_rule, new_concept, witness_summary, next_frontier, planned_closure_criterion, before_state, after_state, completion_disposition)
VALUES ('tsp-loop-644', 644, 'Choice orbit', 'CLOSED', 'tsp-rule-optimal-face', 'Choice Orbit', 'Initial route classes=3, surviving optimal classes=2, residual ambiguity=2, certified value=4, branch decisions=0. The remaining orbit is not an unresolved optimum-value defect.', 'Decide exactly when a branch is warranted after value closure.', 'Record three initial route classes, two surviving optimal classes, certified value four, zero mathematical branch decisions, and residual choice-orbit size two.', 'The two optimal witnesses are recorded, but residual ambiguity is not classified as a value-preserving orbit distinct from unresolved optimality.', 'Named and measured the two-member value-preserving optimal witness orbit.', 'CLOSED') ON CONFLICT (tsp_loop_id) DO UPDATE SET loop_order = EXCLUDED.loop_order, display_name = EXCLUDED.display_name, status = EXCLUDED.status, primary_inference_rule = EXCLUDED.primary_inference_rule, new_concept = EXCLUDED.new_concept, witness_summary = EXCLUDED.witness_summary, next_frontier = EXCLUDED.next_frontier, planned_closure_criterion = EXCLUDED.planned_closure_criterion, before_state = EXCLUDED.before_state, after_state = EXCLUDED.after_state, completion_disposition = EXCLUDED.completion_disposition;

INSERT INTO tsp_loops (tsp_loop_id, loop_order, display_name, status, primary_inference_rule, new_concept, witness_summary, next_frontier, planned_closure_criterion, before_state, after_state, completion_disposition)
VALUES ('tsp-loop-645', 645, 'Branch warrant', 'CLOSED', 'tsp-rule-branch-warrant', 'Branch Warrant', 'BranchPurpose=VALUE_PROOF is rejected because value four is already certified. Representative choice remains conditional on an external tie-break policy; DecisionCount=0 and the two-member orbit is preserved.', 'Measure the second convergence event across the arc/rewrite basis and both stress fixtures.', 'Reject mathematical branching for value proof, require an external tie-break policy before representative selection, and emit a replayable rejected-branch event with zero branch decisions.', 'A residual choice orbit exists, but the system does not distinguish a branch needed for proof from a conditional tie-break needed only to select one representative.', 'Rejected mathematical branching for the value-closed optimal face.', 'CLOSED') ON CONFLICT (tsp_loop_id) DO UPDATE SET loop_order = EXCLUDED.loop_order, display_name = EXCLUDED.display_name, status = EXCLUDED.status, primary_inference_rule = EXCLUDED.primary_inference_rule, new_concept = EXCLUDED.new_concept, witness_summary = EXCLUDED.witness_summary, next_frontier = EXCLUDED.next_frontier, planned_closure_criterion = EXCLUDED.planned_closure_criterion, before_state = EXCLUDED.before_state, after_state = EXCLUDED.after_state, completion_disposition = EXCLUDED.completion_disposition;

INSERT INTO tsp_loops (tsp_loop_id, loop_order, display_name, status, primary_inference_rule, new_concept, witness_summary, next_frontier, planned_closure_criterion, before_state, after_state, completion_disposition)
VALUES ('tsp-loop-646', 646, 'Coherence event two', 'CLOSED', 'tsp-rule-coherence-measurement', 'Coherence Event II', 'Named concepts=101 and witness rows increased, but active atoms=1, active operators=1, tables=45, recoverability is complete, proof branch decisions=0, and no universal convergence or TSP-complexity theorem is claimed.', 'Stress the one-arc/one-rewrite basis on heterogeneous regions and only branch when a warranted policy or unresolved value defect remains.', 'Certify one active arc, one active rewrite, unchanged physical-table count, explicit local expansion, three-region optimum thirty-six, optimal-face value four with choice orbit two, and zero branch decisions for value proof.', 'The pass has coined new machinery and added many witness rows, but its effect on basis size, physical schema, trust, multi-region repair, and residual choice has not been summarized.', 'Certified the second coherence event: one typed arc, one warranted rewrite, forty-five physical tables, three-region optimum thirty-six, and optimal-face value four with a two-member choice orbit.', 'CLOSED') ON CONFLICT (tsp_loop_id) DO UPDATE SET loop_order = EXCLUDED.loop_order, display_name = EXCLUDED.display_name, status = EXCLUDED.status, primary_inference_rule = EXCLUDED.primary_inference_rule, new_concept = EXCLUDED.new_concept, witness_summary = EXCLUDED.witness_summary, next_frontier = EXCLUDED.next_frontier, planned_closure_criterion = EXCLUDED.planned_closure_criterion, before_state = EXCLUDED.before_state, after_state = EXCLUDED.after_state, completion_disposition = EXCLUDED.completion_disposition;

-- ----------------------------------------------------------------------------
-- TSPConvergenceMeasurements: Measurements testing whether surface concepts compress onto a stable predicate basis.
-- ----------------------------------------------------------------------------
INSERT INTO tsp_convergence_measurements (tsp_convergence_measurement_id, tsp_loop, measurement_kind, surface_concept_count_before, primitive_count_after, new_primitive_count, derived_alias_count, physical_table_count, novel_term, prediction_status, notes, active_atom_count, active_operator_count, physical_table_delta_from_loop610, open_frontier_count, named_concept_count, allows_local_expansion, coherence_direction)
VALUES ('convergence-loop-597', 'tsp-loop-597', 'PREDICTION_BASELINE', 32, 32, 0, 0, 41, 'Convergence Prediction', 'NOT_TESTED', 'Working prediction only: concepts will begin to collapse, useful terms will continue to be coined, and convergence will be measured rather than assumed.', NULL, NULL, NULL, NULL, NULL, NULL, NULL) ON CONFLICT (tsp_convergence_measurement_id) DO UPDATE SET tsp_loop = EXCLUDED.tsp_loop, measurement_kind = EXCLUDED.measurement_kind, surface_concept_count_before = EXCLUDED.surface_concept_count_before, primitive_count_after = EXCLUDED.primitive_count_after, new_primitive_count = EXCLUDED.new_primitive_count, derived_alias_count = EXCLUDED.derived_alias_count, physical_table_count = EXCLUDED.physical_table_count, novel_term = EXCLUDED.novel_term, prediction_status = EXCLUDED.prediction_status, notes = EXCLUDED.notes, active_atom_count = EXCLUDED.active_atom_count, active_operator_count = EXCLUDED.active_operator_count, physical_table_delta_from_loop610 = EXCLUDED.physical_table_delta_from_loop610, open_frontier_count = EXCLUDED.open_frontier_count, named_concept_count = EXCLUDED.named_concept_count, allows_local_expansion = EXCLUDED.allows_local_expansion, coherence_direction = EXCLUDED.coherence_direction;

INSERT INTO tsp_convergence_measurements (tsp_convergence_measurement_id, tsp_loop, measurement_kind, surface_concept_count_before, primitive_count_after, new_primitive_count, derived_alias_count, physical_table_count, novel_term, prediction_status, notes, active_atom_count, active_operator_count, physical_table_delta_from_loop610, open_frontier_count, named_concept_count, allows_local_expansion, coherence_direction)
VALUES ('convergence-loop-598', 'tsp-loop-598', 'SEMANTIC_REDUCTION', 32, 8, 8, 32, 42, 'Predicate Basis', 'EARLY_SUPPORT', 'All thirty-two baseline surface predicates have explicit definitions over MEMBERSHIP, INCIDENCE, CARDINALITY, ORDER, WEIGHT, COMMITMENT, CONNECTIVITY, and PROVENANCE.', NULL, NULL, NULL, NULL, NULL, NULL, NULL) ON CONFLICT (tsp_convergence_measurement_id) DO UPDATE SET tsp_loop = EXCLUDED.tsp_loop, measurement_kind = EXCLUDED.measurement_kind, surface_concept_count_before = EXCLUDED.surface_concept_count_before, primitive_count_after = EXCLUDED.primitive_count_after, new_primitive_count = EXCLUDED.new_primitive_count, derived_alias_count = EXCLUDED.derived_alias_count, physical_table_count = EXCLUDED.physical_table_count, novel_term = EXCLUDED.novel_term, prediction_status = EXCLUDED.prediction_status, notes = EXCLUDED.notes, active_atom_count = EXCLUDED.active_atom_count, active_operator_count = EXCLUDED.active_operator_count, physical_table_delta_from_loop610 = EXCLUDED.physical_table_delta_from_loop610, open_frontier_count = EXCLUDED.open_frontier_count, named_concept_count = EXCLUDED.named_concept_count, allows_local_expansion = EXCLUDED.allows_local_expansion, coherence_direction = EXCLUDED.coherence_direction;

INSERT INTO tsp_convergence_measurements (tsp_convergence_measurement_id, tsp_loop, measurement_kind, surface_concept_count_before, primitive_count_after, new_primitive_count, derived_alias_count, physical_table_count, novel_term, prediction_status, notes, active_atom_count, active_operator_count, physical_table_delta_from_loop610, open_frontier_count, named_concept_count, allows_local_expansion, coherence_direction)
VALUES ('convergence-loop-599', 'tsp-loop-599', 'SEMANTIC_REDUCTION', 32, 8, 0, 34, 42, 'Commitment Lattice', 'EARLY_SUPPORT', 'Six edge statuses now project through one commitment rank/polarity/scope concept; selected remains weaker than forced.', NULL, NULL, NULL, NULL, NULL, NULL, NULL) ON CONFLICT (tsp_convergence_measurement_id) DO UPDATE SET tsp_loop = EXCLUDED.tsp_loop, measurement_kind = EXCLUDED.measurement_kind, surface_concept_count_before = EXCLUDED.surface_concept_count_before, primitive_count_after = EXCLUDED.primitive_count_after, new_primitive_count = EXCLUDED.new_primitive_count, derived_alias_count = EXCLUDED.derived_alias_count, physical_table_count = EXCLUDED.physical_table_count, novel_term = EXCLUDED.novel_term, prediction_status = EXCLUDED.prediction_status, notes = EXCLUDED.notes, active_atom_count = EXCLUDED.active_atom_count, active_operator_count = EXCLUDED.active_operator_count, physical_table_delta_from_loop610 = EXCLUDED.physical_table_delta_from_loop610, open_frontier_count = EXCLUDED.open_frontier_count, named_concept_count = EXCLUDED.named_concept_count, allows_local_expansion = EXCLUDED.allows_local_expansion, coherence_direction = EXCLUDED.coherence_direction;

INSERT INTO tsp_convergence_measurements (tsp_convergence_measurement_id, tsp_loop, measurement_kind, surface_concept_count_before, primitive_count_after, new_primitive_count, derived_alias_count, physical_table_count, novel_term, prediction_status, notes, active_atom_count, active_operator_count, physical_table_delta_from_loop610, open_frontier_count, named_concept_count, allows_local_expansion, coherence_direction)
VALUES ('convergence-loop-600', 'tsp-loop-600', 'SEMANTIC_REDUCTION', 32, 8, 0, 35, 43, 'Incidence Budget', 'EARLY_SUPPORT', 'Eleven stop-level degree surfaces share required incidence, observed incidence, and one defect formula.', NULL, NULL, NULL, NULL, NULL, NULL, NULL) ON CONFLICT (tsp_convergence_measurement_id) DO UPDATE SET tsp_loop = EXCLUDED.tsp_loop, measurement_kind = EXCLUDED.measurement_kind, surface_concept_count_before = EXCLUDED.surface_concept_count_before, primitive_count_after = EXCLUDED.primitive_count_after, new_primitive_count = EXCLUDED.new_primitive_count, derived_alias_count = EXCLUDED.derived_alias_count, physical_table_count = EXCLUDED.physical_table_count, novel_term = EXCLUDED.novel_term, prediction_status = EXCLUDED.prediction_status, notes = EXCLUDED.notes, active_atom_count = EXCLUDED.active_atom_count, active_operator_count = EXCLUDED.active_operator_count, physical_table_delta_from_loop610 = EXCLUDED.physical_table_delta_from_loop610, open_frontier_count = EXCLUDED.open_frontier_count, named_concept_count = EXCLUDED.named_concept_count, allows_local_expansion = EXCLUDED.allows_local_expansion, coherence_direction = EXCLUDED.coherence_direction;

INSERT INTO tsp_convergence_measurements (tsp_convergence_measurement_id, tsp_loop, measurement_kind, surface_concept_count_before, primitive_count_after, new_primitive_count, derived_alias_count, physical_table_count, novel_term, prediction_status, notes, active_atom_count, active_operator_count, physical_table_delta_from_loop610, open_frontier_count, named_concept_count, allows_local_expansion, coherence_direction)
VALUES ('convergence-loop-601', 'tsp-loop-601', 'SEMANTIC_REDUCTION', 32, 8, 0, 36, 43, 'Defect Vector', 'EARLY_SUPPORT', 'Four previously separate acceptance surfaces become coordinates of one defect vector.', NULL, NULL, NULL, NULL, NULL, NULL, NULL) ON CONFLICT (tsp_convergence_measurement_id) DO UPDATE SET tsp_loop = EXCLUDED.tsp_loop, measurement_kind = EXCLUDED.measurement_kind, surface_concept_count_before = EXCLUDED.surface_concept_count_before, primitive_count_after = EXCLUDED.primitive_count_after, new_primitive_count = EXCLUDED.new_primitive_count, derived_alias_count = EXCLUDED.derived_alias_count, physical_table_count = EXCLUDED.physical_table_count, novel_term = EXCLUDED.novel_term, prediction_status = EXCLUDED.prediction_status, notes = EXCLUDED.notes, active_atom_count = EXCLUDED.active_atom_count, active_operator_count = EXCLUDED.active_operator_count, physical_table_delta_from_loop610 = EXCLUDED.physical_table_delta_from_loop610, open_frontier_count = EXCLUDED.open_frontier_count, named_concept_count = EXCLUDED.named_concept_count, allows_local_expansion = EXCLUDED.allows_local_expansion, coherence_direction = EXCLUDED.coherence_direction;

INSERT INTO tsp_convergence_measurements (tsp_convergence_measurement_id, tsp_loop, measurement_kind, surface_concept_count_before, primitive_count_after, new_primitive_count, derived_alias_count, physical_table_count, novel_term, prediction_status, notes, active_atom_count, active_operator_count, physical_table_delta_from_loop610, open_frontier_count, named_concept_count, allows_local_expansion, coherence_direction)
VALUES ('convergence-loop-602', 'tsp-loop-602', 'SEMANTIC_REDUCTION', 32, 8, 0, 37, 44, 'Cut Parity', 'EARLY_SUPPORT', 'The crossing obligation is a composition of connectivity, incidence, and cardinality, not a ninth primitive.', NULL, NULL, NULL, NULL, NULL, NULL, NULL) ON CONFLICT (tsp_convergence_measurement_id) DO UPDATE SET tsp_loop = EXCLUDED.tsp_loop, measurement_kind = EXCLUDED.measurement_kind, surface_concept_count_before = EXCLUDED.surface_concept_count_before, primitive_count_after = EXCLUDED.primitive_count_after, new_primitive_count = EXCLUDED.new_primitive_count, derived_alias_count = EXCLUDED.derived_alias_count, physical_table_count = EXCLUDED.physical_table_count, novel_term = EXCLUDED.novel_term, prediction_status = EXCLUDED.prediction_status, notes = EXCLUDED.notes, active_atom_count = EXCLUDED.active_atom_count, active_operator_count = EXCLUDED.active_operator_count, physical_table_delta_from_loop610 = EXCLUDED.physical_table_delta_from_loop610, open_frontier_count = EXCLUDED.open_frontier_count, named_concept_count = EXCLUDED.named_concept_count, allows_local_expansion = EXCLUDED.allows_local_expansion, coherence_direction = EXCLUDED.coherence_direction;

INSERT INTO tsp_convergence_measurements (tsp_convergence_measurement_id, tsp_loop, measurement_kind, surface_concept_count_before, primitive_count_after, new_primitive_count, derived_alias_count, physical_table_count, novel_term, prediction_status, notes, active_atom_count, active_operator_count, physical_table_delta_from_loop610, open_frontier_count, named_concept_count, allows_local_expansion, coherence_direction)
VALUES ('convergence-loop-603', 'tsp-loop-603', 'SEMANTIC_REDUCTION', 32, 8, 0, 38, 44, 'Component Repair Bound', 'EARLY_SUPPORT', 'Local degree and global component repair compose additively without extending the predicate basis.', NULL, NULL, NULL, NULL, NULL, NULL, NULL) ON CONFLICT (tsp_convergence_measurement_id) DO UPDATE SET tsp_loop = EXCLUDED.tsp_loop, measurement_kind = EXCLUDED.measurement_kind, surface_concept_count_before = EXCLUDED.surface_concept_count_before, primitive_count_after = EXCLUDED.primitive_count_after, new_primitive_count = EXCLUDED.new_primitive_count, derived_alias_count = EXCLUDED.derived_alias_count, physical_table_count = EXCLUDED.physical_table_count, novel_term = EXCLUDED.novel_term, prediction_status = EXCLUDED.prediction_status, notes = EXCLUDED.notes, active_atom_count = EXCLUDED.active_atom_count, active_operator_count = EXCLUDED.active_operator_count, physical_table_delta_from_loop610 = EXCLUDED.physical_table_delta_from_loop610, open_frontier_count = EXCLUDED.open_frontier_count, named_concept_count = EXCLUDED.named_concept_count, allows_local_expansion = EXCLUDED.allows_local_expansion, coherence_direction = EXCLUDED.coherence_direction;

INSERT INTO tsp_convergence_measurements (tsp_convergence_measurement_id, tsp_loop, measurement_kind, surface_concept_count_before, primitive_count_after, new_primitive_count, derived_alias_count, physical_table_count, novel_term, prediction_status, notes, active_atom_count, active_operator_count, physical_table_delta_from_loop610, open_frontier_count, named_concept_count, allows_local_expansion, coherence_direction)
VALUES ('convergence-loop-604', 'tsp-loop-604', 'SEMANTIC_REDUCTION', 32, 8, 0, 39, 44, 'Bound Sandwich', 'EARLY_SUPPORT', 'Lower bound, feasible upper witness, and equality rigidity collapse into one interval certificate.', NULL, NULL, NULL, NULL, NULL, NULL, NULL) ON CONFLICT (tsp_convergence_measurement_id) DO UPDATE SET tsp_loop = EXCLUDED.tsp_loop, measurement_kind = EXCLUDED.measurement_kind, surface_concept_count_before = EXCLUDED.surface_concept_count_before, primitive_count_after = EXCLUDED.primitive_count_after, new_primitive_count = EXCLUDED.new_primitive_count, derived_alias_count = EXCLUDED.derived_alias_count, physical_table_count = EXCLUDED.physical_table_count, novel_term = EXCLUDED.novel_term, prediction_status = EXCLUDED.prediction_status, notes = EXCLUDED.notes, active_atom_count = EXCLUDED.active_atom_count, active_operator_count = EXCLUDED.active_operator_count, physical_table_delta_from_loop610 = EXCLUDED.physical_table_delta_from_loop610, open_frontier_count = EXCLUDED.open_frontier_count, named_concept_count = EXCLUDED.named_concept_count, allows_local_expansion = EXCLUDED.allows_local_expansion, coherence_direction = EXCLUDED.coherence_direction;

INSERT INTO tsp_convergence_measurements (tsp_convergence_measurement_id, tsp_loop, measurement_kind, surface_concept_count_before, primitive_count_after, new_primitive_count, derived_alias_count, physical_table_count, novel_term, prediction_status, notes, active_atom_count, active_operator_count, physical_table_delta_from_loop610, open_frontier_count, named_concept_count, allows_local_expansion, coherence_direction)
VALUES ('convergence-loop-605', 'tsp-loop-605', 'SEMANTIC_REDUCTION', 32, 8, 0, 40, 45, 'Witness Normal Form', 'EARLY_SUPPORT', 'Supplied and reconstructed Gridville cycles have the same semantic key; origin is provenance only.', NULL, NULL, NULL, NULL, NULL, NULL, NULL) ON CONFLICT (tsp_convergence_measurement_id) DO UPDATE SET tsp_loop = EXCLUDED.tsp_loop, measurement_kind = EXCLUDED.measurement_kind, surface_concept_count_before = EXCLUDED.surface_concept_count_before, primitive_count_after = EXCLUDED.primitive_count_after, new_primitive_count = EXCLUDED.new_primitive_count, derived_alias_count = EXCLUDED.derived_alias_count, physical_table_count = EXCLUDED.physical_table_count, novel_term = EXCLUDED.novel_term, prediction_status = EXCLUDED.prediction_status, notes = EXCLUDED.notes, active_atom_count = EXCLUDED.active_atom_count, active_operator_count = EXCLUDED.active_operator_count, physical_table_delta_from_loop610 = EXCLUDED.physical_table_delta_from_loop610, open_frontier_count = EXCLUDED.open_frontier_count, named_concept_count = EXCLUDED.named_concept_count, allows_local_expansion = EXCLUDED.allows_local_expansion, coherence_direction = EXCLUDED.coherence_direction;

INSERT INTO tsp_convergence_measurements (tsp_convergence_measurement_id, tsp_loop, measurement_kind, surface_concept_count_before, primitive_count_after, new_primitive_count, derived_alias_count, physical_table_count, novel_term, prediction_status, notes, active_atom_count, active_operator_count, physical_table_delta_from_loop610, open_frontier_count, named_concept_count, allows_local_expansion, coherence_direction)
VALUES ('convergence-loop-606', 'tsp-loop-606', 'SEMANTIC_REDUCTION', 32, 8, 0, 41, 45, 'Boundary Signature', 'EARLY_SUPPORT', 'Cycle and path witnesses now share one normal form; boundary-specific meaning is a signature, not an object type.', NULL, NULL, NULL, NULL, NULL, NULL, NULL) ON CONFLICT (tsp_convergence_measurement_id) DO UPDATE SET tsp_loop = EXCLUDED.tsp_loop, measurement_kind = EXCLUDED.measurement_kind, surface_concept_count_before = EXCLUDED.surface_concept_count_before, primitive_count_after = EXCLUDED.primitive_count_after, new_primitive_count = EXCLUDED.new_primitive_count, derived_alias_count = EXCLUDED.derived_alias_count, physical_table_count = EXCLUDED.physical_table_count, novel_term = EXCLUDED.novel_term, prediction_status = EXCLUDED.prediction_status, notes = EXCLUDED.notes, active_atom_count = EXCLUDED.active_atom_count, active_operator_count = EXCLUDED.active_operator_count, physical_table_delta_from_loop610 = EXCLUDED.physical_table_delta_from_loop610, open_frontier_count = EXCLUDED.open_frontier_count, named_concept_count = EXCLUDED.named_concept_count, allows_local_expansion = EXCLUDED.allows_local_expansion, coherence_direction = EXCLUDED.coherence_direction;

INSERT INTO tsp_convergence_measurements (tsp_convergence_measurement_id, tsp_loop, measurement_kind, surface_concept_count_before, primitive_count_after, new_primitive_count, derived_alias_count, physical_table_count, novel_term, prediction_status, notes, active_atom_count, active_operator_count, physical_table_delta_from_loop610, open_frontier_count, named_concept_count, allows_local_expansion, coherence_direction)
VALUES ('convergence-loop-607', 'tsp-loop-607', 'SEMANTIC_REDUCTION', 32, 8, 0, 42, 45, 'Semantic Quotient', 'EARLY_SUPPORT', 'The previous count reduction now has an explicit equivalence relation and representative contract.', NULL, NULL, NULL, NULL, NULL, NULL, NULL) ON CONFLICT (tsp_convergence_measurement_id) DO UPDATE SET tsp_loop = EXCLUDED.tsp_loop, measurement_kind = EXCLUDED.measurement_kind, surface_concept_count_before = EXCLUDED.surface_concept_count_before, primitive_count_after = EXCLUDED.primitive_count_after, new_primitive_count = EXCLUDED.new_primitive_count, derived_alias_count = EXCLUDED.derived_alias_count, physical_table_count = EXCLUDED.physical_table_count, novel_term = EXCLUDED.novel_term, prediction_status = EXCLUDED.prediction_status, notes = EXCLUDED.notes, active_atom_count = EXCLUDED.active_atom_count, active_operator_count = EXCLUDED.active_operator_count, physical_table_delta_from_loop610 = EXCLUDED.physical_table_delta_from_loop610, open_frontier_count = EXCLUDED.open_frontier_count, named_concept_count = EXCLUDED.named_concept_count, allows_local_expansion = EXCLUDED.allows_local_expansion, coherence_direction = EXCLUDED.coherence_direction;

INSERT INTO tsp_convergence_measurements (tsp_convergence_measurement_id, tsp_loop, measurement_kind, surface_concept_count_before, primitive_count_after, new_primitive_count, derived_alias_count, physical_table_count, novel_term, prediction_status, notes, active_atom_count, active_operator_count, physical_table_delta_from_loop610, open_frontier_count, named_concept_count, allows_local_expansion, coherence_direction)
VALUES ('convergence-loop-608', 'tsp-loop-608', 'SEMANTIC_REDUCTION', 32, 8, 0, 43, 45, 'Component Quotient', 'EARLY_SUPPORT', 'Geographic clusters and selected graph components now expose the same quotient-node boundary contract.', NULL, NULL, NULL, NULL, NULL, NULL, NULL) ON CONFLICT (tsp_convergence_measurement_id) DO UPDATE SET tsp_loop = EXCLUDED.tsp_loop, measurement_kind = EXCLUDED.measurement_kind, surface_concept_count_before = EXCLUDED.surface_concept_count_before, primitive_count_after = EXCLUDED.primitive_count_after, new_primitive_count = EXCLUDED.new_primitive_count, derived_alias_count = EXCLUDED.derived_alias_count, physical_table_count = EXCLUDED.physical_table_count, novel_term = EXCLUDED.novel_term, prediction_status = EXCLUDED.prediction_status, notes = EXCLUDED.notes, active_atom_count = EXCLUDED.active_atom_count, active_operator_count = EXCLUDED.active_operator_count, physical_table_delta_from_loop610 = EXCLUDED.physical_table_delta_from_loop610, open_frontier_count = EXCLUDED.open_frontier_count, named_concept_count = EXCLUDED.named_concept_count, allows_local_expansion = EXCLUDED.allows_local_expansion, coherence_direction = EXCLUDED.coherence_direction;

INSERT INTO tsp_convergence_measurements (tsp_convergence_measurement_id, tsp_loop, measurement_kind, surface_concept_count_before, primitive_count_after, new_primitive_count, derived_alias_count, physical_table_count, novel_term, prediction_status, notes, active_atom_count, active_operator_count, physical_table_delta_from_loop610, open_frontier_count, named_concept_count, allows_local_expansion, coherence_direction)
VALUES ('convergence-loop-609', 'tsp-loop-609', 'SEMANTIC_REDUCTION', 32, 8, 0, 44, 45, 'Closure Event', 'EARLY_SUPPORT', 'Six execution projections now share one event schema with explicit input, output, rule, antecedent count, decision count, and certificate.', NULL, NULL, NULL, NULL, NULL, NULL, NULL) ON CONFLICT (tsp_convergence_measurement_id) DO UPDATE SET tsp_loop = EXCLUDED.tsp_loop, measurement_kind = EXCLUDED.measurement_kind, surface_concept_count_before = EXCLUDED.surface_concept_count_before, primitive_count_after = EXCLUDED.primitive_count_after, new_primitive_count = EXCLUDED.new_primitive_count, derived_alias_count = EXCLUDED.derived_alias_count, physical_table_count = EXCLUDED.physical_table_count, novel_term = EXCLUDED.novel_term, prediction_status = EXCLUDED.prediction_status, notes = EXCLUDED.notes, active_atom_count = EXCLUDED.active_atom_count, active_operator_count = EXCLUDED.active_operator_count, physical_table_delta_from_loop610 = EXCLUDED.physical_table_delta_from_loop610, open_frontier_count = EXCLUDED.open_frontier_count, named_concept_count = EXCLUDED.named_concept_count, allows_local_expansion = EXCLUDED.allows_local_expansion, coherence_direction = EXCLUDED.coherence_direction;

INSERT INTO tsp_convergence_measurements (tsp_convergence_measurement_id, tsp_loop, measurement_kind, surface_concept_count_before, primitive_count_after, new_primitive_count, derived_alias_count, physical_table_count, novel_term, prediction_status, notes, active_atom_count, active_operator_count, physical_table_delta_from_loop610, open_frontier_count, named_concept_count, allows_local_expansion, coherence_direction)
VALUES ('convergence-loop-610', 'tsp-loop-610', 'FINAL_CONVERGENCE_EVENT', 32, 8, 0, 46, 45, 'Convergence Event', 'SUPPORTED_FOR_CURRENT_DOMAIN', 'Fourteen named predicates were coined, but no primitive was added after loop 598. Five generic tables preserve replay while semantic compression remains 75%.', NULL, NULL, NULL, NULL, NULL, NULL, NULL) ON CONFLICT (tsp_convergence_measurement_id) DO UPDATE SET tsp_loop = EXCLUDED.tsp_loop, measurement_kind = EXCLUDED.measurement_kind, surface_concept_count_before = EXCLUDED.surface_concept_count_before, primitive_count_after = EXCLUDED.primitive_count_after, new_primitive_count = EXCLUDED.new_primitive_count, derived_alias_count = EXCLUDED.derived_alias_count, physical_table_count = EXCLUDED.physical_table_count, novel_term = EXCLUDED.novel_term, prediction_status = EXCLUDED.prediction_status, notes = EXCLUDED.notes, active_atom_count = EXCLUDED.active_atom_count, active_operator_count = EXCLUDED.active_operator_count, physical_table_delta_from_loop610 = EXCLUDED.physical_table_delta_from_loop610, open_frontier_count = EXCLUDED.open_frontier_count, named_concept_count = EXCLUDED.named_concept_count, allows_local_expansion = EXCLUDED.allows_local_expansion, coherence_direction = EXCLUDED.coherence_direction;

INSERT INTO tsp_convergence_measurements (tsp_convergence_measurement_id, tsp_loop, measurement_kind, surface_concept_count_before, primitive_count_after, new_primitive_count, derived_alias_count, physical_table_count, novel_term, prediction_status, notes, active_atom_count, active_operator_count, physical_table_delta_from_loop610, open_frontier_count, named_concept_count, allows_local_expansion, coherence_direction)
VALUES ('convergence-loop-611', 'tsp-loop-611', 'ATOM_OPERATOR_REFINEMENT', 32, 8, 0, 47, 45, 'Predicate–Operator Split', 'EARLY_SUPPORT', 'The loop-610 basis is preserved as history while candidates for atoms and operators are explicitly classified. Local representation may grow when an opaque node is decomposed; support is measured by increasing semantic reuse, explicit warrants, smaller opaque trust boundaries, and reduced residual ambiguity.', NULL, NULL, NULL, NULL, NULL, NULL, NULL) ON CONFLICT (tsp_convergence_measurement_id) DO UPDATE SET tsp_loop = EXCLUDED.tsp_loop, measurement_kind = EXCLUDED.measurement_kind, surface_concept_count_before = EXCLUDED.surface_concept_count_before, primitive_count_after = EXCLUDED.primitive_count_after, new_primitive_count = EXCLUDED.new_primitive_count, derived_alias_count = EXCLUDED.derived_alias_count, physical_table_count = EXCLUDED.physical_table_count, novel_term = EXCLUDED.novel_term, prediction_status = EXCLUDED.prediction_status, notes = EXCLUDED.notes, active_atom_count = EXCLUDED.active_atom_count, active_operator_count = EXCLUDED.active_operator_count, physical_table_delta_from_loop610 = EXCLUDED.physical_table_delta_from_loop610, open_frontier_count = EXCLUDED.open_frontier_count, named_concept_count = EXCLUDED.named_concept_count, allows_local_expansion = EXCLUDED.allows_local_expansion, coherence_direction = EXCLUDED.coherence_direction;

INSERT INTO tsp_convergence_measurements (tsp_convergence_measurement_id, tsp_loop, measurement_kind, surface_concept_count_before, primitive_count_after, new_primitive_count, derived_alias_count, physical_table_count, novel_term, prediction_status, notes, active_atom_count, active_operator_count, physical_table_delta_from_loop610, open_frontier_count, named_concept_count, allows_local_expansion, coherence_direction)
VALUES ('convergence-loop-612', 'tsp-loop-612', 'ATOM_OPERATOR_REFINEMENT', 32, 7, 1, 50, 45, 'Attachment Atom', 'EARLY_SUPPORT', 'Membership and incidence are role-specialized attachments; active primitive count falls from eight to seven.', NULL, NULL, NULL, NULL, NULL, NULL, NULL) ON CONFLICT (tsp_convergence_measurement_id) DO UPDATE SET tsp_loop = EXCLUDED.tsp_loop, measurement_kind = EXCLUDED.measurement_kind, surface_concept_count_before = EXCLUDED.surface_concept_count_before, primitive_count_after = EXCLUDED.primitive_count_after, new_primitive_count = EXCLUDED.new_primitive_count, derived_alias_count = EXCLUDED.derived_alias_count, physical_table_count = EXCLUDED.physical_table_count, novel_term = EXCLUDED.novel_term, prediction_status = EXCLUDED.prediction_status, notes = EXCLUDED.notes, active_atom_count = EXCLUDED.active_atom_count, active_operator_count = EXCLUDED.active_operator_count, physical_table_delta_from_loop610 = EXCLUDED.physical_table_delta_from_loop610, open_frontier_count = EXCLUDED.open_frontier_count, named_concept_count = EXCLUDED.named_concept_count, allows_local_expansion = EXCLUDED.allows_local_expansion, coherence_direction = EXCLUDED.coherence_direction;

INSERT INTO tsp_convergence_measurements (tsp_convergence_measurement_id, tsp_loop, measurement_kind, surface_concept_count_before, primitive_count_after, new_primitive_count, derived_alias_count, physical_table_count, novel_term, prediction_status, notes, active_atom_count, active_operator_count, physical_table_delta_from_loop610, open_frontier_count, named_concept_count, allows_local_expansion, coherence_direction)
VALUES ('convergence-loop-613', 'tsp-loop-613', 'ATOM_OPERATOR_REFINEMENT', 32, 5, 1, 54, 45, 'Valuation Atom', 'EARLY_SUPPORT', 'Counts, ordinals, costs, bounds, ranks, and deltas become named valuations; active primitive count falls to five.', NULL, NULL, NULL, NULL, NULL, NULL, NULL) ON CONFLICT (tsp_convergence_measurement_id) DO UPDATE SET tsp_loop = EXCLUDED.tsp_loop, measurement_kind = EXCLUDED.measurement_kind, surface_concept_count_before = EXCLUDED.surface_concept_count_before, primitive_count_after = EXCLUDED.primitive_count_after, new_primitive_count = EXCLUDED.new_primitive_count, derived_alias_count = EXCLUDED.derived_alias_count, physical_table_count = EXCLUDED.physical_table_count, novel_term = EXCLUDED.novel_term, prediction_status = EXCLUDED.prediction_status, notes = EXCLUDED.notes, active_atom_count = EXCLUDED.active_atom_count, active_operator_count = EXCLUDED.active_operator_count, physical_table_delta_from_loop610 = EXCLUDED.physical_table_delta_from_loop610, open_frontier_count = EXCLUDED.open_frontier_count, named_concept_count = EXCLUDED.named_concept_count, allows_local_expansion = EXCLUDED.allows_local_expansion, coherence_direction = EXCLUDED.coherence_direction;

INSERT INTO tsp_convergence_measurements (tsp_convergence_measurement_id, tsp_loop, measurement_kind, surface_concept_count_before, primitive_count_after, new_primitive_count, derived_alias_count, physical_table_count, novel_term, prediction_status, notes, active_atom_count, active_operator_count, physical_table_delta_from_loop610, open_frontier_count, named_concept_count, allows_local_expansion, coherence_direction)
VALUES ('convergence-loop-614', 'tsp-loop-614', 'ATOM_OPERATOR_REFINEMENT', 32, 4, 1, 57, 45, 'Warrant Atom', 'EARLY_SUPPORT', 'Commitment and provenance become one scoped warrant relation without erasing selected-versus-forced modality; active primitives fall to four.', NULL, NULL, NULL, NULL, NULL, NULL, NULL) ON CONFLICT (tsp_convergence_measurement_id) DO UPDATE SET tsp_loop = EXCLUDED.tsp_loop, measurement_kind = EXCLUDED.measurement_kind, surface_concept_count_before = EXCLUDED.surface_concept_count_before, primitive_count_after = EXCLUDED.primitive_count_after, new_primitive_count = EXCLUDED.new_primitive_count, derived_alias_count = EXCLUDED.derived_alias_count, physical_table_count = EXCLUDED.physical_table_count, novel_term = EXCLUDED.novel_term, prediction_status = EXCLUDED.prediction_status, notes = EXCLUDED.notes, active_atom_count = EXCLUDED.active_atom_count, active_operator_count = EXCLUDED.active_operator_count, physical_table_delta_from_loop610 = EXCLUDED.physical_table_delta_from_loop610, open_frontier_count = EXCLUDED.open_frontier_count, named_concept_count = EXCLUDED.named_concept_count, allows_local_expansion = EXCLUDED.allows_local_expansion, coherence_direction = EXCLUDED.coherence_direction;

INSERT INTO tsp_convergence_measurements (tsp_convergence_measurement_id, tsp_loop, measurement_kind, surface_concept_count_before, primitive_count_after, new_primitive_count, derived_alias_count, physical_table_count, novel_term, prediction_status, notes, active_atom_count, active_operator_count, physical_table_delta_from_loop610, open_frontier_count, named_concept_count, allows_local_expansion, coherence_direction)
VALUES ('convergence-loop-615', 'tsp-loop-615', 'ATOM_OPERATOR_REFINEMENT', 32, 3, 0, 59, 45, 'Closure Operator', 'EARLY_SUPPORT', 'Connectivity becomes reachability closure over attachments; active relational primitives are ATTACHMENT, VALUATION, and WARRANT.', NULL, NULL, NULL, NULL, NULL, NULL, NULL) ON CONFLICT (tsp_convergence_measurement_id) DO UPDATE SET tsp_loop = EXCLUDED.tsp_loop, measurement_kind = EXCLUDED.measurement_kind, surface_concept_count_before = EXCLUDED.surface_concept_count_before, primitive_count_after = EXCLUDED.primitive_count_after, new_primitive_count = EXCLUDED.new_primitive_count, derived_alias_count = EXCLUDED.derived_alias_count, physical_table_count = EXCLUDED.physical_table_count, novel_term = EXCLUDED.novel_term, prediction_status = EXCLUDED.prediction_status, notes = EXCLUDED.notes, active_atom_count = EXCLUDED.active_atom_count, active_operator_count = EXCLUDED.active_operator_count, physical_table_delta_from_loop610 = EXCLUDED.physical_table_delta_from_loop610, open_frontier_count = EXCLUDED.open_frontier_count, named_concept_count = EXCLUDED.named_concept_count, allows_local_expansion = EXCLUDED.allows_local_expansion, coherence_direction = EXCLUDED.coherence_direction;

INSERT INTO tsp_convergence_measurements (tsp_convergence_measurement_id, tsp_loop, measurement_kind, surface_concept_count_before, primitive_count_after, new_primitive_count, derived_alias_count, physical_table_count, novel_term, prediction_status, notes, active_atom_count, active_operator_count, physical_table_delta_from_loop610, open_frontier_count, named_concept_count, allows_local_expansion, coherence_direction)
VALUES ('convergence-loop-616', 'tsp-loop-616', 'ATOM_OPERATOR_REFINEMENT', 32, 3, 0, 60, 45, 'Aggregate Operator', 'EARLY_SUPPORT', 'Counts, sums, minima, maxima, parity, degree, and repair totals share one operator over attachments and valuations.', NULL, NULL, NULL, NULL, NULL, NULL, NULL) ON CONFLICT (tsp_convergence_measurement_id) DO UPDATE SET tsp_loop = EXCLUDED.tsp_loop, measurement_kind = EXCLUDED.measurement_kind, surface_concept_count_before = EXCLUDED.surface_concept_count_before, primitive_count_after = EXCLUDED.primitive_count_after, new_primitive_count = EXCLUDED.new_primitive_count, derived_alias_count = EXCLUDED.derived_alias_count, physical_table_count = EXCLUDED.physical_table_count, novel_term = EXCLUDED.novel_term, prediction_status = EXCLUDED.prediction_status, notes = EXCLUDED.notes, active_atom_count = EXCLUDED.active_atom_count, active_operator_count = EXCLUDED.active_operator_count, physical_table_delta_from_loop610 = EXCLUDED.physical_table_delta_from_loop610, open_frontier_count = EXCLUDED.open_frontier_count, named_concept_count = EXCLUDED.named_concept_count, allows_local_expansion = EXCLUDED.allows_local_expansion, coherence_direction = EXCLUDED.coherence_direction;

INSERT INTO tsp_convergence_measurements (tsp_convergence_measurement_id, tsp_loop, measurement_kind, surface_concept_count_before, primitive_count_after, new_primitive_count, derived_alias_count, physical_table_count, novel_term, prediction_status, notes, active_atom_count, active_operator_count, physical_table_delta_from_loop610, open_frontier_count, named_concept_count, allows_local_expansion, coherence_direction)
VALUES ('convergence-loop-617', 'tsp-loop-617', 'ATOM_OPERATOR_REFINEMENT', 32, 3, 0, 61, 45, 'Quotient Operator', 'EARLY_SUPPORT', 'Symmetry classes, dominated witnesses, and component contraction become applications of one explicit equivalence/representative operator.', NULL, NULL, NULL, NULL, NULL, NULL, NULL) ON CONFLICT (tsp_convergence_measurement_id) DO UPDATE SET tsp_loop = EXCLUDED.tsp_loop, measurement_kind = EXCLUDED.measurement_kind, surface_concept_count_before = EXCLUDED.surface_concept_count_before, primitive_count_after = EXCLUDED.primitive_count_after, new_primitive_count = EXCLUDED.new_primitive_count, derived_alias_count = EXCLUDED.derived_alias_count, physical_table_count = EXCLUDED.physical_table_count, novel_term = EXCLUDED.novel_term, prediction_status = EXCLUDED.prediction_status, notes = EXCLUDED.notes, active_atom_count = EXCLUDED.active_atom_count, active_operator_count = EXCLUDED.active_operator_count, physical_table_delta_from_loop610 = EXCLUDED.physical_table_delta_from_loop610, open_frontier_count = EXCLUDED.open_frontier_count, named_concept_count = EXCLUDED.named_concept_count, allows_local_expansion = EXCLUDED.allows_local_expansion, coherence_direction = EXCLUDED.coherence_direction;

INSERT INTO tsp_convergence_measurements (tsp_convergence_measurement_id, tsp_loop, measurement_kind, surface_concept_count_before, primitive_count_after, new_primitive_count, derived_alias_count, physical_table_count, novel_term, prediction_status, notes, active_atom_count, active_operator_count, physical_table_delta_from_loop610, open_frontier_count, named_concept_count, allows_local_expansion, coherence_direction)
VALUES ('convergence-loop-618', 'tsp-loop-618', 'ATOM_OPERATOR_REFINEMENT', 32, 3, 0, 62, 45, 'Fixed-Point Operator', 'EARLY_SUPPORT', 'Inference rounds and closure events share repeated warranted state transformation until no commitment changes.', NULL, NULL, NULL, NULL, NULL, NULL, NULL) ON CONFLICT (tsp_convergence_measurement_id) DO UPDATE SET tsp_loop = EXCLUDED.tsp_loop, measurement_kind = EXCLUDED.measurement_kind, surface_concept_count_before = EXCLUDED.surface_concept_count_before, primitive_count_after = EXCLUDED.primitive_count_after, new_primitive_count = EXCLUDED.new_primitive_count, derived_alias_count = EXCLUDED.derived_alias_count, physical_table_count = EXCLUDED.physical_table_count, novel_term = EXCLUDED.novel_term, prediction_status = EXCLUDED.prediction_status, notes = EXCLUDED.notes, active_atom_count = EXCLUDED.active_atom_count, active_operator_count = EXCLUDED.active_operator_count, physical_table_delta_from_loop610 = EXCLUDED.physical_table_delta_from_loop610, open_frontier_count = EXCLUDED.open_frontier_count, named_concept_count = EXCLUDED.named_concept_count, allows_local_expansion = EXCLUDED.allows_local_expansion, coherence_direction = EXCLUDED.coherence_direction;

INSERT INTO tsp_convergence_measurements (tsp_convergence_measurement_id, tsp_loop, measurement_kind, surface_concept_count_before, primitive_count_after, new_primitive_count, derived_alias_count, physical_table_count, novel_term, prediction_status, notes, active_atom_count, active_operator_count, physical_table_delta_from_loop610, open_frontier_count, named_concept_count, allows_local_expansion, coherence_direction)
VALUES ('convergence-loop-619', 'tsp-loop-619', 'ATOM_OPERATOR_REFINEMENT', 32, 3, 0, 63, 45, 'Three-Atom Basis', 'SUPPORTED_FOR_CURRENT_DOMAIN', 'All registered concepts reduce to three atoms and four operators; the historical eight-predicate basis remains versioned data.', NULL, NULL, NULL, NULL, NULL, NULL, NULL) ON CONFLICT (tsp_convergence_measurement_id) DO UPDATE SET tsp_loop = EXCLUDED.tsp_loop, measurement_kind = EXCLUDED.measurement_kind, surface_concept_count_before = EXCLUDED.surface_concept_count_before, primitive_count_after = EXCLUDED.primitive_count_after, new_primitive_count = EXCLUDED.new_primitive_count, derived_alias_count = EXCLUDED.derived_alias_count, physical_table_count = EXCLUDED.physical_table_count, novel_term = EXCLUDED.novel_term, prediction_status = EXCLUDED.prediction_status, notes = EXCLUDED.notes, active_atom_count = EXCLUDED.active_atom_count, active_operator_count = EXCLUDED.active_operator_count, physical_table_delta_from_loop610 = EXCLUDED.physical_table_delta_from_loop610, open_frontier_count = EXCLUDED.open_frontier_count, named_concept_count = EXCLUDED.named_concept_count, allows_local_expansion = EXCLUDED.allows_local_expansion, coherence_direction = EXCLUDED.coherence_direction;

INSERT INTO tsp_convergence_measurements (tsp_convergence_measurement_id, tsp_loop, measurement_kind, surface_concept_count_before, primitive_count_after, new_primitive_count, derived_alias_count, physical_table_count, novel_term, prediction_status, notes, active_atom_count, active_operator_count, physical_table_delta_from_loop610, open_frontier_count, named_concept_count, allows_local_expansion, coherence_direction)
VALUES ('convergence-loop-620', 'tsp-loop-620', 'ATOM_OPERATOR_REFINEMENT', 32, 3, 0, 64, 45, 'Boundary Port', 'EARLY_SUPPORT', 'Entry and exit become typed attachment roles under one port contract; no table is added.', NULL, NULL, NULL, NULL, NULL, NULL, NULL) ON CONFLICT (tsp_convergence_measurement_id) DO UPDATE SET tsp_loop = EXCLUDED.tsp_loop, measurement_kind = EXCLUDED.measurement_kind, surface_concept_count_before = EXCLUDED.surface_concept_count_before, primitive_count_after = EXCLUDED.primitive_count_after, new_primitive_count = EXCLUDED.new_primitive_count, derived_alias_count = EXCLUDED.derived_alias_count, physical_table_count = EXCLUDED.physical_table_count, novel_term = EXCLUDED.novel_term, prediction_status = EXCLUDED.prediction_status, notes = EXCLUDED.notes, active_atom_count = EXCLUDED.active_atom_count, active_operator_count = EXCLUDED.active_operator_count, physical_table_delta_from_loop610 = EXCLUDED.physical_table_delta_from_loop610, open_frontier_count = EXCLUDED.open_frontier_count, named_concept_count = EXCLUDED.named_concept_count, allows_local_expansion = EXCLUDED.allows_local_expansion, coherence_direction = EXCLUDED.coherence_direction;

INSERT INTO tsp_convergence_measurements (tsp_convergence_measurement_id, tsp_loop, measurement_kind, surface_concept_count_before, primitive_count_after, new_primitive_count, derived_alias_count, physical_table_count, novel_term, prediction_status, notes, active_atom_count, active_operator_count, physical_table_delta_from_loop610, open_frontier_count, named_concept_count, allows_local_expansion, coherence_direction)
VALUES ('convergence-loop-621', 'tsp-loop-621', 'ATOM_OPERATOR_REFINEMENT', 32, 3, 0, 65, 45, 'Boundary Fiber', 'EARLY_SUPPORT', 'An asymmetric four-stop cluster yields six fibers, two internal-order representatives per fiber, and twenty-four raw directed orientations without adding a table.', NULL, NULL, NULL, NULL, NULL, NULL, NULL) ON CONFLICT (tsp_convergence_measurement_id) DO UPDATE SET tsp_loop = EXCLUDED.tsp_loop, measurement_kind = EXCLUDED.measurement_kind, surface_concept_count_before = EXCLUDED.surface_concept_count_before, primitive_count_after = EXCLUDED.primitive_count_after, new_primitive_count = EXCLUDED.new_primitive_count, derived_alias_count = EXCLUDED.derived_alias_count, physical_table_count = EXCLUDED.physical_table_count, novel_term = EXCLUDED.novel_term, prediction_status = EXCLUDED.prediction_status, notes = EXCLUDED.notes, active_atom_count = EXCLUDED.active_atom_count, active_operator_count = EXCLUDED.active_operator_count, physical_table_delta_from_loop610 = EXCLUDED.physical_table_delta_from_loop610, open_frontier_count = EXCLUDED.open_frontier_count, named_concept_count = EXCLUDED.named_concept_count, allows_local_expansion = EXCLUDED.allows_local_expansion, coherence_direction = EXCLUDED.coherence_direction;

INSERT INTO tsp_convergence_measurements (tsp_convergence_measurement_id, tsp_loop, measurement_kind, surface_concept_count_before, primitive_count_after, new_primitive_count, derived_alias_count, physical_table_count, novel_term, prediction_status, notes, active_atom_count, active_operator_count, physical_table_delta_from_loop610, open_frontier_count, named_concept_count, allows_local_expansion, coherence_direction)
VALUES ('convergence-loop-622', 'tsp-loop-622', 'ATOM_OPERATOR_REFINEMENT', 32, 3, 0, 66, 45, 'Fiber Minimum', 'EARLY_SUPPORT', 'Six strict minimum-cost representatives survive and six higher-valued paths remain as dominated expansion provenance.', NULL, NULL, NULL, NULL, NULL, NULL, NULL) ON CONFLICT (tsp_convergence_measurement_id) DO UPDATE SET tsp_loop = EXCLUDED.tsp_loop, measurement_kind = EXCLUDED.measurement_kind, surface_concept_count_before = EXCLUDED.surface_concept_count_before, primitive_count_after = EXCLUDED.primitive_count_after, new_primitive_count = EXCLUDED.new_primitive_count, derived_alias_count = EXCLUDED.derived_alias_count, physical_table_count = EXCLUDED.physical_table_count, novel_term = EXCLUDED.novel_term, prediction_status = EXCLUDED.prediction_status, notes = EXCLUDED.notes, active_atom_count = EXCLUDED.active_atom_count, active_operator_count = EXCLUDED.active_operator_count, physical_table_delta_from_loop610 = EXCLUDED.physical_table_delta_from_loop610, open_frontier_count = EXCLUDED.open_frontier_count, named_concept_count = EXCLUDED.named_concept_count, allows_local_expansion = EXCLUDED.allows_local_expansion, coherence_direction = EXCLUDED.coherence_direction;

INSERT INTO tsp_convergence_measurements (tsp_convergence_measurement_id, tsp_loop, measurement_kind, surface_concept_count_before, primitive_count_after, new_primitive_count, derived_alias_count, physical_table_count, novel_term, prediction_status, notes, active_atom_count, active_operator_count, physical_table_delta_from_loop610, open_frontier_count, named_concept_count, allows_local_expansion, coherence_direction)
VALUES ('convergence-loop-623', 'tsp-loop-623', 'ASYMMETRIC_STRESS_EVENT', 32, 3, 0, 67, 45, 'Asymmetric Quotient', 'SUPPORTED_FOR_CURRENT_DOMAIN', 'Twenty-four directed paths reduce to twelve reversal classes and six valuation-minimal boundary states with the same three atoms and four operators.', NULL, NULL, NULL, NULL, NULL, NULL, NULL) ON CONFLICT (tsp_convergence_measurement_id) DO UPDATE SET tsp_loop = EXCLUDED.tsp_loop, measurement_kind = EXCLUDED.measurement_kind, surface_concept_count_before = EXCLUDED.surface_concept_count_before, primitive_count_after = EXCLUDED.primitive_count_after, new_primitive_count = EXCLUDED.new_primitive_count, derived_alias_count = EXCLUDED.derived_alias_count, physical_table_count = EXCLUDED.physical_table_count, novel_term = EXCLUDED.novel_term, prediction_status = EXCLUDED.prediction_status, notes = EXCLUDED.notes, active_atom_count = EXCLUDED.active_atom_count, active_operator_count = EXCLUDED.active_operator_count, physical_table_delta_from_loop610 = EXCLUDED.physical_table_delta_from_loop610, open_frontier_count = EXCLUDED.open_frontier_count, named_concept_count = EXCLUDED.named_concept_count, allows_local_expansion = EXCLUDED.allows_local_expansion, coherence_direction = EXCLUDED.coherence_direction;

INSERT INTO tsp_convergence_measurements (tsp_convergence_measurement_id, tsp_loop, measurement_kind, surface_concept_count_before, primitive_count_after, new_primitive_count, derived_alias_count, physical_table_count, novel_term, prediction_status, notes, active_atom_count, active_operator_count, physical_table_delta_from_loop610, open_frontier_count, named_concept_count, allows_local_expansion, coherence_direction)
VALUES ('convergence-loop-624', 'tsp-loop-624', 'COHERENCE_VECTOR_BASELINE', 32, 3, 0, 68, 45, 'Coherence Vector', 'EARLY_SUPPORT', 'Convergence is represented as a vector: three atoms, four operators, forty-five physical tables, explicit named vocabulary, and an independently counted open frontier. Physical growth is not assigned an arbitrary negative scalar weight.', 3, 4, 0, 2, 75, TRUE, 'MORE_EXPLICIT_REUSE_SMALLER_ACTIVE_BASIS_NO_REQUIRED_PHYSICAL_SHRINKAGE') ON CONFLICT (tsp_convergence_measurement_id) DO UPDATE SET tsp_loop = EXCLUDED.tsp_loop, measurement_kind = EXCLUDED.measurement_kind, surface_concept_count_before = EXCLUDED.surface_concept_count_before, primitive_count_after = EXCLUDED.primitive_count_after, new_primitive_count = EXCLUDED.new_primitive_count, derived_alias_count = EXCLUDED.derived_alias_count, physical_table_count = EXCLUDED.physical_table_count, novel_term = EXCLUDED.novel_term, prediction_status = EXCLUDED.prediction_status, notes = EXCLUDED.notes, active_atom_count = EXCLUDED.active_atom_count, active_operator_count = EXCLUDED.active_operator_count, physical_table_delta_from_loop610 = EXCLUDED.physical_table_delta_from_loop610, open_frontier_count = EXCLUDED.open_frontier_count, named_concept_count = EXCLUDED.named_concept_count, allows_local_expansion = EXCLUDED.allows_local_expansion, coherence_direction = EXCLUDED.coherence_direction;

INSERT INTO tsp_convergence_measurements (tsp_convergence_measurement_id, tsp_loop, measurement_kind, surface_concept_count_before, primitive_count_after, new_primitive_count, derived_alias_count, physical_table_count, novel_term, prediction_status, notes, active_atom_count, active_operator_count, physical_table_delta_from_loop610, open_frontier_count, named_concept_count, allows_local_expansion, coherence_direction)
VALUES ('convergence-loop-625', 'tsp-loop-625', 'COHERENCE_REFINEMENT', 32, 1, 0, 72, 45, 'Semantic Arc', 'EARLY_SUPPORT', 'Attachment, valuation, and warrant become typed semantic-arc projections. The active relational basis falls from three atoms to one without removing historical rows.', 1, 4, 0, 2, 77, TRUE, 'MORE_EXPLICIT_REUSE_SMALLER_ACTIVE_BASIS_NO_REQUIRED_PHYSICAL_SHRINKAGE') ON CONFLICT (tsp_convergence_measurement_id) DO UPDATE SET tsp_loop = EXCLUDED.tsp_loop, measurement_kind = EXCLUDED.measurement_kind, surface_concept_count_before = EXCLUDED.surface_concept_count_before, primitive_count_after = EXCLUDED.primitive_count_after, new_primitive_count = EXCLUDED.new_primitive_count, derived_alias_count = EXCLUDED.derived_alias_count, physical_table_count = EXCLUDED.physical_table_count, novel_term = EXCLUDED.novel_term, prediction_status = EXCLUDED.prediction_status, notes = EXCLUDED.notes, active_atom_count = EXCLUDED.active_atom_count, active_operator_count = EXCLUDED.active_operator_count, physical_table_delta_from_loop610 = EXCLUDED.physical_table_delta_from_loop610, open_frontier_count = EXCLUDED.open_frontier_count, named_concept_count = EXCLUDED.named_concept_count, allows_local_expansion = EXCLUDED.allows_local_expansion, coherence_direction = EXCLUDED.coherence_direction;

INSERT INTO tsp_convergence_measurements (tsp_convergence_measurement_id, tsp_loop, measurement_kind, surface_concept_count_before, primitive_count_after, new_primitive_count, derived_alias_count, physical_table_count, novel_term, prediction_status, notes, active_atom_count, active_operator_count, physical_table_delta_from_loop610, open_frontier_count, named_concept_count, allows_local_expansion, coherence_direction)
VALUES ('convergence-loop-626', 'tsp-loop-626', 'COHERENCE_REFINEMENT', 32, 1, 0, 73, 45, 'Arc Signature', 'EARLY_SUPPORT', 'ROLE-to-entity, MEASURE-to-scalar, and MODALITY-to-source signatures remain distinct. Genericization does not erase type contracts.', 1, 4, 0, 2, 78, TRUE, 'MORE_EXPLICIT_REUSE_SMALLER_ACTIVE_BASIS_NO_REQUIRED_PHYSICAL_SHRINKAGE') ON CONFLICT (tsp_convergence_measurement_id) DO UPDATE SET tsp_loop = EXCLUDED.tsp_loop, measurement_kind = EXCLUDED.measurement_kind, surface_concept_count_before = EXCLUDED.surface_concept_count_before, primitive_count_after = EXCLUDED.primitive_count_after, new_primitive_count = EXCLUDED.new_primitive_count, derived_alias_count = EXCLUDED.derived_alias_count, physical_table_count = EXCLUDED.physical_table_count, novel_term = EXCLUDED.novel_term, prediction_status = EXCLUDED.prediction_status, notes = EXCLUDED.notes, active_atom_count = EXCLUDED.active_atom_count, active_operator_count = EXCLUDED.active_operator_count, physical_table_delta_from_loop610 = EXCLUDED.physical_table_delta_from_loop610, open_frontier_count = EXCLUDED.open_frontier_count, named_concept_count = EXCLUDED.named_concept_count, allows_local_expansion = EXCLUDED.allows_local_expansion, coherence_direction = EXCLUDED.coherence_direction;

INSERT INTO tsp_convergence_measurements (tsp_convergence_measurement_id, tsp_loop, measurement_kind, surface_concept_count_before, primitive_count_after, new_primitive_count, derived_alias_count, physical_table_count, novel_term, prediction_status, notes, active_atom_count, active_operator_count, physical_table_delta_from_loop610, open_frontier_count, named_concept_count, allows_local_expansion, coherence_direction)
VALUES ('convergence-loop-627', 'tsp-loop-627', 'COHERENCE_REFINEMENT', 32, 1, 0, 74, 45, 'Recoverability Witness', 'EARLY_SUPPORT', 'All 79 registered concepts have explicit current-basis recovery expressions and source-table provenance.', 1, 4, 0, 2, 79, TRUE, 'MORE_EXPLICIT_REUSE_SMALLER_ACTIVE_BASIS_NO_REQUIRED_PHYSICAL_SHRINKAGE') ON CONFLICT (tsp_convergence_measurement_id) DO UPDATE SET tsp_loop = EXCLUDED.tsp_loop, measurement_kind = EXCLUDED.measurement_kind, surface_concept_count_before = EXCLUDED.surface_concept_count_before, primitive_count_after = EXCLUDED.primitive_count_after, new_primitive_count = EXCLUDED.new_primitive_count, derived_alias_count = EXCLUDED.derived_alias_count, physical_table_count = EXCLUDED.physical_table_count, novel_term = EXCLUDED.novel_term, prediction_status = EXCLUDED.prediction_status, notes = EXCLUDED.notes, active_atom_count = EXCLUDED.active_atom_count, active_operator_count = EXCLUDED.active_operator_count, physical_table_delta_from_loop610 = EXCLUDED.physical_table_delta_from_loop610, open_frontier_count = EXCLUDED.open_frontier_count, named_concept_count = EXCLUDED.named_concept_count, allows_local_expansion = EXCLUDED.allows_local_expansion, coherence_direction = EXCLUDED.coherence_direction;

INSERT INTO tsp_convergence_measurements (tsp_convergence_measurement_id, tsp_loop, measurement_kind, surface_concept_count_before, primitive_count_after, new_primitive_count, derived_alias_count, physical_table_count, novel_term, prediction_status, notes, active_atom_count, active_operator_count, physical_table_delta_from_loop610, open_frontier_count, named_concept_count, allows_local_expansion, coherence_direction)
VALUES ('convergence-loop-628', 'tsp-loop-628', 'COHERENCE_REFINEMENT', 32, 1, 0, 77, 45, 'Saturation Operator', 'EARLY_SUPPORT', 'Reachability closure and rule fixed point become two explicit modes of SATURATE; active operators fall from four to three.', 1, 3, 0, 2, 81, TRUE, 'MORE_EXPLICIT_REUSE_SMALLER_ACTIVE_BASIS_NO_REQUIRED_PHYSICAL_SHRINKAGE') ON CONFLICT (tsp_convergence_measurement_id) DO UPDATE SET tsp_loop = EXCLUDED.tsp_loop, measurement_kind = EXCLUDED.measurement_kind, surface_concept_count_before = EXCLUDED.surface_concept_count_before, primitive_count_after = EXCLUDED.primitive_count_after, new_primitive_count = EXCLUDED.new_primitive_count, derived_alias_count = EXCLUDED.derived_alias_count, physical_table_count = EXCLUDED.physical_table_count, novel_term = EXCLUDED.novel_term, prediction_status = EXCLUDED.prediction_status, notes = EXCLUDED.notes, active_atom_count = EXCLUDED.active_atom_count, active_operator_count = EXCLUDED.active_operator_count, physical_table_delta_from_loop610 = EXCLUDED.physical_table_delta_from_loop610, open_frontier_count = EXCLUDED.open_frontier_count, named_concept_count = EXCLUDED.named_concept_count, allows_local_expansion = EXCLUDED.allows_local_expansion, coherence_direction = EXCLUDED.coherence_direction;

INSERT INTO tsp_convergence_measurements (tsp_convergence_measurement_id, tsp_loop, measurement_kind, surface_concept_count_before, primitive_count_after, new_primitive_count, derived_alias_count, physical_table_count, novel_term, prediction_status, notes, active_atom_count, active_operator_count, physical_table_delta_from_loop610, open_frontier_count, named_concept_count, allows_local_expansion, coherence_direction)
VALUES ('convergence-loop-629', 'tsp-loop-629', 'COHERENCE_REFINEMENT', 32, 1, 0, 80, 45, 'Fiber Reduction', 'EARLY_SUPPORT', 'Aggregate summaries and quotient representatives become reducer modes over keyed fibers; active operators fall to Saturate and Fiber Reduction.', 1, 2, 0, 2, 83, TRUE, 'MORE_EXPLICIT_REUSE_SMALLER_ACTIVE_BASIS_NO_REQUIRED_PHYSICAL_SHRINKAGE') ON CONFLICT (tsp_convergence_measurement_id) DO UPDATE SET tsp_loop = EXCLUDED.tsp_loop, measurement_kind = EXCLUDED.measurement_kind, surface_concept_count_before = EXCLUDED.surface_concept_count_before, primitive_count_after = EXCLUDED.primitive_count_after, new_primitive_count = EXCLUDED.new_primitive_count, derived_alias_count = EXCLUDED.derived_alias_count, physical_table_count = EXCLUDED.physical_table_count, novel_term = EXCLUDED.novel_term, prediction_status = EXCLUDED.prediction_status, notes = EXCLUDED.notes, active_atom_count = EXCLUDED.active_atom_count, active_operator_count = EXCLUDED.active_operator_count, physical_table_delta_from_loop610 = EXCLUDED.physical_table_delta_from_loop610, open_frontier_count = EXCLUDED.open_frontier_count, named_concept_count = EXCLUDED.named_concept_count, allows_local_expansion = EXCLUDED.allows_local_expansion, coherence_direction = EXCLUDED.coherence_direction;

INSERT INTO tsp_convergence_measurements (tsp_convergence_measurement_id, tsp_loop, measurement_kind, surface_concept_count_before, primitive_count_after, new_primitive_count, derived_alias_count, physical_table_count, novel_term, prediction_status, notes, active_atom_count, active_operator_count, physical_table_delta_from_loop610, open_frontier_count, named_concept_count, allows_local_expansion, coherence_direction)
VALUES ('convergence-loop-630', 'tsp-loop-630', 'COHERENCE_REFINEMENT', 32, 1, 0, 83, 45, 'Warranted Rewrite', 'EARLY_SUPPORT', 'Expansive saturation and contractive fiber reduction become modes of one rewrite operator; the active semantic operator count becomes one.', 1, 1, 0, 2, 85, TRUE, 'MORE_EXPLICIT_REUSE_SMALLER_ACTIVE_BASIS_NO_REQUIRED_PHYSICAL_SHRINKAGE') ON CONFLICT (tsp_convergence_measurement_id) DO UPDATE SET tsp_loop = EXCLUDED.tsp_loop, measurement_kind = EXCLUDED.measurement_kind, surface_concept_count_before = EXCLUDED.surface_concept_count_before, primitive_count_after = EXCLUDED.primitive_count_after, new_primitive_count = EXCLUDED.new_primitive_count, derived_alias_count = EXCLUDED.derived_alias_count, physical_table_count = EXCLUDED.physical_table_count, novel_term = EXCLUDED.novel_term, prediction_status = EXCLUDED.prediction_status, notes = EXCLUDED.notes, active_atom_count = EXCLUDED.active_atom_count, active_operator_count = EXCLUDED.active_operator_count, physical_table_delta_from_loop610 = EXCLUDED.physical_table_delta_from_loop610, open_frontier_count = EXCLUDED.open_frontier_count, named_concept_count = EXCLUDED.named_concept_count, allows_local_expansion = EXCLUDED.allows_local_expansion, coherence_direction = EXCLUDED.coherence_direction;

INSERT INTO tsp_convergence_measurements (tsp_convergence_measurement_id, tsp_loop, measurement_kind, surface_concept_count_before, primitive_count_after, new_primitive_count, derived_alias_count, physical_table_count, novel_term, prediction_status, notes, active_atom_count, active_operator_count, physical_table_delta_from_loop610, open_frontier_count, named_concept_count, allows_local_expansion, coherence_direction)
VALUES ('convergence-loop-631', 'tsp-loop-631', 'COHERENCE_REFINEMENT', 32, 1, 0, 84, 45, 'Rewrite Polarity', 'EARLY_SUPPORT', 'Black-box internalization and saturation may be expansive; aggregate and quotient modes are contractive; mixed derivations may contain both. Coherence is not identified with one polarity.', 1, 1, 0, 2, 86, TRUE, 'MORE_EXPLICIT_REUSE_SMALLER_ACTIVE_BASIS_NO_REQUIRED_PHYSICAL_SHRINKAGE') ON CONFLICT (tsp_convergence_measurement_id) DO UPDATE SET tsp_loop = EXCLUDED.tsp_loop, measurement_kind = EXCLUDED.measurement_kind, surface_concept_count_before = EXCLUDED.surface_concept_count_before, primitive_count_after = EXCLUDED.primitive_count_after, new_primitive_count = EXCLUDED.new_primitive_count, derived_alias_count = EXCLUDED.derived_alias_count, physical_table_count = EXCLUDED.physical_table_count, novel_term = EXCLUDED.novel_term, prediction_status = EXCLUDED.prediction_status, notes = EXCLUDED.notes, active_atom_count = EXCLUDED.active_atom_count, active_operator_count = EXCLUDED.active_operator_count, physical_table_delta_from_loop610 = EXCLUDED.physical_table_delta_from_loop610, open_frontier_count = EXCLUDED.open_frontier_count, named_concept_count = EXCLUDED.named_concept_count, allows_local_expansion = EXCLUDED.allows_local_expansion, coherence_direction = EXCLUDED.coherence_direction;

INSERT INTO tsp_convergence_measurements (tsp_convergence_measurement_id, tsp_loop, measurement_kind, surface_concept_count_before, primitive_count_after, new_primitive_count, derived_alias_count, physical_table_count, novel_term, prediction_status, notes, active_atom_count, active_operator_count, physical_table_delta_from_loop610, open_frontier_count, named_concept_count, allows_local_expansion, coherence_direction)
VALUES ('convergence-loop-632', 'tsp-loop-632', 'ONE_ARC_ONE_REWRITE_EVENT', 32, 1, 0, 85, 45, 'One-Arc/One-Rewrite Basis', 'SUPPORTED_FOR_CURRENT_DOMAIN', 'All registered concepts recover through one typed semantic arc and one warranted rewrite. This is empirical coverage for the represented domain, not a minimality or universality theorem.', 1, 1, 0, 2, 87, TRUE, 'MORE_EXPLICIT_REUSE_SMALLER_ACTIVE_BASIS_NO_REQUIRED_PHYSICAL_SHRINKAGE') ON CONFLICT (tsp_convergence_measurement_id) DO UPDATE SET tsp_loop = EXCLUDED.tsp_loop, measurement_kind = EXCLUDED.measurement_kind, surface_concept_count_before = EXCLUDED.surface_concept_count_before, primitive_count_after = EXCLUDED.primitive_count_after, new_primitive_count = EXCLUDED.new_primitive_count, derived_alias_count = EXCLUDED.derived_alias_count, physical_table_count = EXCLUDED.physical_table_count, novel_term = EXCLUDED.novel_term, prediction_status = EXCLUDED.prediction_status, notes = EXCLUDED.notes, active_atom_count = EXCLUDED.active_atom_count, active_operator_count = EXCLUDED.active_operator_count, physical_table_delta_from_loop610 = EXCLUDED.physical_table_delta_from_loop610, open_frontier_count = EXCLUDED.open_frontier_count, named_concept_count = EXCLUDED.named_concept_count, allows_local_expansion = EXCLUDED.allows_local_expansion, coherence_direction = EXCLUDED.coherence_direction;

INSERT INTO tsp_convergence_measurements (tsp_convergence_measurement_id, tsp_loop, measurement_kind, surface_concept_count_before, primitive_count_after, new_primitive_count, derived_alias_count, physical_table_count, novel_term, prediction_status, notes, active_atom_count, active_operator_count, physical_table_delta_from_loop610, open_frontier_count, named_concept_count, allows_local_expansion, coherence_direction)
VALUES ('convergence-loop-633', 'tsp-loop-633', 'COHERENCE_REFINEMENT', 32, 1, 0, 86, 45, 'Region Interface', 'EARLY_SUPPORT', 'Existing neighborhood, component, and boundary-fiber quotient nodes share one port, coverage, valuation, and expansion contract without a new table.', 1, 1, 0, 2, 88, TRUE, 'MORE_EXPLICIT_REUSE_SMALLER_ACTIVE_BASIS_NO_REQUIRED_PHYSICAL_SHRINKAGE') ON CONFLICT (tsp_convergence_measurement_id) DO UPDATE SET tsp_loop = EXCLUDED.tsp_loop, measurement_kind = EXCLUDED.measurement_kind, surface_concept_count_before = EXCLUDED.surface_concept_count_before, primitive_count_after = EXCLUDED.primitive_count_after, new_primitive_count = EXCLUDED.new_primitive_count, derived_alias_count = EXCLUDED.derived_alias_count, physical_table_count = EXCLUDED.physical_table_count, novel_term = EXCLUDED.novel_term, prediction_status = EXCLUDED.prediction_status, notes = EXCLUDED.notes, active_atom_count = EXCLUDED.active_atom_count, active_operator_count = EXCLUDED.active_operator_count, physical_table_delta_from_loop610 = EXCLUDED.physical_table_delta_from_loop610, open_frontier_count = EXCLUDED.open_frontier_count, named_concept_count = EXCLUDED.named_concept_count, allows_local_expansion = EXCLUDED.allows_local_expansion, coherence_direction = EXCLUDED.coherence_direction;

INSERT INTO tsp_convergence_measurements (tsp_convergence_measurement_id, tsp_loop, measurement_kind, surface_concept_count_before, primitive_count_after, new_primitive_count, derived_alias_count, physical_table_count, novel_term, prediction_status, notes, active_atom_count, active_operator_count, physical_table_delta_from_loop610, open_frontier_count, named_concept_count, allows_local_expansion, coherence_direction)
VALUES ('convergence-loop-634', 'tsp-loop-634', 'COHERENCE_REFINEMENT', 32, 1, 0, 87, 45, 'Region Triad', 'EARLY_SUPPORT', 'Nine stops and thirty-six edges expand the explicit DAG while reusing the same tables and one-arc/one-rewrite basis; the local two-factor has cost nine and three components.', 1, 1, 0, 2, 89, TRUE, 'MORE_EXPLICIT_REUSE_SMALLER_ACTIVE_BASIS_NO_REQUIRED_PHYSICAL_SHRINKAGE') ON CONFLICT (tsp_convergence_measurement_id) DO UPDATE SET tsp_loop = EXCLUDED.tsp_loop, measurement_kind = EXCLUDED.measurement_kind, surface_concept_count_before = EXCLUDED.surface_concept_count_before, primitive_count_after = EXCLUDED.primitive_count_after, new_primitive_count = EXCLUDED.new_primitive_count, derived_alias_count = EXCLUDED.derived_alias_count, physical_table_count = EXCLUDED.physical_table_count, novel_term = EXCLUDED.novel_term, prediction_status = EXCLUDED.prediction_status, notes = EXCLUDED.notes, active_atom_count = EXCLUDED.active_atom_count, active_operator_count = EXCLUDED.active_operator_count, physical_table_delta_from_loop610 = EXCLUDED.physical_table_delta_from_loop610, open_frontier_count = EXCLUDED.open_frontier_count, named_concept_count = EXCLUDED.named_concept_count, allows_local_expansion = EXCLUDED.allows_local_expansion, coherence_direction = EXCLUDED.coherence_direction;

INSERT INTO tsp_convergence_measurements (tsp_convergence_measurement_id, tsp_loop, measurement_kind, surface_concept_count_before, primitive_count_after, new_primitive_count, derived_alias_count, physical_table_count, novel_term, prediction_status, notes, active_atom_count, active_operator_count, physical_table_delta_from_loop610, open_frontier_count, named_concept_count, allows_local_expansion, coherence_direction)
VALUES ('convergence-loop-635', 'tsp-loop-635', 'COHERENCE_REFINEMENT', 32, 1, 0, 88, 45, 'Region Quotient', 'EARLY_SUPPORT', 'Three regions each expand through three cost-two Hamiltonian path states and contract six directed internal orders to three reversal classes without adding a table.', 1, 1, 0, 2, 90, TRUE, 'MORE_EXPLICIT_REUSE_SMALLER_ACTIVE_BASIS_NO_REQUIRED_PHYSICAL_SHRINKAGE') ON CONFLICT (tsp_convergence_measurement_id) DO UPDATE SET tsp_loop = EXCLUDED.tsp_loop, measurement_kind = EXCLUDED.measurement_kind, surface_concept_count_before = EXCLUDED.surface_concept_count_before, primitive_count_after = EXCLUDED.primitive_count_after, new_primitive_count = EXCLUDED.new_primitive_count, derived_alias_count = EXCLUDED.derived_alias_count, physical_table_count = EXCLUDED.physical_table_count, novel_term = EXCLUDED.novel_term, prediction_status = EXCLUDED.prediction_status, notes = EXCLUDED.notes, active_atom_count = EXCLUDED.active_atom_count, active_operator_count = EXCLUDED.active_operator_count, physical_table_delta_from_loop610 = EXCLUDED.physical_table_delta_from_loop610, open_frontier_count = EXCLUDED.open_frontier_count, named_concept_count = EXCLUDED.named_concept_count, allows_local_expansion = EXCLUDED.allows_local_expansion, coherence_direction = EXCLUDED.coherence_direction;

INSERT INTO tsp_convergence_measurements (tsp_convergence_measurement_id, tsp_loop, measurement_kind, surface_concept_count_before, primitive_count_after, new_primitive_count, derived_alias_count, physical_table_count, novel_term, prediction_status, notes, active_atom_count, active_operator_count, physical_table_delta_from_loop610, open_frontier_count, named_concept_count, allows_local_expansion, coherence_direction)
VALUES ('convergence-loop-636', 'tsp-loop-636', 'COHERENCE_REFINEMENT', 32, 1, 0, 89, 45, 'Quotient Incidence Budget', 'EARLY_SUPPORT', 'Internal stop incidence is closed while all three region interfaces have boundary degree deficit two; the global profile separates those coordinates.', 1, 1, 0, 2, 91, TRUE, 'MORE_EXPLICIT_REUSE_SMALLER_ACTIVE_BASIS_NO_REQUIRED_PHYSICAL_SHRINKAGE') ON CONFLICT (tsp_convergence_measurement_id) DO UPDATE SET tsp_loop = EXCLUDED.tsp_loop, measurement_kind = EXCLUDED.measurement_kind, surface_concept_count_before = EXCLUDED.surface_concept_count_before, primitive_count_after = EXCLUDED.primitive_count_after, new_primitive_count = EXCLUDED.new_primitive_count, derived_alias_count = EXCLUDED.derived_alias_count, physical_table_count = EXCLUDED.physical_table_count, novel_term = EXCLUDED.novel_term, prediction_status = EXCLUDED.prediction_status, notes = EXCLUDED.notes, active_atom_count = EXCLUDED.active_atom_count, active_operator_count = EXCLUDED.active_operator_count, physical_table_delta_from_loop610 = EXCLUDED.physical_table_delta_from_loop610, open_frontier_count = EXCLUDED.open_frontier_count, named_concept_count = EXCLUDED.named_concept_count, allows_local_expansion = EXCLUDED.allows_local_expansion, coherence_direction = EXCLUDED.coherence_direction;

INSERT INTO tsp_convergence_measurements (tsp_convergence_measurement_id, tsp_loop, measurement_kind, surface_concept_count_before, primitive_count_after, new_primitive_count, derived_alias_count, physical_table_count, novel_term, prediction_status, notes, active_atom_count, active_operator_count, physical_table_delta_from_loop610, open_frontier_count, named_concept_count, allows_local_expansion, coherence_direction)
VALUES ('convergence-loop-637', 'tsp-loop-637', 'COHERENCE_REFINEMENT', 32, 1, 0, 90, 45, 'Boundary Handshake', 'EARLY_SUPPORT', 'Quotient degree demand six reduces to a certified minimum of three crossing edges because every crossing has two region endpoints.', 1, 1, 0, 2, 92, TRUE, 'MORE_EXPLICIT_REUSE_SMALLER_ACTIVE_BASIS_NO_REQUIRED_PHYSICAL_SHRINKAGE') ON CONFLICT (tsp_convergence_measurement_id) DO UPDATE SET tsp_loop = EXCLUDED.tsp_loop, measurement_kind = EXCLUDED.measurement_kind, surface_concept_count_before = EXCLUDED.surface_concept_count_before, primitive_count_after = EXCLUDED.primitive_count_after, new_primitive_count = EXCLUDED.new_primitive_count, derived_alias_count = EXCLUDED.derived_alias_count, physical_table_count = EXCLUDED.physical_table_count, novel_term = EXCLUDED.novel_term, prediction_status = EXCLUDED.prediction_status, notes = EXCLUDED.notes, active_atom_count = EXCLUDED.active_atom_count, active_operator_count = EXCLUDED.active_operator_count, physical_table_delta_from_loop610 = EXCLUDED.physical_table_delta_from_loop610, open_frontier_count = EXCLUDED.open_frontier_count, named_concept_count = EXCLUDED.named_concept_count, allows_local_expansion = EXCLUDED.allows_local_expansion, coherence_direction = EXCLUDED.coherence_direction;

INSERT INTO tsp_convergence_measurements (tsp_convergence_measurement_id, tsp_loop, measurement_kind, surface_concept_count_before, primitive_count_after, new_primitive_count, derived_alias_count, physical_table_count, novel_term, prediction_status, notes, active_atom_count, active_operator_count, physical_table_delta_from_loop610, open_frontier_count, named_concept_count, allows_local_expansion, coherence_direction)
VALUES ('convergence-loop-638', 'tsp-loop-638', 'COHERENCE_REFINEMENT', 32, 1, 0, 91, 45, 'Region Repair Equation', 'EARLY_SUPPORT', 'The three-region lower bound is 9 + 30 - 3 = 36, composed entirely from witnessed semantic arcs and a mixed warranted rewrite.', 1, 1, 0, 2, 93, TRUE, 'MORE_EXPLICIT_REUSE_SMALLER_ACTIVE_BASIS_NO_REQUIRED_PHYSICAL_SHRINKAGE') ON CONFLICT (tsp_convergence_measurement_id) DO UPDATE SET tsp_loop = EXCLUDED.tsp_loop, measurement_kind = EXCLUDED.measurement_kind, surface_concept_count_before = EXCLUDED.surface_concept_count_before, primitive_count_after = EXCLUDED.primitive_count_after, new_primitive_count = EXCLUDED.new_primitive_count, derived_alias_count = EXCLUDED.derived_alias_count, physical_table_count = EXCLUDED.physical_table_count, novel_term = EXCLUDED.novel_term, prediction_status = EXCLUDED.prediction_status, notes = EXCLUDED.notes, active_atom_count = EXCLUDED.active_atom_count, active_operator_count = EXCLUDED.active_operator_count, physical_table_delta_from_loop610 = EXCLUDED.physical_table_delta_from_loop610, open_frontier_count = EXCLUDED.open_frontier_count, named_concept_count = EXCLUDED.named_concept_count, allows_local_expansion = EXCLUDED.allows_local_expansion, coherence_direction = EXCLUDED.coherence_direction;

INSERT INTO tsp_convergence_measurements (tsp_convergence_measurement_id, tsp_loop, measurement_kind, surface_concept_count_before, primitive_count_after, new_primitive_count, derived_alias_count, physical_table_count, novel_term, prediction_status, notes, active_atom_count, active_operator_count, physical_table_delta_from_loop610, open_frontier_count, named_concept_count, allows_local_expansion, coherence_direction)
VALUES ('convergence-loop-639', 'tsp-loop-639', 'COHERENCE_REFINEMENT', 32, 1, 0, 92, 45, 'Balanced Edge Exchange', 'EARLY_SUPPORT', 'Three explicit additions and three explicit releases replace the disconnected local two-factor with one cost-thirty-six connected degree-two cycle.', 1, 1, 0, 2, 94, TRUE, 'MORE_EXPLICIT_REUSE_SMALLER_ACTIVE_BASIS_NO_REQUIRED_PHYSICAL_SHRINKAGE') ON CONFLICT (tsp_convergence_measurement_id) DO UPDATE SET tsp_loop = EXCLUDED.tsp_loop, measurement_kind = EXCLUDED.measurement_kind, surface_concept_count_before = EXCLUDED.surface_concept_count_before, primitive_count_after = EXCLUDED.primitive_count_after, new_primitive_count = EXCLUDED.new_primitive_count, derived_alias_count = EXCLUDED.derived_alias_count, physical_table_count = EXCLUDED.physical_table_count, novel_term = EXCLUDED.novel_term, prediction_status = EXCLUDED.prediction_status, notes = EXCLUDED.notes, active_atom_count = EXCLUDED.active_atom_count, active_operator_count = EXCLUDED.active_operator_count, physical_table_delta_from_loop610 = EXCLUDED.physical_table_delta_from_loop610, open_frontier_count = EXCLUDED.open_frontier_count, named_concept_count = EXCLUDED.named_concept_count, allows_local_expansion = EXCLUDED.allows_local_expansion, coherence_direction = EXCLUDED.coherence_direction;

INSERT INTO tsp_convergence_measurements (tsp_convergence_measurement_id, tsp_loop, measurement_kind, surface_concept_count_before, primitive_count_after, new_primitive_count, derived_alias_count, physical_table_count, novel_term, prediction_status, notes, active_atom_count, active_operator_count, physical_table_delta_from_loop610, open_frontier_count, named_concept_count, allows_local_expansion, coherence_direction)
VALUES ('convergence-loop-640', 'tsp-loop-640', 'COHERENCE_REFINEMENT', 32, 1, 0, 93, 45, 'Repair Cycle', 'EARLY_SUPPORT', 'The repaired edge set expands to a nine-step ordered route and normal-form witness with CandidateUsedAsAntecedent=false.', 1, 1, 0, 2, 95, TRUE, 'MORE_EXPLICIT_REUSE_SMALLER_ACTIVE_BASIS_NO_REQUIRED_PHYSICAL_SHRINKAGE') ON CONFLICT (tsp_convergence_measurement_id) DO UPDATE SET tsp_loop = EXCLUDED.tsp_loop, measurement_kind = EXCLUDED.measurement_kind, surface_concept_count_before = EXCLUDED.surface_concept_count_before, primitive_count_after = EXCLUDED.primitive_count_after, new_primitive_count = EXCLUDED.new_primitive_count, derived_alias_count = EXCLUDED.derived_alias_count, physical_table_count = EXCLUDED.physical_table_count, novel_term = EXCLUDED.novel_term, prediction_status = EXCLUDED.prediction_status, notes = EXCLUDED.notes, active_atom_count = EXCLUDED.active_atom_count, active_operator_count = EXCLUDED.active_operator_count, physical_table_delta_from_loop610 = EXCLUDED.physical_table_delta_from_loop610, open_frontier_count = EXCLUDED.open_frontier_count, named_concept_count = EXCLUDED.named_concept_count, allows_local_expansion = EXCLUDED.allows_local_expansion, coherence_direction = EXCLUDED.coherence_direction;

INSERT INTO tsp_convergence_measurements (tsp_convergence_measurement_id, tsp_loop, measurement_kind, surface_concept_count_before, primitive_count_after, new_primitive_count, derived_alias_count, physical_table_count, novel_term, prediction_status, notes, active_atom_count, active_operator_count, physical_table_delta_from_loop610, open_frontier_count, named_concept_count, allows_local_expansion, coherence_direction)
VALUES ('convergence-loop-641', 'tsp-loop-641', 'COHERENCE_REFINEMENT', 32, 1, 0, 94, 45, 'Region Bound Sandwich', 'EARLY_SUPPORT', 'The valid reconstructed cost-thirty-six cycle equals the independently certified three-region lower bound thirty-six.', 1, 1, 0, 2, 96, TRUE, 'MORE_EXPLICIT_REUSE_SMALLER_ACTIVE_BASIS_NO_REQUIRED_PHYSICAL_SHRINKAGE') ON CONFLICT (tsp_convergence_measurement_id) DO UPDATE SET tsp_loop = EXCLUDED.tsp_loop, measurement_kind = EXCLUDED.measurement_kind, surface_concept_count_before = EXCLUDED.surface_concept_count_before, primitive_count_after = EXCLUDED.primitive_count_after, new_primitive_count = EXCLUDED.new_primitive_count, derived_alias_count = EXCLUDED.derived_alias_count, physical_table_count = EXCLUDED.physical_table_count, novel_term = EXCLUDED.novel_term, prediction_status = EXCLUDED.prediction_status, notes = EXCLUDED.notes, active_atom_count = EXCLUDED.active_atom_count, active_operator_count = EXCLUDED.active_operator_count, physical_table_delta_from_loop610 = EXCLUDED.physical_table_delta_from_loop610, open_frontier_count = EXCLUDED.open_frontier_count, named_concept_count = EXCLUDED.named_concept_count, allows_local_expansion = EXCLUDED.allows_local_expansion, coherence_direction = EXCLUDED.coherence_direction;

INSERT INTO tsp_convergence_measurements (tsp_convergence_measurement_id, tsp_loop, measurement_kind, surface_concept_count_before, primitive_count_after, new_primitive_count, derived_alias_count, physical_table_count, novel_term, prediction_status, notes, active_atom_count, active_operator_count, physical_table_delta_from_loop610, open_frontier_count, named_concept_count, allows_local_expansion, coherence_direction)
VALUES ('convergence-loop-642', 'tsp-loop-642', 'COHERENCE_REFINEMENT', 32, 1, 0, 95, 45, 'Optimal Face', 'EARLY_SUPPORT', 'A four-stop complete graph exposes three symmetry-reduced route classes with costs four, four, and six. No optimality or unique-route claim is emitted yet.', 1, 1, 0, 2, 97, TRUE, 'MORE_EXPLICIT_REUSE_SMALLER_ACTIVE_BASIS_NO_REQUIRED_PHYSICAL_SHRINKAGE') ON CONFLICT (tsp_convergence_measurement_id) DO UPDATE SET tsp_loop = EXCLUDED.tsp_loop, measurement_kind = EXCLUDED.measurement_kind, surface_concept_count_before = EXCLUDED.surface_concept_count_before, primitive_count_after = EXCLUDED.primitive_count_after, new_primitive_count = EXCLUDED.new_primitive_count, derived_alias_count = EXCLUDED.derived_alias_count, physical_table_count = EXCLUDED.physical_table_count, novel_term = EXCLUDED.novel_term, prediction_status = EXCLUDED.prediction_status, notes = EXCLUDED.notes, active_atom_count = EXCLUDED.active_atom_count, active_operator_count = EXCLUDED.active_operator_count, physical_table_delta_from_loop610 = EXCLUDED.physical_table_delta_from_loop610, open_frontier_count = EXCLUDED.open_frontier_count, named_concept_count = EXCLUDED.named_concept_count, allows_local_expansion = EXCLUDED.allows_local_expansion, coherence_direction = EXCLUDED.coherence_direction;

INSERT INTO tsp_convergence_measurements (tsp_convergence_measurement_id, tsp_loop, measurement_kind, surface_concept_count_before, primitive_count_after, new_primitive_count, derived_alias_count, physical_table_count, novel_term, prediction_status, notes, active_atom_count, active_operator_count, physical_table_delta_from_loop610, open_frontier_count, named_concept_count, allows_local_expansion, coherence_direction)
VALUES ('convergence-loop-643', 'tsp-loop-643', 'COHERENCE_REFINEMENT', 32, 1, 0, 96, 45, 'Value/Choice Split', 'EARLY_SUPPORT', 'Two valid cost-four witnesses independently equal the certified lower bound. Optimum value is closed while representative choice remains a two-class orbit.', 1, 1, 0, 2, 98, TRUE, 'MORE_EXPLICIT_REUSE_SMALLER_ACTIVE_BASIS_NO_REQUIRED_PHYSICAL_SHRINKAGE') ON CONFLICT (tsp_convergence_measurement_id) DO UPDATE SET tsp_loop = EXCLUDED.tsp_loop, measurement_kind = EXCLUDED.measurement_kind, surface_concept_count_before = EXCLUDED.surface_concept_count_before, primitive_count_after = EXCLUDED.primitive_count_after, new_primitive_count = EXCLUDED.new_primitive_count, derived_alias_count = EXCLUDED.derived_alias_count, physical_table_count = EXCLUDED.physical_table_count, novel_term = EXCLUDED.novel_term, prediction_status = EXCLUDED.prediction_status, notes = EXCLUDED.notes, active_atom_count = EXCLUDED.active_atom_count, active_operator_count = EXCLUDED.active_operator_count, physical_table_delta_from_loop610 = EXCLUDED.physical_table_delta_from_loop610, open_frontier_count = EXCLUDED.open_frontier_count, named_concept_count = EXCLUDED.named_concept_count, allows_local_expansion = EXCLUDED.allows_local_expansion, coherence_direction = EXCLUDED.coherence_direction;

INSERT INTO tsp_convergence_measurements (tsp_convergence_measurement_id, tsp_loop, measurement_kind, surface_concept_count_before, primitive_count_after, new_primitive_count, derived_alias_count, physical_table_count, novel_term, prediction_status, notes, active_atom_count, active_operator_count, physical_table_delta_from_loop610, open_frontier_count, named_concept_count, allows_local_expansion, coherence_direction)
VALUES ('convergence-loop-644', 'tsp-loop-644', 'COHERENCE_REFINEMENT', 32, 1, 0, 97, 45, 'Choice Orbit', 'EARLY_SUPPORT', 'Three symmetry-reduced route classes contract to a two-member optimal face; optimum value is certified and residual ambiguity is choice-only.', 1, 1, 0, 2, 99, TRUE, 'MORE_EXPLICIT_REUSE_SMALLER_ACTIVE_BASIS_NO_REQUIRED_PHYSICAL_SHRINKAGE') ON CONFLICT (tsp_convergence_measurement_id) DO UPDATE SET tsp_loop = EXCLUDED.tsp_loop, measurement_kind = EXCLUDED.measurement_kind, surface_concept_count_before = EXCLUDED.surface_concept_count_before, primitive_count_after = EXCLUDED.primitive_count_after, new_primitive_count = EXCLUDED.new_primitive_count, derived_alias_count = EXCLUDED.derived_alias_count, physical_table_count = EXCLUDED.physical_table_count, novel_term = EXCLUDED.novel_term, prediction_status = EXCLUDED.prediction_status, notes = EXCLUDED.notes, active_atom_count = EXCLUDED.active_atom_count, active_operator_count = EXCLUDED.active_operator_count, physical_table_delta_from_loop610 = EXCLUDED.physical_table_delta_from_loop610, open_frontier_count = EXCLUDED.open_frontier_count, named_concept_count = EXCLUDED.named_concept_count, allows_local_expansion = EXCLUDED.allows_local_expansion, coherence_direction = EXCLUDED.coherence_direction;

INSERT INTO tsp_convergence_measurements (tsp_convergence_measurement_id, tsp_loop, measurement_kind, surface_concept_count_before, primitive_count_after, new_primitive_count, derived_alias_count, physical_table_count, novel_term, prediction_status, notes, active_atom_count, active_operator_count, physical_table_delta_from_loop610, open_frontier_count, named_concept_count, allows_local_expansion, coherence_direction)
VALUES ('convergence-loop-645', 'tsp-loop-645', 'COHERENCE_REFINEMENT', 32, 1, 0, 98, 45, 'Branch Warrant', 'EARLY_SUPPORT', 'The system rejects a branch for value proof after value closure. Representative selection is conditional on an external tie-break policy and emits no mathematical decision.', 1, 1, 0, 2, 100, TRUE, 'MORE_EXPLICIT_REUSE_SMALLER_ACTIVE_BASIS_NO_REQUIRED_PHYSICAL_SHRINKAGE') ON CONFLICT (tsp_convergence_measurement_id) DO UPDATE SET tsp_loop = EXCLUDED.tsp_loop, measurement_kind = EXCLUDED.measurement_kind, surface_concept_count_before = EXCLUDED.surface_concept_count_before, primitive_count_after = EXCLUDED.primitive_count_after, new_primitive_count = EXCLUDED.new_primitive_count, derived_alias_count = EXCLUDED.derived_alias_count, physical_table_count = EXCLUDED.physical_table_count, novel_term = EXCLUDED.novel_term, prediction_status = EXCLUDED.prediction_status, notes = EXCLUDED.notes, active_atom_count = EXCLUDED.active_atom_count, active_operator_count = EXCLUDED.active_operator_count, physical_table_delta_from_loop610 = EXCLUDED.physical_table_delta_from_loop610, open_frontier_count = EXCLUDED.open_frontier_count, named_concept_count = EXCLUDED.named_concept_count, allows_local_expansion = EXCLUDED.allows_local_expansion, coherence_direction = EXCLUDED.coherence_direction;

INSERT INTO tsp_convergence_measurements (tsp_convergence_measurement_id, tsp_loop, measurement_kind, surface_concept_count_before, primitive_count_after, new_primitive_count, derived_alias_count, physical_table_count, novel_term, prediction_status, notes, active_atom_count, active_operator_count, physical_table_delta_from_loop610, open_frontier_count, named_concept_count, allows_local_expansion, coherence_direction)
VALUES ('convergence-loop-646', 'tsp-loop-646', 'COHERENCE_EVENT_II', 32, 1, 0, 99, 45, 'Coherence Event II', 'SUPPORTED_FOR_CURRENT_DOMAIN', 'One active arc and one active rewrite recover the current vocabulary; physical tables remain forty-five while explicit witness rows grow; three-region optimum is thirty-six; optimal-face value is four with choice orbit two and zero proof branches.', 1, 1, 0, 2, 101, TRUE, 'MORE_EXPLICIT_REUSE_SMALLER_ACTIVE_BASIS_NO_REQUIRED_PHYSICAL_SHRINKAGE') ON CONFLICT (tsp_convergence_measurement_id) DO UPDATE SET tsp_loop = EXCLUDED.tsp_loop, measurement_kind = EXCLUDED.measurement_kind, surface_concept_count_before = EXCLUDED.surface_concept_count_before, primitive_count_after = EXCLUDED.primitive_count_after, new_primitive_count = EXCLUDED.new_primitive_count, derived_alias_count = EXCLUDED.derived_alias_count, physical_table_count = EXCLUDED.physical_table_count, novel_term = EXCLUDED.novel_term, prediction_status = EXCLUDED.prediction_status, notes = EXCLUDED.notes, active_atom_count = EXCLUDED.active_atom_count, active_operator_count = EXCLUDED.active_operator_count, physical_table_delta_from_loop610 = EXCLUDED.physical_table_delta_from_loop610, open_frontier_count = EXCLUDED.open_frontier_count, named_concept_count = EXCLUDED.named_concept_count, allows_local_expansion = EXCLUDED.allows_local_expansion, coherence_direction = EXCLUDED.coherence_direction;

-- ----------------------------------------------------------------------------
-- TSPConceptRegistry: Registry of primitive, derived, coined, and historical concepts with explicit basis expressions.
-- ----------------------------------------------------------------------------
INSERT INTO tsp_concept_registry (tsp_concept_id, display_name, concept_kind, basis_expression, arity, source_tables, introduced_by_loop, superseded_by_concept, status, historical_concept_kind, semantic_category, reduced_basis_expression, operator_expression, reduction_generation, arc_subject_sort, arc_label_sort, arc_target_sort, arc_signature, recoverability_expression, is_recoverable_from_current_basis, rewrite_mode, rewrite_polarity)
VALUES ('concept-membership', 'Membership', 'HISTORICAL_PRIMITIVE', 'MEMBERSHIP', 2, 'canonical predicate basis', 'tsp-loop-598', 'concept-attachment', 'REDUCED_TO_ATTACHMENT', 'PRIMITIVE_V1', 'HISTORICAL', 'SEMANTIC_ARC', '', 2, 'COMPOSED_SUBJECT', 'COMPOSED', 'COMPOSED_TARGET', 'COMPOSITION_OF_TYPED_SEMANTIC_ARCS', 'PROJECT_concept-membership_FROM_SEMANTIC_ARC_AND_ACTIVE_OPERATORS', TRUE, NULL, NULL) ON CONFLICT (tsp_concept_id) DO UPDATE SET display_name = EXCLUDED.display_name, concept_kind = EXCLUDED.concept_kind, basis_expression = EXCLUDED.basis_expression, arity = EXCLUDED.arity, source_tables = EXCLUDED.source_tables, introduced_by_loop = EXCLUDED.introduced_by_loop, superseded_by_concept = EXCLUDED.superseded_by_concept, status = EXCLUDED.status, historical_concept_kind = EXCLUDED.historical_concept_kind, semantic_category = EXCLUDED.semantic_category, reduced_basis_expression = EXCLUDED.reduced_basis_expression, operator_expression = EXCLUDED.operator_expression, reduction_generation = EXCLUDED.reduction_generation, arc_subject_sort = EXCLUDED.arc_subject_sort, arc_label_sort = EXCLUDED.arc_label_sort, arc_target_sort = EXCLUDED.arc_target_sort, arc_signature = EXCLUDED.arc_signature, recoverability_expression = EXCLUDED.recoverability_expression, is_recoverable_from_current_basis = EXCLUDED.is_recoverable_from_current_basis, rewrite_mode = EXCLUDED.rewrite_mode, rewrite_polarity = EXCLUDED.rewrite_polarity;

INSERT INTO tsp_concept_registry (tsp_concept_id, display_name, concept_kind, basis_expression, arity, source_tables, introduced_by_loop, superseded_by_concept, status, historical_concept_kind, semantic_category, reduced_basis_expression, operator_expression, reduction_generation, arc_subject_sort, arc_label_sort, arc_target_sort, arc_signature, recoverability_expression, is_recoverable_from_current_basis, rewrite_mode, rewrite_polarity)
VALUES ('concept-incidence', 'Incidence', 'HISTORICAL_PRIMITIVE', 'INCIDENCE', 2, 'canonical predicate basis', 'tsp-loop-598', 'concept-attachment', 'REDUCED_TO_ATTACHMENT', 'PRIMITIVE_V1', 'HISTORICAL', 'SEMANTIC_ARC', '', 2, 'COMPOSED_SUBJECT', 'COMPOSED', 'COMPOSED_TARGET', 'COMPOSITION_OF_TYPED_SEMANTIC_ARCS', 'PROJECT_concept-incidence_FROM_SEMANTIC_ARC_AND_ACTIVE_OPERATORS', TRUE, NULL, NULL) ON CONFLICT (tsp_concept_id) DO UPDATE SET display_name = EXCLUDED.display_name, concept_kind = EXCLUDED.concept_kind, basis_expression = EXCLUDED.basis_expression, arity = EXCLUDED.arity, source_tables = EXCLUDED.source_tables, introduced_by_loop = EXCLUDED.introduced_by_loop, superseded_by_concept = EXCLUDED.superseded_by_concept, status = EXCLUDED.status, historical_concept_kind = EXCLUDED.historical_concept_kind, semantic_category = EXCLUDED.semantic_category, reduced_basis_expression = EXCLUDED.reduced_basis_expression, operator_expression = EXCLUDED.operator_expression, reduction_generation = EXCLUDED.reduction_generation, arc_subject_sort = EXCLUDED.arc_subject_sort, arc_label_sort = EXCLUDED.arc_label_sort, arc_target_sort = EXCLUDED.arc_target_sort, arc_signature = EXCLUDED.arc_signature, recoverability_expression = EXCLUDED.recoverability_expression, is_recoverable_from_current_basis = EXCLUDED.is_recoverable_from_current_basis, rewrite_mode = EXCLUDED.rewrite_mode, rewrite_polarity = EXCLUDED.rewrite_polarity;

INSERT INTO tsp_concept_registry (tsp_concept_id, display_name, concept_kind, basis_expression, arity, source_tables, introduced_by_loop, superseded_by_concept, status, historical_concept_kind, semantic_category, reduced_basis_expression, operator_expression, reduction_generation, arc_subject_sort, arc_label_sort, arc_target_sort, arc_signature, recoverability_expression, is_recoverable_from_current_basis, rewrite_mode, rewrite_polarity)
VALUES ('concept-cardinality', 'Cardinality', 'HISTORICAL_PRIMITIVE', 'CARDINALITY', 1, 'canonical predicate basis', 'tsp-loop-598', 'concept-valuation', 'REDUCED_TO_VALUATION', 'PRIMITIVE_V1', 'HISTORICAL', 'SEMANTIC_ARC', 'WARRANTED_REWRITE', 2, 'COMPOSED_SUBJECT', 'COMPOSED', 'COMPOSED_TARGET', 'COMPOSITION_OF_TYPED_SEMANTIC_ARCS', 'PROJECT_concept-cardinality_FROM_SEMANTIC_ARC_AND_ACTIVE_OPERATORS', TRUE, 'COMPOSED_DERIVATION', 'MIXED') ON CONFLICT (tsp_concept_id) DO UPDATE SET display_name = EXCLUDED.display_name, concept_kind = EXCLUDED.concept_kind, basis_expression = EXCLUDED.basis_expression, arity = EXCLUDED.arity, source_tables = EXCLUDED.source_tables, introduced_by_loop = EXCLUDED.introduced_by_loop, superseded_by_concept = EXCLUDED.superseded_by_concept, status = EXCLUDED.status, historical_concept_kind = EXCLUDED.historical_concept_kind, semantic_category = EXCLUDED.semantic_category, reduced_basis_expression = EXCLUDED.reduced_basis_expression, operator_expression = EXCLUDED.operator_expression, reduction_generation = EXCLUDED.reduction_generation, arc_subject_sort = EXCLUDED.arc_subject_sort, arc_label_sort = EXCLUDED.arc_label_sort, arc_target_sort = EXCLUDED.arc_target_sort, arc_signature = EXCLUDED.arc_signature, recoverability_expression = EXCLUDED.recoverability_expression, is_recoverable_from_current_basis = EXCLUDED.is_recoverable_from_current_basis, rewrite_mode = EXCLUDED.rewrite_mode, rewrite_polarity = EXCLUDED.rewrite_polarity;

INSERT INTO tsp_concept_registry (tsp_concept_id, display_name, concept_kind, basis_expression, arity, source_tables, introduced_by_loop, superseded_by_concept, status, historical_concept_kind, semantic_category, reduced_basis_expression, operator_expression, reduction_generation, arc_subject_sort, arc_label_sort, arc_target_sort, arc_signature, recoverability_expression, is_recoverable_from_current_basis, rewrite_mode, rewrite_polarity)
VALUES ('concept-order', 'Order', 'HISTORICAL_PRIMITIVE', 'ORDER', 2, 'canonical predicate basis', 'tsp-loop-598', 'concept-valuation', 'REDUCED_TO_VALUATION', 'PRIMITIVE_V1', 'HISTORICAL', 'SEMANTIC_ARC', 'WARRANTED_REWRITE_PENDING', 2, 'COMPOSED_SUBJECT', 'COMPOSED', 'COMPOSED_TARGET', 'COMPOSITION_OF_TYPED_SEMANTIC_ARCS', 'PROJECT_concept-order_FROM_SEMANTIC_ARC_AND_ACTIVE_OPERATORS', TRUE, NULL, NULL) ON CONFLICT (tsp_concept_id) DO UPDATE SET display_name = EXCLUDED.display_name, concept_kind = EXCLUDED.concept_kind, basis_expression = EXCLUDED.basis_expression, arity = EXCLUDED.arity, source_tables = EXCLUDED.source_tables, introduced_by_loop = EXCLUDED.introduced_by_loop, superseded_by_concept = EXCLUDED.superseded_by_concept, status = EXCLUDED.status, historical_concept_kind = EXCLUDED.historical_concept_kind, semantic_category = EXCLUDED.semantic_category, reduced_basis_expression = EXCLUDED.reduced_basis_expression, operator_expression = EXCLUDED.operator_expression, reduction_generation = EXCLUDED.reduction_generation, arc_subject_sort = EXCLUDED.arc_subject_sort, arc_label_sort = EXCLUDED.arc_label_sort, arc_target_sort = EXCLUDED.arc_target_sort, arc_signature = EXCLUDED.arc_signature, recoverability_expression = EXCLUDED.recoverability_expression, is_recoverable_from_current_basis = EXCLUDED.is_recoverable_from_current_basis, rewrite_mode = EXCLUDED.rewrite_mode, rewrite_polarity = EXCLUDED.rewrite_polarity;

INSERT INTO tsp_concept_registry (tsp_concept_id, display_name, concept_kind, basis_expression, arity, source_tables, introduced_by_loop, superseded_by_concept, status, historical_concept_kind, semantic_category, reduced_basis_expression, operator_expression, reduction_generation, arc_subject_sort, arc_label_sort, arc_target_sort, arc_signature, recoverability_expression, is_recoverable_from_current_basis, rewrite_mode, rewrite_polarity)
VALUES ('concept-weight', 'Weight', 'HISTORICAL_PRIMITIVE', 'WEIGHT', 1, 'canonical predicate basis', 'tsp-loop-598', 'concept-valuation', 'REDUCED_TO_VALUATION', 'PRIMITIVE_V1', 'HISTORICAL', 'SEMANTIC_ARC', 'WARRANTED_REWRITE', 2, 'COMPOSED_SUBJECT', 'COMPOSED', 'COMPOSED_TARGET', 'COMPOSITION_OF_TYPED_SEMANTIC_ARCS', 'PROJECT_concept-weight_FROM_SEMANTIC_ARC_AND_ACTIVE_OPERATORS', TRUE, 'COMPOSED_DERIVATION', 'MIXED') ON CONFLICT (tsp_concept_id) DO UPDATE SET display_name = EXCLUDED.display_name, concept_kind = EXCLUDED.concept_kind, basis_expression = EXCLUDED.basis_expression, arity = EXCLUDED.arity, source_tables = EXCLUDED.source_tables, introduced_by_loop = EXCLUDED.introduced_by_loop, superseded_by_concept = EXCLUDED.superseded_by_concept, status = EXCLUDED.status, historical_concept_kind = EXCLUDED.historical_concept_kind, semantic_category = EXCLUDED.semantic_category, reduced_basis_expression = EXCLUDED.reduced_basis_expression, operator_expression = EXCLUDED.operator_expression, reduction_generation = EXCLUDED.reduction_generation, arc_subject_sort = EXCLUDED.arc_subject_sort, arc_label_sort = EXCLUDED.arc_label_sort, arc_target_sort = EXCLUDED.arc_target_sort, arc_signature = EXCLUDED.arc_signature, recoverability_expression = EXCLUDED.recoverability_expression, is_recoverable_from_current_basis = EXCLUDED.is_recoverable_from_current_basis, rewrite_mode = EXCLUDED.rewrite_mode, rewrite_polarity = EXCLUDED.rewrite_polarity;

INSERT INTO tsp_concept_registry (tsp_concept_id, display_name, concept_kind, basis_expression, arity, source_tables, introduced_by_loop, superseded_by_concept, status, historical_concept_kind, semantic_category, reduced_basis_expression, operator_expression, reduction_generation, arc_subject_sort, arc_label_sort, arc_target_sort, arc_signature, recoverability_expression, is_recoverable_from_current_basis, rewrite_mode, rewrite_polarity)
VALUES ('concept-commitment', 'Commitment', 'HISTORICAL_PRIMITIVE', 'COMMITMENT', 2, 'canonical predicate basis', 'tsp-loop-598', 'concept-warrant', 'REDUCED_TO_WARRANT', 'PRIMITIVE_V1', 'HISTORICAL', 'SEMANTIC_ARC', '', 2, 'COMPOSED_SUBJECT', 'COMPOSED', 'COMPOSED_TARGET', 'COMPOSITION_OF_TYPED_SEMANTIC_ARCS', 'PROJECT_concept-commitment_FROM_SEMANTIC_ARC_AND_ACTIVE_OPERATORS', TRUE, NULL, NULL) ON CONFLICT (tsp_concept_id) DO UPDATE SET display_name = EXCLUDED.display_name, concept_kind = EXCLUDED.concept_kind, basis_expression = EXCLUDED.basis_expression, arity = EXCLUDED.arity, source_tables = EXCLUDED.source_tables, introduced_by_loop = EXCLUDED.introduced_by_loop, superseded_by_concept = EXCLUDED.superseded_by_concept, status = EXCLUDED.status, historical_concept_kind = EXCLUDED.historical_concept_kind, semantic_category = EXCLUDED.semantic_category, reduced_basis_expression = EXCLUDED.reduced_basis_expression, operator_expression = EXCLUDED.operator_expression, reduction_generation = EXCLUDED.reduction_generation, arc_subject_sort = EXCLUDED.arc_subject_sort, arc_label_sort = EXCLUDED.arc_label_sort, arc_target_sort = EXCLUDED.arc_target_sort, arc_signature = EXCLUDED.arc_signature, recoverability_expression = EXCLUDED.recoverability_expression, is_recoverable_from_current_basis = EXCLUDED.is_recoverable_from_current_basis, rewrite_mode = EXCLUDED.rewrite_mode, rewrite_polarity = EXCLUDED.rewrite_polarity;

INSERT INTO tsp_concept_registry (tsp_concept_id, display_name, concept_kind, basis_expression, arity, source_tables, introduced_by_loop, superseded_by_concept, status, historical_concept_kind, semantic_category, reduced_basis_expression, operator_expression, reduction_generation, arc_subject_sort, arc_label_sort, arc_target_sort, arc_signature, recoverability_expression, is_recoverable_from_current_basis, rewrite_mode, rewrite_polarity)
VALUES ('concept-connectivity', 'Connectivity', 'HISTORICAL_PRIMITIVE', 'CONNECTIVITY', 2, 'canonical predicate basis', 'tsp-loop-598', 'concept-closure', 'REDUCED_TO_CLOSURE', 'PRIMITIVE_V1', 'HISTORICAL', 'WARRANTED_REWRITE(SEMANTIC_ARC)', 'WARRANTED_REWRITE', 2, 'COMPOSED_SUBJECT', 'COMPOSED', 'COMPOSED_TARGET', 'COMPOSITION_OF_TYPED_SEMANTIC_ARCS', 'PROJECT_concept-connectivity_FROM_SEMANTIC_ARC_AND_ACTIVE_OPERATORS', TRUE, 'COMPOSED_DERIVATION', 'MIXED') ON CONFLICT (tsp_concept_id) DO UPDATE SET display_name = EXCLUDED.display_name, concept_kind = EXCLUDED.concept_kind, basis_expression = EXCLUDED.basis_expression, arity = EXCLUDED.arity, source_tables = EXCLUDED.source_tables, introduced_by_loop = EXCLUDED.introduced_by_loop, superseded_by_concept = EXCLUDED.superseded_by_concept, status = EXCLUDED.status, historical_concept_kind = EXCLUDED.historical_concept_kind, semantic_category = EXCLUDED.semantic_category, reduced_basis_expression = EXCLUDED.reduced_basis_expression, operator_expression = EXCLUDED.operator_expression, reduction_generation = EXCLUDED.reduction_generation, arc_subject_sort = EXCLUDED.arc_subject_sort, arc_label_sort = EXCLUDED.arc_label_sort, arc_target_sort = EXCLUDED.arc_target_sort, arc_signature = EXCLUDED.arc_signature, recoverability_expression = EXCLUDED.recoverability_expression, is_recoverable_from_current_basis = EXCLUDED.is_recoverable_from_current_basis, rewrite_mode = EXCLUDED.rewrite_mode, rewrite_polarity = EXCLUDED.rewrite_polarity;

INSERT INTO tsp_concept_registry (tsp_concept_id, display_name, concept_kind, basis_expression, arity, source_tables, introduced_by_loop, superseded_by_concept, status, historical_concept_kind, semantic_category, reduced_basis_expression, operator_expression, reduction_generation, arc_subject_sort, arc_label_sort, arc_target_sort, arc_signature, recoverability_expression, is_recoverable_from_current_basis, rewrite_mode, rewrite_polarity)
VALUES ('concept-provenance', 'Provenance', 'HISTORICAL_PRIMITIVE', 'PROVENANCE', 2, 'canonical predicate basis', 'tsp-loop-598', 'concept-warrant', 'REDUCED_TO_WARRANT', 'PRIMITIVE_V1', 'HISTORICAL', 'SEMANTIC_ARC', '', 2, 'COMPOSED_SUBJECT', 'COMPOSED', 'COMPOSED_TARGET', 'COMPOSITION_OF_TYPED_SEMANTIC_ARCS', 'PROJECT_concept-provenance_FROM_SEMANTIC_ARC_AND_ACTIVE_OPERATORS', TRUE, NULL, NULL) ON CONFLICT (tsp_concept_id) DO UPDATE SET display_name = EXCLUDED.display_name, concept_kind = EXCLUDED.concept_kind, basis_expression = EXCLUDED.basis_expression, arity = EXCLUDED.arity, source_tables = EXCLUDED.source_tables, introduced_by_loop = EXCLUDED.introduced_by_loop, superseded_by_concept = EXCLUDED.superseded_by_concept, status = EXCLUDED.status, historical_concept_kind = EXCLUDED.historical_concept_kind, semantic_category = EXCLUDED.semantic_category, reduced_basis_expression = EXCLUDED.reduced_basis_expression, operator_expression = EXCLUDED.operator_expression, reduction_generation = EXCLUDED.reduction_generation, arc_subject_sort = EXCLUDED.arc_subject_sort, arc_label_sort = EXCLUDED.arc_label_sort, arc_target_sort = EXCLUDED.arc_target_sort, arc_signature = EXCLUDED.arc_signature, recoverability_expression = EXCLUDED.recoverability_expression, is_recoverable_from_current_basis = EXCLUDED.is_recoverable_from_current_basis, rewrite_mode = EXCLUDED.rewrite_mode, rewrite_polarity = EXCLUDED.rewrite_polarity;

INSERT INTO tsp_concept_registry (tsp_concept_id, display_name, concept_kind, basis_expression, arity, source_tables, introduced_by_loop, superseded_by_concept, status, historical_concept_kind, semantic_category, reduced_basis_expression, operator_expression, reduction_generation, arc_subject_sort, arc_label_sort, arc_target_sort, arc_signature, recoverability_expression, is_recoverable_from_current_basis, rewrite_mode, rewrite_polarity)
VALUES ('surface-city-membership', 'City membership', 'DERIVED_ALIAS', 'MEMBERSHIP(Neighborhood,City)', 2, 'Neighborhoods', 'tsp-loop-598', 'coined-component-quotient', 'HISTORICAL_PROJECTION', 'DERIVED_ALIAS', 'DERIVED', 'SEMANTIC_ARC(Neighborhood,City)', '', 1, 'COMPOSED_SUBJECT', 'COMPOSED', 'COMPOSED_TARGET', 'COMPOSITION_OF_TYPED_SEMANTIC_ARCS', 'PROJECT_surface-city-membership_FROM_SEMANTIC_ARC_AND_ACTIVE_OPERATORS', TRUE, NULL, NULL) ON CONFLICT (tsp_concept_id) DO UPDATE SET display_name = EXCLUDED.display_name, concept_kind = EXCLUDED.concept_kind, basis_expression = EXCLUDED.basis_expression, arity = EXCLUDED.arity, source_tables = EXCLUDED.source_tables, introduced_by_loop = EXCLUDED.introduced_by_loop, superseded_by_concept = EXCLUDED.superseded_by_concept, status = EXCLUDED.status, historical_concept_kind = EXCLUDED.historical_concept_kind, semantic_category = EXCLUDED.semantic_category, reduced_basis_expression = EXCLUDED.reduced_basis_expression, operator_expression = EXCLUDED.operator_expression, reduction_generation = EXCLUDED.reduction_generation, arc_subject_sort = EXCLUDED.arc_subject_sort, arc_label_sort = EXCLUDED.arc_label_sort, arc_target_sort = EXCLUDED.arc_target_sort, arc_signature = EXCLUDED.arc_signature, recoverability_expression = EXCLUDED.recoverability_expression, is_recoverable_from_current_basis = EXCLUDED.is_recoverable_from_current_basis, rewrite_mode = EXCLUDED.rewrite_mode, rewrite_polarity = EXCLUDED.rewrite_polarity;

INSERT INTO tsp_concept_registry (tsp_concept_id, display_name, concept_kind, basis_expression, arity, source_tables, introduced_by_loop, superseded_by_concept, status, historical_concept_kind, semantic_category, reduced_basis_expression, operator_expression, reduction_generation, arc_subject_sort, arc_label_sort, arc_target_sort, arc_signature, recoverability_expression, is_recoverable_from_current_basis, rewrite_mode, rewrite_polarity)
VALUES ('surface-neighborhood-membership', 'Neighborhood membership', 'DERIVED_ALIAS', 'MEMBERSHIP(Address,Neighborhood)', 2, 'Addresses', 'tsp-loop-598', 'coined-component-quotient', 'HISTORICAL_PROJECTION', 'DERIVED_ALIAS', 'DERIVED', 'SEMANTIC_ARC(Address,Neighborhood)', '', 1, 'COMPOSED_SUBJECT', 'COMPOSED', 'COMPOSED_TARGET', 'COMPOSITION_OF_TYPED_SEMANTIC_ARCS', 'PROJECT_surface-neighborhood-membership_FROM_SEMANTIC_ARC_AND_ACTIVE_OPERATORS', TRUE, NULL, NULL) ON CONFLICT (tsp_concept_id) DO UPDATE SET display_name = EXCLUDED.display_name, concept_kind = EXCLUDED.concept_kind, basis_expression = EXCLUDED.basis_expression, arity = EXCLUDED.arity, source_tables = EXCLUDED.source_tables, introduced_by_loop = EXCLUDED.introduced_by_loop, superseded_by_concept = EXCLUDED.superseded_by_concept, status = EXCLUDED.status, historical_concept_kind = EXCLUDED.historical_concept_kind, semantic_category = EXCLUDED.semantic_category, reduced_basis_expression = EXCLUDED.reduced_basis_expression, operator_expression = EXCLUDED.operator_expression, reduction_generation = EXCLUDED.reduction_generation, arc_subject_sort = EXCLUDED.arc_subject_sort, arc_label_sort = EXCLUDED.arc_label_sort, arc_target_sort = EXCLUDED.arc_target_sort, arc_signature = EXCLUDED.arc_signature, recoverability_expression = EXCLUDED.recoverability_expression, is_recoverable_from_current_basis = EXCLUDED.is_recoverable_from_current_basis, rewrite_mode = EXCLUDED.rewrite_mode, rewrite_polarity = EXCLUDED.rewrite_polarity;

INSERT INTO tsp_concept_registry (tsp_concept_id, display_name, concept_kind, basis_expression, arity, source_tables, introduced_by_loop, superseded_by_concept, status, historical_concept_kind, semantic_category, reduced_basis_expression, operator_expression, reduction_generation, arc_subject_sort, arc_label_sort, arc_target_sort, arc_signature, recoverability_expression, is_recoverable_from_current_basis, rewrite_mode, rewrite_polarity)
VALUES ('surface-instance-membership', 'Instance membership', 'DERIVED_ALIAS', 'MEMBERSHIP(Stop,Instance)', 2, 'InstanceStops', 'tsp-loop-598', NULL, 'HISTORICAL_PROJECTION', 'DERIVED_ALIAS', 'DERIVED', 'SEMANTIC_ARC(Stop,Instance)', '', 1, 'COMPOSED_SUBJECT', 'COMPOSED', 'COMPOSED_TARGET', 'COMPOSITION_OF_TYPED_SEMANTIC_ARCS', 'PROJECT_surface-instance-membership_FROM_SEMANTIC_ARC_AND_ACTIVE_OPERATORS', TRUE, NULL, NULL) ON CONFLICT (tsp_concept_id) DO UPDATE SET display_name = EXCLUDED.display_name, concept_kind = EXCLUDED.concept_kind, basis_expression = EXCLUDED.basis_expression, arity = EXCLUDED.arity, source_tables = EXCLUDED.source_tables, introduced_by_loop = EXCLUDED.introduced_by_loop, superseded_by_concept = EXCLUDED.superseded_by_concept, status = EXCLUDED.status, historical_concept_kind = EXCLUDED.historical_concept_kind, semantic_category = EXCLUDED.semantic_category, reduced_basis_expression = EXCLUDED.reduced_basis_expression, operator_expression = EXCLUDED.operator_expression, reduction_generation = EXCLUDED.reduction_generation, arc_subject_sort = EXCLUDED.arc_subject_sort, arc_label_sort = EXCLUDED.arc_label_sort, arc_target_sort = EXCLUDED.arc_target_sort, arc_signature = EXCLUDED.arc_signature, recoverability_expression = EXCLUDED.recoverability_expression, is_recoverable_from_current_basis = EXCLUDED.is_recoverable_from_current_basis, rewrite_mode = EXCLUDED.rewrite_mode, rewrite_polarity = EXCLUDED.rewrite_polarity;

INSERT INTO tsp_concept_registry (tsp_concept_id, display_name, concept_kind, basis_expression, arity, source_tables, introduced_by_loop, superseded_by_concept, status, historical_concept_kind, semantic_category, reduced_basis_expression, operator_expression, reduction_generation, arc_subject_sort, arc_label_sort, arc_target_sort, arc_signature, recoverability_expression, is_recoverable_from_current_basis, rewrite_mode, rewrite_polarity)
VALUES ('surface-required-stop-membership', 'Required-stop membership', 'DERIVED_ALIAS', 'MEMBERSHIP(Stop,RequiredSet)', 2, 'InstanceStops', 'tsp-loop-598', NULL, 'HISTORICAL_PROJECTION', 'DERIVED_ALIAS', 'DERIVED', 'SEMANTIC_ARC(Stop,RequiredSet)', '', 1, 'COMPOSED_SUBJECT', 'COMPOSED', 'COMPOSED_TARGET', 'COMPOSITION_OF_TYPED_SEMANTIC_ARCS', 'PROJECT_surface-required-stop-membership_FROM_SEMANTIC_ARC_AND_ACTIVE_OPERATORS', TRUE, NULL, NULL) ON CONFLICT (tsp_concept_id) DO UPDATE SET display_name = EXCLUDED.display_name, concept_kind = EXCLUDED.concept_kind, basis_expression = EXCLUDED.basis_expression, arity = EXCLUDED.arity, source_tables = EXCLUDED.source_tables, introduced_by_loop = EXCLUDED.introduced_by_loop, superseded_by_concept = EXCLUDED.superseded_by_concept, status = EXCLUDED.status, historical_concept_kind = EXCLUDED.historical_concept_kind, semantic_category = EXCLUDED.semantic_category, reduced_basis_expression = EXCLUDED.reduced_basis_expression, operator_expression = EXCLUDED.operator_expression, reduction_generation = EXCLUDED.reduction_generation, arc_subject_sort = EXCLUDED.arc_subject_sort, arc_label_sort = EXCLUDED.arc_label_sort, arc_target_sort = EXCLUDED.arc_target_sort, arc_signature = EXCLUDED.arc_signature, recoverability_expression = EXCLUDED.recoverability_expression, is_recoverable_from_current_basis = EXCLUDED.is_recoverable_from_current_basis, rewrite_mode = EXCLUDED.rewrite_mode, rewrite_polarity = EXCLUDED.rewrite_polarity;

INSERT INTO tsp_concept_registry (tsp_concept_id, display_name, concept_kind, basis_expression, arity, source_tables, introduced_by_loop, superseded_by_concept, status, historical_concept_kind, semantic_category, reduced_basis_expression, operator_expression, reduction_generation, arc_subject_sort, arc_label_sort, arc_target_sort, arc_signature, recoverability_expression, is_recoverable_from_current_basis, rewrite_mode, rewrite_polarity)
VALUES ('surface-edge-endpoint', 'Edge endpoint', 'DERIVED_ALIAS', 'INCIDENCE(Edge,Stop)', 2, 'TravelEdges', 'tsp-loop-598', NULL, 'HISTORICAL_PROJECTION', 'DERIVED_ALIAS', 'DERIVED', 'SEMANTIC_ARC(Edge,Stop)', '', 1, 'COMPOSED_SUBJECT', 'COMPOSED', 'COMPOSED_TARGET', 'COMPOSITION_OF_TYPED_SEMANTIC_ARCS', 'PROJECT_surface-edge-endpoint_FROM_SEMANTIC_ARC_AND_ACTIVE_OPERATORS', TRUE, NULL, NULL) ON CONFLICT (tsp_concept_id) DO UPDATE SET display_name = EXCLUDED.display_name, concept_kind = EXCLUDED.concept_kind, basis_expression = EXCLUDED.basis_expression, arity = EXCLUDED.arity, source_tables = EXCLUDED.source_tables, introduced_by_loop = EXCLUDED.introduced_by_loop, superseded_by_concept = EXCLUDED.superseded_by_concept, status = EXCLUDED.status, historical_concept_kind = EXCLUDED.historical_concept_kind, semantic_category = EXCLUDED.semantic_category, reduced_basis_expression = EXCLUDED.reduced_basis_expression, operator_expression = EXCLUDED.operator_expression, reduction_generation = EXCLUDED.reduction_generation, arc_subject_sort = EXCLUDED.arc_subject_sort, arc_label_sort = EXCLUDED.arc_label_sort, arc_target_sort = EXCLUDED.arc_target_sort, arc_signature = EXCLUDED.arc_signature, recoverability_expression = EXCLUDED.recoverability_expression, is_recoverable_from_current_basis = EXCLUDED.is_recoverable_from_current_basis, rewrite_mode = EXCLUDED.rewrite_mode, rewrite_polarity = EXCLUDED.rewrite_polarity;

INSERT INTO tsp_concept_registry (tsp_concept_id, display_name, concept_kind, basis_expression, arity, source_tables, introduced_by_loop, superseded_by_concept, status, historical_concept_kind, semantic_category, reduced_basis_expression, operator_expression, reduction_generation, arc_subject_sort, arc_label_sort, arc_target_sort, arc_signature, recoverability_expression, is_recoverable_from_current_basis, rewrite_mode, rewrite_polarity)
VALUES ('surface-tour-leg-endpoint', 'Tour-leg endpoint', 'DERIVED_ALIAS', 'INCIDENCE(Leg,Visit)+ORDER(Visit)', 2, 'TourLegs', 'tsp-loop-598', NULL, 'HISTORICAL_PROJECTION', 'DERIVED_ALIAS', 'DERIVED', 'SEMANTIC_ARC(Leg,Visit)+SEMANTIC_ARC(Visit)', 'WARRANTED_REWRITE_PENDING', 1, 'COMPOSED_SUBJECT', 'COMPOSED', 'COMPOSED_TARGET', 'COMPOSITION_OF_TYPED_SEMANTIC_ARCS', 'PROJECT_surface-tour-leg-endpoint_FROM_SEMANTIC_ARC_AND_ACTIVE_OPERATORS', TRUE, NULL, NULL) ON CONFLICT (tsp_concept_id) DO UPDATE SET display_name = EXCLUDED.display_name, concept_kind = EXCLUDED.concept_kind, basis_expression = EXCLUDED.basis_expression, arity = EXCLUDED.arity, source_tables = EXCLUDED.source_tables, introduced_by_loop = EXCLUDED.introduced_by_loop, superseded_by_concept = EXCLUDED.superseded_by_concept, status = EXCLUDED.status, historical_concept_kind = EXCLUDED.historical_concept_kind, semantic_category = EXCLUDED.semantic_category, reduced_basis_expression = EXCLUDED.reduced_basis_expression, operator_expression = EXCLUDED.operator_expression, reduction_generation = EXCLUDED.reduction_generation, arc_subject_sort = EXCLUDED.arc_subject_sort, arc_label_sort = EXCLUDED.arc_label_sort, arc_target_sort = EXCLUDED.arc_target_sort, arc_signature = EXCLUDED.arc_signature, recoverability_expression = EXCLUDED.recoverability_expression, is_recoverable_from_current_basis = EXCLUDED.is_recoverable_from_current_basis, rewrite_mode = EXCLUDED.rewrite_mode, rewrite_polarity = EXCLUDED.rewrite_polarity;

INSERT INTO tsp_concept_registry (tsp_concept_id, display_name, concept_kind, basis_expression, arity, source_tables, introduced_by_loop, superseded_by_concept, status, historical_concept_kind, semantic_category, reduced_basis_expression, operator_expression, reduction_generation, arc_subject_sort, arc_label_sort, arc_target_sort, arc_signature, recoverability_expression, is_recoverable_from_current_basis, rewrite_mode, rewrite_polarity)
VALUES ('surface-cluster-boundary-endpoint', 'Cluster boundary endpoint', 'DERIVED_ALIAS', 'INCIDENCE(Path,Boundary)+MEMBERSHIP(Boundary,Cluster)', 2, 'TSPClusterBoundaryStates', 'tsp-loop-598', 'coined-boundary-signature', 'HISTORICAL_PROJECTION', 'DERIVED_ALIAS', 'DERIVED', 'SEMANTIC_ARC(Path,Boundary)+SEMANTIC_ARC(Boundary,Cluster)', '', 1, 'COMPOSED_SUBJECT', 'COMPOSED', 'COMPOSED_TARGET', 'COMPOSITION_OF_TYPED_SEMANTIC_ARCS', 'PROJECT_surface-cluster-boundary-endpoint_FROM_SEMANTIC_ARC_AND_ACTIVE_OPERATORS', TRUE, NULL, NULL) ON CONFLICT (tsp_concept_id) DO UPDATE SET display_name = EXCLUDED.display_name, concept_kind = EXCLUDED.concept_kind, basis_expression = EXCLUDED.basis_expression, arity = EXCLUDED.arity, source_tables = EXCLUDED.source_tables, introduced_by_loop = EXCLUDED.introduced_by_loop, superseded_by_concept = EXCLUDED.superseded_by_concept, status = EXCLUDED.status, historical_concept_kind = EXCLUDED.historical_concept_kind, semantic_category = EXCLUDED.semantic_category, reduced_basis_expression = EXCLUDED.reduced_basis_expression, operator_expression = EXCLUDED.operator_expression, reduction_generation = EXCLUDED.reduction_generation, arc_subject_sort = EXCLUDED.arc_subject_sort, arc_label_sort = EXCLUDED.arc_label_sort, arc_target_sort = EXCLUDED.arc_target_sort, arc_signature = EXCLUDED.arc_signature, recoverability_expression = EXCLUDED.recoverability_expression, is_recoverable_from_current_basis = EXCLUDED.is_recoverable_from_current_basis, rewrite_mode = EXCLUDED.rewrite_mode, rewrite_polarity = EXCLUDED.rewrite_polarity;

INSERT INTO tsp_concept_registry (tsp_concept_id, display_name, concept_kind, basis_expression, arity, source_tables, introduced_by_loop, superseded_by_concept, status, historical_concept_kind, semantic_category, reduced_basis_expression, operator_expression, reduction_generation, arc_subject_sort, arc_label_sort, arc_target_sort, arc_signature, recoverability_expression, is_recoverable_from_current_basis, rewrite_mode, rewrite_polarity)
VALUES ('surface-visit-multiplicity', 'Visit multiplicity', 'DERIVED_ALIAS', 'CARDINALITY(MEMBERSHIP(Visit,Stop))', 2, 'TourStops', 'tsp-loop-598', NULL, 'HISTORICAL_PROJECTION', 'DERIVED_ALIAS', 'DERIVED', 'SEMANTIC_ARC(SEMANTIC_ARC(Visit,Stop))', 'WARRANTED_REWRITE', 1, 'COMPOSED_SUBJECT', 'COMPOSED', 'COMPOSED_TARGET', 'COMPOSITION_OF_TYPED_SEMANTIC_ARCS', 'PROJECT_surface-visit-multiplicity_FROM_SEMANTIC_ARC_AND_ACTIVE_OPERATORS', TRUE, 'COMPOSED_DERIVATION', 'MIXED') ON CONFLICT (tsp_concept_id) DO UPDATE SET display_name = EXCLUDED.display_name, concept_kind = EXCLUDED.concept_kind, basis_expression = EXCLUDED.basis_expression, arity = EXCLUDED.arity, source_tables = EXCLUDED.source_tables, introduced_by_loop = EXCLUDED.introduced_by_loop, superseded_by_concept = EXCLUDED.superseded_by_concept, status = EXCLUDED.status, historical_concept_kind = EXCLUDED.historical_concept_kind, semantic_category = EXCLUDED.semantic_category, reduced_basis_expression = EXCLUDED.reduced_basis_expression, operator_expression = EXCLUDED.operator_expression, reduction_generation = EXCLUDED.reduction_generation, arc_subject_sort = EXCLUDED.arc_subject_sort, arc_label_sort = EXCLUDED.arc_label_sort, arc_target_sort = EXCLUDED.arc_target_sort, arc_signature = EXCLUDED.arc_signature, recoverability_expression = EXCLUDED.recoverability_expression, is_recoverable_from_current_basis = EXCLUDED.is_recoverable_from_current_basis, rewrite_mode = EXCLUDED.rewrite_mode, rewrite_polarity = EXCLUDED.rewrite_polarity;

INSERT INTO tsp_concept_registry (tsp_concept_id, display_name, concept_kind, basis_expression, arity, source_tables, introduced_by_loop, superseded_by_concept, status, historical_concept_kind, semantic_category, reduced_basis_expression, operator_expression, reduction_generation, arc_subject_sort, arc_label_sort, arc_target_sort, arc_signature, recoverability_expression, is_recoverable_from_current_basis, rewrite_mode, rewrite_polarity)
VALUES ('surface-sequence-multiplicity', 'Sequence multiplicity', 'DERIVED_ALIAS', 'CARDINALITY(ORDER(Visit))', 2, 'TourStops', 'tsp-loop-598', NULL, 'HISTORICAL_PROJECTION', 'DERIVED_ALIAS', 'DERIVED', 'SEMANTIC_ARC(SEMANTIC_ARC(Visit))', 'WARRANTED_REWRITE', 1, 'COMPOSED_SUBJECT', 'COMPOSED', 'COMPOSED_TARGET', 'COMPOSITION_OF_TYPED_SEMANTIC_ARCS', 'PROJECT_surface-sequence-multiplicity_FROM_SEMANTIC_ARC_AND_ACTIVE_OPERATORS', TRUE, 'COMPOSED_DERIVATION', 'MIXED') ON CONFLICT (tsp_concept_id) DO UPDATE SET display_name = EXCLUDED.display_name, concept_kind = EXCLUDED.concept_kind, basis_expression = EXCLUDED.basis_expression, arity = EXCLUDED.arity, source_tables = EXCLUDED.source_tables, introduced_by_loop = EXCLUDED.introduced_by_loop, superseded_by_concept = EXCLUDED.superseded_by_concept, status = EXCLUDED.status, historical_concept_kind = EXCLUDED.historical_concept_kind, semantic_category = EXCLUDED.semantic_category, reduced_basis_expression = EXCLUDED.reduced_basis_expression, operator_expression = EXCLUDED.operator_expression, reduction_generation = EXCLUDED.reduction_generation, arc_subject_sort = EXCLUDED.arc_subject_sort, arc_label_sort = EXCLUDED.arc_label_sort, arc_target_sort = EXCLUDED.arc_target_sort, arc_signature = EXCLUDED.arc_signature, recoverability_expression = EXCLUDED.recoverability_expression, is_recoverable_from_current_basis = EXCLUDED.is_recoverable_from_current_basis, rewrite_mode = EXCLUDED.rewrite_mode, rewrite_polarity = EXCLUDED.rewrite_polarity;

INSERT INTO tsp_concept_registry (tsp_concept_id, display_name, concept_kind, basis_expression, arity, source_tables, introduced_by_loop, superseded_by_concept, status, historical_concept_kind, semantic_category, reduced_basis_expression, operator_expression, reduction_generation, arc_subject_sort, arc_label_sort, arc_target_sort, arc_signature, recoverability_expression, is_recoverable_from_current_basis, rewrite_mode, rewrite_polarity)
VALUES ('surface-pair-multiplicity', 'Pair multiplicity', 'DERIVED_ALIAS', 'CARDINALITY(INCIDENCE(Edge,EndpointPair))', 2, 'TravelEdges', 'tsp-loop-598', NULL, 'HISTORICAL_PROJECTION', 'DERIVED_ALIAS', 'DERIVED', 'SEMANTIC_ARC(SEMANTIC_ARC(Edge,EndpointPair))', 'WARRANTED_REWRITE', 1, 'COMPOSED_SUBJECT', 'COMPOSED', 'COMPOSED_TARGET', 'COMPOSITION_OF_TYPED_SEMANTIC_ARCS', 'PROJECT_surface-pair-multiplicity_FROM_SEMANTIC_ARC_AND_ACTIVE_OPERATORS', TRUE, 'COMPOSED_DERIVATION', 'MIXED') ON CONFLICT (tsp_concept_id) DO UPDATE SET display_name = EXCLUDED.display_name, concept_kind = EXCLUDED.concept_kind, basis_expression = EXCLUDED.basis_expression, arity = EXCLUDED.arity, source_tables = EXCLUDED.source_tables, introduced_by_loop = EXCLUDED.introduced_by_loop, superseded_by_concept = EXCLUDED.superseded_by_concept, status = EXCLUDED.status, historical_concept_kind = EXCLUDED.historical_concept_kind, semantic_category = EXCLUDED.semantic_category, reduced_basis_expression = EXCLUDED.reduced_basis_expression, operator_expression = EXCLUDED.operator_expression, reduction_generation = EXCLUDED.reduction_generation, arc_subject_sort = EXCLUDED.arc_subject_sort, arc_label_sort = EXCLUDED.arc_label_sort, arc_target_sort = EXCLUDED.arc_target_sort, arc_signature = EXCLUDED.arc_signature, recoverability_expression = EXCLUDED.recoverability_expression, is_recoverable_from_current_basis = EXCLUDED.is_recoverable_from_current_basis, rewrite_mode = EXCLUDED.rewrite_mode, rewrite_polarity = EXCLUDED.rewrite_polarity;

INSERT INTO tsp_concept_registry (tsp_concept_id, display_name, concept_kind, basis_expression, arity, source_tables, introduced_by_loop, superseded_by_concept, status, historical_concept_kind, semantic_category, reduced_basis_expression, operator_expression, reduction_generation, arc_subject_sort, arc_label_sort, arc_target_sort, arc_signature, recoverability_expression, is_recoverable_from_current_basis, rewrite_mode, rewrite_polarity)
VALUES ('surface-cycle-degree', 'Cycle degree', 'DERIVED_ALIAS', 'CARDINALITY(INCIDENCE(Edge,Stop))', 2, 'TourStops', 'tsp-loop-598', 'coined-incidence-budget', 'HISTORICAL_PROJECTION', 'DERIVED_ALIAS', 'DERIVED', 'SEMANTIC_ARC(SEMANTIC_ARC(Edge,Stop))', 'WARRANTED_REWRITE', 1, 'COMPOSED_SUBJECT', 'COMPOSED', 'COMPOSED_TARGET', 'COMPOSITION_OF_TYPED_SEMANTIC_ARCS', 'PROJECT_surface-cycle-degree_FROM_SEMANTIC_ARC_AND_ACTIVE_OPERATORS', TRUE, 'COMPOSED_DERIVATION', 'MIXED') ON CONFLICT (tsp_concept_id) DO UPDATE SET display_name = EXCLUDED.display_name, concept_kind = EXCLUDED.concept_kind, basis_expression = EXCLUDED.basis_expression, arity = EXCLUDED.arity, source_tables = EXCLUDED.source_tables, introduced_by_loop = EXCLUDED.introduced_by_loop, superseded_by_concept = EXCLUDED.superseded_by_concept, status = EXCLUDED.status, historical_concept_kind = EXCLUDED.historical_concept_kind, semantic_category = EXCLUDED.semantic_category, reduced_basis_expression = EXCLUDED.reduced_basis_expression, operator_expression = EXCLUDED.operator_expression, reduction_generation = EXCLUDED.reduction_generation, arc_subject_sort = EXCLUDED.arc_subject_sort, arc_label_sort = EXCLUDED.arc_label_sort, arc_target_sort = EXCLUDED.arc_target_sort, arc_signature = EXCLUDED.arc_signature, recoverability_expression = EXCLUDED.recoverability_expression, is_recoverable_from_current_basis = EXCLUDED.is_recoverable_from_current_basis, rewrite_mode = EXCLUDED.rewrite_mode, rewrite_polarity = EXCLUDED.rewrite_polarity;

INSERT INTO tsp_concept_registry (tsp_concept_id, display_name, concept_kind, basis_expression, arity, source_tables, introduced_by_loop, superseded_by_concept, status, historical_concept_kind, semantic_category, reduced_basis_expression, operator_expression, reduction_generation, arc_subject_sort, arc_label_sort, arc_target_sort, arc_signature, recoverability_expression, is_recoverable_from_current_basis, rewrite_mode, rewrite_polarity)
VALUES ('surface-remaining-incident-count', 'Remaining incident count', 'DERIVED_ALIAS', 'CARDINALITY(INCIDENCE(AvailableEdge,Stop)+COMMITMENT)', 2, 'TSPConstraintRounds', 'tsp-loop-598', 'coined-incidence-budget', 'HISTORICAL_PROJECTION', 'DERIVED_ALIAS', 'DERIVED', 'SEMANTIC_ARC(SEMANTIC_ARC(AvailableEdge,Stop)+SEMANTIC_ARC)', 'WARRANTED_REWRITE', 1, 'COMPOSED_SUBJECT', 'COMPOSED', 'COMPOSED_TARGET', 'COMPOSITION_OF_TYPED_SEMANTIC_ARCS', 'PROJECT_surface-remaining-incident-count_FROM_SEMANTIC_ARC_AND_ACTIVE_OPERATORS', TRUE, 'COMPOSED_DERIVATION', 'MIXED') ON CONFLICT (tsp_concept_id) DO UPDATE SET display_name = EXCLUDED.display_name, concept_kind = EXCLUDED.concept_kind, basis_expression = EXCLUDED.basis_expression, arity = EXCLUDED.arity, source_tables = EXCLUDED.source_tables, introduced_by_loop = EXCLUDED.introduced_by_loop, superseded_by_concept = EXCLUDED.superseded_by_concept, status = EXCLUDED.status, historical_concept_kind = EXCLUDED.historical_concept_kind, semantic_category = EXCLUDED.semantic_category, reduced_basis_expression = EXCLUDED.reduced_basis_expression, operator_expression = EXCLUDED.operator_expression, reduction_generation = EXCLUDED.reduction_generation, arc_subject_sort = EXCLUDED.arc_subject_sort, arc_label_sort = EXCLUDED.arc_label_sort, arc_target_sort = EXCLUDED.arc_target_sort, arc_signature = EXCLUDED.arc_signature, recoverability_expression = EXCLUDED.recoverability_expression, is_recoverable_from_current_basis = EXCLUDED.is_recoverable_from_current_basis, rewrite_mode = EXCLUDED.rewrite_mode, rewrite_polarity = EXCLUDED.rewrite_polarity;

INSERT INTO tsp_concept_registry (tsp_concept_id, display_name, concept_kind, basis_expression, arity, source_tables, introduced_by_loop, superseded_by_concept, status, historical_concept_kind, semantic_category, reduced_basis_expression, operator_expression, reduction_generation, arc_subject_sort, arc_label_sort, arc_target_sort, arc_signature, recoverability_expression, is_recoverable_from_current_basis, rewrite_mode, rewrite_polarity)
VALUES ('surface-canonical-order', 'Canonical endpoint order', 'DERIVED_ALIAS', 'ORDER(EndpointPair)', 2, 'TravelEdges', 'tsp-loop-598', NULL, 'HISTORICAL_PROJECTION', 'DERIVED_ALIAS', 'DERIVED', 'SEMANTIC_ARC(EndpointPair)', 'WARRANTED_REWRITE_PENDING', 1, 'COMPOSED_SUBJECT', 'COMPOSED', 'COMPOSED_TARGET', 'COMPOSITION_OF_TYPED_SEMANTIC_ARCS', 'PROJECT_surface-canonical-order_FROM_SEMANTIC_ARC_AND_ACTIVE_OPERATORS', TRUE, NULL, NULL) ON CONFLICT (tsp_concept_id) DO UPDATE SET display_name = EXCLUDED.display_name, concept_kind = EXCLUDED.concept_kind, basis_expression = EXCLUDED.basis_expression, arity = EXCLUDED.arity, source_tables = EXCLUDED.source_tables, introduced_by_loop = EXCLUDED.introduced_by_loop, superseded_by_concept = EXCLUDED.superseded_by_concept, status = EXCLUDED.status, historical_concept_kind = EXCLUDED.historical_concept_kind, semantic_category = EXCLUDED.semantic_category, reduced_basis_expression = EXCLUDED.reduced_basis_expression, operator_expression = EXCLUDED.operator_expression, reduction_generation = EXCLUDED.reduction_generation, arc_subject_sort = EXCLUDED.arc_subject_sort, arc_label_sort = EXCLUDED.arc_label_sort, arc_target_sort = EXCLUDED.arc_target_sort, arc_signature = EXCLUDED.arc_signature, recoverability_expression = EXCLUDED.recoverability_expression, is_recoverable_from_current_basis = EXCLUDED.is_recoverable_from_current_basis, rewrite_mode = EXCLUDED.rewrite_mode, rewrite_polarity = EXCLUDED.rewrite_polarity;

INSERT INTO tsp_concept_registry (tsp_concept_id, display_name, concept_kind, basis_expression, arity, source_tables, introduced_by_loop, superseded_by_concept, status, historical_concept_kind, semantic_category, reduced_basis_expression, operator_expression, reduction_generation, arc_subject_sort, arc_label_sort, arc_target_sort, arc_signature, recoverability_expression, is_recoverable_from_current_basis, rewrite_mode, rewrite_polarity)
VALUES ('surface-tour-order', 'Tour order', 'DERIVED_ALIAS', 'ORDER(Visit)', 2, 'TourStops', 'tsp-loop-598', 'coined-witness-normal-form', 'HISTORICAL_PROJECTION', 'DERIVED_ALIAS', 'DERIVED', 'SEMANTIC_ARC(Visit)', 'WARRANTED_REWRITE_PENDING', 1, 'COMPOSED_SUBJECT', 'COMPOSED', 'COMPOSED_TARGET', 'COMPOSITION_OF_TYPED_SEMANTIC_ARCS', 'PROJECT_surface-tour-order_FROM_SEMANTIC_ARC_AND_ACTIVE_OPERATORS', TRUE, NULL, NULL) ON CONFLICT (tsp_concept_id) DO UPDATE SET display_name = EXCLUDED.display_name, concept_kind = EXCLUDED.concept_kind, basis_expression = EXCLUDED.basis_expression, arity = EXCLUDED.arity, source_tables = EXCLUDED.source_tables, introduced_by_loop = EXCLUDED.introduced_by_loop, superseded_by_concept = EXCLUDED.superseded_by_concept, status = EXCLUDED.status, historical_concept_kind = EXCLUDED.historical_concept_kind, semantic_category = EXCLUDED.semantic_category, reduced_basis_expression = EXCLUDED.reduced_basis_expression, operator_expression = EXCLUDED.operator_expression, reduction_generation = EXCLUDED.reduction_generation, arc_subject_sort = EXCLUDED.arc_subject_sort, arc_label_sort = EXCLUDED.arc_label_sort, arc_target_sort = EXCLUDED.arc_target_sort, arc_signature = EXCLUDED.arc_signature, recoverability_expression = EXCLUDED.recoverability_expression, is_recoverable_from_current_basis = EXCLUDED.is_recoverable_from_current_basis, rewrite_mode = EXCLUDED.rewrite_mode, rewrite_polarity = EXCLUDED.rewrite_polarity;

INSERT INTO tsp_concept_registry (tsp_concept_id, display_name, concept_kind, basis_expression, arity, source_tables, introduced_by_loop, superseded_by_concept, status, historical_concept_kind, semantic_category, reduced_basis_expression, operator_expression, reduction_generation, arc_subject_sort, arc_label_sort, arc_target_sort, arc_signature, recoverability_expression, is_recoverable_from_current_basis, rewrite_mode, rewrite_polarity)
VALUES ('surface-leg-order', 'Leg order', 'DERIVED_ALIAS', 'ORDER(Leg)', 2, 'TourLegs', 'tsp-loop-598', 'coined-witness-normal-form', 'HISTORICAL_PROJECTION', 'DERIVED_ALIAS', 'DERIVED', 'SEMANTIC_ARC(Leg)', 'WARRANTED_REWRITE_PENDING', 1, 'COMPOSED_SUBJECT', 'COMPOSED', 'COMPOSED_TARGET', 'COMPOSITION_OF_TYPED_SEMANTIC_ARCS', 'PROJECT_surface-leg-order_FROM_SEMANTIC_ARC_AND_ACTIVE_OPERATORS', TRUE, NULL, NULL) ON CONFLICT (tsp_concept_id) DO UPDATE SET display_name = EXCLUDED.display_name, concept_kind = EXCLUDED.concept_kind, basis_expression = EXCLUDED.basis_expression, arity = EXCLUDED.arity, source_tables = EXCLUDED.source_tables, introduced_by_loop = EXCLUDED.introduced_by_loop, superseded_by_concept = EXCLUDED.superseded_by_concept, status = EXCLUDED.status, historical_concept_kind = EXCLUDED.historical_concept_kind, semantic_category = EXCLUDED.semantic_category, reduced_basis_expression = EXCLUDED.reduced_basis_expression, operator_expression = EXCLUDED.operator_expression, reduction_generation = EXCLUDED.reduction_generation, arc_subject_sort = EXCLUDED.arc_subject_sort, arc_label_sort = EXCLUDED.arc_label_sort, arc_target_sort = EXCLUDED.arc_target_sort, arc_signature = EXCLUDED.arc_signature, recoverability_expression = EXCLUDED.recoverability_expression, is_recoverable_from_current_basis = EXCLUDED.is_recoverable_from_current_basis, rewrite_mode = EXCLUDED.rewrite_mode, rewrite_polarity = EXCLUDED.rewrite_polarity;

INSERT INTO tsp_concept_registry (tsp_concept_id, display_name, concept_kind, basis_expression, arity, source_tables, introduced_by_loop, superseded_by_concept, status, historical_concept_kind, semantic_category, reduced_basis_expression, operator_expression, reduction_generation, arc_subject_sort, arc_label_sort, arc_target_sort, arc_signature, recoverability_expression, is_recoverable_from_current_basis, rewrite_mode, rewrite_polarity)
VALUES ('surface-boundary-order', 'Boundary order', 'DERIVED_ALIAS', 'ORDER(Entry,Exit)', 2, 'TSPClusterBoundaryStates', 'tsp-loop-598', 'coined-boundary-signature', 'HISTORICAL_PROJECTION', 'DERIVED_ALIAS', 'DERIVED', 'SEMANTIC_ARC(Entry,Exit)', 'WARRANTED_REWRITE_PENDING', 1, 'COMPOSED_SUBJECT', 'COMPOSED', 'COMPOSED_TARGET', 'COMPOSITION_OF_TYPED_SEMANTIC_ARCS', 'PROJECT_surface-boundary-order_FROM_SEMANTIC_ARC_AND_ACTIVE_OPERATORS', TRUE, NULL, NULL) ON CONFLICT (tsp_concept_id) DO UPDATE SET display_name = EXCLUDED.display_name, concept_kind = EXCLUDED.concept_kind, basis_expression = EXCLUDED.basis_expression, arity = EXCLUDED.arity, source_tables = EXCLUDED.source_tables, introduced_by_loop = EXCLUDED.introduced_by_loop, superseded_by_concept = EXCLUDED.superseded_by_concept, status = EXCLUDED.status, historical_concept_kind = EXCLUDED.historical_concept_kind, semantic_category = EXCLUDED.semantic_category, reduced_basis_expression = EXCLUDED.reduced_basis_expression, operator_expression = EXCLUDED.operator_expression, reduction_generation = EXCLUDED.reduction_generation, arc_subject_sort = EXCLUDED.arc_subject_sort, arc_label_sort = EXCLUDED.arc_label_sort, arc_target_sort = EXCLUDED.arc_target_sort, arc_signature = EXCLUDED.arc_signature, recoverability_expression = EXCLUDED.recoverability_expression, is_recoverable_from_current_basis = EXCLUDED.is_recoverable_from_current_basis, rewrite_mode = EXCLUDED.rewrite_mode, rewrite_polarity = EXCLUDED.rewrite_polarity;

INSERT INTO tsp_concept_registry (tsp_concept_id, display_name, concept_kind, basis_expression, arity, source_tables, introduced_by_loop, superseded_by_concept, status, historical_concept_kind, semantic_category, reduced_basis_expression, operator_expression, reduction_generation, arc_subject_sort, arc_label_sort, arc_target_sort, arc_signature, recoverability_expression, is_recoverable_from_current_basis, rewrite_mode, rewrite_polarity)
VALUES ('surface-travel-cost', 'Travel cost', 'DERIVED_ALIAS', 'WEIGHT(Edge)', 2, 'TravelEdges', 'tsp-loop-598', NULL, 'HISTORICAL_PROJECTION', 'DERIVED_ALIAS', 'DERIVED', 'SEMANTIC_ARC(Edge)', 'WARRANTED_REWRITE', 1, 'COMPOSED_SUBJECT', 'COMPOSED', 'COMPOSED_TARGET', 'COMPOSITION_OF_TYPED_SEMANTIC_ARCS', 'PROJECT_surface-travel-cost_FROM_SEMANTIC_ARC_AND_ACTIVE_OPERATORS', TRUE, 'COMPOSED_DERIVATION', 'MIXED') ON CONFLICT (tsp_concept_id) DO UPDATE SET display_name = EXCLUDED.display_name, concept_kind = EXCLUDED.concept_kind, basis_expression = EXCLUDED.basis_expression, arity = EXCLUDED.arity, source_tables = EXCLUDED.source_tables, introduced_by_loop = EXCLUDED.introduced_by_loop, superseded_by_concept = EXCLUDED.superseded_by_concept, status = EXCLUDED.status, historical_concept_kind = EXCLUDED.historical_concept_kind, semantic_category = EXCLUDED.semantic_category, reduced_basis_expression = EXCLUDED.reduced_basis_expression, operator_expression = EXCLUDED.operator_expression, reduction_generation = EXCLUDED.reduction_generation, arc_subject_sort = EXCLUDED.arc_subject_sort, arc_label_sort = EXCLUDED.arc_label_sort, arc_target_sort = EXCLUDED.arc_target_sort, arc_signature = EXCLUDED.arc_signature, recoverability_expression = EXCLUDED.recoverability_expression, is_recoverable_from_current_basis = EXCLUDED.is_recoverable_from_current_basis, rewrite_mode = EXCLUDED.rewrite_mode, rewrite_polarity = EXCLUDED.rewrite_polarity;

INSERT INTO tsp_concept_registry (tsp_concept_id, display_name, concept_kind, basis_expression, arity, source_tables, introduced_by_loop, superseded_by_concept, status, historical_concept_kind, semantic_category, reduced_basis_expression, operator_expression, reduction_generation, arc_subject_sort, arc_label_sort, arc_target_sort, arc_signature, recoverability_expression, is_recoverable_from_current_basis, rewrite_mode, rewrite_polarity)
VALUES ('surface-path-cost', 'Path cost', 'DERIVED_ALIAS', 'WEIGHT(Path)+CARDINALITY(PathEdges)', 2, 'TSPClusterBoundaryStates', 'tsp-loop-598', 'coined-boundary-signature', 'HISTORICAL_PROJECTION', 'DERIVED_ALIAS', 'DERIVED', 'SEMANTIC_ARC(Path)+SEMANTIC_ARC(PathEdges)', 'WARRANTED_REWRITE', 1, 'COMPOSED_SUBJECT', 'COMPOSED', 'COMPOSED_TARGET', 'COMPOSITION_OF_TYPED_SEMANTIC_ARCS', 'PROJECT_surface-path-cost_FROM_SEMANTIC_ARC_AND_ACTIVE_OPERATORS', TRUE, 'COMPOSED_DERIVATION', 'MIXED') ON CONFLICT (tsp_concept_id) DO UPDATE SET display_name = EXCLUDED.display_name, concept_kind = EXCLUDED.concept_kind, basis_expression = EXCLUDED.basis_expression, arity = EXCLUDED.arity, source_tables = EXCLUDED.source_tables, introduced_by_loop = EXCLUDED.introduced_by_loop, superseded_by_concept = EXCLUDED.superseded_by_concept, status = EXCLUDED.status, historical_concept_kind = EXCLUDED.historical_concept_kind, semantic_category = EXCLUDED.semantic_category, reduced_basis_expression = EXCLUDED.reduced_basis_expression, operator_expression = EXCLUDED.operator_expression, reduction_generation = EXCLUDED.reduction_generation, arc_subject_sort = EXCLUDED.arc_subject_sort, arc_label_sort = EXCLUDED.arc_label_sort, arc_target_sort = EXCLUDED.arc_target_sort, arc_signature = EXCLUDED.arc_signature, recoverability_expression = EXCLUDED.recoverability_expression, is_recoverable_from_current_basis = EXCLUDED.is_recoverable_from_current_basis, rewrite_mode = EXCLUDED.rewrite_mode, rewrite_polarity = EXCLUDED.rewrite_polarity;

INSERT INTO tsp_concept_registry (tsp_concept_id, display_name, concept_kind, basis_expression, arity, source_tables, introduced_by_loop, superseded_by_concept, status, historical_concept_kind, semantic_category, reduced_basis_expression, operator_expression, reduction_generation, arc_subject_sort, arc_label_sort, arc_target_sort, arc_signature, recoverability_expression, is_recoverable_from_current_basis, rewrite_mode, rewrite_polarity)
VALUES ('surface-lower-bound', 'Lower bound', 'DERIVED_ALIAS', 'WEIGHT+CARDINALITY+PROVENANCE', 2, 'InstanceLowerBounds', 'tsp-loop-598', 'coined-bound-sandwich', 'HISTORICAL_PROJECTION', 'DERIVED_ALIAS', 'DERIVED', 'SEMANTIC_ARC+SEMANTIC_ARC+SEMANTIC_ARC', 'WARRANTED_REWRITE', 1, 'COMPOSED_SUBJECT', 'COMPOSED', 'COMPOSED_TARGET', 'COMPOSITION_OF_TYPED_SEMANTIC_ARCS', 'PROJECT_surface-lower-bound_FROM_SEMANTIC_ARC_AND_ACTIVE_OPERATORS', TRUE, 'COMPOSED_DERIVATION', 'MIXED') ON CONFLICT (tsp_concept_id) DO UPDATE SET display_name = EXCLUDED.display_name, concept_kind = EXCLUDED.concept_kind, basis_expression = EXCLUDED.basis_expression, arity = EXCLUDED.arity, source_tables = EXCLUDED.source_tables, introduced_by_loop = EXCLUDED.introduced_by_loop, superseded_by_concept = EXCLUDED.superseded_by_concept, status = EXCLUDED.status, historical_concept_kind = EXCLUDED.historical_concept_kind, semantic_category = EXCLUDED.semantic_category, reduced_basis_expression = EXCLUDED.reduced_basis_expression, operator_expression = EXCLUDED.operator_expression, reduction_generation = EXCLUDED.reduction_generation, arc_subject_sort = EXCLUDED.arc_subject_sort, arc_label_sort = EXCLUDED.arc_label_sort, arc_target_sort = EXCLUDED.arc_target_sort, arc_signature = EXCLUDED.arc_signature, recoverability_expression = EXCLUDED.recoverability_expression, is_recoverable_from_current_basis = EXCLUDED.is_recoverable_from_current_basis, rewrite_mode = EXCLUDED.rewrite_mode, rewrite_polarity = EXCLUDED.rewrite_polarity;

INSERT INTO tsp_concept_registry (tsp_concept_id, display_name, concept_kind, basis_expression, arity, source_tables, introduced_by_loop, superseded_by_concept, status, historical_concept_kind, semantic_category, reduced_basis_expression, operator_expression, reduction_generation, arc_subject_sort, arc_label_sort, arc_target_sort, arc_signature, recoverability_expression, is_recoverable_from_current_basis, rewrite_mode, rewrite_polarity)
VALUES ('surface-upper-bound', 'Upper bound', 'DERIVED_ALIAS', 'WEIGHT(Witness)+PROVENANCE', 2, 'CandidateTours', 'tsp-loop-598', 'coined-bound-sandwich', 'HISTORICAL_PROJECTION', 'DERIVED_ALIAS', 'DERIVED', 'SEMANTIC_ARC(Witness)+SEMANTIC_ARC', 'WARRANTED_REWRITE', 1, 'COMPOSED_SUBJECT', 'COMPOSED', 'COMPOSED_TARGET', 'COMPOSITION_OF_TYPED_SEMANTIC_ARCS', 'PROJECT_surface-upper-bound_FROM_SEMANTIC_ARC_AND_ACTIVE_OPERATORS', TRUE, 'COMPOSED_DERIVATION', 'MIXED') ON CONFLICT (tsp_concept_id) DO UPDATE SET display_name = EXCLUDED.display_name, concept_kind = EXCLUDED.concept_kind, basis_expression = EXCLUDED.basis_expression, arity = EXCLUDED.arity, source_tables = EXCLUDED.source_tables, introduced_by_loop = EXCLUDED.introduced_by_loop, superseded_by_concept = EXCLUDED.superseded_by_concept, status = EXCLUDED.status, historical_concept_kind = EXCLUDED.historical_concept_kind, semantic_category = EXCLUDED.semantic_category, reduced_basis_expression = EXCLUDED.reduced_basis_expression, operator_expression = EXCLUDED.operator_expression, reduction_generation = EXCLUDED.reduction_generation, arc_subject_sort = EXCLUDED.arc_subject_sort, arc_label_sort = EXCLUDED.arc_label_sort, arc_target_sort = EXCLUDED.arc_target_sort, arc_signature = EXCLUDED.arc_signature, recoverability_expression = EXCLUDED.recoverability_expression, is_recoverable_from_current_basis = EXCLUDED.is_recoverable_from_current_basis, rewrite_mode = EXCLUDED.rewrite_mode, rewrite_polarity = EXCLUDED.rewrite_polarity;

INSERT INTO tsp_concept_registry (tsp_concept_id, display_name, concept_kind, basis_expression, arity, source_tables, introduced_by_loop, superseded_by_concept, status, historical_concept_kind, semantic_category, reduced_basis_expression, operator_expression, reduction_generation, arc_subject_sort, arc_label_sort, arc_target_sort, arc_signature, recoverability_expression, is_recoverable_from_current_basis, rewrite_mode, rewrite_polarity)
VALUES ('surface-selected', 'Selected edge', 'DERIVED_ALIAS', 'COMMITMENT(Edge,Selected)+PROVENANCE', 2, 'TSPEdgeStates', 'tsp-loop-598', 'coined-commitment-lattice', 'HISTORICAL_PROJECTION', 'DERIVED_ALIAS', 'DERIVED', 'SEMANTIC_ARC(Edge,Selected)+SEMANTIC_ARC', '', 1, 'COMPOSED_SUBJECT', 'COMPOSED', 'COMPOSED_TARGET', 'COMPOSITION_OF_TYPED_SEMANTIC_ARCS', 'PROJECT_surface-selected_FROM_SEMANTIC_ARC_AND_ACTIVE_OPERATORS', TRUE, NULL, NULL) ON CONFLICT (tsp_concept_id) DO UPDATE SET display_name = EXCLUDED.display_name, concept_kind = EXCLUDED.concept_kind, basis_expression = EXCLUDED.basis_expression, arity = EXCLUDED.arity, source_tables = EXCLUDED.source_tables, introduced_by_loop = EXCLUDED.introduced_by_loop, superseded_by_concept = EXCLUDED.superseded_by_concept, status = EXCLUDED.status, historical_concept_kind = EXCLUDED.historical_concept_kind, semantic_category = EXCLUDED.semantic_category, reduced_basis_expression = EXCLUDED.reduced_basis_expression, operator_expression = EXCLUDED.operator_expression, reduction_generation = EXCLUDED.reduction_generation, arc_subject_sort = EXCLUDED.arc_subject_sort, arc_label_sort = EXCLUDED.arc_label_sort, arc_target_sort = EXCLUDED.arc_target_sort, arc_signature = EXCLUDED.arc_signature, recoverability_expression = EXCLUDED.recoverability_expression, is_recoverable_from_current_basis = EXCLUDED.is_recoverable_from_current_basis, rewrite_mode = EXCLUDED.rewrite_mode, rewrite_polarity = EXCLUDED.rewrite_polarity;

INSERT INTO tsp_concept_registry (tsp_concept_id, display_name, concept_kind, basis_expression, arity, source_tables, introduced_by_loop, superseded_by_concept, status, historical_concept_kind, semantic_category, reduced_basis_expression, operator_expression, reduction_generation, arc_subject_sort, arc_label_sort, arc_target_sort, arc_signature, recoverability_expression, is_recoverable_from_current_basis, rewrite_mode, rewrite_polarity)
VALUES ('surface-forced', 'Forced edge', 'DERIVED_ALIAS', 'COMMITMENT(Edge,Necessary)+PROVENANCE', 2, 'TSPConstraintDecisions', 'tsp-loop-598', 'coined-commitment-lattice', 'HISTORICAL_PROJECTION', 'DERIVED_ALIAS', 'DERIVED', 'SEMANTIC_ARC(Edge,Necessary)+SEMANTIC_ARC', '', 1, 'COMPOSED_SUBJECT', 'COMPOSED', 'COMPOSED_TARGET', 'COMPOSITION_OF_TYPED_SEMANTIC_ARCS', 'PROJECT_surface-forced_FROM_SEMANTIC_ARC_AND_ACTIVE_OPERATORS', TRUE, NULL, NULL) ON CONFLICT (tsp_concept_id) DO UPDATE SET display_name = EXCLUDED.display_name, concept_kind = EXCLUDED.concept_kind, basis_expression = EXCLUDED.basis_expression, arity = EXCLUDED.arity, source_tables = EXCLUDED.source_tables, introduced_by_loop = EXCLUDED.introduced_by_loop, superseded_by_concept = EXCLUDED.superseded_by_concept, status = EXCLUDED.status, historical_concept_kind = EXCLUDED.historical_concept_kind, semantic_category = EXCLUDED.semantic_category, reduced_basis_expression = EXCLUDED.reduced_basis_expression, operator_expression = EXCLUDED.operator_expression, reduction_generation = EXCLUDED.reduction_generation, arc_subject_sort = EXCLUDED.arc_subject_sort, arc_label_sort = EXCLUDED.arc_label_sort, arc_target_sort = EXCLUDED.arc_target_sort, arc_signature = EXCLUDED.arc_signature, recoverability_expression = EXCLUDED.recoverability_expression, is_recoverable_from_current_basis = EXCLUDED.is_recoverable_from_current_basis, rewrite_mode = EXCLUDED.rewrite_mode, rewrite_polarity = EXCLUDED.rewrite_polarity;

INSERT INTO tsp_concept_registry (tsp_concept_id, display_name, concept_kind, basis_expression, arity, source_tables, introduced_by_loop, superseded_by_concept, status, historical_concept_kind, semantic_category, reduced_basis_expression, operator_expression, reduction_generation, arc_subject_sort, arc_label_sort, arc_target_sort, arc_signature, recoverability_expression, is_recoverable_from_current_basis, rewrite_mode, rewrite_polarity)
VALUES ('surface-forbidden', 'Forbidden edge', 'DERIVED_ALIAS', 'COMMITMENT(Edge,Excluded)+PROVENANCE', 2, 'TSPConstraintDecisions', 'tsp-loop-598', 'coined-commitment-lattice', 'HISTORICAL_PROJECTION', 'DERIVED_ALIAS', 'DERIVED', 'SEMANTIC_ARC(Edge,Excluded)+SEMANTIC_ARC', '', 1, 'COMPOSED_SUBJECT', 'COMPOSED', 'COMPOSED_TARGET', 'COMPOSITION_OF_TYPED_SEMANTIC_ARCS', 'PROJECT_surface-forbidden_FROM_SEMANTIC_ARC_AND_ACTIVE_OPERATORS', TRUE, NULL, NULL) ON CONFLICT (tsp_concept_id) DO UPDATE SET display_name = EXCLUDED.display_name, concept_kind = EXCLUDED.concept_kind, basis_expression = EXCLUDED.basis_expression, arity = EXCLUDED.arity, source_tables = EXCLUDED.source_tables, introduced_by_loop = EXCLUDED.introduced_by_loop, superseded_by_concept = EXCLUDED.superseded_by_concept, status = EXCLUDED.status, historical_concept_kind = EXCLUDED.historical_concept_kind, semantic_category = EXCLUDED.semantic_category, reduced_basis_expression = EXCLUDED.reduced_basis_expression, operator_expression = EXCLUDED.operator_expression, reduction_generation = EXCLUDED.reduction_generation, arc_subject_sort = EXCLUDED.arc_subject_sort, arc_label_sort = EXCLUDED.arc_label_sort, arc_target_sort = EXCLUDED.arc_target_sort, arc_signature = EXCLUDED.arc_signature, recoverability_expression = EXCLUDED.recoverability_expression, is_recoverable_from_current_basis = EXCLUDED.is_recoverable_from_current_basis, rewrite_mode = EXCLUDED.rewrite_mode, rewrite_polarity = EXCLUDED.rewrite_polarity;

INSERT INTO tsp_concept_registry (tsp_concept_id, display_name, concept_kind, basis_expression, arity, source_tables, introduced_by_loop, superseded_by_concept, status, historical_concept_kind, semantic_category, reduced_basis_expression, operator_expression, reduction_generation, arc_subject_sort, arc_label_sort, arc_target_sort, arc_signature, recoverability_expression, is_recoverable_from_current_basis, rewrite_mode, rewrite_polarity)
VALUES ('surface-dominated', 'Dominated state', 'DERIVED_ALIAS', 'COMMITMENT(State,Superseded)+WEIGHT', 2, 'TSPClusterBoundaryStates', 'tsp-loop-598', 'coined-commitment-lattice', 'HISTORICAL_PROJECTION', 'DERIVED_ALIAS', 'DERIVED', 'SEMANTIC_ARC(State,Superseded)+SEMANTIC_ARC', 'WARRANTED_REWRITE', 1, 'COMPOSED_SUBJECT', 'COMPOSED', 'COMPOSED_TARGET', 'COMPOSITION_OF_TYPED_SEMANTIC_ARCS', 'PROJECT_surface-dominated_FROM_SEMANTIC_ARC_AND_ACTIVE_OPERATORS', TRUE, 'COMPOSED_DERIVATION', 'MIXED') ON CONFLICT (tsp_concept_id) DO UPDATE SET display_name = EXCLUDED.display_name, concept_kind = EXCLUDED.concept_kind, basis_expression = EXCLUDED.basis_expression, arity = EXCLUDED.arity, source_tables = EXCLUDED.source_tables, introduced_by_loop = EXCLUDED.introduced_by_loop, superseded_by_concept = EXCLUDED.superseded_by_concept, status = EXCLUDED.status, historical_concept_kind = EXCLUDED.historical_concept_kind, semantic_category = EXCLUDED.semantic_category, reduced_basis_expression = EXCLUDED.reduced_basis_expression, operator_expression = EXCLUDED.operator_expression, reduction_generation = EXCLUDED.reduction_generation, arc_subject_sort = EXCLUDED.arc_subject_sort, arc_label_sort = EXCLUDED.arc_label_sort, arc_target_sort = EXCLUDED.arc_target_sort, arc_signature = EXCLUDED.arc_signature, recoverability_expression = EXCLUDED.recoverability_expression, is_recoverable_from_current_basis = EXCLUDED.is_recoverable_from_current_basis, rewrite_mode = EXCLUDED.rewrite_mode, rewrite_polarity = EXCLUDED.rewrite_polarity;

INSERT INTO tsp_concept_registry (tsp_concept_id, display_name, concept_kind, basis_expression, arity, source_tables, introduced_by_loop, superseded_by_concept, status, historical_concept_kind, semantic_category, reduced_basis_expression, operator_expression, reduction_generation, arc_subject_sort, arc_label_sort, arc_target_sort, arc_signature, recoverability_expression, is_recoverable_from_current_basis, rewrite_mode, rewrite_polarity)
VALUES ('surface-connected-component', 'Connected component', 'DERIVED_ALIAS', 'CONNECTIVITY(VertexSet,EdgeSet)', 2, 'TSPDerivedEdgeSets', 'tsp-loop-598', 'coined-component-quotient', 'HISTORICAL_PROJECTION', 'DERIVED_ALIAS', 'DERIVED', 'WARRANTED_REWRITE(SEMANTIC_ARC)(VertexSet,EdgeSet)', 'WARRANTED_REWRITE', 1, 'COMPOSED_SUBJECT', 'COMPOSED', 'COMPOSED_TARGET', 'COMPOSITION_OF_TYPED_SEMANTIC_ARCS', 'PROJECT_surface-connected-component_FROM_SEMANTIC_ARC_AND_ACTIVE_OPERATORS', TRUE, 'COMPOSED_DERIVATION', 'MIXED') ON CONFLICT (tsp_concept_id) DO UPDATE SET display_name = EXCLUDED.display_name, concept_kind = EXCLUDED.concept_kind, basis_expression = EXCLUDED.basis_expression, arity = EXCLUDED.arity, source_tables = EXCLUDED.source_tables, introduced_by_loop = EXCLUDED.introduced_by_loop, superseded_by_concept = EXCLUDED.superseded_by_concept, status = EXCLUDED.status, historical_concept_kind = EXCLUDED.historical_concept_kind, semantic_category = EXCLUDED.semantic_category, reduced_basis_expression = EXCLUDED.reduced_basis_expression, operator_expression = EXCLUDED.operator_expression, reduction_generation = EXCLUDED.reduction_generation, arc_subject_sort = EXCLUDED.arc_subject_sort, arc_label_sort = EXCLUDED.arc_label_sort, arc_target_sort = EXCLUDED.arc_target_sort, arc_signature = EXCLUDED.arc_signature, recoverability_expression = EXCLUDED.recoverability_expression, is_recoverable_from_current_basis = EXCLUDED.is_recoverable_from_current_basis, rewrite_mode = EXCLUDED.rewrite_mode, rewrite_polarity = EXCLUDED.rewrite_polarity;

INSERT INTO tsp_concept_registry (tsp_concept_id, display_name, concept_kind, basis_expression, arity, source_tables, introduced_by_loop, superseded_by_concept, status, historical_concept_kind, semantic_category, reduced_basis_expression, operator_expression, reduction_generation, arc_subject_sort, arc_label_sort, arc_target_sort, arc_signature, recoverability_expression, is_recoverable_from_current_basis, rewrite_mode, rewrite_polarity)
VALUES ('surface-proper-subtour', 'Proper subtour', 'DERIVED_ALIAS', 'CONNECTIVITY+CARDINALITY+MEMBERSHIP', 2, 'TSPDerivedEdgeSets', 'tsp-loop-598', 'coined-defect-vector', 'HISTORICAL_PROJECTION', 'DERIVED_ALIAS', 'DERIVED', 'WARRANTED_REWRITE(SEMANTIC_ARC)+SEMANTIC_ARC+SEMANTIC_ARC', 'WARRANTED_REWRITE+WARRANTED_REWRITE', 1, 'COMPOSED_SUBJECT', 'COMPOSED', 'COMPOSED_TARGET', 'COMPOSITION_OF_TYPED_SEMANTIC_ARCS', 'PROJECT_surface-proper-subtour_FROM_SEMANTIC_ARC_AND_ACTIVE_OPERATORS', TRUE, NULL, NULL) ON CONFLICT (tsp_concept_id) DO UPDATE SET display_name = EXCLUDED.display_name, concept_kind = EXCLUDED.concept_kind, basis_expression = EXCLUDED.basis_expression, arity = EXCLUDED.arity, source_tables = EXCLUDED.source_tables, introduced_by_loop = EXCLUDED.introduced_by_loop, superseded_by_concept = EXCLUDED.superseded_by_concept, status = EXCLUDED.status, historical_concept_kind = EXCLUDED.historical_concept_kind, semantic_category = EXCLUDED.semantic_category, reduced_basis_expression = EXCLUDED.reduced_basis_expression, operator_expression = EXCLUDED.operator_expression, reduction_generation = EXCLUDED.reduction_generation, arc_subject_sort = EXCLUDED.arc_subject_sort, arc_label_sort = EXCLUDED.arc_label_sort, arc_target_sort = EXCLUDED.arc_target_sort, arc_signature = EXCLUDED.arc_signature, recoverability_expression = EXCLUDED.recoverability_expression, is_recoverable_from_current_basis = EXCLUDED.is_recoverable_from_current_basis, rewrite_mode = EXCLUDED.rewrite_mode, rewrite_polarity = EXCLUDED.rewrite_polarity;

INSERT INTO tsp_concept_registry (tsp_concept_id, display_name, concept_kind, basis_expression, arity, source_tables, introduced_by_loop, superseded_by_concept, status, historical_concept_kind, semantic_category, reduced_basis_expression, operator_expression, reduction_generation, arc_subject_sort, arc_label_sort, arc_target_sort, arc_signature, recoverability_expression, is_recoverable_from_current_basis, rewrite_mode, rewrite_polarity)
VALUES ('surface-cut-crossing', 'Cut crossing', 'DERIVED_ALIAS', 'CONNECTIVITY+INCIDENCE+CARDINALITY', 2, 'TravelEdges', 'tsp-loop-598', 'coined-defect-vector', 'HISTORICAL_PROJECTION', 'DERIVED_ALIAS', 'DERIVED', 'WARRANTED_REWRITE(SEMANTIC_ARC)+SEMANTIC_ARC+SEMANTIC_ARC', 'WARRANTED_REWRITE+WARRANTED_REWRITE', 1, 'COMPOSED_SUBJECT', 'COMPOSED', 'COMPOSED_TARGET', 'COMPOSITION_OF_TYPED_SEMANTIC_ARCS', 'PROJECT_surface-cut-crossing_FROM_SEMANTIC_ARC_AND_ACTIVE_OPERATORS', TRUE, NULL, NULL) ON CONFLICT (tsp_concept_id) DO UPDATE SET display_name = EXCLUDED.display_name, concept_kind = EXCLUDED.concept_kind, basis_expression = EXCLUDED.basis_expression, arity = EXCLUDED.arity, source_tables = EXCLUDED.source_tables, introduced_by_loop = EXCLUDED.introduced_by_loop, superseded_by_concept = EXCLUDED.superseded_by_concept, status = EXCLUDED.status, historical_concept_kind = EXCLUDED.historical_concept_kind, semantic_category = EXCLUDED.semantic_category, reduced_basis_expression = EXCLUDED.reduced_basis_expression, operator_expression = EXCLUDED.operator_expression, reduction_generation = EXCLUDED.reduction_generation, arc_subject_sort = EXCLUDED.arc_subject_sort, arc_label_sort = EXCLUDED.arc_label_sort, arc_target_sort = EXCLUDED.arc_target_sort, arc_signature = EXCLUDED.arc_signature, recoverability_expression = EXCLUDED.recoverability_expression, is_recoverable_from_current_basis = EXCLUDED.is_recoverable_from_current_basis, rewrite_mode = EXCLUDED.rewrite_mode, rewrite_polarity = EXCLUDED.rewrite_polarity;

INSERT INTO tsp_concept_registry (tsp_concept_id, display_name, concept_kind, basis_expression, arity, source_tables, introduced_by_loop, superseded_by_concept, status, historical_concept_kind, semantic_category, reduced_basis_expression, operator_expression, reduction_generation, arc_subject_sort, arc_label_sort, arc_target_sort, arc_signature, recoverability_expression, is_recoverable_from_current_basis, rewrite_mode, rewrite_polarity)
VALUES ('surface-spanning-tree', 'Spanning tree', 'DERIVED_ALIAS', 'CONNECTIVITY+CARDINALITY+PROVENANCE', 2, 'TSPSpanningTreeEdges', 'tsp-loop-598', NULL, 'HISTORICAL_PROJECTION', 'DERIVED_ALIAS', 'DERIVED', 'WARRANTED_REWRITE(SEMANTIC_ARC)+SEMANTIC_ARC+SEMANTIC_ARC', 'WARRANTED_REWRITE+WARRANTED_REWRITE', 1, 'COMPOSED_SUBJECT', 'COMPOSED', 'COMPOSED_TARGET', 'COMPOSITION_OF_TYPED_SEMANTIC_ARCS', 'PROJECT_surface-spanning-tree_FROM_SEMANTIC_ARC_AND_ACTIVE_OPERATORS', TRUE, NULL, NULL) ON CONFLICT (tsp_concept_id) DO UPDATE SET display_name = EXCLUDED.display_name, concept_kind = EXCLUDED.concept_kind, basis_expression = EXCLUDED.basis_expression, arity = EXCLUDED.arity, source_tables = EXCLUDED.source_tables, introduced_by_loop = EXCLUDED.introduced_by_loop, superseded_by_concept = EXCLUDED.superseded_by_concept, status = EXCLUDED.status, historical_concept_kind = EXCLUDED.historical_concept_kind, semantic_category = EXCLUDED.semantic_category, reduced_basis_expression = EXCLUDED.reduced_basis_expression, operator_expression = EXCLUDED.operator_expression, reduction_generation = EXCLUDED.reduction_generation, arc_subject_sort = EXCLUDED.arc_subject_sort, arc_label_sort = EXCLUDED.arc_label_sort, arc_target_sort = EXCLUDED.arc_target_sort, arc_signature = EXCLUDED.arc_signature, recoverability_expression = EXCLUDED.recoverability_expression, is_recoverable_from_current_basis = EXCLUDED.is_recoverable_from_current_basis, rewrite_mode = EXCLUDED.rewrite_mode, rewrite_polarity = EXCLUDED.rewrite_polarity;

INSERT INTO tsp_concept_registry (tsp_concept_id, display_name, concept_kind, basis_expression, arity, source_tables, introduced_by_loop, superseded_by_concept, status, historical_concept_kind, semantic_category, reduced_basis_expression, operator_expression, reduction_generation, arc_subject_sort, arc_label_sort, arc_target_sort, arc_signature, recoverability_expression, is_recoverable_from_current_basis, rewrite_mode, rewrite_polarity)
VALUES ('surface-inference-antecedent', 'Inference antecedent', 'DERIVED_ALIAS', 'PROVENANCE(Fact,Event)', 2, 'TSPInferenceAntecedents', 'tsp-loop-598', 'coined-closure-event', 'HISTORICAL_PROJECTION', 'DERIVED_ALIAS', 'DERIVED', 'SEMANTIC_ARC(Fact,Event)', '', 1, 'COMPOSED_SUBJECT', 'COMPOSED', 'COMPOSED_TARGET', 'COMPOSITION_OF_TYPED_SEMANTIC_ARCS', 'PROJECT_surface-inference-antecedent_FROM_SEMANTIC_ARC_AND_ACTIVE_OPERATORS', TRUE, NULL, NULL) ON CONFLICT (tsp_concept_id) DO UPDATE SET display_name = EXCLUDED.display_name, concept_kind = EXCLUDED.concept_kind, basis_expression = EXCLUDED.basis_expression, arity = EXCLUDED.arity, source_tables = EXCLUDED.source_tables, introduced_by_loop = EXCLUDED.introduced_by_loop, superseded_by_concept = EXCLUDED.superseded_by_concept, status = EXCLUDED.status, historical_concept_kind = EXCLUDED.historical_concept_kind, semantic_category = EXCLUDED.semantic_category, reduced_basis_expression = EXCLUDED.reduced_basis_expression, operator_expression = EXCLUDED.operator_expression, reduction_generation = EXCLUDED.reduction_generation, arc_subject_sort = EXCLUDED.arc_subject_sort, arc_label_sort = EXCLUDED.arc_label_sort, arc_target_sort = EXCLUDED.arc_target_sort, arc_signature = EXCLUDED.arc_signature, recoverability_expression = EXCLUDED.recoverability_expression, is_recoverable_from_current_basis = EXCLUDED.is_recoverable_from_current_basis, rewrite_mode = EXCLUDED.rewrite_mode, rewrite_polarity = EXCLUDED.rewrite_polarity;

INSERT INTO tsp_concept_registry (tsp_concept_id, display_name, concept_kind, basis_expression, arity, source_tables, introduced_by_loop, superseded_by_concept, status, historical_concept_kind, semantic_category, reduced_basis_expression, operator_expression, reduction_generation, arc_subject_sort, arc_label_sort, arc_target_sort, arc_signature, recoverability_expression, is_recoverable_from_current_basis, rewrite_mode, rewrite_polarity)
VALUES ('surface-inference-application', 'Inference application', 'DERIVED_ALIAS', 'PROVENANCE(Rule,Input,Output)', 2, 'TSPInferenceApplications', 'tsp-loop-598', 'coined-closure-event', 'HISTORICAL_PROJECTION', 'DERIVED_ALIAS', 'DERIVED', 'SEMANTIC_ARC(Rule,Input,Output)', '', 1, 'COMPOSED_SUBJECT', 'COMPOSED', 'COMPOSED_TARGET', 'COMPOSITION_OF_TYPED_SEMANTIC_ARCS', 'PROJECT_surface-inference-application_FROM_SEMANTIC_ARC_AND_ACTIVE_OPERATORS', TRUE, NULL, NULL) ON CONFLICT (tsp_concept_id) DO UPDATE SET display_name = EXCLUDED.display_name, concept_kind = EXCLUDED.concept_kind, basis_expression = EXCLUDED.basis_expression, arity = EXCLUDED.arity, source_tables = EXCLUDED.source_tables, introduced_by_loop = EXCLUDED.introduced_by_loop, superseded_by_concept = EXCLUDED.superseded_by_concept, status = EXCLUDED.status, historical_concept_kind = EXCLUDED.historical_concept_kind, semantic_category = EXCLUDED.semantic_category, reduced_basis_expression = EXCLUDED.reduced_basis_expression, operator_expression = EXCLUDED.operator_expression, reduction_generation = EXCLUDED.reduction_generation, arc_subject_sort = EXCLUDED.arc_subject_sort, arc_label_sort = EXCLUDED.arc_label_sort, arc_target_sort = EXCLUDED.arc_target_sort, arc_signature = EXCLUDED.arc_signature, recoverability_expression = EXCLUDED.recoverability_expression, is_recoverable_from_current_basis = EXCLUDED.is_recoverable_from_current_basis, rewrite_mode = EXCLUDED.rewrite_mode, rewrite_polarity = EXCLUDED.rewrite_polarity;

INSERT INTO tsp_concept_registry (tsp_concept_id, display_name, concept_kind, basis_expression, arity, source_tables, introduced_by_loop, superseded_by_concept, status, historical_concept_kind, semantic_category, reduced_basis_expression, operator_expression, reduction_generation, arc_subject_sort, arc_label_sort, arc_target_sort, arc_signature, recoverability_expression, is_recoverable_from_current_basis, rewrite_mode, rewrite_polarity)
VALUES ('surface-certificate', 'Certificate', 'DERIVED_ALIAS', 'PROVENANCE(Conclusion,Witness,Scope)', 2, 'TSPInferenceRules', 'tsp-loop-598', 'coined-closure-event', 'HISTORICAL_PROJECTION', 'DERIVED_ALIAS', 'DERIVED', 'SEMANTIC_ARC(Conclusion,Witness,Scope)', '', 1, 'COMPOSED_SUBJECT', 'COMPOSED', 'COMPOSED_TARGET', 'COMPOSITION_OF_TYPED_SEMANTIC_ARCS', 'PROJECT_surface-certificate_FROM_SEMANTIC_ARC_AND_ACTIVE_OPERATORS', TRUE, NULL, NULL) ON CONFLICT (tsp_concept_id) DO UPDATE SET display_name = EXCLUDED.display_name, concept_kind = EXCLUDED.concept_kind, basis_expression = EXCLUDED.basis_expression, arity = EXCLUDED.arity, source_tables = EXCLUDED.source_tables, introduced_by_loop = EXCLUDED.introduced_by_loop, superseded_by_concept = EXCLUDED.superseded_by_concept, status = EXCLUDED.status, historical_concept_kind = EXCLUDED.historical_concept_kind, semantic_category = EXCLUDED.semantic_category, reduced_basis_expression = EXCLUDED.reduced_basis_expression, operator_expression = EXCLUDED.operator_expression, reduction_generation = EXCLUDED.reduction_generation, arc_subject_sort = EXCLUDED.arc_subject_sort, arc_label_sort = EXCLUDED.arc_label_sort, arc_target_sort = EXCLUDED.arc_target_sort, arc_signature = EXCLUDED.arc_signature, recoverability_expression = EXCLUDED.recoverability_expression, is_recoverable_from_current_basis = EXCLUDED.is_recoverable_from_current_basis, rewrite_mode = EXCLUDED.rewrite_mode, rewrite_polarity = EXCLUDED.rewrite_polarity;

INSERT INTO tsp_concept_registry (tsp_concept_id, display_name, concept_kind, basis_expression, arity, source_tables, introduced_by_loop, superseded_by_concept, status, historical_concept_kind, semantic_category, reduced_basis_expression, operator_expression, reduction_generation, arc_subject_sort, arc_label_sort, arc_target_sort, arc_signature, recoverability_expression, is_recoverable_from_current_basis, rewrite_mode, rewrite_polarity)
VALUES ('surface-trust-status', 'Trust status', 'DERIVED_ALIAS', 'PROVENANCE(Conclusion,TrustBoundary)', 2, 'TSPFrontierObligations', 'tsp-loop-598', 'coined-closure-event', 'HISTORICAL_PROJECTION', 'DERIVED_ALIAS', 'DERIVED', 'SEMANTIC_ARC(Conclusion,TrustBoundary)', '', 1, 'COMPOSED_SUBJECT', 'COMPOSED', 'COMPOSED_TARGET', 'COMPOSITION_OF_TYPED_SEMANTIC_ARCS', 'PROJECT_surface-trust-status_FROM_SEMANTIC_ARC_AND_ACTIVE_OPERATORS', TRUE, NULL, NULL) ON CONFLICT (tsp_concept_id) DO UPDATE SET display_name = EXCLUDED.display_name, concept_kind = EXCLUDED.concept_kind, basis_expression = EXCLUDED.basis_expression, arity = EXCLUDED.arity, source_tables = EXCLUDED.source_tables, introduced_by_loop = EXCLUDED.introduced_by_loop, superseded_by_concept = EXCLUDED.superseded_by_concept, status = EXCLUDED.status, historical_concept_kind = EXCLUDED.historical_concept_kind, semantic_category = EXCLUDED.semantic_category, reduced_basis_expression = EXCLUDED.reduced_basis_expression, operator_expression = EXCLUDED.operator_expression, reduction_generation = EXCLUDED.reduction_generation, arc_subject_sort = EXCLUDED.arc_subject_sort, arc_label_sort = EXCLUDED.arc_label_sort, arc_target_sort = EXCLUDED.arc_target_sort, arc_signature = EXCLUDED.arc_signature, recoverability_expression = EXCLUDED.recoverability_expression, is_recoverable_from_current_basis = EXCLUDED.is_recoverable_from_current_basis, rewrite_mode = EXCLUDED.rewrite_mode, rewrite_polarity = EXCLUDED.rewrite_polarity;

INSERT INTO tsp_concept_registry (tsp_concept_id, display_name, concept_kind, basis_expression, arity, source_tables, introduced_by_loop, superseded_by_concept, status, historical_concept_kind, semantic_category, reduced_basis_expression, operator_expression, reduction_generation, arc_subject_sort, arc_label_sort, arc_target_sort, arc_signature, recoverability_expression, is_recoverable_from_current_basis, rewrite_mode, rewrite_polarity)
VALUES ('coined-convergence-prediction', 'Convergence Prediction', 'COINED_PREDICATE', 'PROVENANCE+CARDINALITY', 1, 'TSPConvergenceMeasurements', 'tsp-loop-597', NULL, 'ACTIVE_DERIVED', 'COINED_PREDICATE', 'DERIVED', 'SEMANTIC_ARC+SEMANTIC_ARC', 'WARRANTED_REWRITE', 1, 'COMPOSED_SUBJECT', 'COMPOSED', 'COMPOSED_TARGET', 'COMPOSITION_OF_TYPED_SEMANTIC_ARCS', 'PROJECT_coined-convergence-prediction_FROM_SEMANTIC_ARC_AND_ACTIVE_OPERATORS', TRUE, 'COMPOSED_DERIVATION', 'MIXED') ON CONFLICT (tsp_concept_id) DO UPDATE SET display_name = EXCLUDED.display_name, concept_kind = EXCLUDED.concept_kind, basis_expression = EXCLUDED.basis_expression, arity = EXCLUDED.arity, source_tables = EXCLUDED.source_tables, introduced_by_loop = EXCLUDED.introduced_by_loop, superseded_by_concept = EXCLUDED.superseded_by_concept, status = EXCLUDED.status, historical_concept_kind = EXCLUDED.historical_concept_kind, semantic_category = EXCLUDED.semantic_category, reduced_basis_expression = EXCLUDED.reduced_basis_expression, operator_expression = EXCLUDED.operator_expression, reduction_generation = EXCLUDED.reduction_generation, arc_subject_sort = EXCLUDED.arc_subject_sort, arc_label_sort = EXCLUDED.arc_label_sort, arc_target_sort = EXCLUDED.arc_target_sort, arc_signature = EXCLUDED.arc_signature, recoverability_expression = EXCLUDED.recoverability_expression, is_recoverable_from_current_basis = EXCLUDED.is_recoverable_from_current_basis, rewrite_mode = EXCLUDED.rewrite_mode, rewrite_polarity = EXCLUDED.rewrite_polarity;

INSERT INTO tsp_concept_registry (tsp_concept_id, display_name, concept_kind, basis_expression, arity, source_tables, introduced_by_loop, superseded_by_concept, status, historical_concept_kind, semantic_category, reduced_basis_expression, operator_expression, reduction_generation, arc_subject_sort, arc_label_sort, arc_target_sort, arc_signature, recoverability_expression, is_recoverable_from_current_basis, rewrite_mode, rewrite_polarity)
VALUES ('coined-predicate-basis', 'Predicate Basis', 'COINED_PREDICATE', 'CARDINALITY(PRIMITIVE_CONCEPTS)+PROVENANCE(DEFINITIONS)', 1, 'TSPConceptRegistry', 'tsp-loop-598', NULL, 'ACTIVE_DERIVED', 'COINED_PREDICATE', 'DERIVED', 'SEMANTIC_ARC(PRIMITIVE_CONCEPTS)+SEMANTIC_ARC(DEFINITIONS)', 'WARRANTED_REWRITE', 1, 'COMPOSED_SUBJECT', 'COMPOSED', 'COMPOSED_TARGET', 'COMPOSITION_OF_TYPED_SEMANTIC_ARCS', 'PROJECT_coined-predicate-basis_FROM_SEMANTIC_ARC_AND_ACTIVE_OPERATORS', TRUE, 'COMPOSED_DERIVATION', 'MIXED') ON CONFLICT (tsp_concept_id) DO UPDATE SET display_name = EXCLUDED.display_name, concept_kind = EXCLUDED.concept_kind, basis_expression = EXCLUDED.basis_expression, arity = EXCLUDED.arity, source_tables = EXCLUDED.source_tables, introduced_by_loop = EXCLUDED.introduced_by_loop, superseded_by_concept = EXCLUDED.superseded_by_concept, status = EXCLUDED.status, historical_concept_kind = EXCLUDED.historical_concept_kind, semantic_category = EXCLUDED.semantic_category, reduced_basis_expression = EXCLUDED.reduced_basis_expression, operator_expression = EXCLUDED.operator_expression, reduction_generation = EXCLUDED.reduction_generation, arc_subject_sort = EXCLUDED.arc_subject_sort, arc_label_sort = EXCLUDED.arc_label_sort, arc_target_sort = EXCLUDED.arc_target_sort, arc_signature = EXCLUDED.arc_signature, recoverability_expression = EXCLUDED.recoverability_expression, is_recoverable_from_current_basis = EXCLUDED.is_recoverable_from_current_basis, rewrite_mode = EXCLUDED.rewrite_mode, rewrite_polarity = EXCLUDED.rewrite_polarity;

INSERT INTO tsp_concept_registry (tsp_concept_id, display_name, concept_kind, basis_expression, arity, source_tables, introduced_by_loop, superseded_by_concept, status, historical_concept_kind, semantic_category, reduced_basis_expression, operator_expression, reduction_generation, arc_subject_sort, arc_label_sort, arc_target_sort, arc_signature, recoverability_expression, is_recoverable_from_current_basis, rewrite_mode, rewrite_polarity)
VALUES ('coined-commitment-lattice', 'Commitment Lattice', 'COINED_PREDICATE', 'COMMITMENT(Edge,Rank,Polarity,Scope)+PROVENANCE', 2, 'TSPEdgeStates,TSPConstraintDecisions', 'tsp-loop-599', NULL, 'ACTIVE_DERIVED', 'COINED_PREDICATE', 'DERIVED', 'SEMANTIC_ARC(Edge,Rank,Polarity,Scope)+SEMANTIC_ARC', 'WARRANTED_REWRITE', 1, 'COMPOSED_SUBJECT', 'COMPOSED', 'COMPOSED_TARGET', 'COMPOSITION_OF_TYPED_SEMANTIC_ARCS', 'PROJECT_coined-commitment-lattice_FROM_SEMANTIC_ARC_AND_ACTIVE_OPERATORS', TRUE, 'COMPOSED_DERIVATION', 'MIXED') ON CONFLICT (tsp_concept_id) DO UPDATE SET display_name = EXCLUDED.display_name, concept_kind = EXCLUDED.concept_kind, basis_expression = EXCLUDED.basis_expression, arity = EXCLUDED.arity, source_tables = EXCLUDED.source_tables, introduced_by_loop = EXCLUDED.introduced_by_loop, superseded_by_concept = EXCLUDED.superseded_by_concept, status = EXCLUDED.status, historical_concept_kind = EXCLUDED.historical_concept_kind, semantic_category = EXCLUDED.semantic_category, reduced_basis_expression = EXCLUDED.reduced_basis_expression, operator_expression = EXCLUDED.operator_expression, reduction_generation = EXCLUDED.reduction_generation, arc_subject_sort = EXCLUDED.arc_subject_sort, arc_label_sort = EXCLUDED.arc_label_sort, arc_target_sort = EXCLUDED.arc_target_sort, arc_signature = EXCLUDED.arc_signature, recoverability_expression = EXCLUDED.recoverability_expression, is_recoverable_from_current_basis = EXCLUDED.is_recoverable_from_current_basis, rewrite_mode = EXCLUDED.rewrite_mode, rewrite_polarity = EXCLUDED.rewrite_polarity;

INSERT INTO tsp_concept_registry (tsp_concept_id, display_name, concept_kind, basis_expression, arity, source_tables, introduced_by_loop, superseded_by_concept, status, historical_concept_kind, semantic_category, reduced_basis_expression, operator_expression, reduction_generation, arc_subject_sort, arc_label_sort, arc_target_sort, arc_signature, recoverability_expression, is_recoverable_from_current_basis, rewrite_mode, rewrite_polarity)
VALUES ('coined-incidence-budget', 'Incidence Budget', 'COINED_PREDICATE', 'CARDINALITY(INCIDENCE(CommittedEdge,Stop))', 2, 'LocalDegreeBounds,TourStops,TSPEdgeSetStopDegrees,TSPConstraintDecisions', 'tsp-loop-600', NULL, 'ACTIVE_DERIVED', 'COINED_PREDICATE', 'DERIVED', 'SEMANTIC_ARC(SEMANTIC_ARC(CommittedEdge,Stop))', 'WARRANTED_REWRITE', 1, 'COMPOSED_SUBJECT', 'COMPOSED', 'COMPOSED_TARGET', 'COMPOSITION_OF_TYPED_SEMANTIC_ARCS', 'PROJECT_coined-incidence-budget_FROM_SEMANTIC_ARC_AND_ACTIVE_OPERATORS', TRUE, 'COMPOSED_DERIVATION', 'MIXED') ON CONFLICT (tsp_concept_id) DO UPDATE SET display_name = EXCLUDED.display_name, concept_kind = EXCLUDED.concept_kind, basis_expression = EXCLUDED.basis_expression, arity = EXCLUDED.arity, source_tables = EXCLUDED.source_tables, introduced_by_loop = EXCLUDED.introduced_by_loop, superseded_by_concept = EXCLUDED.superseded_by_concept, status = EXCLUDED.status, historical_concept_kind = EXCLUDED.historical_concept_kind, semantic_category = EXCLUDED.semantic_category, reduced_basis_expression = EXCLUDED.reduced_basis_expression, operator_expression = EXCLUDED.operator_expression, reduction_generation = EXCLUDED.reduction_generation, arc_subject_sort = EXCLUDED.arc_subject_sort, arc_label_sort = EXCLUDED.arc_label_sort, arc_target_sort = EXCLUDED.arc_target_sort, arc_signature = EXCLUDED.arc_signature, recoverability_expression = EXCLUDED.recoverability_expression, is_recoverable_from_current_basis = EXCLUDED.is_recoverable_from_current_basis, rewrite_mode = EXCLUDED.rewrite_mode, rewrite_polarity = EXCLUDED.rewrite_polarity;

INSERT INTO tsp_concept_registry (tsp_concept_id, display_name, concept_kind, basis_expression, arity, source_tables, introduced_by_loop, superseded_by_concept, status, historical_concept_kind, semantic_category, reduced_basis_expression, operator_expression, reduction_generation, arc_subject_sort, arc_label_sort, arc_target_sort, arc_signature, recoverability_expression, is_recoverable_from_current_basis, rewrite_mode, rewrite_polarity)
VALUES ('coined-defect-vector', 'Defect Vector', 'COINED_PREDICATE', 'CARDINALITY(INCIDENCE_DEFECT,CONNECTIVITY_DEFECT,BOUNDARY_DEFECT)+WEIGHT(COST_GAP)', 1, 'TSPDefectProfiles', 'tsp-loop-601', NULL, 'ACTIVE_DERIVED', 'COINED_PREDICATE', 'DERIVED', 'SEMANTIC_ARC(SEMANTIC_ARC_DEFECT,WARRANTED_REWRITE(SEMANTIC_ARC)_DEFECT,BOUNDARY_DEFECT)+SEMANTIC_ARC(COST_GAP)', 'WARRANTED_REWRITE+WARRANTED_REWRITE', 1, 'COMPOSED_SUBJECT', 'COMPOSED', 'COMPOSED_TARGET', 'COMPOSITION_OF_TYPED_SEMANTIC_ARCS', 'PROJECT_coined-defect-vector_FROM_SEMANTIC_ARC_AND_ACTIVE_OPERATORS', TRUE, NULL, NULL) ON CONFLICT (tsp_concept_id) DO UPDATE SET display_name = EXCLUDED.display_name, concept_kind = EXCLUDED.concept_kind, basis_expression = EXCLUDED.basis_expression, arity = EXCLUDED.arity, source_tables = EXCLUDED.source_tables, introduced_by_loop = EXCLUDED.introduced_by_loop, superseded_by_concept = EXCLUDED.superseded_by_concept, status = EXCLUDED.status, historical_concept_kind = EXCLUDED.historical_concept_kind, semantic_category = EXCLUDED.semantic_category, reduced_basis_expression = EXCLUDED.reduced_basis_expression, operator_expression = EXCLUDED.operator_expression, reduction_generation = EXCLUDED.reduction_generation, arc_subject_sort = EXCLUDED.arc_subject_sort, arc_label_sort = EXCLUDED.arc_label_sort, arc_target_sort = EXCLUDED.arc_target_sort, arc_signature = EXCLUDED.arc_signature, recoverability_expression = EXCLUDED.recoverability_expression, is_recoverable_from_current_basis = EXCLUDED.is_recoverable_from_current_basis, rewrite_mode = EXCLUDED.rewrite_mode, rewrite_polarity = EXCLUDED.rewrite_polarity;

INSERT INTO tsp_concept_registry (tsp_concept_id, display_name, concept_kind, basis_expression, arity, source_tables, introduced_by_loop, superseded_by_concept, status, historical_concept_kind, semantic_category, reduced_basis_expression, operator_expression, reduction_generation, arc_subject_sort, arc_label_sort, arc_target_sort, arc_signature, recoverability_expression, is_recoverable_from_current_basis, rewrite_mode, rewrite_polarity)
VALUES ('coined-cut-parity', 'Cut Parity', 'COINED_PREDICATE', 'CARDINALITY(INCIDENCE(CycleEdge,Cut)) + CONNECTIVITY', 2, 'TSPBoundTerms,TSPDefectProfiles', 'tsp-loop-602', NULL, 'ACTIVE_DERIVED', 'COINED_PREDICATE', 'DERIVED', 'SEMANTIC_ARC(SEMANTIC_ARC(CycleEdge,Cut)) + WARRANTED_REWRITE(SEMANTIC_ARC)', 'WARRANTED_REWRITE+WARRANTED_REWRITE', 1, 'COMPOSED_SUBJECT', 'COMPOSED', 'COMPOSED_TARGET', 'COMPOSITION_OF_TYPED_SEMANTIC_ARCS', 'PROJECT_coined-cut-parity_FROM_SEMANTIC_ARC_AND_ACTIVE_OPERATORS', TRUE, NULL, NULL) ON CONFLICT (tsp_concept_id) DO UPDATE SET display_name = EXCLUDED.display_name, concept_kind = EXCLUDED.concept_kind, basis_expression = EXCLUDED.basis_expression, arity = EXCLUDED.arity, source_tables = EXCLUDED.source_tables, introduced_by_loop = EXCLUDED.introduced_by_loop, superseded_by_concept = EXCLUDED.superseded_by_concept, status = EXCLUDED.status, historical_concept_kind = EXCLUDED.historical_concept_kind, semantic_category = EXCLUDED.semantic_category, reduced_basis_expression = EXCLUDED.reduced_basis_expression, operator_expression = EXCLUDED.operator_expression, reduction_generation = EXCLUDED.reduction_generation, arc_subject_sort = EXCLUDED.arc_subject_sort, arc_label_sort = EXCLUDED.arc_label_sort, arc_target_sort = EXCLUDED.arc_target_sort, arc_signature = EXCLUDED.arc_signature, recoverability_expression = EXCLUDED.recoverability_expression, is_recoverable_from_current_basis = EXCLUDED.is_recoverable_from_current_basis, rewrite_mode = EXCLUDED.rewrite_mode, rewrite_polarity = EXCLUDED.rewrite_polarity;

INSERT INTO tsp_concept_registry (tsp_concept_id, display_name, concept_kind, basis_expression, arity, source_tables, introduced_by_loop, superseded_by_concept, status, historical_concept_kind, semantic_category, reduced_basis_expression, operator_expression, reduction_generation, arc_subject_sort, arc_label_sort, arc_target_sort, arc_signature, recoverability_expression, is_recoverable_from_current_basis, rewrite_mode, rewrite_polarity)
VALUES ('coined-component-repair-bound', 'Component Repair Bound', 'COINED_PREDICATE', 'WEIGHT(Base)+WEIGHT(MandatoryInsertions)-WEIGHT(NecessaryReleases)+CONNECTIVITY', 1, 'TSPBoundTerms,InstanceLowerBounds,TSPDefectProfiles', 'tsp-loop-603', NULL, 'ACTIVE_DERIVED', 'COINED_PREDICATE', 'DERIVED', 'SEMANTIC_ARC(Base)+SEMANTIC_ARC(MandatoryInsertions)-SEMANTIC_ARC(NecessaryReleases)+WARRANTED_REWRITE(SEMANTIC_ARC)', 'WARRANTED_REWRITE+WARRANTED_REWRITE', 1, 'COMPOSED_SUBJECT', 'COMPOSED', 'COMPOSED_TARGET', 'COMPOSITION_OF_TYPED_SEMANTIC_ARCS', 'PROJECT_coined-component-repair-bound_FROM_SEMANTIC_ARC_AND_ACTIVE_OPERATORS', TRUE, NULL, NULL) ON CONFLICT (tsp_concept_id) DO UPDATE SET display_name = EXCLUDED.display_name, concept_kind = EXCLUDED.concept_kind, basis_expression = EXCLUDED.basis_expression, arity = EXCLUDED.arity, source_tables = EXCLUDED.source_tables, introduced_by_loop = EXCLUDED.introduced_by_loop, superseded_by_concept = EXCLUDED.superseded_by_concept, status = EXCLUDED.status, historical_concept_kind = EXCLUDED.historical_concept_kind, semantic_category = EXCLUDED.semantic_category, reduced_basis_expression = EXCLUDED.reduced_basis_expression, operator_expression = EXCLUDED.operator_expression, reduction_generation = EXCLUDED.reduction_generation, arc_subject_sort = EXCLUDED.arc_subject_sort, arc_label_sort = EXCLUDED.arc_label_sort, arc_target_sort = EXCLUDED.arc_target_sort, arc_signature = EXCLUDED.arc_signature, recoverability_expression = EXCLUDED.recoverability_expression, is_recoverable_from_current_basis = EXCLUDED.is_recoverable_from_current_basis, rewrite_mode = EXCLUDED.rewrite_mode, rewrite_polarity = EXCLUDED.rewrite_polarity;

INSERT INTO tsp_concept_registry (tsp_concept_id, display_name, concept_kind, basis_expression, arity, source_tables, introduced_by_loop, superseded_by_concept, status, historical_concept_kind, semantic_category, reduced_basis_expression, operator_expression, reduction_generation, arc_subject_sort, arc_label_sort, arc_target_sort, arc_signature, recoverability_expression, is_recoverable_from_current_basis, rewrite_mode, rewrite_polarity)
VALUES ('coined-bound-sandwich', 'Bound Sandwich', 'COINED_PREDICATE', 'WEIGHT(Lower)<=WEIGHT(Witness)<=WEIGHT(Upper)+PROVENANCE', 1, 'InstanceLowerBounds,CandidateTours,OptimalityCertificates', 'tsp-loop-604', NULL, 'ACTIVE_DERIVED', 'COINED_PREDICATE', 'DERIVED', 'SEMANTIC_ARC(Lower)<=SEMANTIC_ARC(Witness)<=SEMANTIC_ARC(Upper)+SEMANTIC_ARC', 'WARRANTED_REWRITE', 1, 'COMPOSED_SUBJECT', 'COMPOSED', 'COMPOSED_TARGET', 'COMPOSITION_OF_TYPED_SEMANTIC_ARCS', 'PROJECT_coined-bound-sandwich_FROM_SEMANTIC_ARC_AND_ACTIVE_OPERATORS', TRUE, 'COMPOSED_DERIVATION', 'MIXED') ON CONFLICT (tsp_concept_id) DO UPDATE SET display_name = EXCLUDED.display_name, concept_kind = EXCLUDED.concept_kind, basis_expression = EXCLUDED.basis_expression, arity = EXCLUDED.arity, source_tables = EXCLUDED.source_tables, introduced_by_loop = EXCLUDED.introduced_by_loop, superseded_by_concept = EXCLUDED.superseded_by_concept, status = EXCLUDED.status, historical_concept_kind = EXCLUDED.historical_concept_kind, semantic_category = EXCLUDED.semantic_category, reduced_basis_expression = EXCLUDED.reduced_basis_expression, operator_expression = EXCLUDED.operator_expression, reduction_generation = EXCLUDED.reduction_generation, arc_subject_sort = EXCLUDED.arc_subject_sort, arc_label_sort = EXCLUDED.arc_label_sort, arc_target_sort = EXCLUDED.arc_target_sort, arc_signature = EXCLUDED.arc_signature, recoverability_expression = EXCLUDED.recoverability_expression, is_recoverable_from_current_basis = EXCLUDED.is_recoverable_from_current_basis, rewrite_mode = EXCLUDED.rewrite_mode, rewrite_polarity = EXCLUDED.rewrite_polarity;

INSERT INTO tsp_concept_registry (tsp_concept_id, display_name, concept_kind, basis_expression, arity, source_tables, introduced_by_loop, superseded_by_concept, status, historical_concept_kind, semantic_category, reduced_basis_expression, operator_expression, reduction_generation, arc_subject_sort, arc_label_sort, arc_target_sort, arc_signature, recoverability_expression, is_recoverable_from_current_basis, rewrite_mode, rewrite_polarity)
VALUES ('coined-witness-normal-form', 'Witness Normal Form', 'COINED_PREDICATE', 'MEMBERSHIP+INCIDENCE+CARDINALITY+ORDER+WEIGHT+CONNECTIVITY+PROVENANCE', 1, 'CandidateTours,TSPRouteReconstructions,TSPClusterBoundaryStates,TSPWitnessNormalForms', 'tsp-loop-605', NULL, 'ACTIVE_DERIVED', 'COINED_PREDICATE', 'DERIVED', 'SEMANTIC_ARC+SEMANTIC_ARC+SEMANTIC_ARC+SEMANTIC_ARC+SEMANTIC_ARC+WARRANTED_REWRITE(SEMANTIC_ARC)+SEMANTIC_ARC', 'WARRANTED_REWRITE+WARRANTED_REWRITE', 1, 'COMPOSED_SUBJECT', 'COMPOSED', 'COMPOSED_TARGET', 'COMPOSITION_OF_TYPED_SEMANTIC_ARCS', 'PROJECT_coined-witness-normal-form_FROM_SEMANTIC_ARC_AND_ACTIVE_OPERATORS', TRUE, NULL, NULL) ON CONFLICT (tsp_concept_id) DO UPDATE SET display_name = EXCLUDED.display_name, concept_kind = EXCLUDED.concept_kind, basis_expression = EXCLUDED.basis_expression, arity = EXCLUDED.arity, source_tables = EXCLUDED.source_tables, introduced_by_loop = EXCLUDED.introduced_by_loop, superseded_by_concept = EXCLUDED.superseded_by_concept, status = EXCLUDED.status, historical_concept_kind = EXCLUDED.historical_concept_kind, semantic_category = EXCLUDED.semantic_category, reduced_basis_expression = EXCLUDED.reduced_basis_expression, operator_expression = EXCLUDED.operator_expression, reduction_generation = EXCLUDED.reduction_generation, arc_subject_sort = EXCLUDED.arc_subject_sort, arc_label_sort = EXCLUDED.arc_label_sort, arc_target_sort = EXCLUDED.arc_target_sort, arc_signature = EXCLUDED.arc_signature, recoverability_expression = EXCLUDED.recoverability_expression, is_recoverable_from_current_basis = EXCLUDED.is_recoverable_from_current_basis, rewrite_mode = EXCLUDED.rewrite_mode, rewrite_polarity = EXCLUDED.rewrite_polarity;

INSERT INTO tsp_concept_registry (tsp_concept_id, display_name, concept_kind, basis_expression, arity, source_tables, introduced_by_loop, superseded_by_concept, status, historical_concept_kind, semantic_category, reduced_basis_expression, operator_expression, reduction_generation, arc_subject_sort, arc_label_sort, arc_target_sort, arc_signature, recoverability_expression, is_recoverable_from_current_basis, rewrite_mode, rewrite_polarity)
VALUES ('coined-boundary-signature', 'Boundary Signature', 'COINED_PREDICATE', 'MEMBERSHIP(Scope)+ORDER(Entry,Exit)+CARDINALITY(Coverage)+WEIGHT(Path)', 1, 'TSPClusterBoundaryStates,TSPWitnessNormalForms', 'tsp-loop-606', NULL, 'ACTIVE_DERIVED', 'COINED_PREDICATE', 'DERIVED', 'WARRANTED_REWRITE(SEMANTIC_ARC,SEMANTIC_ARC,SEMANTIC_ARC)', 'WARRANTED_REWRITE+WARRANTED_REWRITE', 1, 'COMPOSED_SUBJECT', 'COMPOSED', 'COMPOSED_TARGET', 'COMPOSITION_OF_TYPED_SEMANTIC_ARCS', 'PROJECT_coined-boundary-signature_FROM_SEMANTIC_ARC_AND_ACTIVE_OPERATORS', TRUE, NULL, NULL) ON CONFLICT (tsp_concept_id) DO UPDATE SET display_name = EXCLUDED.display_name, concept_kind = EXCLUDED.concept_kind, basis_expression = EXCLUDED.basis_expression, arity = EXCLUDED.arity, source_tables = EXCLUDED.source_tables, introduced_by_loop = EXCLUDED.introduced_by_loop, superseded_by_concept = EXCLUDED.superseded_by_concept, status = EXCLUDED.status, historical_concept_kind = EXCLUDED.historical_concept_kind, semantic_category = EXCLUDED.semantic_category, reduced_basis_expression = EXCLUDED.reduced_basis_expression, operator_expression = EXCLUDED.operator_expression, reduction_generation = EXCLUDED.reduction_generation, arc_subject_sort = EXCLUDED.arc_subject_sort, arc_label_sort = EXCLUDED.arc_label_sort, arc_target_sort = EXCLUDED.arc_target_sort, arc_signature = EXCLUDED.arc_signature, recoverability_expression = EXCLUDED.recoverability_expression, is_recoverable_from_current_basis = EXCLUDED.is_recoverable_from_current_basis, rewrite_mode = EXCLUDED.rewrite_mode, rewrite_polarity = EXCLUDED.rewrite_polarity;

INSERT INTO tsp_concept_registry (tsp_concept_id, display_name, concept_kind, basis_expression, arity, source_tables, introduced_by_loop, superseded_by_concept, status, historical_concept_kind, semantic_category, reduced_basis_expression, operator_expression, reduction_generation, arc_subject_sort, arc_label_sort, arc_target_sort, arc_signature, recoverability_expression, is_recoverable_from_current_basis, rewrite_mode, rewrite_polarity)
VALUES ('coined-semantic-quotient', 'Semantic Quotient', 'COINED_PREDICATE', 'PROVENANCE(Equivalence)+CARDINALITY(Classes)+BOUNDARY_SIGNATURE', 1, 'TSPClusterBoundaryStates,TSPClusterContractionCertificates', 'tsp-loop-607', NULL, 'ACTIVE_DERIVED', 'COINED_PREDICATE', 'DERIVED', 'WARRANTED_REWRITE(SEMANTIC_ARC,SEMANTIC_ARC,SEMANTIC_ARC)', 'WARRANTED_REWRITE+WARRANTED_REWRITE', 1, 'COMPOSED_SUBJECT', 'COMPOSED', 'COMPOSED_TARGET', 'COMPOSITION_OF_TYPED_SEMANTIC_ARCS', 'PROJECT_coined-semantic-quotient_FROM_SEMANTIC_ARC_AND_ACTIVE_OPERATORS', TRUE, NULL, NULL) ON CONFLICT (tsp_concept_id) DO UPDATE SET display_name = EXCLUDED.display_name, concept_kind = EXCLUDED.concept_kind, basis_expression = EXCLUDED.basis_expression, arity = EXCLUDED.arity, source_tables = EXCLUDED.source_tables, introduced_by_loop = EXCLUDED.introduced_by_loop, superseded_by_concept = EXCLUDED.superseded_by_concept, status = EXCLUDED.status, historical_concept_kind = EXCLUDED.historical_concept_kind, semantic_category = EXCLUDED.semantic_category, reduced_basis_expression = EXCLUDED.reduced_basis_expression, operator_expression = EXCLUDED.operator_expression, reduction_generation = EXCLUDED.reduction_generation, arc_subject_sort = EXCLUDED.arc_subject_sort, arc_label_sort = EXCLUDED.arc_label_sort, arc_target_sort = EXCLUDED.arc_target_sort, arc_signature = EXCLUDED.arc_signature, recoverability_expression = EXCLUDED.recoverability_expression, is_recoverable_from_current_basis = EXCLUDED.is_recoverable_from_current_basis, rewrite_mode = EXCLUDED.rewrite_mode, rewrite_polarity = EXCLUDED.rewrite_polarity;

INSERT INTO tsp_concept_registry (tsp_concept_id, display_name, concept_kind, basis_expression, arity, source_tables, introduced_by_loop, superseded_by_concept, status, historical_concept_kind, semantic_category, reduced_basis_expression, operator_expression, reduction_generation, arc_subject_sort, arc_label_sort, arc_target_sort, arc_signature, recoverability_expression, is_recoverable_from_current_basis, rewrite_mode, rewrite_polarity)
VALUES ('coined-component-quotient', 'Component Quotient', 'COINED_PREDICATE', 'CONNECTIVITY(Component)+BOUNDARY_SIGNATURE+CARDINALITY(BoundaryDegree)', 1, 'Neighborhoods,TSPDefectProfiles,TSPClusterBoundaryStates', 'tsp-loop-608', NULL, 'ACTIVE_DERIVED', 'COINED_PREDICATE', 'DERIVED', 'WARRANTED_REWRITE(SEMANTIC_ARC,SEMANTIC_ARC,SEMANTIC_ARC)', 'WARRANTED_REWRITE+WARRANTED_REWRITE+WARRANTED_REWRITE', 1, 'COMPOSED_SUBJECT', 'COMPOSED', 'COMPOSED_TARGET', 'COMPOSITION_OF_TYPED_SEMANTIC_ARCS', 'PROJECT_coined-component-quotient_FROM_SEMANTIC_ARC_AND_ACTIVE_OPERATORS', TRUE, NULL, NULL) ON CONFLICT (tsp_concept_id) DO UPDATE SET display_name = EXCLUDED.display_name, concept_kind = EXCLUDED.concept_kind, basis_expression = EXCLUDED.basis_expression, arity = EXCLUDED.arity, source_tables = EXCLUDED.source_tables, introduced_by_loop = EXCLUDED.introduced_by_loop, superseded_by_concept = EXCLUDED.superseded_by_concept, status = EXCLUDED.status, historical_concept_kind = EXCLUDED.historical_concept_kind, semantic_category = EXCLUDED.semantic_category, reduced_basis_expression = EXCLUDED.reduced_basis_expression, operator_expression = EXCLUDED.operator_expression, reduction_generation = EXCLUDED.reduction_generation, arc_subject_sort = EXCLUDED.arc_subject_sort, arc_label_sort = EXCLUDED.arc_label_sort, arc_target_sort = EXCLUDED.arc_target_sort, arc_signature = EXCLUDED.arc_signature, recoverability_expression = EXCLUDED.recoverability_expression, is_recoverable_from_current_basis = EXCLUDED.is_recoverable_from_current_basis, rewrite_mode = EXCLUDED.rewrite_mode, rewrite_polarity = EXCLUDED.rewrite_polarity;

INSERT INTO tsp_concept_registry (tsp_concept_id, display_name, concept_kind, basis_expression, arity, source_tables, introduced_by_loop, superseded_by_concept, status, historical_concept_kind, semantic_category, reduced_basis_expression, operator_expression, reduction_generation, arc_subject_sort, arc_label_sort, arc_target_sort, arc_signature, recoverability_expression, is_recoverable_from_current_basis, rewrite_mode, rewrite_polarity)
VALUES ('coined-closure-event', 'Closure Event', 'COINED_PREDICATE', 'PROVENANCE(Rule,Input,Output)+COMMITMENT(Decisions)+CARDINALITY(Antecedents)', 1, 'TSPInferenceApplications,TSPInferenceStates,TSPInferenceAntecedents,TSPEdgeSupports,TSPConstraintRounds,TSPConstraintDecisions', 'tsp-loop-609', NULL, 'ACTIVE_DERIVED', 'COINED_PREDICATE', 'DERIVED', 'WARRANTED_REWRITE(SEMANTIC_ARC,SEMANTIC_ARC,SEMANTIC_ARC)', 'WARRANTED_REWRITE+WARRANTED_REWRITE', 1, 'COMPOSED_SUBJECT', 'COMPOSED', 'COMPOSED_TARGET', 'COMPOSITION_OF_TYPED_SEMANTIC_ARCS', 'PROJECT_coined-closure-event_FROM_SEMANTIC_ARC_AND_ACTIVE_OPERATORS', TRUE, NULL, NULL) ON CONFLICT (tsp_concept_id) DO UPDATE SET display_name = EXCLUDED.display_name, concept_kind = EXCLUDED.concept_kind, basis_expression = EXCLUDED.basis_expression, arity = EXCLUDED.arity, source_tables = EXCLUDED.source_tables, introduced_by_loop = EXCLUDED.introduced_by_loop, superseded_by_concept = EXCLUDED.superseded_by_concept, status = EXCLUDED.status, historical_concept_kind = EXCLUDED.historical_concept_kind, semantic_category = EXCLUDED.semantic_category, reduced_basis_expression = EXCLUDED.reduced_basis_expression, operator_expression = EXCLUDED.operator_expression, reduction_generation = EXCLUDED.reduction_generation, arc_subject_sort = EXCLUDED.arc_subject_sort, arc_label_sort = EXCLUDED.arc_label_sort, arc_target_sort = EXCLUDED.arc_target_sort, arc_signature = EXCLUDED.arc_signature, recoverability_expression = EXCLUDED.recoverability_expression, is_recoverable_from_current_basis = EXCLUDED.is_recoverable_from_current_basis, rewrite_mode = EXCLUDED.rewrite_mode, rewrite_polarity = EXCLUDED.rewrite_polarity;

INSERT INTO tsp_concept_registry (tsp_concept_id, display_name, concept_kind, basis_expression, arity, source_tables, introduced_by_loop, superseded_by_concept, status, historical_concept_kind, semantic_category, reduced_basis_expression, operator_expression, reduction_generation, arc_subject_sort, arc_label_sort, arc_target_sort, arc_signature, recoverability_expression, is_recoverable_from_current_basis, rewrite_mode, rewrite_polarity)
VALUES ('coined-convergence-event', 'Convergence Event', 'COINED_PREDICATE', 'PROVENANCE(BasisStability)+CARDINALITY(Compression,CoinedTerms,PhysicalGrowth)', 1, 'TSPConvergenceMeasurements,TSPConceptRegistry', 'tsp-loop-610', NULL, 'ACTIVE_DERIVED', 'COINED_PREDICATE', 'DERIVED', 'SEMANTIC_ARC(BasisStability)+SEMANTIC_ARC(Compression,CoinedTerms,PhysicalGrowth)', 'WARRANTED_REWRITE', 1, 'COMPOSED_SUBJECT', 'COMPOSED', 'COMPOSED_TARGET', 'COMPOSITION_OF_TYPED_SEMANTIC_ARCS', 'PROJECT_coined-convergence-event_FROM_SEMANTIC_ARC_AND_ACTIVE_OPERATORS', TRUE, 'COMPOSED_DERIVATION', 'MIXED') ON CONFLICT (tsp_concept_id) DO UPDATE SET display_name = EXCLUDED.display_name, concept_kind = EXCLUDED.concept_kind, basis_expression = EXCLUDED.basis_expression, arity = EXCLUDED.arity, source_tables = EXCLUDED.source_tables, introduced_by_loop = EXCLUDED.introduced_by_loop, superseded_by_concept = EXCLUDED.superseded_by_concept, status = EXCLUDED.status, historical_concept_kind = EXCLUDED.historical_concept_kind, semantic_category = EXCLUDED.semantic_category, reduced_basis_expression = EXCLUDED.reduced_basis_expression, operator_expression = EXCLUDED.operator_expression, reduction_generation = EXCLUDED.reduction_generation, arc_subject_sort = EXCLUDED.arc_subject_sort, arc_label_sort = EXCLUDED.arc_label_sort, arc_target_sort = EXCLUDED.arc_target_sort, arc_signature = EXCLUDED.arc_signature, recoverability_expression = EXCLUDED.recoverability_expression, is_recoverable_from_current_basis = EXCLUDED.is_recoverable_from_current_basis, rewrite_mode = EXCLUDED.rewrite_mode, rewrite_polarity = EXCLUDED.rewrite_polarity;

INSERT INTO tsp_concept_registry (tsp_concept_id, display_name, concept_kind, basis_expression, arity, source_tables, introduced_by_loop, superseded_by_concept, status, historical_concept_kind, semantic_category, reduced_basis_expression, operator_expression, reduction_generation, arc_subject_sort, arc_label_sort, arc_target_sort, arc_signature, recoverability_expression, is_recoverable_from_current_basis, rewrite_mode, rewrite_polarity)
VALUES ('coined-predicate-operator-split', 'Predicate–Operator Split', 'COINED_PREDICATE', 'WARRANT(Classification)+VALUATION(BasisCardinality)', 1, 'TSPConceptRegistry,TSPConvergenceMeasurements', 'tsp-loop-611', NULL, 'ACTIVE_DERIVED', 'COINED_PREDICATE', 'DERIVED', 'SEMANTIC_ARC(Classification)+SEMANTIC_ARC(BasisCardinality)', '', 2, 'COMPOSED_SUBJECT', 'COMPOSED', 'COMPOSED_TARGET', 'COMPOSITION_OF_TYPED_SEMANTIC_ARCS', 'PROJECT_coined-predicate-operator-split_FROM_SEMANTIC_ARC_AND_ACTIVE_OPERATORS', TRUE, NULL, NULL) ON CONFLICT (tsp_concept_id) DO UPDATE SET display_name = EXCLUDED.display_name, concept_kind = EXCLUDED.concept_kind, basis_expression = EXCLUDED.basis_expression, arity = EXCLUDED.arity, source_tables = EXCLUDED.source_tables, introduced_by_loop = EXCLUDED.introduced_by_loop, superseded_by_concept = EXCLUDED.superseded_by_concept, status = EXCLUDED.status, historical_concept_kind = EXCLUDED.historical_concept_kind, semantic_category = EXCLUDED.semantic_category, reduced_basis_expression = EXCLUDED.reduced_basis_expression, operator_expression = EXCLUDED.operator_expression, reduction_generation = EXCLUDED.reduction_generation, arc_subject_sort = EXCLUDED.arc_subject_sort, arc_label_sort = EXCLUDED.arc_label_sort, arc_target_sort = EXCLUDED.arc_target_sort, arc_signature = EXCLUDED.arc_signature, recoverability_expression = EXCLUDED.recoverability_expression, is_recoverable_from_current_basis = EXCLUDED.is_recoverable_from_current_basis, rewrite_mode = EXCLUDED.rewrite_mode, rewrite_polarity = EXCLUDED.rewrite_polarity;

INSERT INTO tsp_concept_registry (tsp_concept_id, display_name, concept_kind, basis_expression, arity, source_tables, introduced_by_loop, superseded_by_concept, status, historical_concept_kind, semantic_category, reduced_basis_expression, operator_expression, reduction_generation, arc_subject_sort, arc_label_sort, arc_target_sort, arc_signature, recoverability_expression, is_recoverable_from_current_basis, rewrite_mode, rewrite_polarity)
VALUES ('concept-attachment', 'Attachment', 'HISTORICAL_PRIMITIVE', 'ATTACHMENT(subject,object,role)', 3, 'Cities,Neighborhoods,Addresses,InstanceStops,TravelEdges,TourStops,TSPClusterBoundaryStates', 'tsp-loop-612', 'concept-semantic-arc', 'REDUCED_TO_SEMANTIC_ARC', 'PRIMITIVE', 'HISTORICAL', 'SEMANTIC_ARC(subject,ROLE:role,ENTITY:object)', '', 3, 'ENTITY_OR_WITNESS', 'ROLE', 'ENTITY_OR_SCOPE', 'SEMANTIC_ARC(subject,ROLE:role,ENTITY:object)', 'FILTER_SEMANTIC_ARC(label_sort=ROLE,target_sort=ENTITY_OR_SCOPE)', TRUE, NULL, NULL) ON CONFLICT (tsp_concept_id) DO UPDATE SET display_name = EXCLUDED.display_name, concept_kind = EXCLUDED.concept_kind, basis_expression = EXCLUDED.basis_expression, arity = EXCLUDED.arity, source_tables = EXCLUDED.source_tables, introduced_by_loop = EXCLUDED.introduced_by_loop, superseded_by_concept = EXCLUDED.superseded_by_concept, status = EXCLUDED.status, historical_concept_kind = EXCLUDED.historical_concept_kind, semantic_category = EXCLUDED.semantic_category, reduced_basis_expression = EXCLUDED.reduced_basis_expression, operator_expression = EXCLUDED.operator_expression, reduction_generation = EXCLUDED.reduction_generation, arc_subject_sort = EXCLUDED.arc_subject_sort, arc_label_sort = EXCLUDED.arc_label_sort, arc_target_sort = EXCLUDED.arc_target_sort, arc_signature = EXCLUDED.arc_signature, recoverability_expression = EXCLUDED.recoverability_expression, is_recoverable_from_current_basis = EXCLUDED.is_recoverable_from_current_basis, rewrite_mode = EXCLUDED.rewrite_mode, rewrite_polarity = EXCLUDED.rewrite_polarity;

INSERT INTO tsp_concept_registry (tsp_concept_id, display_name, concept_kind, basis_expression, arity, source_tables, introduced_by_loop, superseded_by_concept, status, historical_concept_kind, semantic_category, reduced_basis_expression, operator_expression, reduction_generation, arc_subject_sort, arc_label_sort, arc_target_sort, arc_signature, recoverability_expression, is_recoverable_from_current_basis, rewrite_mode, rewrite_polarity)
VALUES ('coined-attachment-atom', 'Attachment Atom', 'COINED_PREDICATE', 'ATTACHMENT(subject,object,role)+WARRANT(role)', 1, 'TSPConceptRegistry', 'tsp-loop-612', NULL, 'ACTIVE_DERIVED', 'COINED_PREDICATE', 'DERIVED', 'SEMANTIC_ARC(subject,object,role)+SEMANTIC_ARC(role)', '', 2, 'COMPOSED_SUBJECT', 'COMPOSED', 'COMPOSED_TARGET', 'COMPOSITION_OF_TYPED_SEMANTIC_ARCS', 'PROJECT_coined-attachment-atom_FROM_SEMANTIC_ARC_AND_ACTIVE_OPERATORS', TRUE, NULL, NULL) ON CONFLICT (tsp_concept_id) DO UPDATE SET display_name = EXCLUDED.display_name, concept_kind = EXCLUDED.concept_kind, basis_expression = EXCLUDED.basis_expression, arity = EXCLUDED.arity, source_tables = EXCLUDED.source_tables, introduced_by_loop = EXCLUDED.introduced_by_loop, superseded_by_concept = EXCLUDED.superseded_by_concept, status = EXCLUDED.status, historical_concept_kind = EXCLUDED.historical_concept_kind, semantic_category = EXCLUDED.semantic_category, reduced_basis_expression = EXCLUDED.reduced_basis_expression, operator_expression = EXCLUDED.operator_expression, reduction_generation = EXCLUDED.reduction_generation, arc_subject_sort = EXCLUDED.arc_subject_sort, arc_label_sort = EXCLUDED.arc_label_sort, arc_target_sort = EXCLUDED.arc_target_sort, arc_signature = EXCLUDED.arc_signature, recoverability_expression = EXCLUDED.recoverability_expression, is_recoverable_from_current_basis = EXCLUDED.is_recoverable_from_current_basis, rewrite_mode = EXCLUDED.rewrite_mode, rewrite_polarity = EXCLUDED.rewrite_polarity;

INSERT INTO tsp_concept_registry (tsp_concept_id, display_name, concept_kind, basis_expression, arity, source_tables, introduced_by_loop, superseded_by_concept, status, historical_concept_kind, semantic_category, reduced_basis_expression, operator_expression, reduction_generation, arc_subject_sort, arc_label_sort, arc_target_sort, arc_signature, recoverability_expression, is_recoverable_from_current_basis, rewrite_mode, rewrite_polarity)
VALUES ('concept-valuation', 'Valuation', 'HISTORICAL_PRIMITIVE', 'VALUATION(subject,measure,value)', 3, 'TravelEdges,TourStops,LocalDegreeBounds,InstanceLowerBounds,TSPBoundTerms,TSPConvergenceMeasurements', 'tsp-loop-613', 'concept-semantic-arc', 'REDUCED_TO_SEMANTIC_ARC', 'PRIMITIVE', 'HISTORICAL', 'SEMANTIC_ARC(subject,MEASURE:measure,SCALAR:value)', '', 3, 'ENTITY_OR_WITNESS', 'MEASURE', 'SCALAR_OR_ORDINAL', 'SEMANTIC_ARC(subject,MEASURE:measure,SCALAR:value)', 'FILTER_SEMANTIC_ARC(label_sort=MEASURE,target_sort=SCALAR_OR_ORDINAL)', TRUE, NULL, NULL) ON CONFLICT (tsp_concept_id) DO UPDATE SET display_name = EXCLUDED.display_name, concept_kind = EXCLUDED.concept_kind, basis_expression = EXCLUDED.basis_expression, arity = EXCLUDED.arity, source_tables = EXCLUDED.source_tables, introduced_by_loop = EXCLUDED.introduced_by_loop, superseded_by_concept = EXCLUDED.superseded_by_concept, status = EXCLUDED.status, historical_concept_kind = EXCLUDED.historical_concept_kind, semantic_category = EXCLUDED.semantic_category, reduced_basis_expression = EXCLUDED.reduced_basis_expression, operator_expression = EXCLUDED.operator_expression, reduction_generation = EXCLUDED.reduction_generation, arc_subject_sort = EXCLUDED.arc_subject_sort, arc_label_sort = EXCLUDED.arc_label_sort, arc_target_sort = EXCLUDED.arc_target_sort, arc_signature = EXCLUDED.arc_signature, recoverability_expression = EXCLUDED.recoverability_expression, is_recoverable_from_current_basis = EXCLUDED.is_recoverable_from_current_basis, rewrite_mode = EXCLUDED.rewrite_mode, rewrite_polarity = EXCLUDED.rewrite_polarity;

INSERT INTO tsp_concept_registry (tsp_concept_id, display_name, concept_kind, basis_expression, arity, source_tables, introduced_by_loop, superseded_by_concept, status, historical_concept_kind, semantic_category, reduced_basis_expression, operator_expression, reduction_generation, arc_subject_sort, arc_label_sort, arc_target_sort, arc_signature, recoverability_expression, is_recoverable_from_current_basis, rewrite_mode, rewrite_polarity)
VALUES ('coined-valuation-atom', 'Valuation Atom', 'COINED_PREDICATE', 'VALUATION(subject,measure,value)+WARRANT(measure)', 1, 'TSPConceptRegistry', 'tsp-loop-613', NULL, 'ACTIVE_DERIVED', 'COINED_PREDICATE', 'DERIVED', 'SEMANTIC_ARC(subject,measure,value)+SEMANTIC_ARC(measure)', '', 2, 'COMPOSED_SUBJECT', 'COMPOSED', 'COMPOSED_TARGET', 'COMPOSITION_OF_TYPED_SEMANTIC_ARCS', 'PROJECT_coined-valuation-atom_FROM_SEMANTIC_ARC_AND_ACTIVE_OPERATORS', TRUE, NULL, NULL) ON CONFLICT (tsp_concept_id) DO UPDATE SET display_name = EXCLUDED.display_name, concept_kind = EXCLUDED.concept_kind, basis_expression = EXCLUDED.basis_expression, arity = EXCLUDED.arity, source_tables = EXCLUDED.source_tables, introduced_by_loop = EXCLUDED.introduced_by_loop, superseded_by_concept = EXCLUDED.superseded_by_concept, status = EXCLUDED.status, historical_concept_kind = EXCLUDED.historical_concept_kind, semantic_category = EXCLUDED.semantic_category, reduced_basis_expression = EXCLUDED.reduced_basis_expression, operator_expression = EXCLUDED.operator_expression, reduction_generation = EXCLUDED.reduction_generation, arc_subject_sort = EXCLUDED.arc_subject_sort, arc_label_sort = EXCLUDED.arc_label_sort, arc_target_sort = EXCLUDED.arc_target_sort, arc_signature = EXCLUDED.arc_signature, recoverability_expression = EXCLUDED.recoverability_expression, is_recoverable_from_current_basis = EXCLUDED.is_recoverable_from_current_basis, rewrite_mode = EXCLUDED.rewrite_mode, rewrite_polarity = EXCLUDED.rewrite_polarity;

INSERT INTO tsp_concept_registry (tsp_concept_id, display_name, concept_kind, basis_expression, arity, source_tables, introduced_by_loop, superseded_by_concept, status, historical_concept_kind, semantic_category, reduced_basis_expression, operator_expression, reduction_generation, arc_subject_sort, arc_label_sort, arc_target_sort, arc_signature, recoverability_expression, is_recoverable_from_current_basis, rewrite_mode, rewrite_polarity)
VALUES ('concept-warrant', 'Warrant', 'HISTORICAL_PRIMITIVE', 'WARRANT(conclusion,source,modality)', 3, 'TSPInferenceRules,TSPInferenceApplications,TSPInferenceAntecedents,TSPFrontierObligations,TSPEdgeStates', 'tsp-loop-614', 'concept-semantic-arc', 'REDUCED_TO_SEMANTIC_ARC', 'PRIMITIVE', 'HISTORICAL', 'SEMANTIC_ARC(conclusion,MODALITY:modality,SOURCE:source)', '', 3, 'CONCLUSION', 'MODALITY', 'SOURCE_OR_SCOPE', 'SEMANTIC_ARC(conclusion,MODALITY:modality,SOURCE:source)', 'FILTER_SEMANTIC_ARC(label_sort=MODALITY,target_sort=SOURCE_OR_SCOPE)', TRUE, NULL, NULL) ON CONFLICT (tsp_concept_id) DO UPDATE SET display_name = EXCLUDED.display_name, concept_kind = EXCLUDED.concept_kind, basis_expression = EXCLUDED.basis_expression, arity = EXCLUDED.arity, source_tables = EXCLUDED.source_tables, introduced_by_loop = EXCLUDED.introduced_by_loop, superseded_by_concept = EXCLUDED.superseded_by_concept, status = EXCLUDED.status, historical_concept_kind = EXCLUDED.historical_concept_kind, semantic_category = EXCLUDED.semantic_category, reduced_basis_expression = EXCLUDED.reduced_basis_expression, operator_expression = EXCLUDED.operator_expression, reduction_generation = EXCLUDED.reduction_generation, arc_subject_sort = EXCLUDED.arc_subject_sort, arc_label_sort = EXCLUDED.arc_label_sort, arc_target_sort = EXCLUDED.arc_target_sort, arc_signature = EXCLUDED.arc_signature, recoverability_expression = EXCLUDED.recoverability_expression, is_recoverable_from_current_basis = EXCLUDED.is_recoverable_from_current_basis, rewrite_mode = EXCLUDED.rewrite_mode, rewrite_polarity = EXCLUDED.rewrite_polarity;

INSERT INTO tsp_concept_registry (tsp_concept_id, display_name, concept_kind, basis_expression, arity, source_tables, introduced_by_loop, superseded_by_concept, status, historical_concept_kind, semantic_category, reduced_basis_expression, operator_expression, reduction_generation, arc_subject_sort, arc_label_sort, arc_target_sort, arc_signature, recoverability_expression, is_recoverable_from_current_basis, rewrite_mode, rewrite_polarity)
VALUES ('coined-warrant-atom', 'Warrant Atom', 'COINED_PREDICATE', 'WARRANT(conclusion,source,modality)', 1, 'TSPConceptRegistry,TSPInferenceApplications,TSPEdgeStates', 'tsp-loop-614', NULL, 'ACTIVE_DERIVED', 'COINED_PREDICATE', 'DERIVED', 'SEMANTIC_ARC(conclusion,source,modality)', '', 2, 'COMPOSED_SUBJECT', 'COMPOSED', 'COMPOSED_TARGET', 'COMPOSITION_OF_TYPED_SEMANTIC_ARCS', 'PROJECT_coined-warrant-atom_FROM_SEMANTIC_ARC_AND_ACTIVE_OPERATORS', TRUE, NULL, NULL) ON CONFLICT (tsp_concept_id) DO UPDATE SET display_name = EXCLUDED.display_name, concept_kind = EXCLUDED.concept_kind, basis_expression = EXCLUDED.basis_expression, arity = EXCLUDED.arity, source_tables = EXCLUDED.source_tables, introduced_by_loop = EXCLUDED.introduced_by_loop, superseded_by_concept = EXCLUDED.superseded_by_concept, status = EXCLUDED.status, historical_concept_kind = EXCLUDED.historical_concept_kind, semantic_category = EXCLUDED.semantic_category, reduced_basis_expression = EXCLUDED.reduced_basis_expression, operator_expression = EXCLUDED.operator_expression, reduction_generation = EXCLUDED.reduction_generation, arc_subject_sort = EXCLUDED.arc_subject_sort, arc_label_sort = EXCLUDED.arc_label_sort, arc_target_sort = EXCLUDED.arc_target_sort, arc_signature = EXCLUDED.arc_signature, recoverability_expression = EXCLUDED.recoverability_expression, is_recoverable_from_current_basis = EXCLUDED.is_recoverable_from_current_basis, rewrite_mode = EXCLUDED.rewrite_mode, rewrite_polarity = EXCLUDED.rewrite_polarity;

INSERT INTO tsp_concept_registry (tsp_concept_id, display_name, concept_kind, basis_expression, arity, source_tables, introduced_by_loop, superseded_by_concept, status, historical_concept_kind, semantic_category, reduced_basis_expression, operator_expression, reduction_generation, arc_subject_sort, arc_label_sort, arc_target_sort, arc_signature, recoverability_expression, is_recoverable_from_current_basis, rewrite_mode, rewrite_polarity)
VALUES ('operator-closure', 'Closure', 'HISTORICAL_OPERATOR', 'CLOSURE(ATTACHMENT,scope)', 1, 'TravelEdges,TSPDerivedEdgeSets,TSPSpanningTreeEdges,TSPDefectProfiles', 'tsp-loop-615', 'operator-saturate', 'REDUCED_TO_SATURATE', 'OPERATOR', 'HISTORICAL', 'WARRANTED_REWRITE(seed=SEMANTIC_ARC(role=ADJACENT),mode=REACHABILITY_CLOSURE)', 'WARRANTED_REWRITE', 4, 'COMPOSED_SUBJECT', 'COMPOSED', 'COMPOSED_TARGET', 'COMPOSITION_OF_TYPED_SEMANTIC_ARCS', 'PROJECT_operator-closure_FROM_SEMANTIC_ARC_AND_ACTIVE_OPERATORS', TRUE, 'REACHABILITY_CLOSURE', 'EXPANSIVE') ON CONFLICT (tsp_concept_id) DO UPDATE SET display_name = EXCLUDED.display_name, concept_kind = EXCLUDED.concept_kind, basis_expression = EXCLUDED.basis_expression, arity = EXCLUDED.arity, source_tables = EXCLUDED.source_tables, introduced_by_loop = EXCLUDED.introduced_by_loop, superseded_by_concept = EXCLUDED.superseded_by_concept, status = EXCLUDED.status, historical_concept_kind = EXCLUDED.historical_concept_kind, semantic_category = EXCLUDED.semantic_category, reduced_basis_expression = EXCLUDED.reduced_basis_expression, operator_expression = EXCLUDED.operator_expression, reduction_generation = EXCLUDED.reduction_generation, arc_subject_sort = EXCLUDED.arc_subject_sort, arc_label_sort = EXCLUDED.arc_label_sort, arc_target_sort = EXCLUDED.arc_target_sort, arc_signature = EXCLUDED.arc_signature, recoverability_expression = EXCLUDED.recoverability_expression, is_recoverable_from_current_basis = EXCLUDED.is_recoverable_from_current_basis, rewrite_mode = EXCLUDED.rewrite_mode, rewrite_polarity = EXCLUDED.rewrite_polarity;

INSERT INTO tsp_concept_registry (tsp_concept_id, display_name, concept_kind, basis_expression, arity, source_tables, introduced_by_loop, superseded_by_concept, status, historical_concept_kind, semantic_category, reduced_basis_expression, operator_expression, reduction_generation, arc_subject_sort, arc_label_sort, arc_target_sort, arc_signature, recoverability_expression, is_recoverable_from_current_basis, rewrite_mode, rewrite_polarity)
VALUES ('coined-closure-operator', 'Closure Operator', 'COINED_PREDICATE', 'CLOSURE(ATTACHMENT)+WARRANT(scope)', 1, 'TSPConceptRegistry,TSPDerivedEdgeSets', 'tsp-loop-615', NULL, 'ACTIVE_DERIVED', 'COINED_PREDICATE', 'DERIVED', 'WARRANTED_REWRITE(SEMANTIC_ARC)+SEMANTIC_ARC(scope)', 'WARRANTED_REWRITE', 2, 'COMPOSED_SUBJECT', 'COMPOSED', 'COMPOSED_TARGET', 'COMPOSITION_OF_TYPED_SEMANTIC_ARCS', 'PROJECT_coined-closure-operator_FROM_SEMANTIC_ARC_AND_ACTIVE_OPERATORS', TRUE, 'COMPOSED_DERIVATION', 'MIXED') ON CONFLICT (tsp_concept_id) DO UPDATE SET display_name = EXCLUDED.display_name, concept_kind = EXCLUDED.concept_kind, basis_expression = EXCLUDED.basis_expression, arity = EXCLUDED.arity, source_tables = EXCLUDED.source_tables, introduced_by_loop = EXCLUDED.introduced_by_loop, superseded_by_concept = EXCLUDED.superseded_by_concept, status = EXCLUDED.status, historical_concept_kind = EXCLUDED.historical_concept_kind, semantic_category = EXCLUDED.semantic_category, reduced_basis_expression = EXCLUDED.reduced_basis_expression, operator_expression = EXCLUDED.operator_expression, reduction_generation = EXCLUDED.reduction_generation, arc_subject_sort = EXCLUDED.arc_subject_sort, arc_label_sort = EXCLUDED.arc_label_sort, arc_target_sort = EXCLUDED.arc_target_sort, arc_signature = EXCLUDED.arc_signature, recoverability_expression = EXCLUDED.recoverability_expression, is_recoverable_from_current_basis = EXCLUDED.is_recoverable_from_current_basis, rewrite_mode = EXCLUDED.rewrite_mode, rewrite_polarity = EXCLUDED.rewrite_polarity;

INSERT INTO tsp_concept_registry (tsp_concept_id, display_name, concept_kind, basis_expression, arity, source_tables, introduced_by_loop, superseded_by_concept, status, historical_concept_kind, semantic_category, reduced_basis_expression, operator_expression, reduction_generation, arc_subject_sort, arc_label_sort, arc_target_sort, arc_signature, recoverability_expression, is_recoverable_from_current_basis, rewrite_mode, rewrite_polarity)
VALUES ('operator-aggregate', 'Aggregate', 'HISTORICAL_OPERATOR', 'AGGREGATE(multiset,measure,reducer)', 1, 'TSPConvergenceMeasurements,LocalDegreeBounds,InstanceLowerBounds,TSPBoundTerms,SearchMetrics', 'tsp-loop-616', 'operator-fiber-reduce', 'REDUCED_TO_FIBER_REDUCE', 'OPERATOR', 'HISTORICAL', 'WARRANTED_REWRITE(domain,key,reducer=COUNT_SUM_MIN_MAX_PARITY)', 'WARRANTED_REWRITE', 4, 'COMPOSED_SUBJECT', 'COMPOSED', 'COMPOSED_TARGET', 'COMPOSITION_OF_TYPED_SEMANTIC_ARCS', 'PROJECT_operator-aggregate_FROM_SEMANTIC_ARC_AND_ACTIVE_OPERATORS', TRUE, 'SUMMARY_REDUCTION', 'CONTRACTIVE') ON CONFLICT (tsp_concept_id) DO UPDATE SET display_name = EXCLUDED.display_name, concept_kind = EXCLUDED.concept_kind, basis_expression = EXCLUDED.basis_expression, arity = EXCLUDED.arity, source_tables = EXCLUDED.source_tables, introduced_by_loop = EXCLUDED.introduced_by_loop, superseded_by_concept = EXCLUDED.superseded_by_concept, status = EXCLUDED.status, historical_concept_kind = EXCLUDED.historical_concept_kind, semantic_category = EXCLUDED.semantic_category, reduced_basis_expression = EXCLUDED.reduced_basis_expression, operator_expression = EXCLUDED.operator_expression, reduction_generation = EXCLUDED.reduction_generation, arc_subject_sort = EXCLUDED.arc_subject_sort, arc_label_sort = EXCLUDED.arc_label_sort, arc_target_sort = EXCLUDED.arc_target_sort, arc_signature = EXCLUDED.arc_signature, recoverability_expression = EXCLUDED.recoverability_expression, is_recoverable_from_current_basis = EXCLUDED.is_recoverable_from_current_basis, rewrite_mode = EXCLUDED.rewrite_mode, rewrite_polarity = EXCLUDED.rewrite_polarity;

INSERT INTO tsp_concept_registry (tsp_concept_id, display_name, concept_kind, basis_expression, arity, source_tables, introduced_by_loop, superseded_by_concept, status, historical_concept_kind, semantic_category, reduced_basis_expression, operator_expression, reduction_generation, arc_subject_sort, arc_label_sort, arc_target_sort, arc_signature, recoverability_expression, is_recoverable_from_current_basis, rewrite_mode, rewrite_polarity)
VALUES ('coined-aggregate-operator', 'Aggregate Operator', 'COINED_PREDICATE', 'AGGREGATE(ATTACHMENT,VALUATION,reducer)+WARRANT', 1, 'TSPConceptRegistry,InstanceLowerBounds,TSPBoundTerms', 'tsp-loop-616', NULL, 'ACTIVE_DERIVED', 'COINED_PREDICATE', 'DERIVED', 'WARRANTED_REWRITE(SEMANTIC_ARC,SEMANTIC_ARC,reducer)+SEMANTIC_ARC', 'WARRANTED_REWRITE', 2, 'COMPOSED_SUBJECT', 'COMPOSED', 'COMPOSED_TARGET', 'COMPOSITION_OF_TYPED_SEMANTIC_ARCS', 'PROJECT_coined-aggregate-operator_FROM_SEMANTIC_ARC_AND_ACTIVE_OPERATORS', TRUE, 'COMPOSED_DERIVATION', 'MIXED') ON CONFLICT (tsp_concept_id) DO UPDATE SET display_name = EXCLUDED.display_name, concept_kind = EXCLUDED.concept_kind, basis_expression = EXCLUDED.basis_expression, arity = EXCLUDED.arity, source_tables = EXCLUDED.source_tables, introduced_by_loop = EXCLUDED.introduced_by_loop, superseded_by_concept = EXCLUDED.superseded_by_concept, status = EXCLUDED.status, historical_concept_kind = EXCLUDED.historical_concept_kind, semantic_category = EXCLUDED.semantic_category, reduced_basis_expression = EXCLUDED.reduced_basis_expression, operator_expression = EXCLUDED.operator_expression, reduction_generation = EXCLUDED.reduction_generation, arc_subject_sort = EXCLUDED.arc_subject_sort, arc_label_sort = EXCLUDED.arc_label_sort, arc_target_sort = EXCLUDED.arc_target_sort, arc_signature = EXCLUDED.arc_signature, recoverability_expression = EXCLUDED.recoverability_expression, is_recoverable_from_current_basis = EXCLUDED.is_recoverable_from_current_basis, rewrite_mode = EXCLUDED.rewrite_mode, rewrite_polarity = EXCLUDED.rewrite_polarity;

INSERT INTO tsp_concept_registry (tsp_concept_id, display_name, concept_kind, basis_expression, arity, source_tables, introduced_by_loop, superseded_by_concept, status, historical_concept_kind, semantic_category, reduced_basis_expression, operator_expression, reduction_generation, arc_subject_sort, arc_label_sort, arc_target_sort, arc_signature, recoverability_expression, is_recoverable_from_current_basis, rewrite_mode, rewrite_polarity)
VALUES ('operator-quotient', 'Quotient', 'HISTORICAL_OPERATOR', 'QUOTIENT(witnesses,equivalence,warrant)', 1, 'TSPClusterBoundaryStates,TSPClusterContractionCertificates,TSPWitnessNormalForms,Neighborhoods', 'tsp-loop-617', 'operator-fiber-reduce', 'REDUCED_TO_FIBER_REDUCE', 'OPERATOR', 'HISTORICAL', 'WARRANTED_REWRITE(domain,equivalence,reducer=REPRESENTATIVE,expansion_warrant)', 'WARRANTED_REWRITE', 4, 'COMPOSED_SUBJECT', 'COMPOSED', 'COMPOSED_TARGET', 'COMPOSITION_OF_TYPED_SEMANTIC_ARCS', 'PROJECT_operator-quotient_FROM_SEMANTIC_ARC_AND_ACTIVE_OPERATORS', TRUE, 'EQUIVALENCE_REPRESENTATIVE', 'CONTRACTIVE') ON CONFLICT (tsp_concept_id) DO UPDATE SET display_name = EXCLUDED.display_name, concept_kind = EXCLUDED.concept_kind, basis_expression = EXCLUDED.basis_expression, arity = EXCLUDED.arity, source_tables = EXCLUDED.source_tables, introduced_by_loop = EXCLUDED.introduced_by_loop, superseded_by_concept = EXCLUDED.superseded_by_concept, status = EXCLUDED.status, historical_concept_kind = EXCLUDED.historical_concept_kind, semantic_category = EXCLUDED.semantic_category, reduced_basis_expression = EXCLUDED.reduced_basis_expression, operator_expression = EXCLUDED.operator_expression, reduction_generation = EXCLUDED.reduction_generation, arc_subject_sort = EXCLUDED.arc_subject_sort, arc_label_sort = EXCLUDED.arc_label_sort, arc_target_sort = EXCLUDED.arc_target_sort, arc_signature = EXCLUDED.arc_signature, recoverability_expression = EXCLUDED.recoverability_expression, is_recoverable_from_current_basis = EXCLUDED.is_recoverable_from_current_basis, rewrite_mode = EXCLUDED.rewrite_mode, rewrite_polarity = EXCLUDED.rewrite_polarity;

INSERT INTO tsp_concept_registry (tsp_concept_id, display_name, concept_kind, basis_expression, arity, source_tables, introduced_by_loop, superseded_by_concept, status, historical_concept_kind, semantic_category, reduced_basis_expression, operator_expression, reduction_generation, arc_subject_sort, arc_label_sort, arc_target_sort, arc_signature, recoverability_expression, is_recoverable_from_current_basis, rewrite_mode, rewrite_polarity)
VALUES ('coined-quotient-operator', 'Quotient Operator', 'COINED_PREDICATE', 'QUOTIENT(ATTACHMENT,VALUATION,WARRANT)', 1, 'TSPConceptRegistry,TSPClusterContractionCertificates', 'tsp-loop-617', NULL, 'ACTIVE_DERIVED', 'COINED_PREDICATE', 'DERIVED', 'WARRANTED_REWRITE(SEMANTIC_ARC,SEMANTIC_ARC,SEMANTIC_ARC)', 'WARRANTED_REWRITE', 2, 'COMPOSED_SUBJECT', 'COMPOSED', 'COMPOSED_TARGET', 'COMPOSITION_OF_TYPED_SEMANTIC_ARCS', 'PROJECT_coined-quotient-operator_FROM_SEMANTIC_ARC_AND_ACTIVE_OPERATORS', TRUE, 'COMPOSED_DERIVATION', 'MIXED') ON CONFLICT (tsp_concept_id) DO UPDATE SET display_name = EXCLUDED.display_name, concept_kind = EXCLUDED.concept_kind, basis_expression = EXCLUDED.basis_expression, arity = EXCLUDED.arity, source_tables = EXCLUDED.source_tables, introduced_by_loop = EXCLUDED.introduced_by_loop, superseded_by_concept = EXCLUDED.superseded_by_concept, status = EXCLUDED.status, historical_concept_kind = EXCLUDED.historical_concept_kind, semantic_category = EXCLUDED.semantic_category, reduced_basis_expression = EXCLUDED.reduced_basis_expression, operator_expression = EXCLUDED.operator_expression, reduction_generation = EXCLUDED.reduction_generation, arc_subject_sort = EXCLUDED.arc_subject_sort, arc_label_sort = EXCLUDED.arc_label_sort, arc_target_sort = EXCLUDED.arc_target_sort, arc_signature = EXCLUDED.arc_signature, recoverability_expression = EXCLUDED.recoverability_expression, is_recoverable_from_current_basis = EXCLUDED.is_recoverable_from_current_basis, rewrite_mode = EXCLUDED.rewrite_mode, rewrite_polarity = EXCLUDED.rewrite_polarity;

INSERT INTO tsp_concept_registry (tsp_concept_id, display_name, concept_kind, basis_expression, arity, source_tables, introduced_by_loop, superseded_by_concept, status, historical_concept_kind, semantic_category, reduced_basis_expression, operator_expression, reduction_generation, arc_subject_sort, arc_label_sort, arc_target_sort, arc_signature, recoverability_expression, is_recoverable_from_current_basis, rewrite_mode, rewrite_polarity)
VALUES ('operator-fixpoint', 'Fixpoint', 'HISTORICAL_OPERATOR', 'FIXPOINT(rule,state,until_stable)', 1, 'TSPInferenceApplications,TSPInferenceStates,TSPConstraintRounds,TSPConstraintDecisions', 'tsp-loop-618', 'operator-saturate', 'REDUCED_TO_SATURATE', 'OPERATOR', 'HISTORICAL', 'WARRANTED_REWRITE(seed=SEMANTIC_ARC(state),mode=RULE_CLOSURE,until=NO_CHANGE)', 'WARRANTED_REWRITE', 4, 'COMPOSED_SUBJECT', 'COMPOSED', 'COMPOSED_TARGET', 'COMPOSITION_OF_TYPED_SEMANTIC_ARCS', 'PROJECT_operator-fixpoint_FROM_SEMANTIC_ARC_AND_ACTIVE_OPERATORS', TRUE, 'RULE_CLOSURE_UNTIL_STABLE', 'EXPANSIVE') ON CONFLICT (tsp_concept_id) DO UPDATE SET display_name = EXCLUDED.display_name, concept_kind = EXCLUDED.concept_kind, basis_expression = EXCLUDED.basis_expression, arity = EXCLUDED.arity, source_tables = EXCLUDED.source_tables, introduced_by_loop = EXCLUDED.introduced_by_loop, superseded_by_concept = EXCLUDED.superseded_by_concept, status = EXCLUDED.status, historical_concept_kind = EXCLUDED.historical_concept_kind, semantic_category = EXCLUDED.semantic_category, reduced_basis_expression = EXCLUDED.reduced_basis_expression, operator_expression = EXCLUDED.operator_expression, reduction_generation = EXCLUDED.reduction_generation, arc_subject_sort = EXCLUDED.arc_subject_sort, arc_label_sort = EXCLUDED.arc_label_sort, arc_target_sort = EXCLUDED.arc_target_sort, arc_signature = EXCLUDED.arc_signature, recoverability_expression = EXCLUDED.recoverability_expression, is_recoverable_from_current_basis = EXCLUDED.is_recoverable_from_current_basis, rewrite_mode = EXCLUDED.rewrite_mode, rewrite_polarity = EXCLUDED.rewrite_polarity;

INSERT INTO tsp_concept_registry (tsp_concept_id, display_name, concept_kind, basis_expression, arity, source_tables, introduced_by_loop, superseded_by_concept, status, historical_concept_kind, semantic_category, reduced_basis_expression, operator_expression, reduction_generation, arc_subject_sort, arc_label_sort, arc_target_sort, arc_signature, recoverability_expression, is_recoverable_from_current_basis, rewrite_mode, rewrite_polarity)
VALUES ('coined-fixpoint-operator', 'Fixed-Point Operator', 'COINED_PREDICATE', 'FIXPOINT(WARRANT,ATTACHMENT,VALUATION)', 1, 'TSPInferenceApplications,TSPConstraintRounds', 'tsp-loop-618', NULL, 'ACTIVE_DERIVED', 'COINED_PREDICATE', 'DERIVED', 'WARRANTED_REWRITE(SEMANTIC_ARC,SEMANTIC_ARC,SEMANTIC_ARC)', 'WARRANTED_REWRITE', 2, 'COMPOSED_SUBJECT', 'COMPOSED', 'COMPOSED_TARGET', 'COMPOSITION_OF_TYPED_SEMANTIC_ARCS', 'PROJECT_coined-fixpoint-operator_FROM_SEMANTIC_ARC_AND_ACTIVE_OPERATORS', TRUE, 'COMPOSED_DERIVATION', 'MIXED') ON CONFLICT (tsp_concept_id) DO UPDATE SET display_name = EXCLUDED.display_name, concept_kind = EXCLUDED.concept_kind, basis_expression = EXCLUDED.basis_expression, arity = EXCLUDED.arity, source_tables = EXCLUDED.source_tables, introduced_by_loop = EXCLUDED.introduced_by_loop, superseded_by_concept = EXCLUDED.superseded_by_concept, status = EXCLUDED.status, historical_concept_kind = EXCLUDED.historical_concept_kind, semantic_category = EXCLUDED.semantic_category, reduced_basis_expression = EXCLUDED.reduced_basis_expression, operator_expression = EXCLUDED.operator_expression, reduction_generation = EXCLUDED.reduction_generation, arc_subject_sort = EXCLUDED.arc_subject_sort, arc_label_sort = EXCLUDED.arc_label_sort, arc_target_sort = EXCLUDED.arc_target_sort, arc_signature = EXCLUDED.arc_signature, recoverability_expression = EXCLUDED.recoverability_expression, is_recoverable_from_current_basis = EXCLUDED.is_recoverable_from_current_basis, rewrite_mode = EXCLUDED.rewrite_mode, rewrite_polarity = EXCLUDED.rewrite_polarity;

INSERT INTO tsp_concept_registry (tsp_concept_id, display_name, concept_kind, basis_expression, arity, source_tables, introduced_by_loop, superseded_by_concept, status, historical_concept_kind, semantic_category, reduced_basis_expression, operator_expression, reduction_generation, arc_subject_sort, arc_label_sort, arc_target_sort, arc_signature, recoverability_expression, is_recoverable_from_current_basis, rewrite_mode, rewrite_polarity)
VALUES ('coined-three-atom-basis', 'Three-Atom Basis', 'COINED_PREDICATE', 'ATTACHMENT+VALUATION+WARRANT+CLOSURE+AGGREGATE+QUOTIENT+FIXPOINT', 1, 'TSPConceptRegistry,TSPConvergenceMeasurements', 'tsp-loop-619', NULL, 'ACTIVE_DERIVED', 'COINED_PREDICATE', 'DERIVED', 'SEMANTIC_ARC+SEMANTIC_ARC+SEMANTIC_ARC+WARRANTED_REWRITE+WARRANTED_REWRITE+WARRANTED_REWRITE+WARRANTED_REWRITE', 'WARRANTED_REWRITE+WARRANTED_REWRITE+WARRANTED_REWRITE+WARRANTED_REWRITE', 2, 'COMPOSED_SUBJECT', 'COMPOSED', 'COMPOSED_TARGET', 'COMPOSITION_OF_TYPED_SEMANTIC_ARCS', 'PROJECT_coined-three-atom-basis_FROM_SEMANTIC_ARC_AND_ACTIVE_OPERATORS', TRUE, NULL, NULL) ON CONFLICT (tsp_concept_id) DO UPDATE SET display_name = EXCLUDED.display_name, concept_kind = EXCLUDED.concept_kind, basis_expression = EXCLUDED.basis_expression, arity = EXCLUDED.arity, source_tables = EXCLUDED.source_tables, introduced_by_loop = EXCLUDED.introduced_by_loop, superseded_by_concept = EXCLUDED.superseded_by_concept, status = EXCLUDED.status, historical_concept_kind = EXCLUDED.historical_concept_kind, semantic_category = EXCLUDED.semantic_category, reduced_basis_expression = EXCLUDED.reduced_basis_expression, operator_expression = EXCLUDED.operator_expression, reduction_generation = EXCLUDED.reduction_generation, arc_subject_sort = EXCLUDED.arc_subject_sort, arc_label_sort = EXCLUDED.arc_label_sort, arc_target_sort = EXCLUDED.arc_target_sort, arc_signature = EXCLUDED.arc_signature, recoverability_expression = EXCLUDED.recoverability_expression, is_recoverable_from_current_basis = EXCLUDED.is_recoverable_from_current_basis, rewrite_mode = EXCLUDED.rewrite_mode, rewrite_polarity = EXCLUDED.rewrite_polarity;

INSERT INTO tsp_concept_registry (tsp_concept_id, display_name, concept_kind, basis_expression, arity, source_tables, introduced_by_loop, superseded_by_concept, status, historical_concept_kind, semantic_category, reduced_basis_expression, operator_expression, reduction_generation, arc_subject_sort, arc_label_sort, arc_target_sort, arc_signature, recoverability_expression, is_recoverable_from_current_basis, rewrite_mode, rewrite_polarity)
VALUES ('coined-boundary-port', 'Boundary Port', 'COINED_PREDICATE', 'ATTACHMENT(witness,scope,entry_or_exit)+VALUATION(port_degree)+WARRANT(contract)', 1, 'TSPClusterBoundaryStates,TSPWitnessNormalForms', 'tsp-loop-620', NULL, 'ACTIVE_DERIVED', 'COINED_PREDICATE', 'DERIVED', 'SEMANTIC_ARC(witness,scope,entry_or_exit)+SEMANTIC_ARC(port_degree)+SEMANTIC_ARC(contract)', '', 2, 'COMPOSED_SUBJECT', 'COMPOSED', 'COMPOSED_TARGET', 'COMPOSITION_OF_TYPED_SEMANTIC_ARCS', 'PROJECT_coined-boundary-port_FROM_SEMANTIC_ARC_AND_ACTIVE_OPERATORS', TRUE, NULL, NULL) ON CONFLICT (tsp_concept_id) DO UPDATE SET display_name = EXCLUDED.display_name, concept_kind = EXCLUDED.concept_kind, basis_expression = EXCLUDED.basis_expression, arity = EXCLUDED.arity, source_tables = EXCLUDED.source_tables, introduced_by_loop = EXCLUDED.introduced_by_loop, superseded_by_concept = EXCLUDED.superseded_by_concept, status = EXCLUDED.status, historical_concept_kind = EXCLUDED.historical_concept_kind, semantic_category = EXCLUDED.semantic_category, reduced_basis_expression = EXCLUDED.reduced_basis_expression, operator_expression = EXCLUDED.operator_expression, reduction_generation = EXCLUDED.reduction_generation, arc_subject_sort = EXCLUDED.arc_subject_sort, arc_label_sort = EXCLUDED.arc_label_sort, arc_target_sort = EXCLUDED.arc_target_sort, arc_signature = EXCLUDED.arc_signature, recoverability_expression = EXCLUDED.recoverability_expression, is_recoverable_from_current_basis = EXCLUDED.is_recoverable_from_current_basis, rewrite_mode = EXCLUDED.rewrite_mode, rewrite_polarity = EXCLUDED.rewrite_polarity;

INSERT INTO tsp_concept_registry (tsp_concept_id, display_name, concept_kind, basis_expression, arity, source_tables, introduced_by_loop, superseded_by_concept, status, historical_concept_kind, semantic_category, reduced_basis_expression, operator_expression, reduction_generation, arc_subject_sort, arc_label_sort, arc_target_sort, arc_signature, recoverability_expression, is_recoverable_from_current_basis, rewrite_mode, rewrite_polarity)
VALUES ('coined-boundary-fiber', 'Boundary Fiber', 'COINED_PREDICATE', 'QUOTIENT(ATTACHMENT(paths,ports),equal_ports_and_coverage)+VALUATION(cost)+WARRANT(expansion)', 1, 'TSPClusterBoundaryStates,TSPClusterBoundaryStateMembers', 'tsp-loop-621', NULL, 'ACTIVE_DERIVED', 'COINED_PREDICATE', 'DERIVED', 'WARRANTED_REWRITE(SEMANTIC_ARC(paths,ports),equal_ports_and_coverage)+SEMANTIC_ARC(cost)+SEMANTIC_ARC(expansion)', 'WARRANTED_REWRITE', 2, 'COMPOSED_SUBJECT', 'COMPOSED', 'COMPOSED_TARGET', 'COMPOSITION_OF_TYPED_SEMANTIC_ARCS', 'PROJECT_coined-boundary-fiber_FROM_SEMANTIC_ARC_AND_ACTIVE_OPERATORS', TRUE, 'COMPOSED_DERIVATION', 'MIXED') ON CONFLICT (tsp_concept_id) DO UPDATE SET display_name = EXCLUDED.display_name, concept_kind = EXCLUDED.concept_kind, basis_expression = EXCLUDED.basis_expression, arity = EXCLUDED.arity, source_tables = EXCLUDED.source_tables, introduced_by_loop = EXCLUDED.introduced_by_loop, superseded_by_concept = EXCLUDED.superseded_by_concept, status = EXCLUDED.status, historical_concept_kind = EXCLUDED.historical_concept_kind, semantic_category = EXCLUDED.semantic_category, reduced_basis_expression = EXCLUDED.reduced_basis_expression, operator_expression = EXCLUDED.operator_expression, reduction_generation = EXCLUDED.reduction_generation, arc_subject_sort = EXCLUDED.arc_subject_sort, arc_label_sort = EXCLUDED.arc_label_sort, arc_target_sort = EXCLUDED.arc_target_sort, arc_signature = EXCLUDED.arc_signature, recoverability_expression = EXCLUDED.recoverability_expression, is_recoverable_from_current_basis = EXCLUDED.is_recoverable_from_current_basis, rewrite_mode = EXCLUDED.rewrite_mode, rewrite_polarity = EXCLUDED.rewrite_polarity;

INSERT INTO tsp_concept_registry (tsp_concept_id, display_name, concept_kind, basis_expression, arity, source_tables, introduced_by_loop, superseded_by_concept, status, historical_concept_kind, semantic_category, reduced_basis_expression, operator_expression, reduction_generation, arc_subject_sort, arc_label_sort, arc_target_sort, arc_signature, recoverability_expression, is_recoverable_from_current_basis, rewrite_mode, rewrite_polarity)
VALUES ('coined-fiber-minimum', 'Fiber Minimum', 'COINED_PREDICATE', 'AGGREGATE(VALUATION(path,cost),MIN) within BoundaryFiber + WARRANT(dominance)', 1, 'TSPClusterBoundaryStates', 'tsp-loop-622', NULL, 'ACTIVE_DERIVED', 'COINED_PREDICATE', 'DERIVED', 'WARRANTED_REWRITE(SEMANTIC_ARC(path,cost),MIN) within BoundaryFiber + SEMANTIC_ARC(dominance)', 'WARRANTED_REWRITE+WARRANTED_REWRITE', 2, 'COMPOSED_SUBJECT', 'COMPOSED', 'COMPOSED_TARGET', 'COMPOSITION_OF_TYPED_SEMANTIC_ARCS', 'PROJECT_coined-fiber-minimum_FROM_SEMANTIC_ARC_AND_ACTIVE_OPERATORS', TRUE, NULL, NULL) ON CONFLICT (tsp_concept_id) DO UPDATE SET display_name = EXCLUDED.display_name, concept_kind = EXCLUDED.concept_kind, basis_expression = EXCLUDED.basis_expression, arity = EXCLUDED.arity, source_tables = EXCLUDED.source_tables, introduced_by_loop = EXCLUDED.introduced_by_loop, superseded_by_concept = EXCLUDED.superseded_by_concept, status = EXCLUDED.status, historical_concept_kind = EXCLUDED.historical_concept_kind, semantic_category = EXCLUDED.semantic_category, reduced_basis_expression = EXCLUDED.reduced_basis_expression, operator_expression = EXCLUDED.operator_expression, reduction_generation = EXCLUDED.reduction_generation, arc_subject_sort = EXCLUDED.arc_subject_sort, arc_label_sort = EXCLUDED.arc_label_sort, arc_target_sort = EXCLUDED.arc_target_sort, arc_signature = EXCLUDED.arc_signature, recoverability_expression = EXCLUDED.recoverability_expression, is_recoverable_from_current_basis = EXCLUDED.is_recoverable_from_current_basis, rewrite_mode = EXCLUDED.rewrite_mode, rewrite_polarity = EXCLUDED.rewrite_polarity;

INSERT INTO tsp_concept_registry (tsp_concept_id, display_name, concept_kind, basis_expression, arity, source_tables, introduced_by_loop, superseded_by_concept, status, historical_concept_kind, semantic_category, reduced_basis_expression, operator_expression, reduction_generation, arc_subject_sort, arc_label_sort, arc_target_sort, arc_signature, recoverability_expression, is_recoverable_from_current_basis, rewrite_mode, rewrite_polarity)
VALUES ('coined-asymmetric-quotient', 'Asymmetric Quotient', 'COINED_PREDICATE', 'QUOTIENT(raw_orientations,reversal) then QUOTIENT(boundary_fiber,minimum_VALUATION)+WARRANT(expansion)', 1, 'TSPClusterBoundaryStates,TSPClusterContractionCertificates', 'tsp-loop-623', NULL, 'ACTIVE_DERIVED', 'COINED_PREDICATE', 'DERIVED', 'WARRANTED_REWRITE(raw_orientations,reversal) then WARRANTED_REWRITE(boundary_fiber,minimum_SEMANTIC_ARC)+SEMANTIC_ARC(expansion)', 'WARRANTED_REWRITE+WARRANTED_REWRITE', 2, 'COMPOSED_SUBJECT', 'COMPOSED', 'COMPOSED_TARGET', 'COMPOSITION_OF_TYPED_SEMANTIC_ARCS', 'PROJECT_coined-asymmetric-quotient_FROM_SEMANTIC_ARC_AND_ACTIVE_OPERATORS', TRUE, NULL, NULL) ON CONFLICT (tsp_concept_id) DO UPDATE SET display_name = EXCLUDED.display_name, concept_kind = EXCLUDED.concept_kind, basis_expression = EXCLUDED.basis_expression, arity = EXCLUDED.arity, source_tables = EXCLUDED.source_tables, introduced_by_loop = EXCLUDED.introduced_by_loop, superseded_by_concept = EXCLUDED.superseded_by_concept, status = EXCLUDED.status, historical_concept_kind = EXCLUDED.historical_concept_kind, semantic_category = EXCLUDED.semantic_category, reduced_basis_expression = EXCLUDED.reduced_basis_expression, operator_expression = EXCLUDED.operator_expression, reduction_generation = EXCLUDED.reduction_generation, arc_subject_sort = EXCLUDED.arc_subject_sort, arc_label_sort = EXCLUDED.arc_label_sort, arc_target_sort = EXCLUDED.arc_target_sort, arc_signature = EXCLUDED.arc_signature, recoverability_expression = EXCLUDED.recoverability_expression, is_recoverable_from_current_basis = EXCLUDED.is_recoverable_from_current_basis, rewrite_mode = EXCLUDED.rewrite_mode, rewrite_polarity = EXCLUDED.rewrite_polarity;

INSERT INTO tsp_concept_registry (tsp_concept_id, display_name, concept_kind, basis_expression, arity, source_tables, introduced_by_loop, superseded_by_concept, status, historical_concept_kind, semantic_category, reduced_basis_expression, operator_expression, reduction_generation, arc_subject_sort, arc_label_sort, arc_target_sort, arc_signature, recoverability_expression, is_recoverable_from_current_basis, rewrite_mode, rewrite_polarity)
VALUES ('coined-coherence-vector', 'Coherence Vector', 'COINED_PREDICATE', 'VECTOR(VALUATION(active_atoms),VALUATION(active_operators),VALUATION(physical_tables),VALUATION(open_frontier),WARRANT(local_expansion))', 1, 'TSPConvergenceMeasurements,TSPConceptRegistry,TSPFrontierObligations', 'tsp-loop-624', NULL, 'ACTIVE_DERIVED', 'COINED_PREDICATE', 'DERIVED', 'VECTOR(SEMANTIC_ARC(active_atoms),SEMANTIC_ARC(active_operators),SEMANTIC_ARC(physical_tables),SEMANTIC_ARC(open_frontier),SEMANTIC_ARC(local_expansion))', '', 2, 'COMPOSED_SUBJECT', 'COMPOSED', 'COMPOSED_TARGET', 'COMPOSITION_OF_TYPED_SEMANTIC_ARCS', 'PROJECT_coined-coherence-vector_FROM_SEMANTIC_ARC_AND_ACTIVE_OPERATORS', TRUE, NULL, NULL) ON CONFLICT (tsp_concept_id) DO UPDATE SET display_name = EXCLUDED.display_name, concept_kind = EXCLUDED.concept_kind, basis_expression = EXCLUDED.basis_expression, arity = EXCLUDED.arity, source_tables = EXCLUDED.source_tables, introduced_by_loop = EXCLUDED.introduced_by_loop, superseded_by_concept = EXCLUDED.superseded_by_concept, status = EXCLUDED.status, historical_concept_kind = EXCLUDED.historical_concept_kind, semantic_category = EXCLUDED.semantic_category, reduced_basis_expression = EXCLUDED.reduced_basis_expression, operator_expression = EXCLUDED.operator_expression, reduction_generation = EXCLUDED.reduction_generation, arc_subject_sort = EXCLUDED.arc_subject_sort, arc_label_sort = EXCLUDED.arc_label_sort, arc_target_sort = EXCLUDED.arc_target_sort, arc_signature = EXCLUDED.arc_signature, recoverability_expression = EXCLUDED.recoverability_expression, is_recoverable_from_current_basis = EXCLUDED.is_recoverable_from_current_basis, rewrite_mode = EXCLUDED.rewrite_mode, rewrite_polarity = EXCLUDED.rewrite_polarity;

INSERT INTO tsp_concept_registry (tsp_concept_id, display_name, concept_kind, basis_expression, arity, source_tables, introduced_by_loop, superseded_by_concept, status, historical_concept_kind, semantic_category, reduced_basis_expression, operator_expression, reduction_generation, arc_subject_sort, arc_label_sort, arc_target_sort, arc_signature, recoverability_expression, is_recoverable_from_current_basis, rewrite_mode, rewrite_polarity)
VALUES ('concept-semantic-arc', 'Semantic Arc', 'PRIMITIVE', 'SEMANTIC_ARC(subject,label,target)', 3, 'TSPConceptRegistry,Cities,Neighborhoods,Addresses,TravelEdges,TSPInferenceApplications,TSPBoundTerms', 'tsp-loop-625', NULL, 'ACTIVE_PRIMITIVE', 'PRIMITIVE', 'ATOM', 'SEMANTIC_ARC(subject,label,target)', '', 2, 'ANY_DECLARED_SUBJECT_SORT', 'TYPED_LABEL', 'ANY_DECLARED_TARGET_SORT', 'SEMANTIC_ARC(subject:T,label:L,target:U)', 'IDENTITY', TRUE, NULL, NULL) ON CONFLICT (tsp_concept_id) DO UPDATE SET display_name = EXCLUDED.display_name, concept_kind = EXCLUDED.concept_kind, basis_expression = EXCLUDED.basis_expression, arity = EXCLUDED.arity, source_tables = EXCLUDED.source_tables, introduced_by_loop = EXCLUDED.introduced_by_loop, superseded_by_concept = EXCLUDED.superseded_by_concept, status = EXCLUDED.status, historical_concept_kind = EXCLUDED.historical_concept_kind, semantic_category = EXCLUDED.semantic_category, reduced_basis_expression = EXCLUDED.reduced_basis_expression, operator_expression = EXCLUDED.operator_expression, reduction_generation = EXCLUDED.reduction_generation, arc_subject_sort = EXCLUDED.arc_subject_sort, arc_label_sort = EXCLUDED.arc_label_sort, arc_target_sort = EXCLUDED.arc_target_sort, arc_signature = EXCLUDED.arc_signature, recoverability_expression = EXCLUDED.recoverability_expression, is_recoverable_from_current_basis = EXCLUDED.is_recoverable_from_current_basis, rewrite_mode = EXCLUDED.rewrite_mode, rewrite_polarity = EXCLUDED.rewrite_polarity;

INSERT INTO tsp_concept_registry (tsp_concept_id, display_name, concept_kind, basis_expression, arity, source_tables, introduced_by_loop, superseded_by_concept, status, historical_concept_kind, semantic_category, reduced_basis_expression, operator_expression, reduction_generation, arc_subject_sort, arc_label_sort, arc_target_sort, arc_signature, recoverability_expression, is_recoverable_from_current_basis, rewrite_mode, rewrite_polarity)
VALUES ('coined-semantic-arc', 'Semantic Arc', 'COINED_PREDICATE', 'SEMANTIC_ARC(subject,label,target)+TYPED_SIGNATURE(label,target)', 1, 'TSPConceptRegistry', 'tsp-loop-625', NULL, 'ACTIVE_DERIVED', 'COINED_PREDICATE', 'DERIVED', 'SEMANTIC_ARC(subject,label,target)+TYPED_SIGNATURE(label,target)', '', 2, 'ANY_DECLARED_SUBJECT_SORT', 'TYPED_LABEL', 'ANY_DECLARED_TARGET_SORT', 'SEMANTIC_ARC(subject:T,label:L,target:U)', 'IDENTITY_PLUS_SIGNATURE_WARRANT', TRUE, NULL, NULL) ON CONFLICT (tsp_concept_id) DO UPDATE SET display_name = EXCLUDED.display_name, concept_kind = EXCLUDED.concept_kind, basis_expression = EXCLUDED.basis_expression, arity = EXCLUDED.arity, source_tables = EXCLUDED.source_tables, introduced_by_loop = EXCLUDED.introduced_by_loop, superseded_by_concept = EXCLUDED.superseded_by_concept, status = EXCLUDED.status, historical_concept_kind = EXCLUDED.historical_concept_kind, semantic_category = EXCLUDED.semantic_category, reduced_basis_expression = EXCLUDED.reduced_basis_expression, operator_expression = EXCLUDED.operator_expression, reduction_generation = EXCLUDED.reduction_generation, arc_subject_sort = EXCLUDED.arc_subject_sort, arc_label_sort = EXCLUDED.arc_label_sort, arc_target_sort = EXCLUDED.arc_target_sort, arc_signature = EXCLUDED.arc_signature, recoverability_expression = EXCLUDED.recoverability_expression, is_recoverable_from_current_basis = EXCLUDED.is_recoverable_from_current_basis, rewrite_mode = EXCLUDED.rewrite_mode, rewrite_polarity = EXCLUDED.rewrite_polarity;

INSERT INTO tsp_concept_registry (tsp_concept_id, display_name, concept_kind, basis_expression, arity, source_tables, introduced_by_loop, superseded_by_concept, status, historical_concept_kind, semantic_category, reduced_basis_expression, operator_expression, reduction_generation, arc_subject_sort, arc_label_sort, arc_target_sort, arc_signature, recoverability_expression, is_recoverable_from_current_basis, rewrite_mode, rewrite_polarity)
VALUES ('coined-arc-signature', 'Arc Signature', 'COINED_PREDICATE', 'SEMANTIC_ARC(subject:S,label:L,target:T)+SEMANTIC_ARC(label,SIGNATURE,(S,L,T))', 1, 'TSPConceptRegistry', 'tsp-loop-626', NULL, 'ACTIVE_DERIVED', 'COINED_PREDICATE', 'DERIVED', 'SEMANTIC_ARC(subject:S,label:L,target:T)+SEMANTIC_ARC(label,SIGNATURE,(S,L,T))', '', 2, 'LABEL_OR_CONCEPT', 'SIGNATURE', 'SORT_TRIPLE', 'SEMANTIC_ARC(label,SIGNATURE,(subject_sort,label_sort,target_sort))', 'LOOKUP_SIGNATURE_BY_LABEL_SORT', TRUE, NULL, NULL) ON CONFLICT (tsp_concept_id) DO UPDATE SET display_name = EXCLUDED.display_name, concept_kind = EXCLUDED.concept_kind, basis_expression = EXCLUDED.basis_expression, arity = EXCLUDED.arity, source_tables = EXCLUDED.source_tables, introduced_by_loop = EXCLUDED.introduced_by_loop, superseded_by_concept = EXCLUDED.superseded_by_concept, status = EXCLUDED.status, historical_concept_kind = EXCLUDED.historical_concept_kind, semantic_category = EXCLUDED.semantic_category, reduced_basis_expression = EXCLUDED.reduced_basis_expression, operator_expression = EXCLUDED.operator_expression, reduction_generation = EXCLUDED.reduction_generation, arc_subject_sort = EXCLUDED.arc_subject_sort, arc_label_sort = EXCLUDED.arc_label_sort, arc_target_sort = EXCLUDED.arc_target_sort, arc_signature = EXCLUDED.arc_signature, recoverability_expression = EXCLUDED.recoverability_expression, is_recoverable_from_current_basis = EXCLUDED.is_recoverable_from_current_basis, rewrite_mode = EXCLUDED.rewrite_mode, rewrite_polarity = EXCLUDED.rewrite_polarity;

INSERT INTO tsp_concept_registry (tsp_concept_id, display_name, concept_kind, basis_expression, arity, source_tables, introduced_by_loop, superseded_by_concept, status, historical_concept_kind, semantic_category, reduced_basis_expression, operator_expression, reduction_generation, arc_subject_sort, arc_label_sort, arc_target_sort, arc_signature, recoverability_expression, is_recoverable_from_current_basis, rewrite_mode, rewrite_polarity)
VALUES ('coined-recoverability-witness', 'Recoverability Witness', 'COINED_PREDICATE', 'SEMANTIC_ARC(concept,RECOVERABILITY_EXPRESSION,projection)+SEMANTIC_ARC(projection,LOSSLESS_SCOPE,current_scope)', 1, 'TSPConceptRegistry', 'tsp-loop-627', NULL, 'ACTIVE_DERIVED', 'COINED_PREDICATE', 'DERIVED', 'SEMANTIC_ARC(concept,RECOVERABILITY_EXPRESSION,projection)+SEMANTIC_ARC(projection,LOSSLESS_SCOPE,current_scope)', '', 2, 'CONCEPT', 'RECOVERABILITY_EXPRESSION', 'PROJECTION', 'SEMANTIC_ARC(concept,RECOVERABILITY_EXPRESSION,projection)', 'IDENTITY', TRUE, NULL, NULL) ON CONFLICT (tsp_concept_id) DO UPDATE SET display_name = EXCLUDED.display_name, concept_kind = EXCLUDED.concept_kind, basis_expression = EXCLUDED.basis_expression, arity = EXCLUDED.arity, source_tables = EXCLUDED.source_tables, introduced_by_loop = EXCLUDED.introduced_by_loop, superseded_by_concept = EXCLUDED.superseded_by_concept, status = EXCLUDED.status, historical_concept_kind = EXCLUDED.historical_concept_kind, semantic_category = EXCLUDED.semantic_category, reduced_basis_expression = EXCLUDED.reduced_basis_expression, operator_expression = EXCLUDED.operator_expression, reduction_generation = EXCLUDED.reduction_generation, arc_subject_sort = EXCLUDED.arc_subject_sort, arc_label_sort = EXCLUDED.arc_label_sort, arc_target_sort = EXCLUDED.arc_target_sort, arc_signature = EXCLUDED.arc_signature, recoverability_expression = EXCLUDED.recoverability_expression, is_recoverable_from_current_basis = EXCLUDED.is_recoverable_from_current_basis, rewrite_mode = EXCLUDED.rewrite_mode, rewrite_polarity = EXCLUDED.rewrite_polarity;

INSERT INTO tsp_concept_registry (tsp_concept_id, display_name, concept_kind, basis_expression, arity, source_tables, introduced_by_loop, superseded_by_concept, status, historical_concept_kind, semantic_category, reduced_basis_expression, operator_expression, reduction_generation, arc_subject_sort, arc_label_sort, arc_target_sort, arc_signature, recoverability_expression, is_recoverable_from_current_basis, rewrite_mode, rewrite_polarity)
VALUES ('operator-saturate', 'Saturate', 'HISTORICAL_OPERATOR', 'SATURATE(seed_semantic_arcs,rewrite_rule,termination_warrant)', 1, 'TSPInferenceApplications,TSPConstraintRounds,TSPDerivedEdgeSets', 'tsp-loop-628', 'operator-warranted-rewrite', 'REDUCED_TO_WARRANTED_REWRITE', 'OPERATOR', 'HISTORICAL', 'WARRANTED_REWRITE(input,mode=SATURATION,polarity=EXPANSIVE,output,warrant)', 'WARRANTED_REWRITE', 5, 'COMPOSED_SUBJECT', 'COMPOSED', 'COMPOSED_TARGET', 'COMPOSITION_OF_TYPED_SEMANTIC_ARCS', 'IDENTITY', TRUE, 'SATURATION', 'EXPANSIVE') ON CONFLICT (tsp_concept_id) DO UPDATE SET display_name = EXCLUDED.display_name, concept_kind = EXCLUDED.concept_kind, basis_expression = EXCLUDED.basis_expression, arity = EXCLUDED.arity, source_tables = EXCLUDED.source_tables, introduced_by_loop = EXCLUDED.introduced_by_loop, superseded_by_concept = EXCLUDED.superseded_by_concept, status = EXCLUDED.status, historical_concept_kind = EXCLUDED.historical_concept_kind, semantic_category = EXCLUDED.semantic_category, reduced_basis_expression = EXCLUDED.reduced_basis_expression, operator_expression = EXCLUDED.operator_expression, reduction_generation = EXCLUDED.reduction_generation, arc_subject_sort = EXCLUDED.arc_subject_sort, arc_label_sort = EXCLUDED.arc_label_sort, arc_target_sort = EXCLUDED.arc_target_sort, arc_signature = EXCLUDED.arc_signature, recoverability_expression = EXCLUDED.recoverability_expression, is_recoverable_from_current_basis = EXCLUDED.is_recoverable_from_current_basis, rewrite_mode = EXCLUDED.rewrite_mode, rewrite_polarity = EXCLUDED.rewrite_polarity;

INSERT INTO tsp_concept_registry (tsp_concept_id, display_name, concept_kind, basis_expression, arity, source_tables, introduced_by_loop, superseded_by_concept, status, historical_concept_kind, semantic_category, reduced_basis_expression, operator_expression, reduction_generation, arc_subject_sort, arc_label_sort, arc_target_sort, arc_signature, recoverability_expression, is_recoverable_from_current_basis, rewrite_mode, rewrite_polarity)
VALUES ('coined-saturation-operator', 'Saturation Operator', 'COINED_PREDICATE', 'SATURATE(SEMANTIC_ARC,rewrite,termination_warrant)', 1, 'TSPConceptRegistry,TSPInferenceApplications,TSPConstraintRounds', 'tsp-loop-628', NULL, 'ACTIVE_DERIVED', 'COINED_PREDICATE', 'DERIVED', 'WARRANTED_REWRITE(SEMANTIC_ARC,rewrite,termination_warrant)', 'WARRANTED_REWRITE', 2, 'COMPOSED_SUBJECT', 'COMPOSED', 'COMPOSED_TARGET', 'COMPOSITION_OF_TYPED_SEMANTIC_ARCS', 'PROJECT_coined-saturation-operator_FROM_SEMANTIC_ARC_AND_WARRANTED_REWRITE', TRUE, 'COMPOSED_DERIVATION', 'MIXED') ON CONFLICT (tsp_concept_id) DO UPDATE SET display_name = EXCLUDED.display_name, concept_kind = EXCLUDED.concept_kind, basis_expression = EXCLUDED.basis_expression, arity = EXCLUDED.arity, source_tables = EXCLUDED.source_tables, introduced_by_loop = EXCLUDED.introduced_by_loop, superseded_by_concept = EXCLUDED.superseded_by_concept, status = EXCLUDED.status, historical_concept_kind = EXCLUDED.historical_concept_kind, semantic_category = EXCLUDED.semantic_category, reduced_basis_expression = EXCLUDED.reduced_basis_expression, operator_expression = EXCLUDED.operator_expression, reduction_generation = EXCLUDED.reduction_generation, arc_subject_sort = EXCLUDED.arc_subject_sort, arc_label_sort = EXCLUDED.arc_label_sort, arc_target_sort = EXCLUDED.arc_target_sort, arc_signature = EXCLUDED.arc_signature, recoverability_expression = EXCLUDED.recoverability_expression, is_recoverable_from_current_basis = EXCLUDED.is_recoverable_from_current_basis, rewrite_mode = EXCLUDED.rewrite_mode, rewrite_polarity = EXCLUDED.rewrite_polarity;

INSERT INTO tsp_concept_registry (tsp_concept_id, display_name, concept_kind, basis_expression, arity, source_tables, introduced_by_loop, superseded_by_concept, status, historical_concept_kind, semantic_category, reduced_basis_expression, operator_expression, reduction_generation, arc_subject_sort, arc_label_sort, arc_target_sort, arc_signature, recoverability_expression, is_recoverable_from_current_basis, rewrite_mode, rewrite_polarity)
VALUES ('operator-fiber-reduce', 'Fiber Reduction', 'HISTORICAL_OPERATOR', 'FIBER_REDUCE(domain,key,reducer,expansion_warrant)', 1, 'TSPClusterBoundaryStates,TSPClusterContractionCertificates,TSPBoundTerms', 'tsp-loop-629', 'operator-warranted-rewrite', 'REDUCED_TO_WARRANTED_REWRITE', 'OPERATOR', 'HISTORICAL', 'WARRANTED_REWRITE(input,mode=FIBER_REDUCTION,polarity=CONTRACTIVE,output,expansion_warrant)', 'WARRANTED_REWRITE', 5, 'COMPOSED_SUBJECT', 'COMPOSED', 'COMPOSED_TARGET', 'COMPOSITION_OF_TYPED_SEMANTIC_ARCS', 'IDENTITY', TRUE, 'FIBER_REDUCTION', 'CONTRACTIVE') ON CONFLICT (tsp_concept_id) DO UPDATE SET display_name = EXCLUDED.display_name, concept_kind = EXCLUDED.concept_kind, basis_expression = EXCLUDED.basis_expression, arity = EXCLUDED.arity, source_tables = EXCLUDED.source_tables, introduced_by_loop = EXCLUDED.introduced_by_loop, superseded_by_concept = EXCLUDED.superseded_by_concept, status = EXCLUDED.status, historical_concept_kind = EXCLUDED.historical_concept_kind, semantic_category = EXCLUDED.semantic_category, reduced_basis_expression = EXCLUDED.reduced_basis_expression, operator_expression = EXCLUDED.operator_expression, reduction_generation = EXCLUDED.reduction_generation, arc_subject_sort = EXCLUDED.arc_subject_sort, arc_label_sort = EXCLUDED.arc_label_sort, arc_target_sort = EXCLUDED.arc_target_sort, arc_signature = EXCLUDED.arc_signature, recoverability_expression = EXCLUDED.recoverability_expression, is_recoverable_from_current_basis = EXCLUDED.is_recoverable_from_current_basis, rewrite_mode = EXCLUDED.rewrite_mode, rewrite_polarity = EXCLUDED.rewrite_polarity;

INSERT INTO tsp_concept_registry (tsp_concept_id, display_name, concept_kind, basis_expression, arity, source_tables, introduced_by_loop, superseded_by_concept, status, historical_concept_kind, semantic_category, reduced_basis_expression, operator_expression, reduction_generation, arc_subject_sort, arc_label_sort, arc_target_sort, arc_signature, recoverability_expression, is_recoverable_from_current_basis, rewrite_mode, rewrite_polarity)
VALUES ('coined-fiber-reduction', 'Fiber Reduction', 'COINED_PREDICATE', 'FIBER_REDUCE(SEMANTIC_ARC,key,reducer,expansion_warrant)', 1, 'TSPConceptRegistry,TSPClusterBoundaryStates,TSPBoundTerms', 'tsp-loop-629', NULL, 'ACTIVE_DERIVED', 'COINED_PREDICATE', 'DERIVED', 'WARRANTED_REWRITE(SEMANTIC_ARC,key,reducer,expansion_warrant)', 'WARRANTED_REWRITE', 2, 'COMPOSED_SUBJECT', 'COMPOSED', 'COMPOSED_TARGET', 'COMPOSITION_OF_TYPED_SEMANTIC_ARCS', 'PROJECT_coined-fiber-reduction_FROM_SEMANTIC_ARC_AND_WARRANTED_REWRITE', TRUE, 'COMPOSED_DERIVATION', 'MIXED') ON CONFLICT (tsp_concept_id) DO UPDATE SET display_name = EXCLUDED.display_name, concept_kind = EXCLUDED.concept_kind, basis_expression = EXCLUDED.basis_expression, arity = EXCLUDED.arity, source_tables = EXCLUDED.source_tables, introduced_by_loop = EXCLUDED.introduced_by_loop, superseded_by_concept = EXCLUDED.superseded_by_concept, status = EXCLUDED.status, historical_concept_kind = EXCLUDED.historical_concept_kind, semantic_category = EXCLUDED.semantic_category, reduced_basis_expression = EXCLUDED.reduced_basis_expression, operator_expression = EXCLUDED.operator_expression, reduction_generation = EXCLUDED.reduction_generation, arc_subject_sort = EXCLUDED.arc_subject_sort, arc_label_sort = EXCLUDED.arc_label_sort, arc_target_sort = EXCLUDED.arc_target_sort, arc_signature = EXCLUDED.arc_signature, recoverability_expression = EXCLUDED.recoverability_expression, is_recoverable_from_current_basis = EXCLUDED.is_recoverable_from_current_basis, rewrite_mode = EXCLUDED.rewrite_mode, rewrite_polarity = EXCLUDED.rewrite_polarity;

INSERT INTO tsp_concept_registry (tsp_concept_id, display_name, concept_kind, basis_expression, arity, source_tables, introduced_by_loop, superseded_by_concept, status, historical_concept_kind, semantic_category, reduced_basis_expression, operator_expression, reduction_generation, arc_subject_sort, arc_label_sort, arc_target_sort, arc_signature, recoverability_expression, is_recoverable_from_current_basis, rewrite_mode, rewrite_polarity)
VALUES ('operator-warranted-rewrite', 'Warranted Rewrite', 'OPERATOR', 'WARRANTED_REWRITE(input_arcs,rule,polarity,output_arcs,warrant)', 1, 'TSPInferenceApplications,TSPConceptRegistry,TSPClusterContractionCertificates', 'tsp-loop-630', NULL, 'ACTIVE_OPERATOR', 'OPERATOR', 'OPERATOR', 'WARRANTED_REWRITE(input_arcs,rule,polarity,output_arcs,warrant)', 'WARRANTED_REWRITE', 2, 'COMPOSED_SUBJECT', 'COMPOSED', 'COMPOSED_TARGET', 'COMPOSITION_OF_TYPED_SEMANTIC_ARCS', 'IDENTITY', TRUE, 'PARAMETRIC', 'PARAMETRIC') ON CONFLICT (tsp_concept_id) DO UPDATE SET display_name = EXCLUDED.display_name, concept_kind = EXCLUDED.concept_kind, basis_expression = EXCLUDED.basis_expression, arity = EXCLUDED.arity, source_tables = EXCLUDED.source_tables, introduced_by_loop = EXCLUDED.introduced_by_loop, superseded_by_concept = EXCLUDED.superseded_by_concept, status = EXCLUDED.status, historical_concept_kind = EXCLUDED.historical_concept_kind, semantic_category = EXCLUDED.semantic_category, reduced_basis_expression = EXCLUDED.reduced_basis_expression, operator_expression = EXCLUDED.operator_expression, reduction_generation = EXCLUDED.reduction_generation, arc_subject_sort = EXCLUDED.arc_subject_sort, arc_label_sort = EXCLUDED.arc_label_sort, arc_target_sort = EXCLUDED.arc_target_sort, arc_signature = EXCLUDED.arc_signature, recoverability_expression = EXCLUDED.recoverability_expression, is_recoverable_from_current_basis = EXCLUDED.is_recoverable_from_current_basis, rewrite_mode = EXCLUDED.rewrite_mode, rewrite_polarity = EXCLUDED.rewrite_polarity;

INSERT INTO tsp_concept_registry (tsp_concept_id, display_name, concept_kind, basis_expression, arity, source_tables, introduced_by_loop, superseded_by_concept, status, historical_concept_kind, semantic_category, reduced_basis_expression, operator_expression, reduction_generation, arc_subject_sort, arc_label_sort, arc_target_sort, arc_signature, recoverability_expression, is_recoverable_from_current_basis, rewrite_mode, rewrite_polarity)
VALUES ('coined-warranted-rewrite', 'Warranted Rewrite', 'COINED_PREDICATE', 'WARRANTED_REWRITE(input_semantic_arcs,rule,polarity,output_semantic_arcs,warrant)', 1, 'TSPConceptRegistry,TSPInferenceApplications', 'tsp-loop-630', NULL, 'ACTIVE_DERIVED', 'COINED_PREDICATE', 'DERIVED', 'WARRANTED_REWRITE(input_semantic_arcs,rule,polarity,output_semantic_arcs,warrant)', 'WARRANTED_REWRITE', 2, 'COMPOSED_SUBJECT', 'COMPOSED', 'COMPOSED_TARGET', 'COMPOSITION_OF_TYPED_SEMANTIC_ARCS', 'PROJECT_coined-warranted-rewrite_FROM_SEMANTIC_ARC_AND_WARRANTED_REWRITE', TRUE, 'COMPOSED_DERIVATION', 'MIXED') ON CONFLICT (tsp_concept_id) DO UPDATE SET display_name = EXCLUDED.display_name, concept_kind = EXCLUDED.concept_kind, basis_expression = EXCLUDED.basis_expression, arity = EXCLUDED.arity, source_tables = EXCLUDED.source_tables, introduced_by_loop = EXCLUDED.introduced_by_loop, superseded_by_concept = EXCLUDED.superseded_by_concept, status = EXCLUDED.status, historical_concept_kind = EXCLUDED.historical_concept_kind, semantic_category = EXCLUDED.semantic_category, reduced_basis_expression = EXCLUDED.reduced_basis_expression, operator_expression = EXCLUDED.operator_expression, reduction_generation = EXCLUDED.reduction_generation, arc_subject_sort = EXCLUDED.arc_subject_sort, arc_label_sort = EXCLUDED.arc_label_sort, arc_target_sort = EXCLUDED.arc_target_sort, arc_signature = EXCLUDED.arc_signature, recoverability_expression = EXCLUDED.recoverability_expression, is_recoverable_from_current_basis = EXCLUDED.is_recoverable_from_current_basis, rewrite_mode = EXCLUDED.rewrite_mode, rewrite_polarity = EXCLUDED.rewrite_polarity;

INSERT INTO tsp_concept_registry (tsp_concept_id, display_name, concept_kind, basis_expression, arity, source_tables, introduced_by_loop, superseded_by_concept, status, historical_concept_kind, semantic_category, reduced_basis_expression, operator_expression, reduction_generation, arc_subject_sort, arc_label_sort, arc_target_sort, arc_signature, recoverability_expression, is_recoverable_from_current_basis, rewrite_mode, rewrite_polarity)
VALUES ('coined-rewrite-polarity', 'Rewrite Polarity', 'COINED_PREDICATE', 'SEMANTIC_ARC(rewrite,POLARITY,EXPANSIVE_OR_CONTRACTIVE_OR_MIXED)+SEMANTIC_ARC(rewrite,MODE,mode)', 1, 'TSPConceptRegistry,TSPInferenceApplications', 'tsp-loop-631', NULL, 'ACTIVE_DERIVED', 'COINED_PREDICATE', 'DERIVED', 'SEMANTIC_ARC(rewrite,POLARITY,EXPANSIVE_OR_CONTRACTIVE_OR_MIXED)+SEMANTIC_ARC(rewrite,MODE,mode)', 'WARRANTED_REWRITE', 2, 'COMPOSED_SUBJECT', 'COMPOSED', 'COMPOSED_TARGET', 'COMPOSITION_OF_TYPED_SEMANTIC_ARCS', 'PROJECT_REWRITE_MODE_AND_POLARITY', TRUE, 'POLARITY_CLASSIFICATION', 'PARAMETRIC') ON CONFLICT (tsp_concept_id) DO UPDATE SET display_name = EXCLUDED.display_name, concept_kind = EXCLUDED.concept_kind, basis_expression = EXCLUDED.basis_expression, arity = EXCLUDED.arity, source_tables = EXCLUDED.source_tables, introduced_by_loop = EXCLUDED.introduced_by_loop, superseded_by_concept = EXCLUDED.superseded_by_concept, status = EXCLUDED.status, historical_concept_kind = EXCLUDED.historical_concept_kind, semantic_category = EXCLUDED.semantic_category, reduced_basis_expression = EXCLUDED.reduced_basis_expression, operator_expression = EXCLUDED.operator_expression, reduction_generation = EXCLUDED.reduction_generation, arc_subject_sort = EXCLUDED.arc_subject_sort, arc_label_sort = EXCLUDED.arc_label_sort, arc_target_sort = EXCLUDED.arc_target_sort, arc_signature = EXCLUDED.arc_signature, recoverability_expression = EXCLUDED.recoverability_expression, is_recoverable_from_current_basis = EXCLUDED.is_recoverable_from_current_basis, rewrite_mode = EXCLUDED.rewrite_mode, rewrite_polarity = EXCLUDED.rewrite_polarity;

INSERT INTO tsp_concept_registry (tsp_concept_id, display_name, concept_kind, basis_expression, arity, source_tables, introduced_by_loop, superseded_by_concept, status, historical_concept_kind, semantic_category, reduced_basis_expression, operator_expression, reduction_generation, arc_subject_sort, arc_label_sort, arc_target_sort, arc_signature, recoverability_expression, is_recoverable_from_current_basis, rewrite_mode, rewrite_polarity)
VALUES ('coined-one-arc-one-rewrite-basis', 'One-Arc/One-Rewrite Basis', 'COINED_PREDICATE', 'SEMANTIC_ARC+WARRANTED_REWRITE', 1, 'TSPConceptRegistry,TSPConvergenceMeasurements', 'tsp-loop-632', NULL, 'ACTIVE_DERIVED', 'COINED_PREDICATE', 'DERIVED', 'SEMANTIC_ARC+WARRANTED_REWRITE', 'WARRANTED_REWRITE', 2, 'ANY_DECLARED_SUBJECT_SORT', 'TYPED_LABEL', 'ANY_DECLARED_TARGET_SORT', 'SEMANTIC_ARC(subject:T,label:L,target:U)', 'REGISTRY_COMPLETE_RECOVERY', TRUE, 'PARAMETRIC', 'PARAMETRIC') ON CONFLICT (tsp_concept_id) DO UPDATE SET display_name = EXCLUDED.display_name, concept_kind = EXCLUDED.concept_kind, basis_expression = EXCLUDED.basis_expression, arity = EXCLUDED.arity, source_tables = EXCLUDED.source_tables, introduced_by_loop = EXCLUDED.introduced_by_loop, superseded_by_concept = EXCLUDED.superseded_by_concept, status = EXCLUDED.status, historical_concept_kind = EXCLUDED.historical_concept_kind, semantic_category = EXCLUDED.semantic_category, reduced_basis_expression = EXCLUDED.reduced_basis_expression, operator_expression = EXCLUDED.operator_expression, reduction_generation = EXCLUDED.reduction_generation, arc_subject_sort = EXCLUDED.arc_subject_sort, arc_label_sort = EXCLUDED.arc_label_sort, arc_target_sort = EXCLUDED.arc_target_sort, arc_signature = EXCLUDED.arc_signature, recoverability_expression = EXCLUDED.recoverability_expression, is_recoverable_from_current_basis = EXCLUDED.is_recoverable_from_current_basis, rewrite_mode = EXCLUDED.rewrite_mode, rewrite_polarity = EXCLUDED.rewrite_polarity;

INSERT INTO tsp_concept_registry (tsp_concept_id, display_name, concept_kind, basis_expression, arity, source_tables, introduced_by_loop, superseded_by_concept, status, historical_concept_kind, semantic_category, reduced_basis_expression, operator_expression, reduction_generation, arc_subject_sort, arc_label_sort, arc_target_sort, arc_signature, recoverability_expression, is_recoverable_from_current_basis, rewrite_mode, rewrite_polarity)
VALUES ('coined-region-interface', 'Region Interface', 'COINED_PREDICATE', 'SEMANTIC_ARC(region,BOUNDARY_PORT,port)+SEMANTIC_ARC(region,INTERNAL_COVERAGE,count)+WARRANTED_REWRITE(region,EXPANSION,graph,warrant)', 1, 'Neighborhoods,TSPClusterBoundaryStates,TSPClusterBoundaryStateMembers', 'tsp-loop-633', NULL, 'ACTIVE_DERIVED', 'COINED_PREDICATE', 'DERIVED', 'SEMANTIC_ARC(region,BOUNDARY_PORT,port)+SEMANTIC_ARC(region,INTERNAL_COVERAGE,count)+WARRANTED_REWRITE(region,EXPANSION,graph,warrant)', 'WARRANTED_REWRITE', 2, 'COMPOSED_SUBJECT', 'COMPOSED', 'COMPOSED_TARGET', 'COMPOSITION_OF_TYPED_SEMANTIC_ARCS', 'PROJECT_coined-region-interface_FROM_SEMANTIC_ARC_AND_WARRANTED_REWRITE', TRUE, 'REGION_NORMALIZATION', 'MIXED') ON CONFLICT (tsp_concept_id) DO UPDATE SET display_name = EXCLUDED.display_name, concept_kind = EXCLUDED.concept_kind, basis_expression = EXCLUDED.basis_expression, arity = EXCLUDED.arity, source_tables = EXCLUDED.source_tables, introduced_by_loop = EXCLUDED.introduced_by_loop, superseded_by_concept = EXCLUDED.superseded_by_concept, status = EXCLUDED.status, historical_concept_kind = EXCLUDED.historical_concept_kind, semantic_category = EXCLUDED.semantic_category, reduced_basis_expression = EXCLUDED.reduced_basis_expression, operator_expression = EXCLUDED.operator_expression, reduction_generation = EXCLUDED.reduction_generation, arc_subject_sort = EXCLUDED.arc_subject_sort, arc_label_sort = EXCLUDED.arc_label_sort, arc_target_sort = EXCLUDED.arc_target_sort, arc_signature = EXCLUDED.arc_signature, recoverability_expression = EXCLUDED.recoverability_expression, is_recoverable_from_current_basis = EXCLUDED.is_recoverable_from_current_basis, rewrite_mode = EXCLUDED.rewrite_mode, rewrite_polarity = EXCLUDED.rewrite_polarity;

INSERT INTO tsp_concept_registry (tsp_concept_id, display_name, concept_kind, basis_expression, arity, source_tables, introduced_by_loop, superseded_by_concept, status, historical_concept_kind, semantic_category, reduced_basis_expression, operator_expression, reduction_generation, arc_subject_sort, arc_label_sort, arc_target_sort, arc_signature, recoverability_expression, is_recoverable_from_current_basis, rewrite_mode, rewrite_polarity)
VALUES ('coined-region-triad', 'Region Triad', 'COINED_PREDICATE', 'SEMANTIC_ARC(stop,REGION,region)+SEMANTIC_ARC(edge,COST,value)+WARRANTED_REWRITE(local_bounds,UNION,three_component_two_factor,warrant)', 1, 'Neighborhoods,InstanceStops,TravelEdges,LocalDegreeBounds,TSPDerivedEdgeSets', 'tsp-loop-634', NULL, 'ACTIVE_DERIVED', 'COINED_PREDICATE', 'DERIVED', 'SEMANTIC_ARC(stop,REGION,region)+SEMANTIC_ARC(edge,COST,value)+WARRANTED_REWRITE(local_bounds,UNION,three_component_two_factor,warrant)', 'WARRANTED_REWRITE', 2, 'COMPOSED_SUBJECT', 'COMPOSED', 'COMPOSED_TARGET', 'COMPOSITION_OF_TYPED_SEMANTIC_ARCS', 'PROJECT_coined-region-triad_FROM_SEMANTIC_ARC_AND_WARRANTED_REWRITE', TRUE, 'FIXTURE_NORMALIZATION', 'EXPANSIVE') ON CONFLICT (tsp_concept_id) DO UPDATE SET display_name = EXCLUDED.display_name, concept_kind = EXCLUDED.concept_kind, basis_expression = EXCLUDED.basis_expression, arity = EXCLUDED.arity, source_tables = EXCLUDED.source_tables, introduced_by_loop = EXCLUDED.introduced_by_loop, superseded_by_concept = EXCLUDED.superseded_by_concept, status = EXCLUDED.status, historical_concept_kind = EXCLUDED.historical_concept_kind, semantic_category = EXCLUDED.semantic_category, reduced_basis_expression = EXCLUDED.reduced_basis_expression, operator_expression = EXCLUDED.operator_expression, reduction_generation = EXCLUDED.reduction_generation, arc_subject_sort = EXCLUDED.arc_subject_sort, arc_label_sort = EXCLUDED.arc_label_sort, arc_target_sort = EXCLUDED.arc_target_sort, arc_signature = EXCLUDED.arc_signature, recoverability_expression = EXCLUDED.recoverability_expression, is_recoverable_from_current_basis = EXCLUDED.is_recoverable_from_current_basis, rewrite_mode = EXCLUDED.rewrite_mode, rewrite_polarity = EXCLUDED.rewrite_polarity;

INSERT INTO tsp_concept_registry (tsp_concept_id, display_name, concept_kind, basis_expression, arity, source_tables, introduced_by_loop, superseded_by_concept, status, historical_concept_kind, semantic_category, reduced_basis_expression, operator_expression, reduction_generation, arc_subject_sort, arc_label_sort, arc_target_sort, arc_signature, recoverability_expression, is_recoverable_from_current_basis, rewrite_mode, rewrite_polarity)
VALUES ('coined-region-quotient', 'Region Quotient', 'COINED_PREDICATE', 'WARRANTED_REWRITE(region_paths,CONTRACTIVE,region_representative,expansion_warrant)+SEMANTIC_ARC(region,BOUNDARY_DEGREE,2)', 1, 'Neighborhoods,TSPClusterBoundaryStates,TSPClusterContractionCertificates', 'tsp-loop-635', NULL, 'ACTIVE_DERIVED', 'COINED_PREDICATE', 'DERIVED', 'WARRANTED_REWRITE(region_paths,CONTRACTIVE,region_representative,expansion_warrant)+SEMANTIC_ARC(region,BOUNDARY_DEGREE,2)', 'WARRANTED_REWRITE', 2, 'COMPOSED_SUBJECT', 'COMPOSED', 'COMPOSED_TARGET', 'COMPOSITION_OF_TYPED_SEMANTIC_ARCS', 'PROJECT_coined-region-quotient_FROM_SEMANTIC_ARC_AND_WARRANTED_REWRITE', TRUE, 'REGION_QUOTIENT', 'CONTRACTIVE') ON CONFLICT (tsp_concept_id) DO UPDATE SET display_name = EXCLUDED.display_name, concept_kind = EXCLUDED.concept_kind, basis_expression = EXCLUDED.basis_expression, arity = EXCLUDED.arity, source_tables = EXCLUDED.source_tables, introduced_by_loop = EXCLUDED.introduced_by_loop, superseded_by_concept = EXCLUDED.superseded_by_concept, status = EXCLUDED.status, historical_concept_kind = EXCLUDED.historical_concept_kind, semantic_category = EXCLUDED.semantic_category, reduced_basis_expression = EXCLUDED.reduced_basis_expression, operator_expression = EXCLUDED.operator_expression, reduction_generation = EXCLUDED.reduction_generation, arc_subject_sort = EXCLUDED.arc_subject_sort, arc_label_sort = EXCLUDED.arc_label_sort, arc_target_sort = EXCLUDED.arc_target_sort, arc_signature = EXCLUDED.arc_signature, recoverability_expression = EXCLUDED.recoverability_expression, is_recoverable_from_current_basis = EXCLUDED.is_recoverable_from_current_basis, rewrite_mode = EXCLUDED.rewrite_mode, rewrite_polarity = EXCLUDED.rewrite_polarity;

INSERT INTO tsp_concept_registry (tsp_concept_id, display_name, concept_kind, basis_expression, arity, source_tables, introduced_by_loop, superseded_by_concept, status, historical_concept_kind, semantic_category, reduced_basis_expression, operator_expression, reduction_generation, arc_subject_sort, arc_label_sort, arc_target_sort, arc_signature, recoverability_expression, is_recoverable_from_current_basis, rewrite_mode, rewrite_polarity)
VALUES ('coined-quotient-incidence-budget', 'Quotient Incidence Budget', 'COINED_PREDICATE', 'SEMANTIC_ARC(region,REQUIRED_BOUNDARY_DEGREE,2)+SEMANTIC_ARC(region,OBSERVED_BOUNDARY_DEGREE,0)+WARRANTED_REWRITE(profile,DEFECT_VECTOR,open,warrant)', 1, 'Neighborhoods,TSPDefectProfiles', 'tsp-loop-636', NULL, 'ACTIVE_DERIVED', 'COINED_PREDICATE', 'DERIVED', 'SEMANTIC_ARC(region,REQUIRED_BOUNDARY_DEGREE,2)+SEMANTIC_ARC(region,OBSERVED_BOUNDARY_DEGREE,0)+WARRANTED_REWRITE(profile,DEFECT_VECTOR,open,warrant)', 'WARRANTED_REWRITE', 2, 'COMPOSED_SUBJECT', 'COMPOSED', 'COMPOSED_TARGET', 'COMPOSITION_OF_TYPED_SEMANTIC_ARCS', 'PROJECT_coined-quotient-incidence-budget_FROM_SEMANTIC_ARC_AND_WARRANTED_REWRITE', TRUE, 'DEFECT_PROJECTION', 'MIXED') ON CONFLICT (tsp_concept_id) DO UPDATE SET display_name = EXCLUDED.display_name, concept_kind = EXCLUDED.concept_kind, basis_expression = EXCLUDED.basis_expression, arity = EXCLUDED.arity, source_tables = EXCLUDED.source_tables, introduced_by_loop = EXCLUDED.introduced_by_loop, superseded_by_concept = EXCLUDED.superseded_by_concept, status = EXCLUDED.status, historical_concept_kind = EXCLUDED.historical_concept_kind, semantic_category = EXCLUDED.semantic_category, reduced_basis_expression = EXCLUDED.reduced_basis_expression, operator_expression = EXCLUDED.operator_expression, reduction_generation = EXCLUDED.reduction_generation, arc_subject_sort = EXCLUDED.arc_subject_sort, arc_label_sort = EXCLUDED.arc_label_sort, arc_target_sort = EXCLUDED.arc_target_sort, arc_signature = EXCLUDED.arc_signature, recoverability_expression = EXCLUDED.recoverability_expression, is_recoverable_from_current_basis = EXCLUDED.is_recoverable_from_current_basis, rewrite_mode = EXCLUDED.rewrite_mode, rewrite_polarity = EXCLUDED.rewrite_polarity;

INSERT INTO tsp_concept_registry (tsp_concept_id, display_name, concept_kind, basis_expression, arity, source_tables, introduced_by_loop, superseded_by_concept, status, historical_concept_kind, semantic_category, reduced_basis_expression, operator_expression, reduction_generation, arc_subject_sort, arc_label_sort, arc_target_sort, arc_signature, recoverability_expression, is_recoverable_from_current_basis, rewrite_mode, rewrite_polarity)
VALUES ('coined-boundary-handshake', 'Boundary Handshake', 'COINED_PREDICATE', 'WARRANTED_REWRITE(SEMANTIC_ARC(region,BOUNDARY_DEGREE,2),AGGREGATE_THEN_DIVIDE_BY_TWO,crossing_demand=3,warrant)', 1, 'Neighborhoods,TSPBoundTerms,TSPDefectProfiles', 'tsp-loop-637', NULL, 'ACTIVE_DERIVED', 'COINED_PREDICATE', 'DERIVED', 'WARRANTED_REWRITE(SEMANTIC_ARC(region,BOUNDARY_DEGREE,2),AGGREGATE_THEN_DIVIDE_BY_TWO,crossing_demand=3,warrant)', 'WARRANTED_REWRITE', 2, 'COMPOSED_SUBJECT', 'COMPOSED', 'COMPOSED_TARGET', 'COMPOSITION_OF_TYPED_SEMANTIC_ARCS', 'PROJECT_coined-boundary-handshake_FROM_SEMANTIC_ARC_AND_WARRANTED_REWRITE', TRUE, 'HANDSHAKE_AGGREGATION', 'CONTRACTIVE') ON CONFLICT (tsp_concept_id) DO UPDATE SET display_name = EXCLUDED.display_name, concept_kind = EXCLUDED.concept_kind, basis_expression = EXCLUDED.basis_expression, arity = EXCLUDED.arity, source_tables = EXCLUDED.source_tables, introduced_by_loop = EXCLUDED.introduced_by_loop, superseded_by_concept = EXCLUDED.superseded_by_concept, status = EXCLUDED.status, historical_concept_kind = EXCLUDED.historical_concept_kind, semantic_category = EXCLUDED.semantic_category, reduced_basis_expression = EXCLUDED.reduced_basis_expression, operator_expression = EXCLUDED.operator_expression, reduction_generation = EXCLUDED.reduction_generation, arc_subject_sort = EXCLUDED.arc_subject_sort, arc_label_sort = EXCLUDED.arc_label_sort, arc_target_sort = EXCLUDED.arc_target_sort, arc_signature = EXCLUDED.arc_signature, recoverability_expression = EXCLUDED.recoverability_expression, is_recoverable_from_current_basis = EXCLUDED.is_recoverable_from_current_basis, rewrite_mode = EXCLUDED.rewrite_mode, rewrite_polarity = EXCLUDED.rewrite_polarity;

INSERT INTO tsp_concept_registry (tsp_concept_id, display_name, concept_kind, basis_expression, arity, source_tables, introduced_by_loop, superseded_by_concept, status, historical_concept_kind, semantic_category, reduced_basis_expression, operator_expression, reduction_generation, arc_subject_sort, arc_label_sort, arc_target_sort, arc_signature, recoverability_expression, is_recoverable_from_current_basis, rewrite_mode, rewrite_polarity)
VALUES ('coined-region-repair-equation', 'Region Repair Equation', 'COINED_PREDICATE', 'WARRANTED_REWRITE(base=9,ADD_CROSSINGS=30,RELEASE_INTERNAL=3,lower_bound=36,warrant)', 1, 'TSPBoundTerms,InstanceLowerBounds,TSPDefectProfiles', 'tsp-loop-638', NULL, 'ACTIVE_DERIVED', 'COINED_PREDICATE', 'DERIVED', 'WARRANTED_REWRITE(base=9,ADD_CROSSINGS=30,RELEASE_INTERNAL=3,lower_bound=36,warrant)', 'WARRANTED_REWRITE', 2, 'COMPOSED_SUBJECT', 'COMPOSED', 'COMPOSED_TARGET', 'COMPOSITION_OF_TYPED_SEMANTIC_ARCS', 'PROJECT_coined-region-repair-equation_FROM_SEMANTIC_ARC_AND_WARRANTED_REWRITE', TRUE, 'SIGNED_BOUND_COMPOSITION', 'MIXED') ON CONFLICT (tsp_concept_id) DO UPDATE SET display_name = EXCLUDED.display_name, concept_kind = EXCLUDED.concept_kind, basis_expression = EXCLUDED.basis_expression, arity = EXCLUDED.arity, source_tables = EXCLUDED.source_tables, introduced_by_loop = EXCLUDED.introduced_by_loop, superseded_by_concept = EXCLUDED.superseded_by_concept, status = EXCLUDED.status, historical_concept_kind = EXCLUDED.historical_concept_kind, semantic_category = EXCLUDED.semantic_category, reduced_basis_expression = EXCLUDED.reduced_basis_expression, operator_expression = EXCLUDED.operator_expression, reduction_generation = EXCLUDED.reduction_generation, arc_subject_sort = EXCLUDED.arc_subject_sort, arc_label_sort = EXCLUDED.arc_label_sort, arc_target_sort = EXCLUDED.arc_target_sort, arc_signature = EXCLUDED.arc_signature, recoverability_expression = EXCLUDED.recoverability_expression, is_recoverable_from_current_basis = EXCLUDED.is_recoverable_from_current_basis, rewrite_mode = EXCLUDED.rewrite_mode, rewrite_polarity = EXCLUDED.rewrite_polarity;

INSERT INTO tsp_concept_registry (tsp_concept_id, display_name, concept_kind, basis_expression, arity, source_tables, introduced_by_loop, superseded_by_concept, status, historical_concept_kind, semantic_category, reduced_basis_expression, operator_expression, reduction_generation, arc_subject_sort, arc_label_sort, arc_target_sort, arc_signature, recoverability_expression, is_recoverable_from_current_basis, rewrite_mode, rewrite_polarity)
VALUES ('coined-balanced-edge-exchange', 'Balanced Edge Exchange', 'COINED_PREDICATE', 'WARRANTED_REWRITE(local_two_factor,ADDED_3_RELEASED_3,connected_cycle,degree_and_connectivity_warrant)', 1, 'TSPEdgeStates,TSPDerivedEdgeSets,TSPConnectedDegreeTwoCertificates', 'tsp-loop-639', NULL, 'ACTIVE_DERIVED', 'COINED_PREDICATE', 'DERIVED', 'WARRANTED_REWRITE(local_two_factor,ADDED_3_RELEASED_3,connected_cycle,degree_and_connectivity_warrant)', 'WARRANTED_REWRITE', 2, 'COMPOSED_SUBJECT', 'COMPOSED', 'COMPOSED_TARGET', 'COMPOSITION_OF_TYPED_SEMANTIC_ARCS', 'PROJECT_coined-balanced-edge-exchange_FROM_SEMANTIC_ARC_AND_WARRANTED_REWRITE', TRUE, 'BALANCED_EDGE_EXCHANGE', 'MIXED') ON CONFLICT (tsp_concept_id) DO UPDATE SET display_name = EXCLUDED.display_name, concept_kind = EXCLUDED.concept_kind, basis_expression = EXCLUDED.basis_expression, arity = EXCLUDED.arity, source_tables = EXCLUDED.source_tables, introduced_by_loop = EXCLUDED.introduced_by_loop, superseded_by_concept = EXCLUDED.superseded_by_concept, status = EXCLUDED.status, historical_concept_kind = EXCLUDED.historical_concept_kind, semantic_category = EXCLUDED.semantic_category, reduced_basis_expression = EXCLUDED.reduced_basis_expression, operator_expression = EXCLUDED.operator_expression, reduction_generation = EXCLUDED.reduction_generation, arc_subject_sort = EXCLUDED.arc_subject_sort, arc_label_sort = EXCLUDED.arc_label_sort, arc_target_sort = EXCLUDED.arc_target_sort, arc_signature = EXCLUDED.arc_signature, recoverability_expression = EXCLUDED.recoverability_expression, is_recoverable_from_current_basis = EXCLUDED.is_recoverable_from_current_basis, rewrite_mode = EXCLUDED.rewrite_mode, rewrite_polarity = EXCLUDED.rewrite_polarity;

INSERT INTO tsp_concept_registry (tsp_concept_id, display_name, concept_kind, basis_expression, arity, source_tables, introduced_by_loop, superseded_by_concept, status, historical_concept_kind, semantic_category, reduced_basis_expression, operator_expression, reduction_generation, arc_subject_sort, arc_label_sort, arc_target_sort, arc_signature, recoverability_expression, is_recoverable_from_current_basis, rewrite_mode, rewrite_polarity)
VALUES ('coined-repair-cycle', 'Repair Cycle', 'COINED_PREDICATE', 'WARRANTED_REWRITE(balanced_exchange,ORDERED_RECONSTRUCTION,cycle_witness,semantic_arc_warrant)', 1, 'TSPRouteReconstructions,TSPRouteReconstructionSteps,TSPWitnessNormalForms,CandidateTours', 'tsp-loop-640', NULL, 'ACTIVE_DERIVED', 'COINED_PREDICATE', 'DERIVED', 'WARRANTED_REWRITE(balanced_exchange,ORDERED_RECONSTRUCTION,cycle_witness,semantic_arc_warrant)', 'WARRANTED_REWRITE', 2, 'COMPOSED_SUBJECT', 'COMPOSED', 'COMPOSED_TARGET', 'COMPOSITION_OF_TYPED_SEMANTIC_ARCS', 'PROJECT_coined-repair-cycle_FROM_SEMANTIC_ARC_AND_WARRANTED_REWRITE', TRUE, 'ROUTE_RECONSTRUCTION', 'EXPANSIVE') ON CONFLICT (tsp_concept_id) DO UPDATE SET display_name = EXCLUDED.display_name, concept_kind = EXCLUDED.concept_kind, basis_expression = EXCLUDED.basis_expression, arity = EXCLUDED.arity, source_tables = EXCLUDED.source_tables, introduced_by_loop = EXCLUDED.introduced_by_loop, superseded_by_concept = EXCLUDED.superseded_by_concept, status = EXCLUDED.status, historical_concept_kind = EXCLUDED.historical_concept_kind, semantic_category = EXCLUDED.semantic_category, reduced_basis_expression = EXCLUDED.reduced_basis_expression, operator_expression = EXCLUDED.operator_expression, reduction_generation = EXCLUDED.reduction_generation, arc_subject_sort = EXCLUDED.arc_subject_sort, arc_label_sort = EXCLUDED.arc_label_sort, arc_target_sort = EXCLUDED.arc_target_sort, arc_signature = EXCLUDED.arc_signature, recoverability_expression = EXCLUDED.recoverability_expression, is_recoverable_from_current_basis = EXCLUDED.is_recoverable_from_current_basis, rewrite_mode = EXCLUDED.rewrite_mode, rewrite_polarity = EXCLUDED.rewrite_polarity;

INSERT INTO tsp_concept_registry (tsp_concept_id, display_name, concept_kind, basis_expression, arity, source_tables, introduced_by_loop, superseded_by_concept, status, historical_concept_kind, semantic_category, reduced_basis_expression, operator_expression, reduction_generation, arc_subject_sort, arc_label_sort, arc_target_sort, arc_signature, recoverability_expression, is_recoverable_from_current_basis, rewrite_mode, rewrite_polarity)
VALUES ('coined-region-bound-sandwich', 'Region Bound Sandwich', 'COINED_PREDICATE', 'SEMANTIC_ARC(instance,LOWER_BOUND,36)+SEMANTIC_ARC(witness,COST,36)+WARRANTED_REWRITE(equality,OPTIMALITY,closed,warrant)', 1, 'InstanceLowerBounds,CandidateTours,OptimalityCertificates', 'tsp-loop-641', NULL, 'ACTIVE_DERIVED', 'COINED_PREDICATE', 'DERIVED', 'SEMANTIC_ARC(instance,LOWER_BOUND,36)+SEMANTIC_ARC(witness,COST,36)+WARRANTED_REWRITE(equality,OPTIMALITY,closed,warrant)', 'WARRANTED_REWRITE', 2, 'COMPOSED_SUBJECT', 'COMPOSED', 'COMPOSED_TARGET', 'COMPOSITION_OF_TYPED_SEMANTIC_ARCS', 'PROJECT_coined-region-bound-sandwich_FROM_SEMANTIC_ARC_AND_WARRANTED_REWRITE', TRUE, 'BOUND_EQUALITY_RIGIDITY', 'CONTRACTIVE') ON CONFLICT (tsp_concept_id) DO UPDATE SET display_name = EXCLUDED.display_name, concept_kind = EXCLUDED.concept_kind, basis_expression = EXCLUDED.basis_expression, arity = EXCLUDED.arity, source_tables = EXCLUDED.source_tables, introduced_by_loop = EXCLUDED.introduced_by_loop, superseded_by_concept = EXCLUDED.superseded_by_concept, status = EXCLUDED.status, historical_concept_kind = EXCLUDED.historical_concept_kind, semantic_category = EXCLUDED.semantic_category, reduced_basis_expression = EXCLUDED.reduced_basis_expression, operator_expression = EXCLUDED.operator_expression, reduction_generation = EXCLUDED.reduction_generation, arc_subject_sort = EXCLUDED.arc_subject_sort, arc_label_sort = EXCLUDED.arc_label_sort, arc_target_sort = EXCLUDED.arc_target_sort, arc_signature = EXCLUDED.arc_signature, recoverability_expression = EXCLUDED.recoverability_expression, is_recoverable_from_current_basis = EXCLUDED.is_recoverable_from_current_basis, rewrite_mode = EXCLUDED.rewrite_mode, rewrite_polarity = EXCLUDED.rewrite_polarity;

INSERT INTO tsp_concept_registry (tsp_concept_id, display_name, concept_kind, basis_expression, arity, source_tables, introduced_by_loop, superseded_by_concept, status, historical_concept_kind, semantic_category, reduced_basis_expression, operator_expression, reduction_generation, arc_subject_sort, arc_label_sort, arc_target_sort, arc_signature, recoverability_expression, is_recoverable_from_current_basis, rewrite_mode, rewrite_polarity)
VALUES ('coined-optimal-face', 'Optimal Face', 'COINED_PREDICATE', 'SEMANTIC_ARC(witness,COST,value)+WARRANTED_REWRITE(witnesses,MINIMUM_VALUE_FIBER,optimal_face,value_warrant)', 1, 'CandidateTours,TourStops,TourLegs,InstanceLowerBounds', 'tsp-loop-642', NULL, 'ACTIVE_DERIVED', 'COINED_PREDICATE', 'DERIVED', 'SEMANTIC_ARC(witness,COST,value)+WARRANTED_REWRITE(witnesses,MINIMUM_VALUE_FIBER,optimal_face,value_warrant)', 'WARRANTED_REWRITE', 2, 'COMPOSED_SUBJECT', 'COMPOSED', 'COMPOSED_TARGET', 'COMPOSITION_OF_TYPED_SEMANTIC_ARCS', 'PROJECT_coined-optimal-face_FROM_SEMANTIC_ARC_AND_WARRANTED_REWRITE', TRUE, 'MINIMUM_VALUE_FIBER', 'CONTRACTIVE') ON CONFLICT (tsp_concept_id) DO UPDATE SET display_name = EXCLUDED.display_name, concept_kind = EXCLUDED.concept_kind, basis_expression = EXCLUDED.basis_expression, arity = EXCLUDED.arity, source_tables = EXCLUDED.source_tables, introduced_by_loop = EXCLUDED.introduced_by_loop, superseded_by_concept = EXCLUDED.superseded_by_concept, status = EXCLUDED.status, historical_concept_kind = EXCLUDED.historical_concept_kind, semantic_category = EXCLUDED.semantic_category, reduced_basis_expression = EXCLUDED.reduced_basis_expression, operator_expression = EXCLUDED.operator_expression, reduction_generation = EXCLUDED.reduction_generation, arc_subject_sort = EXCLUDED.arc_subject_sort, arc_label_sort = EXCLUDED.arc_label_sort, arc_target_sort = EXCLUDED.arc_target_sort, arc_signature = EXCLUDED.arc_signature, recoverability_expression = EXCLUDED.recoverability_expression, is_recoverable_from_current_basis = EXCLUDED.is_recoverable_from_current_basis, rewrite_mode = EXCLUDED.rewrite_mode, rewrite_polarity = EXCLUDED.rewrite_polarity;

INSERT INTO tsp_concept_registry (tsp_concept_id, display_name, concept_kind, basis_expression, arity, source_tables, introduced_by_loop, superseded_by_concept, status, historical_concept_kind, semantic_category, reduced_basis_expression, operator_expression, reduction_generation, arc_subject_sort, arc_label_sort, arc_target_sort, arc_signature, recoverability_expression, is_recoverable_from_current_basis, rewrite_mode, rewrite_polarity)
VALUES ('coined-value-choice-split', 'Value/Choice Split', 'COINED_PREDICATE', 'SEMANTIC_ARC(instance,OPTIMUM_VALUE,4)+SEMANTIC_ARC(optimal_face,CHOICE_ORBIT_SIZE,2)+WARRANTED_REWRITE(value_proof,CLOSE_VALUE,choice_open,warrant)', 1, 'OptimalityCertificates,TSPInferenceStates,TSPDefectProfiles', 'tsp-loop-643', NULL, 'ACTIVE_DERIVED', 'COINED_PREDICATE', 'DERIVED', 'SEMANTIC_ARC(instance,OPTIMUM_VALUE,4)+SEMANTIC_ARC(optimal_face,CHOICE_ORBIT_SIZE,2)+WARRANTED_REWRITE(value_proof,CLOSE_VALUE,choice_open,warrant)', 'WARRANTED_REWRITE', 2, 'COMPOSED_SUBJECT', 'COMPOSED', 'COMPOSED_TARGET', 'COMPOSITION_OF_TYPED_SEMANTIC_ARCS', 'PROJECT_coined-value-choice-split_FROM_SEMANTIC_ARC_AND_WARRANTED_REWRITE', TRUE, 'VALUE_CHOICE_SEPARATION', 'MIXED') ON CONFLICT (tsp_concept_id) DO UPDATE SET display_name = EXCLUDED.display_name, concept_kind = EXCLUDED.concept_kind, basis_expression = EXCLUDED.basis_expression, arity = EXCLUDED.arity, source_tables = EXCLUDED.source_tables, introduced_by_loop = EXCLUDED.introduced_by_loop, superseded_by_concept = EXCLUDED.superseded_by_concept, status = EXCLUDED.status, historical_concept_kind = EXCLUDED.historical_concept_kind, semantic_category = EXCLUDED.semantic_category, reduced_basis_expression = EXCLUDED.reduced_basis_expression, operator_expression = EXCLUDED.operator_expression, reduction_generation = EXCLUDED.reduction_generation, arc_subject_sort = EXCLUDED.arc_subject_sort, arc_label_sort = EXCLUDED.arc_label_sort, arc_target_sort = EXCLUDED.arc_target_sort, arc_signature = EXCLUDED.arc_signature, recoverability_expression = EXCLUDED.recoverability_expression, is_recoverable_from_current_basis = EXCLUDED.is_recoverable_from_current_basis, rewrite_mode = EXCLUDED.rewrite_mode, rewrite_polarity = EXCLUDED.rewrite_polarity;

INSERT INTO tsp_concept_registry (tsp_concept_id, display_name, concept_kind, basis_expression, arity, source_tables, introduced_by_loop, superseded_by_concept, status, historical_concept_kind, semantic_category, reduced_basis_expression, operator_expression, reduction_generation, arc_subject_sort, arc_label_sort, arc_target_sort, arc_signature, recoverability_expression, is_recoverable_from_current_basis, rewrite_mode, rewrite_polarity)
VALUES ('coined-choice-orbit', 'Choice Orbit', 'COINED_PREDICATE', 'SEMANTIC_ARC(witness,ORBIT_MEMBER,choice_orbit)+SEMANTIC_ARC(choice_orbit,VALUE,4)+WARRANTED_REWRITE(route_classes,MINIMUM_FACE,two_survivors,warrant)', 1, 'CandidateTours,TSPSearchCertificates,TSPInferenceStates', 'tsp-loop-644', NULL, 'ACTIVE_DERIVED', 'COINED_PREDICATE', 'DERIVED', 'SEMANTIC_ARC(witness,ORBIT_MEMBER,choice_orbit)+SEMANTIC_ARC(choice_orbit,VALUE,4)+WARRANTED_REWRITE(route_classes,MINIMUM_FACE,two_survivors,warrant)', 'WARRANTED_REWRITE', 2, 'COMPOSED_SUBJECT', 'COMPOSED', 'COMPOSED_TARGET', 'COMPOSITION_OF_TYPED_SEMANTIC_ARCS', 'PROJECT_coined-choice-orbit_FROM_SEMANTIC_ARC_AND_WARRANTED_REWRITE', TRUE, 'VALUE_PRESERVING_ORBIT', 'CONTRACTIVE') ON CONFLICT (tsp_concept_id) DO UPDATE SET display_name = EXCLUDED.display_name, concept_kind = EXCLUDED.concept_kind, basis_expression = EXCLUDED.basis_expression, arity = EXCLUDED.arity, source_tables = EXCLUDED.source_tables, introduced_by_loop = EXCLUDED.introduced_by_loop, superseded_by_concept = EXCLUDED.superseded_by_concept, status = EXCLUDED.status, historical_concept_kind = EXCLUDED.historical_concept_kind, semantic_category = EXCLUDED.semantic_category, reduced_basis_expression = EXCLUDED.reduced_basis_expression, operator_expression = EXCLUDED.operator_expression, reduction_generation = EXCLUDED.reduction_generation, arc_subject_sort = EXCLUDED.arc_subject_sort, arc_label_sort = EXCLUDED.arc_label_sort, arc_target_sort = EXCLUDED.arc_target_sort, arc_signature = EXCLUDED.arc_signature, recoverability_expression = EXCLUDED.recoverability_expression, is_recoverable_from_current_basis = EXCLUDED.is_recoverable_from_current_basis, rewrite_mode = EXCLUDED.rewrite_mode, rewrite_polarity = EXCLUDED.rewrite_polarity;

INSERT INTO tsp_concept_registry (tsp_concept_id, display_name, concept_kind, basis_expression, arity, source_tables, introduced_by_loop, superseded_by_concept, status, historical_concept_kind, semantic_category, reduced_basis_expression, operator_expression, reduction_generation, arc_subject_sort, arc_label_sort, arc_target_sort, arc_signature, recoverability_expression, is_recoverable_from_current_basis, rewrite_mode, rewrite_polarity)
VALUES ('coined-branch-warrant', 'Branch Warrant', 'COINED_PREDICATE', 'SEMANTIC_ARC(branch,PURPOSE,value_or_choice)+SEMANTIC_ARC(state,VALUE_STATUS,closed)+WARRANTED_REWRITE(branch_request,REJECT_OR_CONDITION,decision,warrant)', 1, 'TSPInferenceApplications,TSPSearchCertificates,TSPInferenceStates', 'tsp-loop-645', NULL, 'ACTIVE_DERIVED', 'COINED_PREDICATE', 'DERIVED', 'SEMANTIC_ARC(branch,PURPOSE,value_or_choice)+SEMANTIC_ARC(state,VALUE_STATUS,closed)+WARRANTED_REWRITE(branch_request,REJECT_OR_CONDITION,decision,warrant)', 'WARRANTED_REWRITE', 2, 'COMPOSED_SUBJECT', 'COMPOSED', 'COMPOSED_TARGET', 'COMPOSITION_OF_TYPED_SEMANTIC_ARCS', 'PROJECT_coined-branch-warrant_FROM_SEMANTIC_ARC_AND_WARRANTED_REWRITE', TRUE, 'BRANCH_GOVERNANCE', 'CONTRACTIVE') ON CONFLICT (tsp_concept_id) DO UPDATE SET display_name = EXCLUDED.display_name, concept_kind = EXCLUDED.concept_kind, basis_expression = EXCLUDED.basis_expression, arity = EXCLUDED.arity, source_tables = EXCLUDED.source_tables, introduced_by_loop = EXCLUDED.introduced_by_loop, superseded_by_concept = EXCLUDED.superseded_by_concept, status = EXCLUDED.status, historical_concept_kind = EXCLUDED.historical_concept_kind, semantic_category = EXCLUDED.semantic_category, reduced_basis_expression = EXCLUDED.reduced_basis_expression, operator_expression = EXCLUDED.operator_expression, reduction_generation = EXCLUDED.reduction_generation, arc_subject_sort = EXCLUDED.arc_subject_sort, arc_label_sort = EXCLUDED.arc_label_sort, arc_target_sort = EXCLUDED.arc_target_sort, arc_signature = EXCLUDED.arc_signature, recoverability_expression = EXCLUDED.recoverability_expression, is_recoverable_from_current_basis = EXCLUDED.is_recoverable_from_current_basis, rewrite_mode = EXCLUDED.rewrite_mode, rewrite_polarity = EXCLUDED.rewrite_polarity;

INSERT INTO tsp_concept_registry (tsp_concept_id, display_name, concept_kind, basis_expression, arity, source_tables, introduced_by_loop, superseded_by_concept, status, historical_concept_kind, semantic_category, reduced_basis_expression, operator_expression, reduction_generation, arc_subject_sort, arc_label_sort, arc_target_sort, arc_signature, recoverability_expression, is_recoverable_from_current_basis, rewrite_mode, rewrite_polarity)
VALUES ('coined-coherence-event-two', 'Coherence Event II', 'COINED_PREDICATE', 'SEMANTIC_ARC(program,ACTIVE_ATOMS,1)+SEMANTIC_ARC(program,ACTIVE_OPERATORS,1)+SEMANTIC_ARC(program,PHYSICAL_TABLES,45)+WARRANTED_REWRITE(evidence,COHERENCE_SUMMARY,event,warrant)', 1, 'TSPConvergenceMeasurements,TSPConceptRegistry,TSPFrontierObligations,OptimalityCertificates,TSPSearchCertificates', 'tsp-loop-646', NULL, 'ACTIVE_DERIVED', 'COINED_PREDICATE', 'DERIVED', 'SEMANTIC_ARC(program,ACTIVE_ATOMS,1)+SEMANTIC_ARC(program,ACTIVE_OPERATORS,1)+SEMANTIC_ARC(program,PHYSICAL_TABLES,45)+WARRANTED_REWRITE(evidence,COHERENCE_SUMMARY,event,warrant)', 'WARRANTED_REWRITE', 2, 'COMPOSED_SUBJECT', 'COMPOSED', 'COMPOSED_TARGET', 'COMPOSITION_OF_TYPED_SEMANTIC_ARCS', 'PROJECT_coined-coherence-event-two_FROM_SEMANTIC_ARC_AND_WARRANTED_REWRITE', TRUE, 'COHERENCE_SUMMARY', 'MIXED') ON CONFLICT (tsp_concept_id) DO UPDATE SET display_name = EXCLUDED.display_name, concept_kind = EXCLUDED.concept_kind, basis_expression = EXCLUDED.basis_expression, arity = EXCLUDED.arity, source_tables = EXCLUDED.source_tables, introduced_by_loop = EXCLUDED.introduced_by_loop, superseded_by_concept = EXCLUDED.superseded_by_concept, status = EXCLUDED.status, historical_concept_kind = EXCLUDED.historical_concept_kind, semantic_category = EXCLUDED.semantic_category, reduced_basis_expression = EXCLUDED.reduced_basis_expression, operator_expression = EXCLUDED.operator_expression, reduction_generation = EXCLUDED.reduction_generation, arc_subject_sort = EXCLUDED.arc_subject_sort, arc_label_sort = EXCLUDED.arc_label_sort, arc_target_sort = EXCLUDED.arc_target_sort, arc_signature = EXCLUDED.arc_signature, recoverability_expression = EXCLUDED.recoverability_expression, is_recoverable_from_current_basis = EXCLUDED.is_recoverable_from_current_basis, rewrite_mode = EXCLUDED.rewrite_mode, rewrite_polarity = EXCLUDED.rewrite_polarity;

-- ----------------------------------------------------------------------------
-- SearchMetrics: Quantitative record of how much combinatorial search remains after each represented inference stage.
-- ----------------------------------------------------------------------------
INSERT INTO search_metrics (search_metric_id, tsp_instance, tsp_loop, search_question, candidate_tour, raw_node_count, raw_edge_count, forced_edge_count, forbidden_edge_count, symmetry_class_count, component_contraction_count, branch_count_before, branch_count_after, backtrack_count, residual_ambiguity_count, status)
VALUES ('search-baseline-gridville-5', 'tsp-gridville-5', 'tsp-loop-581', 'DISCOVER_ROUTE_WITHOUT_SUPPLIED_CANDIDATE', NULL, 5, 10, 0, 0, 12, 0, 12, 12, 0, 12, 'ROUTE_DISCOVERY_BASELINE_NO_CLOSURE') ON CONFLICT (search_metric_id) DO UPDATE SET tsp_instance = EXCLUDED.tsp_instance, tsp_loop = EXCLUDED.tsp_loop, search_question = EXCLUDED.search_question, candidate_tour = EXCLUDED.candidate_tour, raw_node_count = EXCLUDED.raw_node_count, raw_edge_count = EXCLUDED.raw_edge_count, forced_edge_count = EXCLUDED.forced_edge_count, forbidden_edge_count = EXCLUDED.forbidden_edge_count, symmetry_class_count = EXCLUDED.symmetry_class_count, component_contraction_count = EXCLUDED.component_contraction_count, branch_count_before = EXCLUDED.branch_count_before, branch_count_after = EXCLUDED.branch_count_after, backtrack_count = EXCLUDED.backtrack_count, residual_ambiguity_count = EXCLUDED.residual_ambiguity_count, status = EXCLUDED.status;

INSERT INTO search_metrics (search_metric_id, tsp_instance, tsp_loop, search_question, candidate_tour, raw_node_count, raw_edge_count, forced_edge_count, forbidden_edge_count, symmetry_class_count, component_contraction_count, branch_count_before, branch_count_after, backtrack_count, residual_ambiguity_count, status)
VALUES ('search-optimality-verification-gridville-5', 'tsp-gridville-5', 'tsp-loop-586', 'VERIFY_OPTIMALITY_OF_SUPPLIED_CANDIDATE', 'tour-reference-ring', 5, 10, 0, 0, 12, 0, 12, 0, 0, 0, 'OPTIMALITY_VERIFICATION_CLOSED_BY_BOUND_EQUALITY') ON CONFLICT (search_metric_id) DO UPDATE SET tsp_instance = EXCLUDED.tsp_instance, tsp_loop = EXCLUDED.tsp_loop, search_question = EXCLUDED.search_question, candidate_tour = EXCLUDED.candidate_tour, raw_node_count = EXCLUDED.raw_node_count, raw_edge_count = EXCLUDED.raw_edge_count, forced_edge_count = EXCLUDED.forced_edge_count, forbidden_edge_count = EXCLUDED.forbidden_edge_count, symmetry_class_count = EXCLUDED.symmetry_class_count, component_contraction_count = EXCLUDED.component_contraction_count, branch_count_before = EXCLUDED.branch_count_before, branch_count_after = EXCLUDED.branch_count_after, backtrack_count = EXCLUDED.backtrack_count, residual_ambiguity_count = EXCLUDED.residual_ambiguity_count, status = EXCLUDED.status;

-- ----------------------------------------------------------------------------
-- TSPInvariantChecks: Rulebook-native acceptance checks comparing expected raw outcomes to derived candidate-tour fields.
-- ----------------------------------------------------------------------------
INSERT INTO tsp_invariant_checks (tsp_invariant_check_id, display_name, candidate_tour, expected_hamiltonian_cycle_witness, expected_optimality_proved, expected_total_travel_cost)
VALUES ('check-reference-route', 'Reference route validates and matches the certified finite-instance lower bound', 'tour-reference-ring', TRUE, TRUE, 14) ON CONFLICT (tsp_invariant_check_id) DO UPDATE SET display_name = EXCLUDED.display_name, candidate_tour = EXCLUDED.candidate_tour, expected_hamiltonian_cycle_witness = EXCLUDED.expected_hamiltonian_cycle_witness, expected_optimality_proved = EXCLUDED.expected_optimality_proved, expected_total_travel_cost = EXCLUDED.expected_total_travel_cost;

INSERT INTO tsp_invariant_checks (tsp_invariant_check_id, display_name, candidate_tour, expected_hamiltonian_cycle_witness, expected_optimality_proved, expected_total_travel_cost)
VALUES ('check-duplicate-route', 'Duplicate-stop route is rejected', 'tour-duplicate-b', FALSE, FALSE, 17) ON CONFLICT (tsp_invariant_check_id) DO UPDATE SET display_name = EXCLUDED.display_name, candidate_tour = EXCLUDED.candidate_tour, expected_hamiltonian_cycle_witness = EXCLUDED.expected_hamiltonian_cycle_witness, expected_optimality_proved = EXCLUDED.expected_optimality_proved, expected_total_travel_cost = EXCLUDED.expected_total_travel_cost;

INSERT INTO tsp_invariant_checks (tsp_invariant_check_id, display_name, candidate_tour, expected_hamiltonian_cycle_witness, expected_optimality_proved, expected_total_travel_cost)
VALUES ('check-missing-close-duplicate-transition', 'Locally legal legs cannot hide duplicated and missing global transitions', 'tour-missing-close-duplicate-ab', FALSE, FALSE, 13) ON CONFLICT (tsp_invariant_check_id) DO UPDATE SET display_name = EXCLUDED.display_name, candidate_tour = EXCLUDED.candidate_tour, expected_hamiltonian_cycle_witness = EXCLUDED.expected_hamiltonian_cycle_witness, expected_optimality_proved = EXCLUDED.expected_optimality_proved, expected_total_travel_cost = EXCLUDED.expected_total_travel_cost;

INSERT INTO tsp_invariant_checks (tsp_invariant_check_id, display_name, candidate_tour, expected_hamiltonian_cycle_witness, expected_optimality_proved, expected_total_travel_cost)
VALUES ('check-twin-component-repair-optimality', 'Twin candidate matches the component-repair lower bound', 'tour-twin-triangles-feasible-24', TRUE, TRUE, 24) ON CONFLICT (tsp_invariant_check_id) DO UPDATE SET display_name = EXCLUDED.display_name, candidate_tour = EXCLUDED.candidate_tour, expected_hamiltonian_cycle_witness = EXCLUDED.expected_hamiltonian_cycle_witness, expected_optimality_proved = EXCLUDED.expected_optimality_proved, expected_total_travel_cost = EXCLUDED.expected_total_travel_cost;

INSERT INTO tsp_invariant_checks (tsp_invariant_check_id, display_name, candidate_tour, expected_hamiltonian_cycle_witness, expected_optimality_proved, expected_total_travel_cost)
VALUES ('check-three-region-repair-optimality', 'Three-region repaired candidate equals region-repair lower bound', 'tour-three-region-repair-36', TRUE, TRUE, 36) ON CONFLICT (tsp_invariant_check_id) DO UPDATE SET display_name = EXCLUDED.display_name, candidate_tour = EXCLUDED.candidate_tour, expected_hamiltonian_cycle_witness = EXCLUDED.expected_hamiltonian_cycle_witness, expected_optimality_proved = EXCLUDED.expected_optimality_proved, expected_total_travel_cost = EXCLUDED.expected_total_travel_cost;

INSERT INTO tsp_invariant_checks (tsp_invariant_check_id, display_name, candidate_tour, expected_hamiltonian_cycle_witness, expected_optimality_proved, expected_total_travel_cost)
VALUES ('check-tour-optimal-face-abcd-4', 'Optimal-face invariant for tour-optimal-face-abcd-4', 'tour-optimal-face-abcd-4', TRUE, TRUE, 4) ON CONFLICT (tsp_invariant_check_id) DO UPDATE SET display_name = EXCLUDED.display_name, candidate_tour = EXCLUDED.candidate_tour, expected_hamiltonian_cycle_witness = EXCLUDED.expected_hamiltonian_cycle_witness, expected_optimality_proved = EXCLUDED.expected_optimality_proved, expected_total_travel_cost = EXCLUDED.expected_total_travel_cost;

INSERT INTO tsp_invariant_checks (tsp_invariant_check_id, display_name, candidate_tour, expected_hamiltonian_cycle_witness, expected_optimality_proved, expected_total_travel_cost)
VALUES ('check-tour-optimal-face-acbd-4', 'Optimal-face invariant for tour-optimal-face-acbd-4', 'tour-optimal-face-acbd-4', TRUE, TRUE, 4) ON CONFLICT (tsp_invariant_check_id) DO UPDATE SET display_name = EXCLUDED.display_name, candidate_tour = EXCLUDED.candidate_tour, expected_hamiltonian_cycle_witness = EXCLUDED.expected_hamiltonian_cycle_witness, expected_optimality_proved = EXCLUDED.expected_optimality_proved, expected_total_travel_cost = EXCLUDED.expected_total_travel_cost;

INSERT INTO tsp_invariant_checks (tsp_invariant_check_id, display_name, candidate_tour, expected_hamiltonian_cycle_witness, expected_optimality_proved, expected_total_travel_cost)
VALUES ('check-tour-optimal-face-abdc-6', 'Optimal-face invariant for tour-optimal-face-abdc-6', 'tour-optimal-face-abdc-6', TRUE, FALSE, 6) ON CONFLICT (tsp_invariant_check_id) DO UPDATE SET display_name = EXCLUDED.display_name, candidate_tour = EXCLUDED.candidate_tour, expected_hamiltonian_cycle_witness = EXCLUDED.expected_hamiltonian_cycle_witness, expected_optimality_proved = EXCLUDED.expected_optimality_proved, expected_total_travel_cost = EXCLUDED.expected_total_travel_cost;

