-- ============================================================================
-- INSERT DATA - Load data from rulebook
-- ============================================================================
-- Generated by rulebook-to-postgres tool
-- Mode: check-add    Stage: dev
-- PK strategy: string (FK values are rewritten to match each PK)
-- ============================================================================

-- ----------------------------------------------------------------------------
-- Cities: Cities provide the outer spatial boundary for TSP instances.
-- ----------------------------------------------------------------------------
INSERT INTO cities (city_id, display_name, country_code, coordinate_system, description)
VALUES ('gridville', 'Gridville', 'US', 'LOCAL_INTEGER_GRID_V1', 'Deterministic five-address fixture used to bring the TSP Postgres substrate online.') ON CONFLICT (city_id) DO UPDATE SET display_name = EXCLUDED.display_name, country_code = EXCLUDED.country_code, coordinate_system = EXCLUDED.coordinate_system, description = EXCLUDED.description;

-- ----------------------------------------------------------------------------
-- Neighborhoods: Neighborhoods partition a city into first-class spatial clusters.
-- ----------------------------------------------------------------------------
INSERT INTO neighborhoods (neighborhood_id, display_name, city, cluster_kind)
VALUES ('gridville-downtown', 'Downtown', 'gridville', 'CORE') ON CONFLICT (neighborhood_id) DO UPDATE SET display_name = EXCLUDED.display_name, city = EXCLUDED.city, cluster_kind = EXCLUDED.cluster_kind;

INSERT INTO neighborhoods (neighborhood_id, display_name, city, cluster_kind)
VALUES ('gridville-north', 'North Hills', 'gridville', 'RESIDENTIAL') ON CONFLICT (neighborhood_id) DO UPDATE SET display_name = EXCLUDED.display_name, city = EXCLUDED.city, cluster_kind = EXCLUDED.cluster_kind;

INSERT INTO neighborhoods (neighborhood_id, display_name, city, cluster_kind)
VALUES ('gridville-south', 'South Market', 'gridville', 'MIXED_USE') ON CONFLICT (neighborhood_id) DO UPDATE SET display_name = EXCLUDED.display_name, city = EXCLUDED.city, cluster_kind = EXCLUDED.cluster_kind;

INSERT INTO neighborhoods (neighborhood_id, display_name, city, cluster_kind)
VALUES ('gridville-west-triangle', 'West Triangle', 'gridville', 'TSP_CLUSTER_FIXTURE') ON CONFLICT (neighborhood_id) DO UPDATE SET display_name = EXCLUDED.display_name, city = EXCLUDED.city, cluster_kind = EXCLUDED.cluster_kind;

INSERT INTO neighborhoods (neighborhood_id, display_name, city, cluster_kind)
VALUES ('gridville-east-triangle', 'East Triangle', 'gridville', 'TSP_CLUSTER_FIXTURE') ON CONFLICT (neighborhood_id) DO UPDATE SET display_name = EXCLUDED.display_name, city = EXCLUDED.city, cluster_kind = EXCLUDED.cluster_kind;

-- ----------------------------------------------------------------------------
-- Addresses: Addresses are visitable physical locations. Coordinates support visualization; edge costs remain explicit graph data.
-- ----------------------------------------------------------------------------
INSERT INTO addresses (address_id, street_label, neighborhood, x_coordinate, y_coordinate, is_depot_candidate)
VALUES ('addr-a-depot', '1 Center Plaza', 'gridville-downtown', 0, 0, TRUE) ON CONFLICT (address_id) DO UPDATE SET street_label = EXCLUDED.street_label, neighborhood = EXCLUDED.neighborhood, x_coordinate = EXCLUDED.x_coordinate, y_coordinate = EXCLUDED.y_coordinate, is_depot_candidate = EXCLUDED.is_depot_candidate;

INSERT INTO addresses (address_id, street_label, neighborhood, x_coordinate, y_coordinate, is_depot_candidate)
VALUES ('addr-b-market', '20 Market Street', 'gridville-downtown', 2, 0, FALSE) ON CONFLICT (address_id) DO UPDATE SET street_label = EXCLUDED.street_label, neighborhood = EXCLUDED.neighborhood, x_coordinate = EXCLUDED.x_coordinate, y_coordinate = EXCLUDED.y_coordinate, is_depot_candidate = EXCLUDED.is_depot_candidate;

INSERT INTO addresses (address_id, street_label, neighborhood, x_coordinate, y_coordinate, is_depot_candidate)
VALUES ('addr-c-north', '300 North Avenue', 'gridville-north', 3, 2, FALSE) ON CONFLICT (address_id) DO UPDATE SET street_label = EXCLUDED.street_label, neighborhood = EXCLUDED.neighborhood, x_coordinate = EXCLUDED.x_coordinate, y_coordinate = EXCLUDED.y_coordinate, is_depot_candidate = EXCLUDED.is_depot_candidate;

INSERT INTO addresses (address_id, street_label, neighborhood, x_coordinate, y_coordinate, is_depot_candidate)
VALUES ('addr-d-hill', '44 Hill Road', 'gridville-north', 1, 3, FALSE) ON CONFLICT (address_id) DO UPDATE SET street_label = EXCLUDED.street_label, neighborhood = EXCLUDED.neighborhood, x_coordinate = EXCLUDED.x_coordinate, y_coordinate = EXCLUDED.y_coordinate, is_depot_candidate = EXCLUDED.is_depot_candidate;

INSERT INTO addresses (address_id, street_label, neighborhood, x_coordinate, y_coordinate, is_depot_candidate)
VALUES ('addr-e-south', '9 South Lane', 'gridville-south', -1, 2, FALSE) ON CONFLICT (address_id) DO UPDATE SET street_label = EXCLUDED.street_label, neighborhood = EXCLUDED.neighborhood, x_coordinate = EXCLUDED.x_coordinate, y_coordinate = EXCLUDED.y_coordinate, is_depot_candidate = EXCLUDED.is_depot_candidate;

INSERT INTO addresses (address_id, street_label, neighborhood, x_coordinate, y_coordinate, is_depot_candidate)
VALUES ('addr-wa', 'Twin WA', 'gridville-west-triangle', 10, 0, TRUE) ON CONFLICT (address_id) DO UPDATE SET street_label = EXCLUDED.street_label, neighborhood = EXCLUDED.neighborhood, x_coordinate = EXCLUDED.x_coordinate, y_coordinate = EXCLUDED.y_coordinate, is_depot_candidate = EXCLUDED.is_depot_candidate;

INSERT INTO addresses (address_id, street_label, neighborhood, x_coordinate, y_coordinate, is_depot_candidate)
VALUES ('addr-wb', 'Twin WB', 'gridville-west-triangle', 11, 1, FALSE) ON CONFLICT (address_id) DO UPDATE SET street_label = EXCLUDED.street_label, neighborhood = EXCLUDED.neighborhood, x_coordinate = EXCLUDED.x_coordinate, y_coordinate = EXCLUDED.y_coordinate, is_depot_candidate = EXCLUDED.is_depot_candidate;

INSERT INTO addresses (address_id, street_label, neighborhood, x_coordinate, y_coordinate, is_depot_candidate)
VALUES ('addr-wc', 'Twin WC', 'gridville-west-triangle', 12, 0, FALSE) ON CONFLICT (address_id) DO UPDATE SET street_label = EXCLUDED.street_label, neighborhood = EXCLUDED.neighborhood, x_coordinate = EXCLUDED.x_coordinate, y_coordinate = EXCLUDED.y_coordinate, is_depot_candidate = EXCLUDED.is_depot_candidate;

INSERT INTO addresses (address_id, street_label, neighborhood, x_coordinate, y_coordinate, is_depot_candidate)
VALUES ('addr-ed', 'Twin ED', 'gridville-east-triangle', 20, 0, FALSE) ON CONFLICT (address_id) DO UPDATE SET street_label = EXCLUDED.street_label, neighborhood = EXCLUDED.neighborhood, x_coordinate = EXCLUDED.x_coordinate, y_coordinate = EXCLUDED.y_coordinate, is_depot_candidate = EXCLUDED.is_depot_candidate;

INSERT INTO addresses (address_id, street_label, neighborhood, x_coordinate, y_coordinate, is_depot_candidate)
VALUES ('addr-ee', 'Twin EE', 'gridville-east-triangle', 21, 1, FALSE) ON CONFLICT (address_id) DO UPDATE SET street_label = EXCLUDED.street_label, neighborhood = EXCLUDED.neighborhood, x_coordinate = EXCLUDED.x_coordinate, y_coordinate = EXCLUDED.y_coordinate, is_depot_candidate = EXCLUDED.is_depot_candidate;

INSERT INTO addresses (address_id, street_label, neighborhood, x_coordinate, y_coordinate, is_depot_candidate)
VALUES ('addr-ef', 'Twin EF', 'gridville-east-triangle', 22, 0, FALSE) ON CONFLICT (address_id) DO UPDATE SET street_label = EXCLUDED.street_label, neighborhood = EXCLUDED.neighborhood, x_coordinate = EXCLUDED.x_coordinate, y_coordinate = EXCLUDED.y_coordinate, is_depot_candidate = EXCLUDED.is_depot_candidate;

-- ----------------------------------------------------------------------------
-- TSPInstances: One finite Traveling Salesman problem instance over required city addresses.
-- ----------------------------------------------------------------------------
INSERT INTO tsp_instances (tsp_instance_id, display_name, city, depot_address, distance_model, is_symmetric, status, search_policy, notes)
VALUES ('tsp-gridville-5', 'Gridville Five-Address Baseline', 'gridville', 'addr-a-depot', 'EXPLICIT_SYMMETRIC_COST', TRUE, 'NORMALIZED', 'SEMANTIC_CLOSURE_BEFORE_SEARCH', 'A five-stop complete weighted graph. It calibrates representation and tour validation; it does not establish a general TSP algorithm.') ON CONFLICT (tsp_instance_id) DO UPDATE SET display_name = EXCLUDED.display_name, city = EXCLUDED.city, depot_address = EXCLUDED.depot_address, distance_model = EXCLUDED.distance_model, is_symmetric = EXCLUDED.is_symmetric, status = EXCLUDED.status, search_policy = EXCLUDED.search_policy, notes = EXCLUDED.notes;

INSERT INTO tsp_instances (tsp_instance_id, display_name, city, depot_address, distance_model, is_symmetric, status, search_policy, notes)
VALUES ('tsp-gridville-broken-3', 'Gridville Three-Stop Duplicate-Pair Counterexample', 'gridville', 'addr-a-depot', 'EXPLICIT_SYMMETRIC_COST', TRUE, 'NEGATIVE_NORMALIZATION_FIXTURE', 'NO_SEARCH_GRAPH_VALIDATION_ONLY', 'Three edge rows equal n(n-1)/2, but AB appears twice and BC is missing; count alone must not certify completeness.') ON CONFLICT (tsp_instance_id) DO UPDATE SET display_name = EXCLUDED.display_name, city = EXCLUDED.city, depot_address = EXCLUDED.depot_address, distance_model = EXCLUDED.distance_model, is_symmetric = EXCLUDED.is_symmetric, status = EXCLUDED.status, search_policy = EXCLUDED.search_policy, notes = EXCLUDED.notes;

INSERT INTO tsp_instances (tsp_instance_id, display_name, city, depot_address, distance_model, is_symmetric, status, search_policy, notes)
VALUES ('tsp-twin-triangles-6', 'Twin Triangles Six-Stop Non-Tight Bound', 'gridville', 'addr-wa', 'EXPLICIT_SYMMETRIC_COST', TRUE, 'NON_TIGHT_BOUND_FIXTURE', 'SEMANTIC_CLOSURE_BEFORE_SEARCH', 'Two cheap internal triangles and expensive crossings; local degree-two bound is sound but disconnected and non-tight.') ON CONFLICT (tsp_instance_id) DO UPDATE SET display_name = EXCLUDED.display_name, city = EXCLUDED.city, depot_address = EXCLUDED.depot_address, distance_model = EXCLUDED.distance_model, is_symmetric = EXCLUDED.is_symmetric, status = EXCLUDED.status, search_policy = EXCLUDED.search_policy, notes = EXCLUDED.notes;

INSERT INTO tsp_instances (tsp_instance_id, display_name, city, depot_address, distance_model, is_symmetric, status, search_policy, notes)
VALUES ('tsp-sparse-forcing-5', 'Sparse degree-two forcing fixture', 'gridville', 'addr-a-depot', 'EXPLICIT_SYMMETRIC_COST_WITH_AVAILABILITY', TRUE, 'SPARSE_CONSTRAINT_FIXTURE', 'CONSTRAINT_CLOSURE_BEFORE_SEARCH', 'Only the five ring edges and one B-D chord are available; degree-two forcing selects the ring without branching.') ON CONFLICT (tsp_instance_id) DO UPDATE SET display_name = EXCLUDED.display_name, city = EXCLUDED.city, depot_address = EXCLUDED.depot_address, distance_model = EXCLUDED.distance_model, is_symmetric = EXCLUDED.is_symmetric, status = EXCLUDED.status, search_policy = EXCLUDED.search_policy, notes = EXCLUDED.notes;

-- ----------------------------------------------------------------------------
-- TSPGraphInvariantChecks: Graph-normalization acceptance checks, including a count-preserving duplicate-pair counterexample.
-- ----------------------------------------------------------------------------
INSERT INTO tsp_graph_invariant_checks (tsp_graph_invariant_check_id, display_name, tsp_instance, expected_complete_undirected_graph, expected_travel_edge_count, expected_non_unique_edge_pair_rows)
VALUES ('check-gridville-complete-graph', 'Gridville five-stop graph has one edge per unordered pair', 'tsp-gridville-5', TRUE, 10, 0) ON CONFLICT (tsp_graph_invariant_check_id) DO UPDATE SET display_name = EXCLUDED.display_name, tsp_instance = EXCLUDED.tsp_instance, expected_complete_undirected_graph = EXCLUDED.expected_complete_undirected_graph, expected_travel_edge_count = EXCLUDED.expected_travel_edge_count, expected_non_unique_edge_pair_rows = EXCLUDED.expected_non_unique_edge_pair_rows;

INSERT INTO tsp_graph_invariant_checks (tsp_graph_invariant_check_id, display_name, tsp_instance, expected_complete_undirected_graph, expected_travel_edge_count, expected_non_unique_edge_pair_rows)
VALUES ('check-broken-count-preserving-graph', 'Expected edge count cannot hide a duplicated pair and omitted pair', 'tsp-gridville-broken-3', FALSE, 3, 2) ON CONFLICT (tsp_graph_invariant_check_id) DO UPDATE SET display_name = EXCLUDED.display_name, tsp_instance = EXCLUDED.tsp_instance, expected_complete_undirected_graph = EXCLUDED.expected_complete_undirected_graph, expected_travel_edge_count = EXCLUDED.expected_travel_edge_count, expected_non_unique_edge_pair_rows = EXCLUDED.expected_non_unique_edge_pair_rows;

-- ----------------------------------------------------------------------------
-- InstanceStops: Junction entity selecting addresses into a TSP instance without introducing a many-to-many relationship.
-- ----------------------------------------------------------------------------
INSERT INTO instance_stops (instance_stop_id, tsp_instance, address, is_required)
VALUES ('stop-a', 'tsp-gridville-5', 'addr-a-depot', TRUE) ON CONFLICT (instance_stop_id) DO UPDATE SET tsp_instance = EXCLUDED.tsp_instance, address = EXCLUDED.address, is_required = EXCLUDED.is_required;

INSERT INTO instance_stops (instance_stop_id, tsp_instance, address, is_required)
VALUES ('stop-b', 'tsp-gridville-5', 'addr-b-market', TRUE) ON CONFLICT (instance_stop_id) DO UPDATE SET tsp_instance = EXCLUDED.tsp_instance, address = EXCLUDED.address, is_required = EXCLUDED.is_required;

INSERT INTO instance_stops (instance_stop_id, tsp_instance, address, is_required)
VALUES ('stop-c', 'tsp-gridville-5', 'addr-c-north', TRUE) ON CONFLICT (instance_stop_id) DO UPDATE SET tsp_instance = EXCLUDED.tsp_instance, address = EXCLUDED.address, is_required = EXCLUDED.is_required;

INSERT INTO instance_stops (instance_stop_id, tsp_instance, address, is_required)
VALUES ('stop-d', 'tsp-gridville-5', 'addr-d-hill', TRUE) ON CONFLICT (instance_stop_id) DO UPDATE SET tsp_instance = EXCLUDED.tsp_instance, address = EXCLUDED.address, is_required = EXCLUDED.is_required;

INSERT INTO instance_stops (instance_stop_id, tsp_instance, address, is_required)
VALUES ('stop-e', 'tsp-gridville-5', 'addr-e-south', TRUE) ON CONFLICT (instance_stop_id) DO UPDATE SET tsp_instance = EXCLUDED.tsp_instance, address = EXCLUDED.address, is_required = EXCLUDED.is_required;

INSERT INTO instance_stops (instance_stop_id, tsp_instance, address, is_required)
VALUES ('broken-stop-a', 'tsp-gridville-broken-3', 'addr-a-depot', TRUE) ON CONFLICT (instance_stop_id) DO UPDATE SET tsp_instance = EXCLUDED.tsp_instance, address = EXCLUDED.address, is_required = EXCLUDED.is_required;

INSERT INTO instance_stops (instance_stop_id, tsp_instance, address, is_required)
VALUES ('broken-stop-b', 'tsp-gridville-broken-3', 'addr-b-market', TRUE) ON CONFLICT (instance_stop_id) DO UPDATE SET tsp_instance = EXCLUDED.tsp_instance, address = EXCLUDED.address, is_required = EXCLUDED.is_required;

INSERT INTO instance_stops (instance_stop_id, tsp_instance, address, is_required)
VALUES ('broken-stop-c', 'tsp-gridville-broken-3', 'addr-c-north', TRUE) ON CONFLICT (instance_stop_id) DO UPDATE SET tsp_instance = EXCLUDED.tsp_instance, address = EXCLUDED.address, is_required = EXCLUDED.is_required;

INSERT INTO instance_stops (instance_stop_id, tsp_instance, address, is_required)
VALUES ('twin-stop-wa', 'tsp-twin-triangles-6', 'addr-wa', TRUE) ON CONFLICT (instance_stop_id) DO UPDATE SET tsp_instance = EXCLUDED.tsp_instance, address = EXCLUDED.address, is_required = EXCLUDED.is_required;

INSERT INTO instance_stops (instance_stop_id, tsp_instance, address, is_required)
VALUES ('twin-stop-wb', 'tsp-twin-triangles-6', 'addr-wb', TRUE) ON CONFLICT (instance_stop_id) DO UPDATE SET tsp_instance = EXCLUDED.tsp_instance, address = EXCLUDED.address, is_required = EXCLUDED.is_required;

INSERT INTO instance_stops (instance_stop_id, tsp_instance, address, is_required)
VALUES ('twin-stop-wc', 'tsp-twin-triangles-6', 'addr-wc', TRUE) ON CONFLICT (instance_stop_id) DO UPDATE SET tsp_instance = EXCLUDED.tsp_instance, address = EXCLUDED.address, is_required = EXCLUDED.is_required;

INSERT INTO instance_stops (instance_stop_id, tsp_instance, address, is_required)
VALUES ('twin-stop-ed', 'tsp-twin-triangles-6', 'addr-ed', TRUE) ON CONFLICT (instance_stop_id) DO UPDATE SET tsp_instance = EXCLUDED.tsp_instance, address = EXCLUDED.address, is_required = EXCLUDED.is_required;

INSERT INTO instance_stops (instance_stop_id, tsp_instance, address, is_required)
VALUES ('twin-stop-ee', 'tsp-twin-triangles-6', 'addr-ee', TRUE) ON CONFLICT (instance_stop_id) DO UPDATE SET tsp_instance = EXCLUDED.tsp_instance, address = EXCLUDED.address, is_required = EXCLUDED.is_required;

INSERT INTO instance_stops (instance_stop_id, tsp_instance, address, is_required)
VALUES ('twin-stop-ef', 'tsp-twin-triangles-6', 'addr-ef', TRUE) ON CONFLICT (instance_stop_id) DO UPDATE SET tsp_instance = EXCLUDED.tsp_instance, address = EXCLUDED.address, is_required = EXCLUDED.is_required;

INSERT INTO instance_stops (instance_stop_id, tsp_instance, address, is_required)
VALUES ('sparse-stop-a', 'tsp-sparse-forcing-5', 'addr-a-depot', TRUE) ON CONFLICT (instance_stop_id) DO UPDATE SET tsp_instance = EXCLUDED.tsp_instance, address = EXCLUDED.address, is_required = EXCLUDED.is_required;

INSERT INTO instance_stops (instance_stop_id, tsp_instance, address, is_required)
VALUES ('sparse-stop-b', 'tsp-sparse-forcing-5', 'addr-b-market', TRUE) ON CONFLICT (instance_stop_id) DO UPDATE SET tsp_instance = EXCLUDED.tsp_instance, address = EXCLUDED.address, is_required = EXCLUDED.is_required;

INSERT INTO instance_stops (instance_stop_id, tsp_instance, address, is_required)
VALUES ('sparse-stop-c', 'tsp-sparse-forcing-5', 'addr-c-north', TRUE) ON CONFLICT (instance_stop_id) DO UPDATE SET tsp_instance = EXCLUDED.tsp_instance, address = EXCLUDED.address, is_required = EXCLUDED.is_required;

INSERT INTO instance_stops (instance_stop_id, tsp_instance, address, is_required)
VALUES ('sparse-stop-d', 'tsp-sparse-forcing-5', 'addr-d-hill', TRUE) ON CONFLICT (instance_stop_id) DO UPDATE SET tsp_instance = EXCLUDED.tsp_instance, address = EXCLUDED.address, is_required = EXCLUDED.is_required;

INSERT INTO instance_stops (instance_stop_id, tsp_instance, address, is_required)
VALUES ('sparse-stop-e', 'tsp-sparse-forcing-5', 'addr-e-south', TRUE) ON CONFLICT (instance_stop_id) DO UPDATE SET tsp_instance = EXCLUDED.tsp_instance, address = EXCLUDED.address, is_required = EXCLUDED.is_required;

-- ----------------------------------------------------------------------------
-- TravelEdges: Canonical undirected weighted edges between instance stops. The edge entity resolves the address-to-address many-to-many relation.
-- ----------------------------------------------------------------------------
INSERT INTO travel_edges (travel_edge_id, tsp_instance, from_stop, to_stop, distance_meters, travel_cost, is_available, edge_source, canonical_pair_key)
VALUES ('edge-a-b', 'tsp-gridville-5', 'stop-a', 'stop-b', 2000, 2, TRUE, 'SEEDED_TEST_GRAPH', 'stop-a|stop-b') ON CONFLICT (travel_edge_id) DO UPDATE SET tsp_instance = EXCLUDED.tsp_instance, from_stop = EXCLUDED.from_stop, to_stop = EXCLUDED.to_stop, distance_meters = EXCLUDED.distance_meters, travel_cost = EXCLUDED.travel_cost, is_available = EXCLUDED.is_available, edge_source = EXCLUDED.edge_source, canonical_pair_key = EXCLUDED.canonical_pair_key;

INSERT INTO travel_edges (travel_edge_id, tsp_instance, from_stop, to_stop, distance_meters, travel_cost, is_available, edge_source, canonical_pair_key)
VALUES ('edge-a-c', 'tsp-gridville-5', 'stop-a', 'stop-c', 6000, 6, TRUE, 'SEEDED_TEST_GRAPH', 'stop-a|stop-c') ON CONFLICT (travel_edge_id) DO UPDATE SET tsp_instance = EXCLUDED.tsp_instance, from_stop = EXCLUDED.from_stop, to_stop = EXCLUDED.to_stop, distance_meters = EXCLUDED.distance_meters, travel_cost = EXCLUDED.travel_cost, is_available = EXCLUDED.is_available, edge_source = EXCLUDED.edge_source, canonical_pair_key = EXCLUDED.canonical_pair_key;

INSERT INTO travel_edges (travel_edge_id, tsp_instance, from_stop, to_stop, distance_meters, travel_cost, is_available, edge_source, canonical_pair_key)
VALUES ('edge-a-d', 'tsp-gridville-5', 'stop-a', 'stop-d', 5000, 5, TRUE, 'SEEDED_TEST_GRAPH', 'stop-a|stop-d') ON CONFLICT (travel_edge_id) DO UPDATE SET tsp_instance = EXCLUDED.tsp_instance, from_stop = EXCLUDED.from_stop, to_stop = EXCLUDED.to_stop, distance_meters = EXCLUDED.distance_meters, travel_cost = EXCLUDED.travel_cost, is_available = EXCLUDED.is_available, edge_source = EXCLUDED.edge_source, canonical_pair_key = EXCLUDED.canonical_pair_key;

INSERT INTO travel_edges (travel_edge_id, tsp_instance, from_stop, to_stop, distance_meters, travel_cost, is_available, edge_source, canonical_pair_key)
VALUES ('edge-a-e', 'tsp-gridville-5', 'stop-a', 'stop-e', 3000, 3, TRUE, 'SEEDED_TEST_GRAPH', 'stop-a|stop-e') ON CONFLICT (travel_edge_id) DO UPDATE SET tsp_instance = EXCLUDED.tsp_instance, from_stop = EXCLUDED.from_stop, to_stop = EXCLUDED.to_stop, distance_meters = EXCLUDED.distance_meters, travel_cost = EXCLUDED.travel_cost, is_available = EXCLUDED.is_available, edge_source = EXCLUDED.edge_source, canonical_pair_key = EXCLUDED.canonical_pair_key;

INSERT INTO travel_edges (travel_edge_id, tsp_instance, from_stop, to_stop, distance_meters, travel_cost, is_available, edge_source, canonical_pair_key)
VALUES ('edge-b-c', 'tsp-gridville-5', 'stop-b', 'stop-c', 3000, 3, TRUE, 'SEEDED_TEST_GRAPH', 'stop-b|stop-c') ON CONFLICT (travel_edge_id) DO UPDATE SET tsp_instance = EXCLUDED.tsp_instance, from_stop = EXCLUDED.from_stop, to_stop = EXCLUDED.to_stop, distance_meters = EXCLUDED.distance_meters, travel_cost = EXCLUDED.travel_cost, is_available = EXCLUDED.is_available, edge_source = EXCLUDED.edge_source, canonical_pair_key = EXCLUDED.canonical_pair_key;

INSERT INTO travel_edges (travel_edge_id, tsp_instance, from_stop, to_stop, distance_meters, travel_cost, is_available, edge_source, canonical_pair_key)
VALUES ('edge-b-d', 'tsp-gridville-5', 'stop-b', 'stop-d', 5000, 5, TRUE, 'SEEDED_TEST_GRAPH', 'stop-b|stop-d') ON CONFLICT (travel_edge_id) DO UPDATE SET tsp_instance = EXCLUDED.tsp_instance, from_stop = EXCLUDED.from_stop, to_stop = EXCLUDED.to_stop, distance_meters = EXCLUDED.distance_meters, travel_cost = EXCLUDED.travel_cost, is_available = EXCLUDED.is_available, edge_source = EXCLUDED.edge_source, canonical_pair_key = EXCLUDED.canonical_pair_key;

INSERT INTO travel_edges (travel_edge_id, tsp_instance, from_stop, to_stop, distance_meters, travel_cost, is_available, edge_source, canonical_pair_key)
VALUES ('edge-b-e', 'tsp-gridville-5', 'stop-b', 'stop-e', 6000, 6, TRUE, 'SEEDED_TEST_GRAPH', 'stop-b|stop-e') ON CONFLICT (travel_edge_id) DO UPDATE SET tsp_instance = EXCLUDED.tsp_instance, from_stop = EXCLUDED.from_stop, to_stop = EXCLUDED.to_stop, distance_meters = EXCLUDED.distance_meters, travel_cost = EXCLUDED.travel_cost, is_available = EXCLUDED.is_available, edge_source = EXCLUDED.edge_source, canonical_pair_key = EXCLUDED.canonical_pair_key;

INSERT INTO travel_edges (travel_edge_id, tsp_instance, from_stop, to_stop, distance_meters, travel_cost, is_available, edge_source, canonical_pair_key)
VALUES ('edge-c-d', 'tsp-gridville-5', 'stop-c', 'stop-d', 3000, 3, TRUE, 'SEEDED_TEST_GRAPH', 'stop-c|stop-d') ON CONFLICT (travel_edge_id) DO UPDATE SET tsp_instance = EXCLUDED.tsp_instance, from_stop = EXCLUDED.from_stop, to_stop = EXCLUDED.to_stop, distance_meters = EXCLUDED.distance_meters, travel_cost = EXCLUDED.travel_cost, is_available = EXCLUDED.is_available, edge_source = EXCLUDED.edge_source, canonical_pair_key = EXCLUDED.canonical_pair_key;

INSERT INTO travel_edges (travel_edge_id, tsp_instance, from_stop, to_stop, distance_meters, travel_cost, is_available, edge_source, canonical_pair_key)
VALUES ('edge-c-e', 'tsp-gridville-5', 'stop-c', 'stop-e', 5000, 5, TRUE, 'SEEDED_TEST_GRAPH', 'stop-c|stop-e') ON CONFLICT (travel_edge_id) DO UPDATE SET tsp_instance = EXCLUDED.tsp_instance, from_stop = EXCLUDED.from_stop, to_stop = EXCLUDED.to_stop, distance_meters = EXCLUDED.distance_meters, travel_cost = EXCLUDED.travel_cost, is_available = EXCLUDED.is_available, edge_source = EXCLUDED.edge_source, canonical_pair_key = EXCLUDED.canonical_pair_key;

INSERT INTO travel_edges (travel_edge_id, tsp_instance, from_stop, to_stop, distance_meters, travel_cost, is_available, edge_source, canonical_pair_key)
VALUES ('edge-d-e', 'tsp-gridville-5', 'stop-d', 'stop-e', 3000, 3, TRUE, 'SEEDED_TEST_GRAPH', 'stop-d|stop-e') ON CONFLICT (travel_edge_id) DO UPDATE SET tsp_instance = EXCLUDED.tsp_instance, from_stop = EXCLUDED.from_stop, to_stop = EXCLUDED.to_stop, distance_meters = EXCLUDED.distance_meters, travel_cost = EXCLUDED.travel_cost, is_available = EXCLUDED.is_available, edge_source = EXCLUDED.edge_source, canonical_pair_key = EXCLUDED.canonical_pair_key;

INSERT INTO travel_edges (travel_edge_id, tsp_instance, from_stop, to_stop, distance_meters, travel_cost, is_available, edge_source, canonical_pair_key)
VALUES ('broken-edge-a-b-1', 'tsp-gridville-broken-3', 'broken-stop-a', 'broken-stop-b', 1000, 1, TRUE, 'NEGATIVE_FIXTURE', 'broken-stop-a|broken-stop-b') ON CONFLICT (travel_edge_id) DO UPDATE SET tsp_instance = EXCLUDED.tsp_instance, from_stop = EXCLUDED.from_stop, to_stop = EXCLUDED.to_stop, distance_meters = EXCLUDED.distance_meters, travel_cost = EXCLUDED.travel_cost, is_available = EXCLUDED.is_available, edge_source = EXCLUDED.edge_source, canonical_pair_key = EXCLUDED.canonical_pair_key;

INSERT INTO travel_edges (travel_edge_id, tsp_instance, from_stop, to_stop, distance_meters, travel_cost, is_available, edge_source, canonical_pair_key)
VALUES ('broken-edge-a-b-2', 'tsp-gridville-broken-3', 'broken-stop-a', 'broken-stop-b', 2000, 2, TRUE, 'NEGATIVE_FIXTURE', 'broken-stop-a|broken-stop-b') ON CONFLICT (travel_edge_id) DO UPDATE SET tsp_instance = EXCLUDED.tsp_instance, from_stop = EXCLUDED.from_stop, to_stop = EXCLUDED.to_stop, distance_meters = EXCLUDED.distance_meters, travel_cost = EXCLUDED.travel_cost, is_available = EXCLUDED.is_available, edge_source = EXCLUDED.edge_source, canonical_pair_key = EXCLUDED.canonical_pair_key;

INSERT INTO travel_edges (travel_edge_id, tsp_instance, from_stop, to_stop, distance_meters, travel_cost, is_available, edge_source, canonical_pair_key)
VALUES ('broken-edge-a-c', 'tsp-gridville-broken-3', 'broken-stop-a', 'broken-stop-c', 3000, 3, TRUE, 'NEGATIVE_FIXTURE', 'broken-stop-a|broken-stop-c') ON CONFLICT (travel_edge_id) DO UPDATE SET tsp_instance = EXCLUDED.tsp_instance, from_stop = EXCLUDED.from_stop, to_stop = EXCLUDED.to_stop, distance_meters = EXCLUDED.distance_meters, travel_cost = EXCLUDED.travel_cost, is_available = EXCLUDED.is_available, edge_source = EXCLUDED.edge_source, canonical_pair_key = EXCLUDED.canonical_pair_key;

INSERT INTO travel_edges (travel_edge_id, tsp_instance, from_stop, to_stop, distance_meters, travel_cost, is_available, edge_source, canonical_pair_key)
VALUES ('twin-edge-wa-wb', 'tsp-twin-triangles-6', 'twin-stop-wa', 'twin-stop-wb', 1000, 1, TRUE, 'TWIN_TRIANGLES_FIXTURE', 'twin-stop-wa|twin-stop-wb') ON CONFLICT (travel_edge_id) DO UPDATE SET tsp_instance = EXCLUDED.tsp_instance, from_stop = EXCLUDED.from_stop, to_stop = EXCLUDED.to_stop, distance_meters = EXCLUDED.distance_meters, travel_cost = EXCLUDED.travel_cost, is_available = EXCLUDED.is_available, edge_source = EXCLUDED.edge_source, canonical_pair_key = EXCLUDED.canonical_pair_key;

INSERT INTO travel_edges (travel_edge_id, tsp_instance, from_stop, to_stop, distance_meters, travel_cost, is_available, edge_source, canonical_pair_key)
VALUES ('twin-edge-wa-wc', 'tsp-twin-triangles-6', 'twin-stop-wa', 'twin-stop-wc', 1000, 1, TRUE, 'TWIN_TRIANGLES_FIXTURE', 'twin-stop-wa|twin-stop-wc') ON CONFLICT (travel_edge_id) DO UPDATE SET tsp_instance = EXCLUDED.tsp_instance, from_stop = EXCLUDED.from_stop, to_stop = EXCLUDED.to_stop, distance_meters = EXCLUDED.distance_meters, travel_cost = EXCLUDED.travel_cost, is_available = EXCLUDED.is_available, edge_source = EXCLUDED.edge_source, canonical_pair_key = EXCLUDED.canonical_pair_key;

INSERT INTO travel_edges (travel_edge_id, tsp_instance, from_stop, to_stop, distance_meters, travel_cost, is_available, edge_source, canonical_pair_key)
VALUES ('twin-edge-wa-ed', 'tsp-twin-triangles-6', 'twin-stop-ed', 'twin-stop-wa', 10000, 10, TRUE, 'TWIN_TRIANGLES_FIXTURE', 'twin-stop-ed|twin-stop-wa') ON CONFLICT (travel_edge_id) DO UPDATE SET tsp_instance = EXCLUDED.tsp_instance, from_stop = EXCLUDED.from_stop, to_stop = EXCLUDED.to_stop, distance_meters = EXCLUDED.distance_meters, travel_cost = EXCLUDED.travel_cost, is_available = EXCLUDED.is_available, edge_source = EXCLUDED.edge_source, canonical_pair_key = EXCLUDED.canonical_pair_key;

INSERT INTO travel_edges (travel_edge_id, tsp_instance, from_stop, to_stop, distance_meters, travel_cost, is_available, edge_source, canonical_pair_key)
VALUES ('twin-edge-wa-ee', 'tsp-twin-triangles-6', 'twin-stop-ee', 'twin-stop-wa', 10000, 10, TRUE, 'TWIN_TRIANGLES_FIXTURE', 'twin-stop-ee|twin-stop-wa') ON CONFLICT (travel_edge_id) DO UPDATE SET tsp_instance = EXCLUDED.tsp_instance, from_stop = EXCLUDED.from_stop, to_stop = EXCLUDED.to_stop, distance_meters = EXCLUDED.distance_meters, travel_cost = EXCLUDED.travel_cost, is_available = EXCLUDED.is_available, edge_source = EXCLUDED.edge_source, canonical_pair_key = EXCLUDED.canonical_pair_key;

INSERT INTO travel_edges (travel_edge_id, tsp_instance, from_stop, to_stop, distance_meters, travel_cost, is_available, edge_source, canonical_pair_key)
VALUES ('twin-edge-wa-ef', 'tsp-twin-triangles-6', 'twin-stop-ef', 'twin-stop-wa', 10000, 10, TRUE, 'TWIN_TRIANGLES_FIXTURE', 'twin-stop-ef|twin-stop-wa') ON CONFLICT (travel_edge_id) DO UPDATE SET tsp_instance = EXCLUDED.tsp_instance, from_stop = EXCLUDED.from_stop, to_stop = EXCLUDED.to_stop, distance_meters = EXCLUDED.distance_meters, travel_cost = EXCLUDED.travel_cost, is_available = EXCLUDED.is_available, edge_source = EXCLUDED.edge_source, canonical_pair_key = EXCLUDED.canonical_pair_key;

INSERT INTO travel_edges (travel_edge_id, tsp_instance, from_stop, to_stop, distance_meters, travel_cost, is_available, edge_source, canonical_pair_key)
VALUES ('twin-edge-wb-wc', 'tsp-twin-triangles-6', 'twin-stop-wb', 'twin-stop-wc', 1000, 1, TRUE, 'TWIN_TRIANGLES_FIXTURE', 'twin-stop-wb|twin-stop-wc') ON CONFLICT (travel_edge_id) DO UPDATE SET tsp_instance = EXCLUDED.tsp_instance, from_stop = EXCLUDED.from_stop, to_stop = EXCLUDED.to_stop, distance_meters = EXCLUDED.distance_meters, travel_cost = EXCLUDED.travel_cost, is_available = EXCLUDED.is_available, edge_source = EXCLUDED.edge_source, canonical_pair_key = EXCLUDED.canonical_pair_key;

INSERT INTO travel_edges (travel_edge_id, tsp_instance, from_stop, to_stop, distance_meters, travel_cost, is_available, edge_source, canonical_pair_key)
VALUES ('twin-edge-wb-ed', 'tsp-twin-triangles-6', 'twin-stop-ed', 'twin-stop-wb', 10000, 10, TRUE, 'TWIN_TRIANGLES_FIXTURE', 'twin-stop-ed|twin-stop-wb') ON CONFLICT (travel_edge_id) DO UPDATE SET tsp_instance = EXCLUDED.tsp_instance, from_stop = EXCLUDED.from_stop, to_stop = EXCLUDED.to_stop, distance_meters = EXCLUDED.distance_meters, travel_cost = EXCLUDED.travel_cost, is_available = EXCLUDED.is_available, edge_source = EXCLUDED.edge_source, canonical_pair_key = EXCLUDED.canonical_pair_key;

INSERT INTO travel_edges (travel_edge_id, tsp_instance, from_stop, to_stop, distance_meters, travel_cost, is_available, edge_source, canonical_pair_key)
VALUES ('twin-edge-wb-ee', 'tsp-twin-triangles-6', 'twin-stop-ee', 'twin-stop-wb', 10000, 10, TRUE, 'TWIN_TRIANGLES_FIXTURE', 'twin-stop-ee|twin-stop-wb') ON CONFLICT (travel_edge_id) DO UPDATE SET tsp_instance = EXCLUDED.tsp_instance, from_stop = EXCLUDED.from_stop, to_stop = EXCLUDED.to_stop, distance_meters = EXCLUDED.distance_meters, travel_cost = EXCLUDED.travel_cost, is_available = EXCLUDED.is_available, edge_source = EXCLUDED.edge_source, canonical_pair_key = EXCLUDED.canonical_pair_key;

INSERT INTO travel_edges (travel_edge_id, tsp_instance, from_stop, to_stop, distance_meters, travel_cost, is_available, edge_source, canonical_pair_key)
VALUES ('twin-edge-wb-ef', 'tsp-twin-triangles-6', 'twin-stop-ef', 'twin-stop-wb', 10000, 10, TRUE, 'TWIN_TRIANGLES_FIXTURE', 'twin-stop-ef|twin-stop-wb') ON CONFLICT (travel_edge_id) DO UPDATE SET tsp_instance = EXCLUDED.tsp_instance, from_stop = EXCLUDED.from_stop, to_stop = EXCLUDED.to_stop, distance_meters = EXCLUDED.distance_meters, travel_cost = EXCLUDED.travel_cost, is_available = EXCLUDED.is_available, edge_source = EXCLUDED.edge_source, canonical_pair_key = EXCLUDED.canonical_pair_key;

INSERT INTO travel_edges (travel_edge_id, tsp_instance, from_stop, to_stop, distance_meters, travel_cost, is_available, edge_source, canonical_pair_key)
VALUES ('twin-edge-wc-ed', 'tsp-twin-triangles-6', 'twin-stop-ed', 'twin-stop-wc', 10000, 10, TRUE, 'TWIN_TRIANGLES_FIXTURE', 'twin-stop-ed|twin-stop-wc') ON CONFLICT (travel_edge_id) DO UPDATE SET tsp_instance = EXCLUDED.tsp_instance, from_stop = EXCLUDED.from_stop, to_stop = EXCLUDED.to_stop, distance_meters = EXCLUDED.distance_meters, travel_cost = EXCLUDED.travel_cost, is_available = EXCLUDED.is_available, edge_source = EXCLUDED.edge_source, canonical_pair_key = EXCLUDED.canonical_pair_key;

INSERT INTO travel_edges (travel_edge_id, tsp_instance, from_stop, to_stop, distance_meters, travel_cost, is_available, edge_source, canonical_pair_key)
VALUES ('twin-edge-wc-ee', 'tsp-twin-triangles-6', 'twin-stop-ee', 'twin-stop-wc', 10000, 10, TRUE, 'TWIN_TRIANGLES_FIXTURE', 'twin-stop-ee|twin-stop-wc') ON CONFLICT (travel_edge_id) DO UPDATE SET tsp_instance = EXCLUDED.tsp_instance, from_stop = EXCLUDED.from_stop, to_stop = EXCLUDED.to_stop, distance_meters = EXCLUDED.distance_meters, travel_cost = EXCLUDED.travel_cost, is_available = EXCLUDED.is_available, edge_source = EXCLUDED.edge_source, canonical_pair_key = EXCLUDED.canonical_pair_key;

INSERT INTO travel_edges (travel_edge_id, tsp_instance, from_stop, to_stop, distance_meters, travel_cost, is_available, edge_source, canonical_pair_key)
VALUES ('twin-edge-wc-ef', 'tsp-twin-triangles-6', 'twin-stop-ef', 'twin-stop-wc', 10000, 10, TRUE, 'TWIN_TRIANGLES_FIXTURE', 'twin-stop-ef|twin-stop-wc') ON CONFLICT (travel_edge_id) DO UPDATE SET tsp_instance = EXCLUDED.tsp_instance, from_stop = EXCLUDED.from_stop, to_stop = EXCLUDED.to_stop, distance_meters = EXCLUDED.distance_meters, travel_cost = EXCLUDED.travel_cost, is_available = EXCLUDED.is_available, edge_source = EXCLUDED.edge_source, canonical_pair_key = EXCLUDED.canonical_pair_key;

INSERT INTO travel_edges (travel_edge_id, tsp_instance, from_stop, to_stop, distance_meters, travel_cost, is_available, edge_source, canonical_pair_key)
VALUES ('twin-edge-ed-ee', 'tsp-twin-triangles-6', 'twin-stop-ed', 'twin-stop-ee', 1000, 1, TRUE, 'TWIN_TRIANGLES_FIXTURE', 'twin-stop-ed|twin-stop-ee') ON CONFLICT (travel_edge_id) DO UPDATE SET tsp_instance = EXCLUDED.tsp_instance, from_stop = EXCLUDED.from_stop, to_stop = EXCLUDED.to_stop, distance_meters = EXCLUDED.distance_meters, travel_cost = EXCLUDED.travel_cost, is_available = EXCLUDED.is_available, edge_source = EXCLUDED.edge_source, canonical_pair_key = EXCLUDED.canonical_pair_key;

INSERT INTO travel_edges (travel_edge_id, tsp_instance, from_stop, to_stop, distance_meters, travel_cost, is_available, edge_source, canonical_pair_key)
VALUES ('twin-edge-ed-ef', 'tsp-twin-triangles-6', 'twin-stop-ed', 'twin-stop-ef', 1000, 1, TRUE, 'TWIN_TRIANGLES_FIXTURE', 'twin-stop-ed|twin-stop-ef') ON CONFLICT (travel_edge_id) DO UPDATE SET tsp_instance = EXCLUDED.tsp_instance, from_stop = EXCLUDED.from_stop, to_stop = EXCLUDED.to_stop, distance_meters = EXCLUDED.distance_meters, travel_cost = EXCLUDED.travel_cost, is_available = EXCLUDED.is_available, edge_source = EXCLUDED.edge_source, canonical_pair_key = EXCLUDED.canonical_pair_key;

INSERT INTO travel_edges (travel_edge_id, tsp_instance, from_stop, to_stop, distance_meters, travel_cost, is_available, edge_source, canonical_pair_key)
VALUES ('twin-edge-ee-ef', 'tsp-twin-triangles-6', 'twin-stop-ee', 'twin-stop-ef', 1000, 1, TRUE, 'TWIN_TRIANGLES_FIXTURE', 'twin-stop-ee|twin-stop-ef') ON CONFLICT (travel_edge_id) DO UPDATE SET tsp_instance = EXCLUDED.tsp_instance, from_stop = EXCLUDED.from_stop, to_stop = EXCLUDED.to_stop, distance_meters = EXCLUDED.distance_meters, travel_cost = EXCLUDED.travel_cost, is_available = EXCLUDED.is_available, edge_source = EXCLUDED.edge_source, canonical_pair_key = EXCLUDED.canonical_pair_key;

INSERT INTO travel_edges (travel_edge_id, tsp_instance, from_stop, to_stop, distance_meters, travel_cost, is_available, edge_source, canonical_pair_key)
VALUES ('sparse-edge-a-b', 'tsp-sparse-forcing-5', 'sparse-stop-a', 'sparse-stop-b', 2000.0, 2, TRUE, 'SPARSE_FORCING_FIXTURE', 'sparse-stop-a|sparse-stop-b') ON CONFLICT (travel_edge_id) DO UPDATE SET tsp_instance = EXCLUDED.tsp_instance, from_stop = EXCLUDED.from_stop, to_stop = EXCLUDED.to_stop, distance_meters = EXCLUDED.distance_meters, travel_cost = EXCLUDED.travel_cost, is_available = EXCLUDED.is_available, edge_source = EXCLUDED.edge_source, canonical_pair_key = EXCLUDED.canonical_pair_key;

INSERT INTO travel_edges (travel_edge_id, tsp_instance, from_stop, to_stop, distance_meters, travel_cost, is_available, edge_source, canonical_pair_key)
VALUES ('sparse-edge-a-c', 'tsp-sparse-forcing-5', 'sparse-stop-a', 'sparse-stop-c', 6000.0, 6, FALSE, 'SPARSE_FORCING_FIXTURE', 'sparse-stop-a|sparse-stop-c') ON CONFLICT (travel_edge_id) DO UPDATE SET tsp_instance = EXCLUDED.tsp_instance, from_stop = EXCLUDED.from_stop, to_stop = EXCLUDED.to_stop, distance_meters = EXCLUDED.distance_meters, travel_cost = EXCLUDED.travel_cost, is_available = EXCLUDED.is_available, edge_source = EXCLUDED.edge_source, canonical_pair_key = EXCLUDED.canonical_pair_key;

INSERT INTO travel_edges (travel_edge_id, tsp_instance, from_stop, to_stop, distance_meters, travel_cost, is_available, edge_source, canonical_pair_key)
VALUES ('sparse-edge-a-d', 'tsp-sparse-forcing-5', 'sparse-stop-a', 'sparse-stop-d', 5000.0, 5, FALSE, 'SPARSE_FORCING_FIXTURE', 'sparse-stop-a|sparse-stop-d') ON CONFLICT (travel_edge_id) DO UPDATE SET tsp_instance = EXCLUDED.tsp_instance, from_stop = EXCLUDED.from_stop, to_stop = EXCLUDED.to_stop, distance_meters = EXCLUDED.distance_meters, travel_cost = EXCLUDED.travel_cost, is_available = EXCLUDED.is_available, edge_source = EXCLUDED.edge_source, canonical_pair_key = EXCLUDED.canonical_pair_key;

INSERT INTO travel_edges (travel_edge_id, tsp_instance, from_stop, to_stop, distance_meters, travel_cost, is_available, edge_source, canonical_pair_key)
VALUES ('sparse-edge-a-e', 'tsp-sparse-forcing-5', 'sparse-stop-a', 'sparse-stop-e', 3000.0, 3, TRUE, 'SPARSE_FORCING_FIXTURE', 'sparse-stop-a|sparse-stop-e') ON CONFLICT (travel_edge_id) DO UPDATE SET tsp_instance = EXCLUDED.tsp_instance, from_stop = EXCLUDED.from_stop, to_stop = EXCLUDED.to_stop, distance_meters = EXCLUDED.distance_meters, travel_cost = EXCLUDED.travel_cost, is_available = EXCLUDED.is_available, edge_source = EXCLUDED.edge_source, canonical_pair_key = EXCLUDED.canonical_pair_key;

INSERT INTO travel_edges (travel_edge_id, tsp_instance, from_stop, to_stop, distance_meters, travel_cost, is_available, edge_source, canonical_pair_key)
VALUES ('sparse-edge-b-c', 'tsp-sparse-forcing-5', 'sparse-stop-b', 'sparse-stop-c', 3000.0, 3, TRUE, 'SPARSE_FORCING_FIXTURE', 'sparse-stop-b|sparse-stop-c') ON CONFLICT (travel_edge_id) DO UPDATE SET tsp_instance = EXCLUDED.tsp_instance, from_stop = EXCLUDED.from_stop, to_stop = EXCLUDED.to_stop, distance_meters = EXCLUDED.distance_meters, travel_cost = EXCLUDED.travel_cost, is_available = EXCLUDED.is_available, edge_source = EXCLUDED.edge_source, canonical_pair_key = EXCLUDED.canonical_pair_key;

INSERT INTO travel_edges (travel_edge_id, tsp_instance, from_stop, to_stop, distance_meters, travel_cost, is_available, edge_source, canonical_pair_key)
VALUES ('sparse-edge-b-d', 'tsp-sparse-forcing-5', 'sparse-stop-b', 'sparse-stop-d', 5000.0, 5, TRUE, 'SPARSE_FORCING_FIXTURE', 'sparse-stop-b|sparse-stop-d') ON CONFLICT (travel_edge_id) DO UPDATE SET tsp_instance = EXCLUDED.tsp_instance, from_stop = EXCLUDED.from_stop, to_stop = EXCLUDED.to_stop, distance_meters = EXCLUDED.distance_meters, travel_cost = EXCLUDED.travel_cost, is_available = EXCLUDED.is_available, edge_source = EXCLUDED.edge_source, canonical_pair_key = EXCLUDED.canonical_pair_key;

INSERT INTO travel_edges (travel_edge_id, tsp_instance, from_stop, to_stop, distance_meters, travel_cost, is_available, edge_source, canonical_pair_key)
VALUES ('sparse-edge-b-e', 'tsp-sparse-forcing-5', 'sparse-stop-b', 'sparse-stop-e', 6000.0, 6, FALSE, 'SPARSE_FORCING_FIXTURE', 'sparse-stop-b|sparse-stop-e') ON CONFLICT (travel_edge_id) DO UPDATE SET tsp_instance = EXCLUDED.tsp_instance, from_stop = EXCLUDED.from_stop, to_stop = EXCLUDED.to_stop, distance_meters = EXCLUDED.distance_meters, travel_cost = EXCLUDED.travel_cost, is_available = EXCLUDED.is_available, edge_source = EXCLUDED.edge_source, canonical_pair_key = EXCLUDED.canonical_pair_key;

INSERT INTO travel_edges (travel_edge_id, tsp_instance, from_stop, to_stop, distance_meters, travel_cost, is_available, edge_source, canonical_pair_key)
VALUES ('sparse-edge-c-d', 'tsp-sparse-forcing-5', 'sparse-stop-c', 'sparse-stop-d', 3000.0, 3, TRUE, 'SPARSE_FORCING_FIXTURE', 'sparse-stop-c|sparse-stop-d') ON CONFLICT (travel_edge_id) DO UPDATE SET tsp_instance = EXCLUDED.tsp_instance, from_stop = EXCLUDED.from_stop, to_stop = EXCLUDED.to_stop, distance_meters = EXCLUDED.distance_meters, travel_cost = EXCLUDED.travel_cost, is_available = EXCLUDED.is_available, edge_source = EXCLUDED.edge_source, canonical_pair_key = EXCLUDED.canonical_pair_key;

INSERT INTO travel_edges (travel_edge_id, tsp_instance, from_stop, to_stop, distance_meters, travel_cost, is_available, edge_source, canonical_pair_key)
VALUES ('sparse-edge-c-e', 'tsp-sparse-forcing-5', 'sparse-stop-c', 'sparse-stop-e', 5000.0, 5, FALSE, 'SPARSE_FORCING_FIXTURE', 'sparse-stop-c|sparse-stop-e') ON CONFLICT (travel_edge_id) DO UPDATE SET tsp_instance = EXCLUDED.tsp_instance, from_stop = EXCLUDED.from_stop, to_stop = EXCLUDED.to_stop, distance_meters = EXCLUDED.distance_meters, travel_cost = EXCLUDED.travel_cost, is_available = EXCLUDED.is_available, edge_source = EXCLUDED.edge_source, canonical_pair_key = EXCLUDED.canonical_pair_key;

INSERT INTO travel_edges (travel_edge_id, tsp_instance, from_stop, to_stop, distance_meters, travel_cost, is_available, edge_source, canonical_pair_key)
VALUES ('sparse-edge-d-e', 'tsp-sparse-forcing-5', 'sparse-stop-d', 'sparse-stop-e', 3000.0, 3, TRUE, 'SPARSE_FORCING_FIXTURE', 'sparse-stop-d|sparse-stop-e') ON CONFLICT (travel_edge_id) DO UPDATE SET tsp_instance = EXCLUDED.tsp_instance, from_stop = EXCLUDED.from_stop, to_stop = EXCLUDED.to_stop, distance_meters = EXCLUDED.distance_meters, travel_cost = EXCLUDED.travel_cost, is_available = EXCLUDED.is_available, edge_source = EXCLUDED.edge_source, canonical_pair_key = EXCLUDED.canonical_pair_key;

-- ----------------------------------------------------------------------------
-- CandidateTours: Explicit candidate tours. Validity is derived; optimality is deliberately not inferred.
-- ----------------------------------------------------------------------------
INSERT INTO candidate_tours (candidate_tour_id, display_name, tsp_instance, candidate_kind, search_branches_explored, backtrack_count)
VALUES ('tour-reference-ring', 'Reference ring A-B-C-D-E-A', 'tsp-gridville-5', 'SEEDED_REFERENCE_WITNESS', 0, 0) ON CONFLICT (candidate_tour_id) DO UPDATE SET display_name = EXCLUDED.display_name, tsp_instance = EXCLUDED.tsp_instance, candidate_kind = EXCLUDED.candidate_kind, search_branches_explored = EXCLUDED.search_branches_explored, backtrack_count = EXCLUDED.backtrack_count;

INSERT INTO candidate_tours (candidate_tour_id, display_name, tsp_instance, candidate_kind, search_branches_explored, backtrack_count)
VALUES ('tour-duplicate-b', 'Counterexample A-B-C-B-E-A', 'tsp-gridville-5', 'NEGATIVE_CONFORMANCE_WITNESS', 0, 0) ON CONFLICT (candidate_tour_id) DO UPDATE SET display_name = EXCLUDED.display_name, tsp_instance = EXCLUDED.tsp_instance, candidate_kind = EXCLUDED.candidate_kind, search_branches_explored = EXCLUDED.search_branches_explored, backtrack_count = EXCLUDED.backtrack_count;

INSERT INTO candidate_tours (candidate_tour_id, display_name, tsp_instance, candidate_kind, search_branches_explored, backtrack_count)
VALUES ('tour-missing-close-duplicate-ab', 'Counterexample with duplicated A-B and missing E-A', 'tsp-gridville-5', 'NEGATIVE_GLOBAL_CYCLE_WITNESS', 0, 0) ON CONFLICT (candidate_tour_id) DO UPDATE SET display_name = EXCLUDED.display_name, tsp_instance = EXCLUDED.tsp_instance, candidate_kind = EXCLUDED.candidate_kind, search_branches_explored = EXCLUDED.search_branches_explored, backtrack_count = EXCLUDED.backtrack_count;

INSERT INTO candidate_tours (candidate_tour_id, display_name, tsp_instance, candidate_kind, search_branches_explored, backtrack_count)
VALUES ('tour-twin-triangles-feasible-24', 'Twin triangles feasible route cost 24', 'tsp-twin-triangles-6', 'NON_TIGHT_BOUND_FEASIBLE_WITNESS', 0, 0) ON CONFLICT (candidate_tour_id) DO UPDATE SET display_name = EXCLUDED.display_name, tsp_instance = EXCLUDED.tsp_instance, candidate_kind = EXCLUDED.candidate_kind, search_branches_explored = EXCLUDED.search_branches_explored, backtrack_count = EXCLUDED.backtrack_count;

-- ----------------------------------------------------------------------------
-- TourStops: Ordered candidate-tour visits. Multiplicity and sequence uniqueness are derived from the row set.
-- ----------------------------------------------------------------------------
INSERT INTO tour_stops (tour_stop_id, candidate_tour, instance_stop, sequence_position)
VALUES ('ref-stop-1', 'tour-reference-ring', 'stop-a', 1) ON CONFLICT (tour_stop_id) DO UPDATE SET candidate_tour = EXCLUDED.candidate_tour, instance_stop = EXCLUDED.instance_stop, sequence_position = EXCLUDED.sequence_position;

INSERT INTO tour_stops (tour_stop_id, candidate_tour, instance_stop, sequence_position)
VALUES ('ref-stop-2', 'tour-reference-ring', 'stop-b', 2) ON CONFLICT (tour_stop_id) DO UPDATE SET candidate_tour = EXCLUDED.candidate_tour, instance_stop = EXCLUDED.instance_stop, sequence_position = EXCLUDED.sequence_position;

INSERT INTO tour_stops (tour_stop_id, candidate_tour, instance_stop, sequence_position)
VALUES ('ref-stop-3', 'tour-reference-ring', 'stop-c', 3) ON CONFLICT (tour_stop_id) DO UPDATE SET candidate_tour = EXCLUDED.candidate_tour, instance_stop = EXCLUDED.instance_stop, sequence_position = EXCLUDED.sequence_position;

INSERT INTO tour_stops (tour_stop_id, candidate_tour, instance_stop, sequence_position)
VALUES ('ref-stop-4', 'tour-reference-ring', 'stop-d', 4) ON CONFLICT (tour_stop_id) DO UPDATE SET candidate_tour = EXCLUDED.candidate_tour, instance_stop = EXCLUDED.instance_stop, sequence_position = EXCLUDED.sequence_position;

INSERT INTO tour_stops (tour_stop_id, candidate_tour, instance_stop, sequence_position)
VALUES ('ref-stop-5', 'tour-reference-ring', 'stop-e', 5) ON CONFLICT (tour_stop_id) DO UPDATE SET candidate_tour = EXCLUDED.candidate_tour, instance_stop = EXCLUDED.instance_stop, sequence_position = EXCLUDED.sequence_position;

INSERT INTO tour_stops (tour_stop_id, candidate_tour, instance_stop, sequence_position)
VALUES ('bad-stop-1', 'tour-duplicate-b', 'stop-a', 1) ON CONFLICT (tour_stop_id) DO UPDATE SET candidate_tour = EXCLUDED.candidate_tour, instance_stop = EXCLUDED.instance_stop, sequence_position = EXCLUDED.sequence_position;

INSERT INTO tour_stops (tour_stop_id, candidate_tour, instance_stop, sequence_position)
VALUES ('bad-stop-2', 'tour-duplicate-b', 'stop-b', 2) ON CONFLICT (tour_stop_id) DO UPDATE SET candidate_tour = EXCLUDED.candidate_tour, instance_stop = EXCLUDED.instance_stop, sequence_position = EXCLUDED.sequence_position;

INSERT INTO tour_stops (tour_stop_id, candidate_tour, instance_stop, sequence_position)
VALUES ('bad-stop-3', 'tour-duplicate-b', 'stop-c', 3) ON CONFLICT (tour_stop_id) DO UPDATE SET candidate_tour = EXCLUDED.candidate_tour, instance_stop = EXCLUDED.instance_stop, sequence_position = EXCLUDED.sequence_position;

INSERT INTO tour_stops (tour_stop_id, candidate_tour, instance_stop, sequence_position)
VALUES ('bad-stop-4', 'tour-duplicate-b', 'stop-b', 4) ON CONFLICT (tour_stop_id) DO UPDATE SET candidate_tour = EXCLUDED.candidate_tour, instance_stop = EXCLUDED.instance_stop, sequence_position = EXCLUDED.sequence_position;

INSERT INTO tour_stops (tour_stop_id, candidate_tour, instance_stop, sequence_position)
VALUES ('bad-stop-5', 'tour-duplicate-b', 'stop-e', 5) ON CONFLICT (tour_stop_id) DO UPDATE SET candidate_tour = EXCLUDED.candidate_tour, instance_stop = EXCLUDED.instance_stop, sequence_position = EXCLUDED.sequence_position;

INSERT INTO tour_stops (tour_stop_id, candidate_tour, instance_stop, sequence_position)
VALUES ('gap-stop-1', 'tour-missing-close-duplicate-ab', 'stop-a', 1) ON CONFLICT (tour_stop_id) DO UPDATE SET candidate_tour = EXCLUDED.candidate_tour, instance_stop = EXCLUDED.instance_stop, sequence_position = EXCLUDED.sequence_position;

INSERT INTO tour_stops (tour_stop_id, candidate_tour, instance_stop, sequence_position)
VALUES ('gap-stop-2', 'tour-missing-close-duplicate-ab', 'stop-b', 2) ON CONFLICT (tour_stop_id) DO UPDATE SET candidate_tour = EXCLUDED.candidate_tour, instance_stop = EXCLUDED.instance_stop, sequence_position = EXCLUDED.sequence_position;

INSERT INTO tour_stops (tour_stop_id, candidate_tour, instance_stop, sequence_position)
VALUES ('gap-stop-3', 'tour-missing-close-duplicate-ab', 'stop-c', 3) ON CONFLICT (tour_stop_id) DO UPDATE SET candidate_tour = EXCLUDED.candidate_tour, instance_stop = EXCLUDED.instance_stop, sequence_position = EXCLUDED.sequence_position;

INSERT INTO tour_stops (tour_stop_id, candidate_tour, instance_stop, sequence_position)
VALUES ('gap-stop-4', 'tour-missing-close-duplicate-ab', 'stop-d', 4) ON CONFLICT (tour_stop_id) DO UPDATE SET candidate_tour = EXCLUDED.candidate_tour, instance_stop = EXCLUDED.instance_stop, sequence_position = EXCLUDED.sequence_position;

INSERT INTO tour_stops (tour_stop_id, candidate_tour, instance_stop, sequence_position)
VALUES ('gap-stop-5', 'tour-missing-close-duplicate-ab', 'stop-e', 5) ON CONFLICT (tour_stop_id) DO UPDATE SET candidate_tour = EXCLUDED.candidate_tour, instance_stop = EXCLUDED.instance_stop, sequence_position = EXCLUDED.sequence_position;

INSERT INTO tour_stops (tour_stop_id, candidate_tour, instance_stop, sequence_position)
VALUES ('twin-tour-stop-1', 'tour-twin-triangles-feasible-24', 'twin-stop-wa', 1) ON CONFLICT (tour_stop_id) DO UPDATE SET candidate_tour = EXCLUDED.candidate_tour, instance_stop = EXCLUDED.instance_stop, sequence_position = EXCLUDED.sequence_position;

INSERT INTO tour_stops (tour_stop_id, candidate_tour, instance_stop, sequence_position)
VALUES ('twin-tour-stop-2', 'tour-twin-triangles-feasible-24', 'twin-stop-wb', 2) ON CONFLICT (tour_stop_id) DO UPDATE SET candidate_tour = EXCLUDED.candidate_tour, instance_stop = EXCLUDED.instance_stop, sequence_position = EXCLUDED.sequence_position;

INSERT INTO tour_stops (tour_stop_id, candidate_tour, instance_stop, sequence_position)
VALUES ('twin-tour-stop-3', 'tour-twin-triangles-feasible-24', 'twin-stop-wc', 3) ON CONFLICT (tour_stop_id) DO UPDATE SET candidate_tour = EXCLUDED.candidate_tour, instance_stop = EXCLUDED.instance_stop, sequence_position = EXCLUDED.sequence_position;

INSERT INTO tour_stops (tour_stop_id, candidate_tour, instance_stop, sequence_position)
VALUES ('twin-tour-stop-4', 'tour-twin-triangles-feasible-24', 'twin-stop-ed', 4) ON CONFLICT (tour_stop_id) DO UPDATE SET candidate_tour = EXCLUDED.candidate_tour, instance_stop = EXCLUDED.instance_stop, sequence_position = EXCLUDED.sequence_position;

INSERT INTO tour_stops (tour_stop_id, candidate_tour, instance_stop, sequence_position)
VALUES ('twin-tour-stop-5', 'tour-twin-triangles-feasible-24', 'twin-stop-ee', 5) ON CONFLICT (tour_stop_id) DO UPDATE SET candidate_tour = EXCLUDED.candidate_tour, instance_stop = EXCLUDED.instance_stop, sequence_position = EXCLUDED.sequence_position;

INSERT INTO tour_stops (tour_stop_id, candidate_tour, instance_stop, sequence_position)
VALUES ('twin-tour-stop-6', 'tour-twin-triangles-feasible-24', 'twin-stop-ef', 6) ON CONFLICT (tour_stop_id) DO UPDATE SET candidate_tour = EXCLUDED.candidate_tour, instance_stop = EXCLUDED.instance_stop, sequence_position = EXCLUDED.sequence_position;

-- ----------------------------------------------------------------------------
-- TourLegs: Ordered directed traversal legs bound to canonical undirected travel edges.
-- ----------------------------------------------------------------------------
INSERT INTO tour_legs (tour_leg_id, candidate_tour, from_tour_stop, to_tour_stop, travel_edge, leg_order)
VALUES ('ref-leg-1', 'tour-reference-ring', 'ref-stop-1', 'ref-stop-2', 'edge-a-b', 1) ON CONFLICT (tour_leg_id) DO UPDATE SET candidate_tour = EXCLUDED.candidate_tour, from_tour_stop = EXCLUDED.from_tour_stop, to_tour_stop = EXCLUDED.to_tour_stop, travel_edge = EXCLUDED.travel_edge, leg_order = EXCLUDED.leg_order;

INSERT INTO tour_legs (tour_leg_id, candidate_tour, from_tour_stop, to_tour_stop, travel_edge, leg_order)
VALUES ('ref-leg-2', 'tour-reference-ring', 'ref-stop-2', 'ref-stop-3', 'edge-b-c', 2) ON CONFLICT (tour_leg_id) DO UPDATE SET candidate_tour = EXCLUDED.candidate_tour, from_tour_stop = EXCLUDED.from_tour_stop, to_tour_stop = EXCLUDED.to_tour_stop, travel_edge = EXCLUDED.travel_edge, leg_order = EXCLUDED.leg_order;

INSERT INTO tour_legs (tour_leg_id, candidate_tour, from_tour_stop, to_tour_stop, travel_edge, leg_order)
VALUES ('ref-leg-3', 'tour-reference-ring', 'ref-stop-3', 'ref-stop-4', 'edge-c-d', 3) ON CONFLICT (tour_leg_id) DO UPDATE SET candidate_tour = EXCLUDED.candidate_tour, from_tour_stop = EXCLUDED.from_tour_stop, to_tour_stop = EXCLUDED.to_tour_stop, travel_edge = EXCLUDED.travel_edge, leg_order = EXCLUDED.leg_order;

INSERT INTO tour_legs (tour_leg_id, candidate_tour, from_tour_stop, to_tour_stop, travel_edge, leg_order)
VALUES ('ref-leg-4', 'tour-reference-ring', 'ref-stop-4', 'ref-stop-5', 'edge-d-e', 4) ON CONFLICT (tour_leg_id) DO UPDATE SET candidate_tour = EXCLUDED.candidate_tour, from_tour_stop = EXCLUDED.from_tour_stop, to_tour_stop = EXCLUDED.to_tour_stop, travel_edge = EXCLUDED.travel_edge, leg_order = EXCLUDED.leg_order;

INSERT INTO tour_legs (tour_leg_id, candidate_tour, from_tour_stop, to_tour_stop, travel_edge, leg_order)
VALUES ('ref-leg-5', 'tour-reference-ring', 'ref-stop-5', 'ref-stop-1', 'edge-a-e', 5) ON CONFLICT (tour_leg_id) DO UPDATE SET candidate_tour = EXCLUDED.candidate_tour, from_tour_stop = EXCLUDED.from_tour_stop, to_tour_stop = EXCLUDED.to_tour_stop, travel_edge = EXCLUDED.travel_edge, leg_order = EXCLUDED.leg_order;

INSERT INTO tour_legs (tour_leg_id, candidate_tour, from_tour_stop, to_tour_stop, travel_edge, leg_order)
VALUES ('bad-leg-1', 'tour-duplicate-b', 'bad-stop-1', 'bad-stop-2', 'edge-a-b', 1) ON CONFLICT (tour_leg_id) DO UPDATE SET candidate_tour = EXCLUDED.candidate_tour, from_tour_stop = EXCLUDED.from_tour_stop, to_tour_stop = EXCLUDED.to_tour_stop, travel_edge = EXCLUDED.travel_edge, leg_order = EXCLUDED.leg_order;

INSERT INTO tour_legs (tour_leg_id, candidate_tour, from_tour_stop, to_tour_stop, travel_edge, leg_order)
VALUES ('bad-leg-2', 'tour-duplicate-b', 'bad-stop-2', 'bad-stop-3', 'edge-b-c', 2) ON CONFLICT (tour_leg_id) DO UPDATE SET candidate_tour = EXCLUDED.candidate_tour, from_tour_stop = EXCLUDED.from_tour_stop, to_tour_stop = EXCLUDED.to_tour_stop, travel_edge = EXCLUDED.travel_edge, leg_order = EXCLUDED.leg_order;

INSERT INTO tour_legs (tour_leg_id, candidate_tour, from_tour_stop, to_tour_stop, travel_edge, leg_order)
VALUES ('bad-leg-3', 'tour-duplicate-b', 'bad-stop-3', 'bad-stop-4', 'edge-b-c', 3) ON CONFLICT (tour_leg_id) DO UPDATE SET candidate_tour = EXCLUDED.candidate_tour, from_tour_stop = EXCLUDED.from_tour_stop, to_tour_stop = EXCLUDED.to_tour_stop, travel_edge = EXCLUDED.travel_edge, leg_order = EXCLUDED.leg_order;

INSERT INTO tour_legs (tour_leg_id, candidate_tour, from_tour_stop, to_tour_stop, travel_edge, leg_order)
VALUES ('bad-leg-4', 'tour-duplicate-b', 'bad-stop-4', 'bad-stop-5', 'edge-b-e', 4) ON CONFLICT (tour_leg_id) DO UPDATE SET candidate_tour = EXCLUDED.candidate_tour, from_tour_stop = EXCLUDED.from_tour_stop, to_tour_stop = EXCLUDED.to_tour_stop, travel_edge = EXCLUDED.travel_edge, leg_order = EXCLUDED.leg_order;

INSERT INTO tour_legs (tour_leg_id, candidate_tour, from_tour_stop, to_tour_stop, travel_edge, leg_order)
VALUES ('bad-leg-5', 'tour-duplicate-b', 'bad-stop-5', 'bad-stop-1', 'edge-a-e', 5) ON CONFLICT (tour_leg_id) DO UPDATE SET candidate_tour = EXCLUDED.candidate_tour, from_tour_stop = EXCLUDED.from_tour_stop, to_tour_stop = EXCLUDED.to_tour_stop, travel_edge = EXCLUDED.travel_edge, leg_order = EXCLUDED.leg_order;

INSERT INTO tour_legs (tour_leg_id, candidate_tour, from_tour_stop, to_tour_stop, travel_edge, leg_order)
VALUES ('gap-leg-1', 'tour-missing-close-duplicate-ab', 'gap-stop-1', 'gap-stop-2', 'edge-a-b', 1) ON CONFLICT (tour_leg_id) DO UPDATE SET candidate_tour = EXCLUDED.candidate_tour, from_tour_stop = EXCLUDED.from_tour_stop, to_tour_stop = EXCLUDED.to_tour_stop, travel_edge = EXCLUDED.travel_edge, leg_order = EXCLUDED.leg_order;

INSERT INTO tour_legs (tour_leg_id, candidate_tour, from_tour_stop, to_tour_stop, travel_edge, leg_order)
VALUES ('gap-leg-2', 'tour-missing-close-duplicate-ab', 'gap-stop-1', 'gap-stop-2', 'edge-a-b', 2) ON CONFLICT (tour_leg_id) DO UPDATE SET candidate_tour = EXCLUDED.candidate_tour, from_tour_stop = EXCLUDED.from_tour_stop, to_tour_stop = EXCLUDED.to_tour_stop, travel_edge = EXCLUDED.travel_edge, leg_order = EXCLUDED.leg_order;

INSERT INTO tour_legs (tour_leg_id, candidate_tour, from_tour_stop, to_tour_stop, travel_edge, leg_order)
VALUES ('gap-leg-3', 'tour-missing-close-duplicate-ab', 'gap-stop-2', 'gap-stop-3', 'edge-b-c', 3) ON CONFLICT (tour_leg_id) DO UPDATE SET candidate_tour = EXCLUDED.candidate_tour, from_tour_stop = EXCLUDED.from_tour_stop, to_tour_stop = EXCLUDED.to_tour_stop, travel_edge = EXCLUDED.travel_edge, leg_order = EXCLUDED.leg_order;

INSERT INTO tour_legs (tour_leg_id, candidate_tour, from_tour_stop, to_tour_stop, travel_edge, leg_order)
VALUES ('gap-leg-4', 'tour-missing-close-duplicate-ab', 'gap-stop-3', 'gap-stop-4', 'edge-c-d', 4) ON CONFLICT (tour_leg_id) DO UPDATE SET candidate_tour = EXCLUDED.candidate_tour, from_tour_stop = EXCLUDED.from_tour_stop, to_tour_stop = EXCLUDED.to_tour_stop, travel_edge = EXCLUDED.travel_edge, leg_order = EXCLUDED.leg_order;

INSERT INTO tour_legs (tour_leg_id, candidate_tour, from_tour_stop, to_tour_stop, travel_edge, leg_order)
VALUES ('gap-leg-5', 'tour-missing-close-duplicate-ab', 'gap-stop-4', 'gap-stop-5', 'edge-d-e', 5) ON CONFLICT (tour_leg_id) DO UPDATE SET candidate_tour = EXCLUDED.candidate_tour, from_tour_stop = EXCLUDED.from_tour_stop, to_tour_stop = EXCLUDED.to_tour_stop, travel_edge = EXCLUDED.travel_edge, leg_order = EXCLUDED.leg_order;

INSERT INTO tour_legs (tour_leg_id, candidate_tour, from_tour_stop, to_tour_stop, travel_edge, leg_order)
VALUES ('twin-tour-leg-1', 'tour-twin-triangles-feasible-24', 'twin-tour-stop-1', 'twin-tour-stop-2', 'twin-edge-wa-wb', 1) ON CONFLICT (tour_leg_id) DO UPDATE SET candidate_tour = EXCLUDED.candidate_tour, from_tour_stop = EXCLUDED.from_tour_stop, to_tour_stop = EXCLUDED.to_tour_stop, travel_edge = EXCLUDED.travel_edge, leg_order = EXCLUDED.leg_order;

INSERT INTO tour_legs (tour_leg_id, candidate_tour, from_tour_stop, to_tour_stop, travel_edge, leg_order)
VALUES ('twin-tour-leg-2', 'tour-twin-triangles-feasible-24', 'twin-tour-stop-2', 'twin-tour-stop-3', 'twin-edge-wb-wc', 2) ON CONFLICT (tour_leg_id) DO UPDATE SET candidate_tour = EXCLUDED.candidate_tour, from_tour_stop = EXCLUDED.from_tour_stop, to_tour_stop = EXCLUDED.to_tour_stop, travel_edge = EXCLUDED.travel_edge, leg_order = EXCLUDED.leg_order;

INSERT INTO tour_legs (tour_leg_id, candidate_tour, from_tour_stop, to_tour_stop, travel_edge, leg_order)
VALUES ('twin-tour-leg-3', 'tour-twin-triangles-feasible-24', 'twin-tour-stop-3', 'twin-tour-stop-4', 'twin-edge-wc-ed', 3) ON CONFLICT (tour_leg_id) DO UPDATE SET candidate_tour = EXCLUDED.candidate_tour, from_tour_stop = EXCLUDED.from_tour_stop, to_tour_stop = EXCLUDED.to_tour_stop, travel_edge = EXCLUDED.travel_edge, leg_order = EXCLUDED.leg_order;

INSERT INTO tour_legs (tour_leg_id, candidate_tour, from_tour_stop, to_tour_stop, travel_edge, leg_order)
VALUES ('twin-tour-leg-4', 'tour-twin-triangles-feasible-24', 'twin-tour-stop-4', 'twin-tour-stop-5', 'twin-edge-ed-ee', 4) ON CONFLICT (tour_leg_id) DO UPDATE SET candidate_tour = EXCLUDED.candidate_tour, from_tour_stop = EXCLUDED.from_tour_stop, to_tour_stop = EXCLUDED.to_tour_stop, travel_edge = EXCLUDED.travel_edge, leg_order = EXCLUDED.leg_order;

INSERT INTO tour_legs (tour_leg_id, candidate_tour, from_tour_stop, to_tour_stop, travel_edge, leg_order)
VALUES ('twin-tour-leg-5', 'tour-twin-triangles-feasible-24', 'twin-tour-stop-5', 'twin-tour-stop-6', 'twin-edge-ee-ef', 5) ON CONFLICT (tour_leg_id) DO UPDATE SET candidate_tour = EXCLUDED.candidate_tour, from_tour_stop = EXCLUDED.from_tour_stop, to_tour_stop = EXCLUDED.to_tour_stop, travel_edge = EXCLUDED.travel_edge, leg_order = EXCLUDED.leg_order;

INSERT INTO tour_legs (tour_leg_id, candidate_tour, from_tour_stop, to_tour_stop, travel_edge, leg_order)
VALUES ('twin-tour-leg-6', 'tour-twin-triangles-feasible-24', 'twin-tour-stop-6', 'twin-tour-stop-1', 'twin-edge-wa-ef', 6) ON CONFLICT (tour_leg_id) DO UPDATE SET candidate_tour = EXCLUDED.candidate_tour, from_tour_stop = EXCLUDED.from_tour_stop, to_tour_stop = EXCLUDED.to_tour_stop, travel_edge = EXCLUDED.travel_edge, leg_order = EXCLUDED.leg_order;

-- ----------------------------------------------------------------------------
-- LocalDegreeBounds: One degree-two lower-bound witness per required stop. Each row names two incident edges and proves all other incident edges are no cheaper than the second selected edge.
-- ----------------------------------------------------------------------------
INSERT INTO local_degree_bounds (local_degree_bound_id, tsp_instance, instance_stop, first_edge, second_edge)
VALUES ('local-bound-stop-a', 'tsp-gridville-5', 'stop-a', 'edge-a-b', 'edge-a-e') ON CONFLICT (local_degree_bound_id) DO UPDATE SET tsp_instance = EXCLUDED.tsp_instance, instance_stop = EXCLUDED.instance_stop, first_edge = EXCLUDED.first_edge, second_edge = EXCLUDED.second_edge;

INSERT INTO local_degree_bounds (local_degree_bound_id, tsp_instance, instance_stop, first_edge, second_edge)
VALUES ('local-bound-stop-b', 'tsp-gridville-5', 'stop-b', 'edge-a-b', 'edge-b-c') ON CONFLICT (local_degree_bound_id) DO UPDATE SET tsp_instance = EXCLUDED.tsp_instance, instance_stop = EXCLUDED.instance_stop, first_edge = EXCLUDED.first_edge, second_edge = EXCLUDED.second_edge;

INSERT INTO local_degree_bounds (local_degree_bound_id, tsp_instance, instance_stop, first_edge, second_edge)
VALUES ('local-bound-stop-c', 'tsp-gridville-5', 'stop-c', 'edge-b-c', 'edge-c-d') ON CONFLICT (local_degree_bound_id) DO UPDATE SET tsp_instance = EXCLUDED.tsp_instance, instance_stop = EXCLUDED.instance_stop, first_edge = EXCLUDED.first_edge, second_edge = EXCLUDED.second_edge;

INSERT INTO local_degree_bounds (local_degree_bound_id, tsp_instance, instance_stop, first_edge, second_edge)
VALUES ('local-bound-stop-d', 'tsp-gridville-5', 'stop-d', 'edge-c-d', 'edge-d-e') ON CONFLICT (local_degree_bound_id) DO UPDATE SET tsp_instance = EXCLUDED.tsp_instance, instance_stop = EXCLUDED.instance_stop, first_edge = EXCLUDED.first_edge, second_edge = EXCLUDED.second_edge;

INSERT INTO local_degree_bounds (local_degree_bound_id, tsp_instance, instance_stop, first_edge, second_edge)
VALUES ('local-bound-stop-e', 'tsp-gridville-5', 'stop-e', 'edge-a-e', 'edge-d-e') ON CONFLICT (local_degree_bound_id) DO UPDATE SET tsp_instance = EXCLUDED.tsp_instance, instance_stop = EXCLUDED.instance_stop, first_edge = EXCLUDED.first_edge, second_edge = EXCLUDED.second_edge;

INSERT INTO local_degree_bounds (local_degree_bound_id, tsp_instance, instance_stop, first_edge, second_edge)
VALUES ('local-bound-twin-wa', 'tsp-twin-triangles-6', 'twin-stop-wa', 'twin-edge-wa-wb', 'twin-edge-wa-wc') ON CONFLICT (local_degree_bound_id) DO UPDATE SET tsp_instance = EXCLUDED.tsp_instance, instance_stop = EXCLUDED.instance_stop, first_edge = EXCLUDED.first_edge, second_edge = EXCLUDED.second_edge;

INSERT INTO local_degree_bounds (local_degree_bound_id, tsp_instance, instance_stop, first_edge, second_edge)
VALUES ('local-bound-twin-wb', 'tsp-twin-triangles-6', 'twin-stop-wb', 'twin-edge-wa-wb', 'twin-edge-wb-wc') ON CONFLICT (local_degree_bound_id) DO UPDATE SET tsp_instance = EXCLUDED.tsp_instance, instance_stop = EXCLUDED.instance_stop, first_edge = EXCLUDED.first_edge, second_edge = EXCLUDED.second_edge;

INSERT INTO local_degree_bounds (local_degree_bound_id, tsp_instance, instance_stop, first_edge, second_edge)
VALUES ('local-bound-twin-wc', 'tsp-twin-triangles-6', 'twin-stop-wc', 'twin-edge-wa-wc', 'twin-edge-wb-wc') ON CONFLICT (local_degree_bound_id) DO UPDATE SET tsp_instance = EXCLUDED.tsp_instance, instance_stop = EXCLUDED.instance_stop, first_edge = EXCLUDED.first_edge, second_edge = EXCLUDED.second_edge;

INSERT INTO local_degree_bounds (local_degree_bound_id, tsp_instance, instance_stop, first_edge, second_edge)
VALUES ('local-bound-twin-ed', 'tsp-twin-triangles-6', 'twin-stop-ed', 'twin-edge-ed-ee', 'twin-edge-ed-ef') ON CONFLICT (local_degree_bound_id) DO UPDATE SET tsp_instance = EXCLUDED.tsp_instance, instance_stop = EXCLUDED.instance_stop, first_edge = EXCLUDED.first_edge, second_edge = EXCLUDED.second_edge;

INSERT INTO local_degree_bounds (local_degree_bound_id, tsp_instance, instance_stop, first_edge, second_edge)
VALUES ('local-bound-twin-ee', 'tsp-twin-triangles-6', 'twin-stop-ee', 'twin-edge-ed-ee', 'twin-edge-ee-ef') ON CONFLICT (local_degree_bound_id) DO UPDATE SET tsp_instance = EXCLUDED.tsp_instance, instance_stop = EXCLUDED.instance_stop, first_edge = EXCLUDED.first_edge, second_edge = EXCLUDED.second_edge;

INSERT INTO local_degree_bounds (local_degree_bound_id, tsp_instance, instance_stop, first_edge, second_edge)
VALUES ('local-bound-twin-ef', 'tsp-twin-triangles-6', 'twin-stop-ef', 'twin-edge-ed-ef', 'twin-edge-ee-ef') ON CONFLICT (local_degree_bound_id) DO UPDATE SET tsp_instance = EXCLUDED.tsp_instance, instance_stop = EXCLUDED.instance_stop, first_edge = EXCLUDED.first_edge, second_edge = EXCLUDED.second_edge;

-- ----------------------------------------------------------------------------
-- IncidentDominanceChecks: Witness rows proving every unselected incident edge is at least as expensive as the second edge named by a LocalDegreeBound.
-- ----------------------------------------------------------------------------
INSERT INTO incident_dominance_checks (incident_dominance_check_id, local_degree_bound, other_edge)
VALUES ('dom-a-d', 'local-bound-stop-a', 'edge-a-d') ON CONFLICT (incident_dominance_check_id) DO UPDATE SET local_degree_bound = EXCLUDED.local_degree_bound, other_edge = EXCLUDED.other_edge;

INSERT INTO incident_dominance_checks (incident_dominance_check_id, local_degree_bound, other_edge)
VALUES ('dom-a-c', 'local-bound-stop-a', 'edge-a-c') ON CONFLICT (incident_dominance_check_id) DO UPDATE SET local_degree_bound = EXCLUDED.local_degree_bound, other_edge = EXCLUDED.other_edge;

INSERT INTO incident_dominance_checks (incident_dominance_check_id, local_degree_bound, other_edge)
VALUES ('dom-b-d', 'local-bound-stop-b', 'edge-b-d') ON CONFLICT (incident_dominance_check_id) DO UPDATE SET local_degree_bound = EXCLUDED.local_degree_bound, other_edge = EXCLUDED.other_edge;

INSERT INTO incident_dominance_checks (incident_dominance_check_id, local_degree_bound, other_edge)
VALUES ('dom-b-e', 'local-bound-stop-b', 'edge-b-e') ON CONFLICT (incident_dominance_check_id) DO UPDATE SET local_degree_bound = EXCLUDED.local_degree_bound, other_edge = EXCLUDED.other_edge;

INSERT INTO incident_dominance_checks (incident_dominance_check_id, local_degree_bound, other_edge)
VALUES ('dom-c-e', 'local-bound-stop-c', 'edge-c-e') ON CONFLICT (incident_dominance_check_id) DO UPDATE SET local_degree_bound = EXCLUDED.local_degree_bound, other_edge = EXCLUDED.other_edge;

INSERT INTO incident_dominance_checks (incident_dominance_check_id, local_degree_bound, other_edge)
VALUES ('dom-c-a', 'local-bound-stop-c', 'edge-a-c') ON CONFLICT (incident_dominance_check_id) DO UPDATE SET local_degree_bound = EXCLUDED.local_degree_bound, other_edge = EXCLUDED.other_edge;

INSERT INTO incident_dominance_checks (incident_dominance_check_id, local_degree_bound, other_edge)
VALUES ('dom-d-a', 'local-bound-stop-d', 'edge-a-d') ON CONFLICT (incident_dominance_check_id) DO UPDATE SET local_degree_bound = EXCLUDED.local_degree_bound, other_edge = EXCLUDED.other_edge;

INSERT INTO incident_dominance_checks (incident_dominance_check_id, local_degree_bound, other_edge)
VALUES ('dom-d-b', 'local-bound-stop-d', 'edge-b-d') ON CONFLICT (incident_dominance_check_id) DO UPDATE SET local_degree_bound = EXCLUDED.local_degree_bound, other_edge = EXCLUDED.other_edge;

INSERT INTO incident_dominance_checks (incident_dominance_check_id, local_degree_bound, other_edge)
VALUES ('dom-e-c', 'local-bound-stop-e', 'edge-c-e') ON CONFLICT (incident_dominance_check_id) DO UPDATE SET local_degree_bound = EXCLUDED.local_degree_bound, other_edge = EXCLUDED.other_edge;

INSERT INTO incident_dominance_checks (incident_dominance_check_id, local_degree_bound, other_edge)
VALUES ('dom-e-b', 'local-bound-stop-e', 'edge-b-e') ON CONFLICT (incident_dominance_check_id) DO UPDATE SET local_degree_bound = EXCLUDED.local_degree_bound, other_edge = EXCLUDED.other_edge;

INSERT INTO incident_dominance_checks (incident_dominance_check_id, local_degree_bound, other_edge)
VALUES ('dom-local-bound-twin-wa-twin-edge-wa-ed', 'local-bound-twin-wa', 'twin-edge-wa-ed') ON CONFLICT (incident_dominance_check_id) DO UPDATE SET local_degree_bound = EXCLUDED.local_degree_bound, other_edge = EXCLUDED.other_edge;

INSERT INTO incident_dominance_checks (incident_dominance_check_id, local_degree_bound, other_edge)
VALUES ('dom-local-bound-twin-wa-twin-edge-wa-ee', 'local-bound-twin-wa', 'twin-edge-wa-ee') ON CONFLICT (incident_dominance_check_id) DO UPDATE SET local_degree_bound = EXCLUDED.local_degree_bound, other_edge = EXCLUDED.other_edge;

INSERT INTO incident_dominance_checks (incident_dominance_check_id, local_degree_bound, other_edge)
VALUES ('dom-local-bound-twin-wa-twin-edge-wa-ef', 'local-bound-twin-wa', 'twin-edge-wa-ef') ON CONFLICT (incident_dominance_check_id) DO UPDATE SET local_degree_bound = EXCLUDED.local_degree_bound, other_edge = EXCLUDED.other_edge;

INSERT INTO incident_dominance_checks (incident_dominance_check_id, local_degree_bound, other_edge)
VALUES ('dom-local-bound-twin-wb-twin-edge-wb-ed', 'local-bound-twin-wb', 'twin-edge-wb-ed') ON CONFLICT (incident_dominance_check_id) DO UPDATE SET local_degree_bound = EXCLUDED.local_degree_bound, other_edge = EXCLUDED.other_edge;

INSERT INTO incident_dominance_checks (incident_dominance_check_id, local_degree_bound, other_edge)
VALUES ('dom-local-bound-twin-wb-twin-edge-wb-ee', 'local-bound-twin-wb', 'twin-edge-wb-ee') ON CONFLICT (incident_dominance_check_id) DO UPDATE SET local_degree_bound = EXCLUDED.local_degree_bound, other_edge = EXCLUDED.other_edge;

INSERT INTO incident_dominance_checks (incident_dominance_check_id, local_degree_bound, other_edge)
VALUES ('dom-local-bound-twin-wb-twin-edge-wb-ef', 'local-bound-twin-wb', 'twin-edge-wb-ef') ON CONFLICT (incident_dominance_check_id) DO UPDATE SET local_degree_bound = EXCLUDED.local_degree_bound, other_edge = EXCLUDED.other_edge;

INSERT INTO incident_dominance_checks (incident_dominance_check_id, local_degree_bound, other_edge)
VALUES ('dom-local-bound-twin-wc-twin-edge-wc-ed', 'local-bound-twin-wc', 'twin-edge-wc-ed') ON CONFLICT (incident_dominance_check_id) DO UPDATE SET local_degree_bound = EXCLUDED.local_degree_bound, other_edge = EXCLUDED.other_edge;

INSERT INTO incident_dominance_checks (incident_dominance_check_id, local_degree_bound, other_edge)
VALUES ('dom-local-bound-twin-wc-twin-edge-wc-ee', 'local-bound-twin-wc', 'twin-edge-wc-ee') ON CONFLICT (incident_dominance_check_id) DO UPDATE SET local_degree_bound = EXCLUDED.local_degree_bound, other_edge = EXCLUDED.other_edge;

INSERT INTO incident_dominance_checks (incident_dominance_check_id, local_degree_bound, other_edge)
VALUES ('dom-local-bound-twin-wc-twin-edge-wc-ef', 'local-bound-twin-wc', 'twin-edge-wc-ef') ON CONFLICT (incident_dominance_check_id) DO UPDATE SET local_degree_bound = EXCLUDED.local_degree_bound, other_edge = EXCLUDED.other_edge;

INSERT INTO incident_dominance_checks (incident_dominance_check_id, local_degree_bound, other_edge)
VALUES ('dom-local-bound-twin-ed-twin-edge-wa-ed', 'local-bound-twin-ed', 'twin-edge-wa-ed') ON CONFLICT (incident_dominance_check_id) DO UPDATE SET local_degree_bound = EXCLUDED.local_degree_bound, other_edge = EXCLUDED.other_edge;

INSERT INTO incident_dominance_checks (incident_dominance_check_id, local_degree_bound, other_edge)
VALUES ('dom-local-bound-twin-ed-twin-edge-wb-ed', 'local-bound-twin-ed', 'twin-edge-wb-ed') ON CONFLICT (incident_dominance_check_id) DO UPDATE SET local_degree_bound = EXCLUDED.local_degree_bound, other_edge = EXCLUDED.other_edge;

INSERT INTO incident_dominance_checks (incident_dominance_check_id, local_degree_bound, other_edge)
VALUES ('dom-local-bound-twin-ed-twin-edge-wc-ed', 'local-bound-twin-ed', 'twin-edge-wc-ed') ON CONFLICT (incident_dominance_check_id) DO UPDATE SET local_degree_bound = EXCLUDED.local_degree_bound, other_edge = EXCLUDED.other_edge;

INSERT INTO incident_dominance_checks (incident_dominance_check_id, local_degree_bound, other_edge)
VALUES ('dom-local-bound-twin-ee-twin-edge-wa-ee', 'local-bound-twin-ee', 'twin-edge-wa-ee') ON CONFLICT (incident_dominance_check_id) DO UPDATE SET local_degree_bound = EXCLUDED.local_degree_bound, other_edge = EXCLUDED.other_edge;

INSERT INTO incident_dominance_checks (incident_dominance_check_id, local_degree_bound, other_edge)
VALUES ('dom-local-bound-twin-ee-twin-edge-wb-ee', 'local-bound-twin-ee', 'twin-edge-wb-ee') ON CONFLICT (incident_dominance_check_id) DO UPDATE SET local_degree_bound = EXCLUDED.local_degree_bound, other_edge = EXCLUDED.other_edge;

INSERT INTO incident_dominance_checks (incident_dominance_check_id, local_degree_bound, other_edge)
VALUES ('dom-local-bound-twin-ee-twin-edge-wc-ee', 'local-bound-twin-ee', 'twin-edge-wc-ee') ON CONFLICT (incident_dominance_check_id) DO UPDATE SET local_degree_bound = EXCLUDED.local_degree_bound, other_edge = EXCLUDED.other_edge;

INSERT INTO incident_dominance_checks (incident_dominance_check_id, local_degree_bound, other_edge)
VALUES ('dom-local-bound-twin-ef-twin-edge-wa-ef', 'local-bound-twin-ef', 'twin-edge-wa-ef') ON CONFLICT (incident_dominance_check_id) DO UPDATE SET local_degree_bound = EXCLUDED.local_degree_bound, other_edge = EXCLUDED.other_edge;

INSERT INTO incident_dominance_checks (incident_dominance_check_id, local_degree_bound, other_edge)
VALUES ('dom-local-bound-twin-ef-twin-edge-wb-ef', 'local-bound-twin-ef', 'twin-edge-wb-ef') ON CONFLICT (incident_dominance_check_id) DO UPDATE SET local_degree_bound = EXCLUDED.local_degree_bound, other_edge = EXCLUDED.other_edge;

INSERT INTO incident_dominance_checks (incident_dominance_check_id, local_degree_bound, other_edge)
VALUES ('dom-local-bound-twin-ef-twin-edge-wc-ef', 'local-bound-twin-ef', 'twin-edge-wc-ef') ON CONFLICT (incident_dominance_check_id) DO UPDATE SET local_degree_bound = EXCLUDED.local_degree_bound, other_edge = EXCLUDED.other_edge;

-- ----------------------------------------------------------------------------
-- InstanceLowerBounds: Global lower bounds obtained by summing certified local degree-two bounds and dividing by two because each tour edge is incident to two stops.
-- ----------------------------------------------------------------------------
INSERT INTO instance_lower_bounds (instance_lower_bound_id, tsp_instance, bound_kind)
VALUES ('degree-two-lower-bound-gridville-5', 'tsp-gridville-5', 'SUM_TWO_CHEAPEST_INCIDENT_EDGES_DIVIDED_BY_TWO') ON CONFLICT (instance_lower_bound_id) DO UPDATE SET tsp_instance = EXCLUDED.tsp_instance, bound_kind = EXCLUDED.bound_kind;

INSERT INTO instance_lower_bounds (instance_lower_bound_id, tsp_instance, bound_kind)
VALUES ('degree-two-lower-bound-twin-triangles-6', 'tsp-twin-triangles-6', 'SUM_TWO_CHEAPEST_INCIDENT_EDGES_DIVIDED_BY_TWO') ON CONFLICT (instance_lower_bound_id) DO UPDATE SET tsp_instance = EXCLUDED.tsp_instance, bound_kind = EXCLUDED.bound_kind;

-- ----------------------------------------------------------------------------
-- OptimalityCertificates: Finite-instance optimality certificates. Passing requires a valid Hamiltonian witness, a certified lower bound for the same instance, and equality between candidate cost and lower bound.
-- ----------------------------------------------------------------------------
INSERT INTO optimality_certificates (optimality_certificate_id, candidate_tour, instance_lower_bound)
VALUES ('optimality-gridville-reference-ring', 'tour-reference-ring', 'degree-two-lower-bound-gridville-5') ON CONFLICT (optimality_certificate_id) DO UPDATE SET candidate_tour = EXCLUDED.candidate_tour, instance_lower_bound = EXCLUDED.instance_lower_bound;

-- ----------------------------------------------------------------------------
-- TSPExecutionRuns: Execution attempts against a concrete substrate; blocked and failed runs remain first-class evidence.
-- ----------------------------------------------------------------------------
INSERT INTO tsp_execution_runs (tsp_execution_run_id, tsp_loop, substrate, attempted_at, build_command, build_succeeded, database_initialized, conformance_succeeded, status, failure_reason)
VALUES ('postgres-commissioning-loop-587', 'tsp-loop-587', 'POSTGRES_GENERATED_VIEWS', '29627376455', 'bash start.sh all', FALSE, FALSE, FALSE, 'BLOCKED', 'missing required executable(s): effortless') ON CONFLICT (tsp_execution_run_id) DO UPDATE SET tsp_loop = EXCLUDED.tsp_loop, substrate = EXCLUDED.substrate, attempted_at = EXCLUDED.attempted_at, build_command = EXCLUDED.build_command, build_succeeded = EXCLUDED.build_succeeded, database_initialized = EXCLUDED.database_initialized, conformance_succeeded = EXCLUDED.conformance_succeeded, status = EXCLUDED.status, failure_reason = EXCLUDED.failure_reason;

-- ----------------------------------------------------------------------------
-- TSPArtifacts: Content-addressed artifacts emitted or expected from substrate execution.
-- ----------------------------------------------------------------------------
INSERT INTO tsp_artifacts (tsp_artifact_id, execution_run, artifact_kind, relative_path, sha256, is_present)
VALUES ('loop-587-canonical_rulebook', 'postgres-commissioning-loop-587', 'CANONICAL_RULEBOOK', 'rulebook-examples/effortless-math/domains/traveling-salesman/effortless-rulebook/traveling-salesman-rulebook.json', '8dd7c88383b9be4e765b03ea0ecf6e18dc5ca1f560e8dc021a026ea83f3932da', TRUE) ON CONFLICT (tsp_artifact_id) DO UPDATE SET execution_run = EXCLUDED.execution_run, artifact_kind = EXCLUDED.artifact_kind, relative_path = EXCLUDED.relative_path, sha256 = EXCLUDED.sha256, is_present = EXCLUDED.is_present;

INSERT INTO tsp_artifacts (tsp_artifact_id, execution_run, artifact_kind, relative_path, sha256, is_present)
VALUES ('loop-587-generated_postgres_directory', 'postgres-commissioning-loop-587', 'GENERATED_POSTGRES_DIRECTORY', 'rulebook-examples/effortless-math/domains/traveling-salesman/effortless-postgres', NULL, TRUE) ON CONFLICT (tsp_artifact_id) DO UPDATE SET execution_run = EXCLUDED.execution_run, artifact_kind = EXCLUDED.artifact_kind, relative_path = EXCLUDED.relative_path, sha256 = EXCLUDED.sha256, is_present = EXCLUDED.is_present;

-- ----------------------------------------------------------------------------
-- TSPConformanceChecks: Expected-versus-actual checks for a substrate run.
-- ----------------------------------------------------------------------------
INSERT INTO tsp_conformance_checks (tsp_conformance_check_id, execution_run, check_kind, subject_id, expected_value, actual_value, status)
VALUES ('loop-587-generated_build', 'postgres-commissioning-loop-587', 'GENERATED_BUILD', 'tsp-domain', 'PASS', 'BLOCKED', 'BLOCKED') ON CONFLICT (tsp_conformance_check_id) DO UPDATE SET execution_run = EXCLUDED.execution_run, check_kind = EXCLUDED.check_kind, subject_id = EXCLUDED.subject_id, expected_value = EXCLUDED.expected_value, actual_value = EXCLUDED.actual_value, status = EXCLUDED.status;

INSERT INTO tsp_conformance_checks (tsp_conformance_check_id, execution_run, check_kind, subject_id, expected_value, actual_value, status)
VALUES ('loop-587-database_initialization', 'postgres-commissioning-loop-587', 'DATABASE_INITIALIZATION', 'tsp-domain', 'PASS', 'BLOCKED', 'BLOCKED') ON CONFLICT (tsp_conformance_check_id) DO UPDATE SET execution_run = EXCLUDED.execution_run, check_kind = EXCLUDED.check_kind, subject_id = EXCLUDED.subject_id, expected_value = EXCLUDED.expected_value, actual_value = EXCLUDED.actual_value, status = EXCLUDED.status;

INSERT INTO tsp_conformance_checks (tsp_conformance_check_id, execution_run, check_kind, subject_id, expected_value, actual_value, status)
VALUES ('loop-587-python_postgres_conformance', 'postgres-commissioning-loop-587', 'PYTHON_POSTGRES_CONFORMANCE', 'tsp-domain', 'PASS', 'BLOCKED', 'BLOCKED') ON CONFLICT (tsp_conformance_check_id) DO UPDATE SET execution_run = EXCLUDED.execution_run, check_kind = EXCLUDED.check_kind, subject_id = EXCLUDED.subject_id, expected_value = EXCLUDED.expected_value, actual_value = EXCLUDED.actual_value, status = EXCLUDED.status;

-- ----------------------------------------------------------------------------
-- TSPInferenceStates: Named immutable snapshots of the current deterministic inference frontier.
-- ----------------------------------------------------------------------------
INSERT INTO tsp_inference_states (tsp_inference_state_id, tsp_instance, tsp_loop, state_kind, parent_state_id, status, description)
VALUES ('state-gridville-local-bound-selections', 'tsp-gridville-5', 'tsp-loop-588', 'LOCAL_BOUND_EDGE_SELECTIONS', NULL, 'CLOSED', 'Edges selected by explicit two-cheapest incident-edge witnesses; selection is not universal forcing.') ON CONFLICT (tsp_inference_state_id) DO UPDATE SET tsp_instance = EXCLUDED.tsp_instance, tsp_loop = EXCLUDED.tsp_loop, state_kind = EXCLUDED.state_kind, parent_state_id = EXCLUDED.parent_state_id, status = EXCLUDED.status, description = EXCLUDED.description;

INSERT INTO tsp_inference_states (tsp_inference_state_id, tsp_instance, tsp_loop, state_kind, parent_state_id, status, description)
VALUES ('state-gridville-derived-edge-union', 'tsp-gridville-5', 'tsp-loop-589', 'DERIVED_EDGE_SET', 'state-gridville-local-bound-selections', 'CLOSED', 'Deduplicated union of edges selected by local degree-bound support rows.') ON CONFLICT (tsp_inference_state_id) DO UPDATE SET tsp_instance = EXCLUDED.tsp_instance, tsp_loop = EXCLUDED.tsp_loop, state_kind = EXCLUDED.state_kind, parent_state_id = EXCLUDED.parent_state_id, status = EXCLUDED.status, description = EXCLUDED.description;

INSERT INTO tsp_inference_states (tsp_inference_state_id, tsp_instance, tsp_loop, state_kind, parent_state_id, status, description)
VALUES ('state-twin-triangles-local-bound-union', 'tsp-twin-triangles-6', 'tsp-loop-593', 'LOCAL_BOUND_EDGE_SET', NULL, 'CLOSED', 'Union of local two-cheapest witnesses for counterfactual fixture.') ON CONFLICT (tsp_inference_state_id) DO UPDATE SET tsp_instance = EXCLUDED.tsp_instance, tsp_loop = EXCLUDED.tsp_loop, state_kind = EXCLUDED.state_kind, parent_state_id = EXCLUDED.parent_state_id, status = EXCLUDED.status, description = EXCLUDED.description;

INSERT INTO tsp_inference_states (tsp_inference_state_id, tsp_instance, tsp_loop, state_kind, parent_state_id, status, description)
VALUES ('state-sparse-forcing-round-1', 'tsp-sparse-forcing-5', 'tsp-loop-594', 'FORCED_EDGE_CLOSURE', NULL, 'CLOSED', 'Five ring edges forced by degree-two stops; B-D remains undecided until saturation propagation.') ON CONFLICT (tsp_inference_state_id) DO UPDATE SET tsp_instance = EXCLUDED.tsp_instance, tsp_loop = EXCLUDED.tsp_loop, state_kind = EXCLUDED.state_kind, parent_state_id = EXCLUDED.parent_state_id, status = EXCLUDED.status, description = EXCLUDED.description;

-- ----------------------------------------------------------------------------
-- TSPInferenceApplications: Individual applications of declared inference rules.
-- ----------------------------------------------------------------------------
INSERT INTO tsp_inference_applications (tsp_inference_application_id, inference_state, inference_rule, tsp_loop, subject_type, subject_id, applicability_passed, conclusion, certificate_type)
VALUES ('application-local-bound-stop-a', 'state-gridville-local-bound-selections', 'tsp-rule-inference-application-spine', 'tsp-loop-588', 'LOCAL_DEGREE_BOUND', 'local-bound-stop-a', TRUE, 'The two named incident edges are selected by this local lower-bound witness only.', 'local-bound-edge-selection') ON CONFLICT (tsp_inference_application_id) DO UPDATE SET inference_state = EXCLUDED.inference_state, inference_rule = EXCLUDED.inference_rule, tsp_loop = EXCLUDED.tsp_loop, subject_type = EXCLUDED.subject_type, subject_id = EXCLUDED.subject_id, applicability_passed = EXCLUDED.applicability_passed, conclusion = EXCLUDED.conclusion, certificate_type = EXCLUDED.certificate_type;

INSERT INTO tsp_inference_applications (tsp_inference_application_id, inference_state, inference_rule, tsp_loop, subject_type, subject_id, applicability_passed, conclusion, certificate_type)
VALUES ('application-local-bound-stop-b', 'state-gridville-local-bound-selections', 'tsp-rule-inference-application-spine', 'tsp-loop-588', 'LOCAL_DEGREE_BOUND', 'local-bound-stop-b', TRUE, 'The two named incident edges are selected by this local lower-bound witness only.', 'local-bound-edge-selection') ON CONFLICT (tsp_inference_application_id) DO UPDATE SET inference_state = EXCLUDED.inference_state, inference_rule = EXCLUDED.inference_rule, tsp_loop = EXCLUDED.tsp_loop, subject_type = EXCLUDED.subject_type, subject_id = EXCLUDED.subject_id, applicability_passed = EXCLUDED.applicability_passed, conclusion = EXCLUDED.conclusion, certificate_type = EXCLUDED.certificate_type;

INSERT INTO tsp_inference_applications (tsp_inference_application_id, inference_state, inference_rule, tsp_loop, subject_type, subject_id, applicability_passed, conclusion, certificate_type)
VALUES ('application-local-bound-stop-c', 'state-gridville-local-bound-selections', 'tsp-rule-inference-application-spine', 'tsp-loop-588', 'LOCAL_DEGREE_BOUND', 'local-bound-stop-c', TRUE, 'The two named incident edges are selected by this local lower-bound witness only.', 'local-bound-edge-selection') ON CONFLICT (tsp_inference_application_id) DO UPDATE SET inference_state = EXCLUDED.inference_state, inference_rule = EXCLUDED.inference_rule, tsp_loop = EXCLUDED.tsp_loop, subject_type = EXCLUDED.subject_type, subject_id = EXCLUDED.subject_id, applicability_passed = EXCLUDED.applicability_passed, conclusion = EXCLUDED.conclusion, certificate_type = EXCLUDED.certificate_type;

INSERT INTO tsp_inference_applications (tsp_inference_application_id, inference_state, inference_rule, tsp_loop, subject_type, subject_id, applicability_passed, conclusion, certificate_type)
VALUES ('application-local-bound-stop-d', 'state-gridville-local-bound-selections', 'tsp-rule-inference-application-spine', 'tsp-loop-588', 'LOCAL_DEGREE_BOUND', 'local-bound-stop-d', TRUE, 'The two named incident edges are selected by this local lower-bound witness only.', 'local-bound-edge-selection') ON CONFLICT (tsp_inference_application_id) DO UPDATE SET inference_state = EXCLUDED.inference_state, inference_rule = EXCLUDED.inference_rule, tsp_loop = EXCLUDED.tsp_loop, subject_type = EXCLUDED.subject_type, subject_id = EXCLUDED.subject_id, applicability_passed = EXCLUDED.applicability_passed, conclusion = EXCLUDED.conclusion, certificate_type = EXCLUDED.certificate_type;

INSERT INTO tsp_inference_applications (tsp_inference_application_id, inference_state, inference_rule, tsp_loop, subject_type, subject_id, applicability_passed, conclusion, certificate_type)
VALUES ('application-local-bound-stop-e', 'state-gridville-local-bound-selections', 'tsp-rule-inference-application-spine', 'tsp-loop-588', 'LOCAL_DEGREE_BOUND', 'local-bound-stop-e', TRUE, 'The two named incident edges are selected by this local lower-bound witness only.', 'local-bound-edge-selection') ON CONFLICT (tsp_inference_application_id) DO UPDATE SET inference_state = EXCLUDED.inference_state, inference_rule = EXCLUDED.inference_rule, tsp_loop = EXCLUDED.tsp_loop, subject_type = EXCLUDED.subject_type, subject_id = EXCLUDED.subject_id, applicability_passed = EXCLUDED.applicability_passed, conclusion = EXCLUDED.conclusion, certificate_type = EXCLUDED.certificate_type;

-- ----------------------------------------------------------------------------
-- TSPInferenceAntecedents: Antecedent facts consumed by one inference application.
-- ----------------------------------------------------------------------------
INSERT INTO tsp_inference_antecedents (tsp_inference_antecedent_id, inference_application, antecedent_kind, antecedent_id, statement)
VALUES ('antecedent-local-bound-stop-a', 'application-local-bound-stop-a', 'TWO_CHEAPEST_WITNESS', 'local-bound-stop-a', 'LocalDegreeBounds.IsTwoCheapestWitness is certified by child dominance checks.') ON CONFLICT (tsp_inference_antecedent_id) DO UPDATE SET inference_application = EXCLUDED.inference_application, antecedent_kind = EXCLUDED.antecedent_kind, antecedent_id = EXCLUDED.antecedent_id, statement = EXCLUDED.statement;

INSERT INTO tsp_inference_antecedents (tsp_inference_antecedent_id, inference_application, antecedent_kind, antecedent_id, statement)
VALUES ('antecedent-local-bound-stop-b', 'application-local-bound-stop-b', 'TWO_CHEAPEST_WITNESS', 'local-bound-stop-b', 'LocalDegreeBounds.IsTwoCheapestWitness is certified by child dominance checks.') ON CONFLICT (tsp_inference_antecedent_id) DO UPDATE SET inference_application = EXCLUDED.inference_application, antecedent_kind = EXCLUDED.antecedent_kind, antecedent_id = EXCLUDED.antecedent_id, statement = EXCLUDED.statement;

INSERT INTO tsp_inference_antecedents (tsp_inference_antecedent_id, inference_application, antecedent_kind, antecedent_id, statement)
VALUES ('antecedent-local-bound-stop-c', 'application-local-bound-stop-c', 'TWO_CHEAPEST_WITNESS', 'local-bound-stop-c', 'LocalDegreeBounds.IsTwoCheapestWitness is certified by child dominance checks.') ON CONFLICT (tsp_inference_antecedent_id) DO UPDATE SET inference_application = EXCLUDED.inference_application, antecedent_kind = EXCLUDED.antecedent_kind, antecedent_id = EXCLUDED.antecedent_id, statement = EXCLUDED.statement;

INSERT INTO tsp_inference_antecedents (tsp_inference_antecedent_id, inference_application, antecedent_kind, antecedent_id, statement)
VALUES ('antecedent-local-bound-stop-d', 'application-local-bound-stop-d', 'TWO_CHEAPEST_WITNESS', 'local-bound-stop-d', 'LocalDegreeBounds.IsTwoCheapestWitness is certified by child dominance checks.') ON CONFLICT (tsp_inference_antecedent_id) DO UPDATE SET inference_application = EXCLUDED.inference_application, antecedent_kind = EXCLUDED.antecedent_kind, antecedent_id = EXCLUDED.antecedent_id, statement = EXCLUDED.statement;

INSERT INTO tsp_inference_antecedents (tsp_inference_antecedent_id, inference_application, antecedent_kind, antecedent_id, statement)
VALUES ('antecedent-local-bound-stop-e', 'application-local-bound-stop-e', 'TWO_CHEAPEST_WITNESS', 'local-bound-stop-e', 'LocalDegreeBounds.IsTwoCheapestWitness is certified by child dominance checks.') ON CONFLICT (tsp_inference_antecedent_id) DO UPDATE SET inference_application = EXCLUDED.inference_application, antecedent_kind = EXCLUDED.antecedent_kind, antecedent_id = EXCLUDED.antecedent_id, statement = EXCLUDED.statement;

-- ----------------------------------------------------------------------------
-- TSPEdgeStates: Epistemically typed state of one edge in one inference snapshot.
-- ----------------------------------------------------------------------------
INSERT INTO tsp_edge_states (tsp_edge_state_id, inference_state, travel_edge, decision_status, epistemic_status, inference_application)
VALUES ('edge-state-gridville-edge-a-b', 'state-gridville-local-bound-selections', 'edge-a-b', 'SELECTED', 'SELECTED_BY_LOCAL_BOUND_WITNESS', 'application-local-bound-stop-a') ON CONFLICT (tsp_edge_state_id) DO UPDATE SET inference_state = EXCLUDED.inference_state, travel_edge = EXCLUDED.travel_edge, decision_status = EXCLUDED.decision_status, epistemic_status = EXCLUDED.epistemic_status, inference_application = EXCLUDED.inference_application;

INSERT INTO tsp_edge_states (tsp_edge_state_id, inference_state, travel_edge, decision_status, epistemic_status, inference_application)
VALUES ('edge-state-gridville-edge-a-e', 'state-gridville-local-bound-selections', 'edge-a-e', 'SELECTED', 'SELECTED_BY_LOCAL_BOUND_WITNESS', 'application-local-bound-stop-a') ON CONFLICT (tsp_edge_state_id) DO UPDATE SET inference_state = EXCLUDED.inference_state, travel_edge = EXCLUDED.travel_edge, decision_status = EXCLUDED.decision_status, epistemic_status = EXCLUDED.epistemic_status, inference_application = EXCLUDED.inference_application;

INSERT INTO tsp_edge_states (tsp_edge_state_id, inference_state, travel_edge, decision_status, epistemic_status, inference_application)
VALUES ('edge-state-gridville-edge-b-c', 'state-gridville-local-bound-selections', 'edge-b-c', 'SELECTED', 'SELECTED_BY_LOCAL_BOUND_WITNESS', 'application-local-bound-stop-b') ON CONFLICT (tsp_edge_state_id) DO UPDATE SET inference_state = EXCLUDED.inference_state, travel_edge = EXCLUDED.travel_edge, decision_status = EXCLUDED.decision_status, epistemic_status = EXCLUDED.epistemic_status, inference_application = EXCLUDED.inference_application;

INSERT INTO tsp_edge_states (tsp_edge_state_id, inference_state, travel_edge, decision_status, epistemic_status, inference_application)
VALUES ('edge-state-gridville-edge-c-d', 'state-gridville-local-bound-selections', 'edge-c-d', 'SELECTED', 'SELECTED_BY_LOCAL_BOUND_WITNESS', 'application-local-bound-stop-c') ON CONFLICT (tsp_edge_state_id) DO UPDATE SET inference_state = EXCLUDED.inference_state, travel_edge = EXCLUDED.travel_edge, decision_status = EXCLUDED.decision_status, epistemic_status = EXCLUDED.epistemic_status, inference_application = EXCLUDED.inference_application;

INSERT INTO tsp_edge_states (tsp_edge_state_id, inference_state, travel_edge, decision_status, epistemic_status, inference_application)
VALUES ('edge-state-gridville-edge-d-e', 'state-gridville-local-bound-selections', 'edge-d-e', 'SELECTED', 'SELECTED_BY_LOCAL_BOUND_WITNESS', 'application-local-bound-stop-d') ON CONFLICT (tsp_edge_state_id) DO UPDATE SET inference_state = EXCLUDED.inference_state, travel_edge = EXCLUDED.travel_edge, decision_status = EXCLUDED.decision_status, epistemic_status = EXCLUDED.epistemic_status, inference_application = EXCLUDED.inference_application;

INSERT INTO tsp_edge_states (tsp_edge_state_id, inference_state, travel_edge, decision_status, epistemic_status, inference_application)
VALUES ('edge-state-sparse-edge-a-b-forced', 'state-sparse-forcing-round-1', 'sparse-edge-a-b', 'FORCED', 'FORCED_BY_EXACTLY_TWO_REMAINING_EDGES', NULL) ON CONFLICT (tsp_edge_state_id) DO UPDATE SET inference_state = EXCLUDED.inference_state, travel_edge = EXCLUDED.travel_edge, decision_status = EXCLUDED.decision_status, epistemic_status = EXCLUDED.epistemic_status, inference_application = EXCLUDED.inference_application;

INSERT INTO tsp_edge_states (tsp_edge_state_id, inference_state, travel_edge, decision_status, epistemic_status, inference_application)
VALUES ('edge-state-sparse-edge-a-e-forced', 'state-sparse-forcing-round-1', 'sparse-edge-a-e', 'FORCED', 'FORCED_BY_EXACTLY_TWO_REMAINING_EDGES', NULL) ON CONFLICT (tsp_edge_state_id) DO UPDATE SET inference_state = EXCLUDED.inference_state, travel_edge = EXCLUDED.travel_edge, decision_status = EXCLUDED.decision_status, epistemic_status = EXCLUDED.epistemic_status, inference_application = EXCLUDED.inference_application;

INSERT INTO tsp_edge_states (tsp_edge_state_id, inference_state, travel_edge, decision_status, epistemic_status, inference_application)
VALUES ('edge-state-sparse-edge-b-c-forced', 'state-sparse-forcing-round-1', 'sparse-edge-b-c', 'FORCED', 'FORCED_BY_EXACTLY_TWO_REMAINING_EDGES', NULL) ON CONFLICT (tsp_edge_state_id) DO UPDATE SET inference_state = EXCLUDED.inference_state, travel_edge = EXCLUDED.travel_edge, decision_status = EXCLUDED.decision_status, epistemic_status = EXCLUDED.epistemic_status, inference_application = EXCLUDED.inference_application;

INSERT INTO tsp_edge_states (tsp_edge_state_id, inference_state, travel_edge, decision_status, epistemic_status, inference_application)
VALUES ('edge-state-sparse-edge-c-d-forced', 'state-sparse-forcing-round-1', 'sparse-edge-c-d', 'FORCED', 'FORCED_BY_EXACTLY_TWO_REMAINING_EDGES', NULL) ON CONFLICT (tsp_edge_state_id) DO UPDATE SET inference_state = EXCLUDED.inference_state, travel_edge = EXCLUDED.travel_edge, decision_status = EXCLUDED.decision_status, epistemic_status = EXCLUDED.epistemic_status, inference_application = EXCLUDED.inference_application;

INSERT INTO tsp_edge_states (tsp_edge_state_id, inference_state, travel_edge, decision_status, epistemic_status, inference_application)
VALUES ('edge-state-sparse-edge-d-e-forced', 'state-sparse-forcing-round-1', 'sparse-edge-d-e', 'FORCED', 'FORCED_BY_EXACTLY_TWO_REMAINING_EDGES', NULL) ON CONFLICT (tsp_edge_state_id) DO UPDATE SET inference_state = EXCLUDED.inference_state, travel_edge = EXCLUDED.travel_edge, decision_status = EXCLUDED.decision_status, epistemic_status = EXCLUDED.epistemic_status, inference_application = EXCLUDED.inference_application;

-- ----------------------------------------------------------------------------
-- TSPEdgeSupports: Witness rows supporting an edge-state conclusion.
-- ----------------------------------------------------------------------------
INSERT INTO tsp_edge_supports (tsp_edge_support_id, edge_state, local_degree_bound, inference_application, support_kind, statement)
VALUES ('support-local-bound-stop-a-edge-a-b', 'edge-state-gridville-edge-a-b', 'local-bound-stop-a', 'application-local-bound-stop-a', 'ENDPOINT_LOCAL_BOUND_SELECTION', 'local-bound-stop-a selects edge-a-b; this is support, not a universal forced-edge claim.') ON CONFLICT (tsp_edge_support_id) DO UPDATE SET edge_state = EXCLUDED.edge_state, local_degree_bound = EXCLUDED.local_degree_bound, inference_application = EXCLUDED.inference_application, support_kind = EXCLUDED.support_kind, statement = EXCLUDED.statement;

INSERT INTO tsp_edge_supports (tsp_edge_support_id, edge_state, local_degree_bound, inference_application, support_kind, statement)
VALUES ('support-local-bound-stop-a-edge-a-e', 'edge-state-gridville-edge-a-e', 'local-bound-stop-a', 'application-local-bound-stop-a', 'ENDPOINT_LOCAL_BOUND_SELECTION', 'local-bound-stop-a selects edge-a-e; this is support, not a universal forced-edge claim.') ON CONFLICT (tsp_edge_support_id) DO UPDATE SET edge_state = EXCLUDED.edge_state, local_degree_bound = EXCLUDED.local_degree_bound, inference_application = EXCLUDED.inference_application, support_kind = EXCLUDED.support_kind, statement = EXCLUDED.statement;

INSERT INTO tsp_edge_supports (tsp_edge_support_id, edge_state, local_degree_bound, inference_application, support_kind, statement)
VALUES ('support-local-bound-stop-b-edge-a-b', 'edge-state-gridville-edge-a-b', 'local-bound-stop-b', 'application-local-bound-stop-b', 'ENDPOINT_LOCAL_BOUND_SELECTION', 'local-bound-stop-b selects edge-a-b; this is support, not a universal forced-edge claim.') ON CONFLICT (tsp_edge_support_id) DO UPDATE SET edge_state = EXCLUDED.edge_state, local_degree_bound = EXCLUDED.local_degree_bound, inference_application = EXCLUDED.inference_application, support_kind = EXCLUDED.support_kind, statement = EXCLUDED.statement;

INSERT INTO tsp_edge_supports (tsp_edge_support_id, edge_state, local_degree_bound, inference_application, support_kind, statement)
VALUES ('support-local-bound-stop-b-edge-b-c', 'edge-state-gridville-edge-b-c', 'local-bound-stop-b', 'application-local-bound-stop-b', 'ENDPOINT_LOCAL_BOUND_SELECTION', 'local-bound-stop-b selects edge-b-c; this is support, not a universal forced-edge claim.') ON CONFLICT (tsp_edge_support_id) DO UPDATE SET edge_state = EXCLUDED.edge_state, local_degree_bound = EXCLUDED.local_degree_bound, inference_application = EXCLUDED.inference_application, support_kind = EXCLUDED.support_kind, statement = EXCLUDED.statement;

INSERT INTO tsp_edge_supports (tsp_edge_support_id, edge_state, local_degree_bound, inference_application, support_kind, statement)
VALUES ('support-local-bound-stop-c-edge-b-c', 'edge-state-gridville-edge-b-c', 'local-bound-stop-c', 'application-local-bound-stop-c', 'ENDPOINT_LOCAL_BOUND_SELECTION', 'local-bound-stop-c selects edge-b-c; this is support, not a universal forced-edge claim.') ON CONFLICT (tsp_edge_support_id) DO UPDATE SET edge_state = EXCLUDED.edge_state, local_degree_bound = EXCLUDED.local_degree_bound, inference_application = EXCLUDED.inference_application, support_kind = EXCLUDED.support_kind, statement = EXCLUDED.statement;

INSERT INTO tsp_edge_supports (tsp_edge_support_id, edge_state, local_degree_bound, inference_application, support_kind, statement)
VALUES ('support-local-bound-stop-c-edge-c-d', 'edge-state-gridville-edge-c-d', 'local-bound-stop-c', 'application-local-bound-stop-c', 'ENDPOINT_LOCAL_BOUND_SELECTION', 'local-bound-stop-c selects edge-c-d; this is support, not a universal forced-edge claim.') ON CONFLICT (tsp_edge_support_id) DO UPDATE SET edge_state = EXCLUDED.edge_state, local_degree_bound = EXCLUDED.local_degree_bound, inference_application = EXCLUDED.inference_application, support_kind = EXCLUDED.support_kind, statement = EXCLUDED.statement;

INSERT INTO tsp_edge_supports (tsp_edge_support_id, edge_state, local_degree_bound, inference_application, support_kind, statement)
VALUES ('support-local-bound-stop-d-edge-c-d', 'edge-state-gridville-edge-c-d', 'local-bound-stop-d', 'application-local-bound-stop-d', 'ENDPOINT_LOCAL_BOUND_SELECTION', 'local-bound-stop-d selects edge-c-d; this is support, not a universal forced-edge claim.') ON CONFLICT (tsp_edge_support_id) DO UPDATE SET edge_state = EXCLUDED.edge_state, local_degree_bound = EXCLUDED.local_degree_bound, inference_application = EXCLUDED.inference_application, support_kind = EXCLUDED.support_kind, statement = EXCLUDED.statement;

INSERT INTO tsp_edge_supports (tsp_edge_support_id, edge_state, local_degree_bound, inference_application, support_kind, statement)
VALUES ('support-local-bound-stop-d-edge-d-e', 'edge-state-gridville-edge-d-e', 'local-bound-stop-d', 'application-local-bound-stop-d', 'ENDPOINT_LOCAL_BOUND_SELECTION', 'local-bound-stop-d selects edge-d-e; this is support, not a universal forced-edge claim.') ON CONFLICT (tsp_edge_support_id) DO UPDATE SET edge_state = EXCLUDED.edge_state, local_degree_bound = EXCLUDED.local_degree_bound, inference_application = EXCLUDED.inference_application, support_kind = EXCLUDED.support_kind, statement = EXCLUDED.statement;

INSERT INTO tsp_edge_supports (tsp_edge_support_id, edge_state, local_degree_bound, inference_application, support_kind, statement)
VALUES ('support-local-bound-stop-e-edge-a-e', 'edge-state-gridville-edge-a-e', 'local-bound-stop-e', 'application-local-bound-stop-e', 'ENDPOINT_LOCAL_BOUND_SELECTION', 'local-bound-stop-e selects edge-a-e; this is support, not a universal forced-edge claim.') ON CONFLICT (tsp_edge_support_id) DO UPDATE SET edge_state = EXCLUDED.edge_state, local_degree_bound = EXCLUDED.local_degree_bound, inference_application = EXCLUDED.inference_application, support_kind = EXCLUDED.support_kind, statement = EXCLUDED.statement;

INSERT INTO tsp_edge_supports (tsp_edge_support_id, edge_state, local_degree_bound, inference_application, support_kind, statement)
VALUES ('support-local-bound-stop-e-edge-d-e', 'edge-state-gridville-edge-d-e', 'local-bound-stop-e', 'application-local-bound-stop-e', 'ENDPOINT_LOCAL_BOUND_SELECTION', 'local-bound-stop-e selects edge-d-e; this is support, not a universal forced-edge claim.') ON CONFLICT (tsp_edge_support_id) DO UPDATE SET edge_state = EXCLUDED.edge_state, local_degree_bound = EXCLUDED.local_degree_bound, inference_application = EXCLUDED.inference_application, support_kind = EXCLUDED.support_kind, statement = EXCLUDED.statement;

-- ----------------------------------------------------------------------------
-- TSPDerivedEdgeSets: First-class edge sets derived from inference rows rather than supplied route order.
-- ----------------------------------------------------------------------------
INSERT INTO tsp_derived_edge_sets (tsp_derived_edge_set_id, tsp_instance, inference_state, derivation_kind, edge_count, required_stop_count, total_cost, degree_violation_count, connected_component_count, proper_subtour_count, status)
VALUES ('edge-set-gridville-local-bound-union', 'tsp-gridville-5', 'state-gridville-derived-edge-union', 'UNION_OF_LOCAL_DEGREE_BOUND_SELECTIONS', 5, 5, 14.0, 0, 1, 0, 'CONNECTED_DEGREE_TWO') ON CONFLICT (tsp_derived_edge_set_id) DO UPDATE SET tsp_instance = EXCLUDED.tsp_instance, inference_state = EXCLUDED.inference_state, derivation_kind = EXCLUDED.derivation_kind, edge_count = EXCLUDED.edge_count, required_stop_count = EXCLUDED.required_stop_count, total_cost = EXCLUDED.total_cost, degree_violation_count = EXCLUDED.degree_violation_count, connected_component_count = EXCLUDED.connected_component_count, proper_subtour_count = EXCLUDED.proper_subtour_count, status = EXCLUDED.status;

INSERT INTO tsp_derived_edge_sets (tsp_derived_edge_set_id, tsp_instance, inference_state, derivation_kind, edge_count, required_stop_count, total_cost, degree_violation_count, connected_component_count, proper_subtour_count, status)
VALUES ('edge-set-twin-triangles-local-bound-union', 'tsp-twin-triangles-6', 'state-twin-triangles-local-bound-union', 'UNION_OF_LOCAL_DEGREE_BOUND_SELECTIONS', 6, 6, 6.0, 0, 2, 2, 'DISCONNECTED_SUBTOURS') ON CONFLICT (tsp_derived_edge_set_id) DO UPDATE SET tsp_instance = EXCLUDED.tsp_instance, inference_state = EXCLUDED.inference_state, derivation_kind = EXCLUDED.derivation_kind, edge_count = EXCLUDED.edge_count, required_stop_count = EXCLUDED.required_stop_count, total_cost = EXCLUDED.total_cost, degree_violation_count = EXCLUDED.degree_violation_count, connected_component_count = EXCLUDED.connected_component_count, proper_subtour_count = EXCLUDED.proper_subtour_count, status = EXCLUDED.status;

-- ----------------------------------------------------------------------------
-- TSPDerivedEdgeSetMembers: Member edges and support counts for a derived edge set.
-- ----------------------------------------------------------------------------
INSERT INTO tsp_derived_edge_set_members (tsp_derived_edge_set_member_id, derived_edge_set, travel_edge, support_count, selected_at_both_endpoints, member_status)
VALUES ('member-gridville-edge-a-b', 'edge-set-gridville-local-bound-union', 'edge-a-b', 2, TRUE, 'SELECTED') ON CONFLICT (tsp_derived_edge_set_member_id) DO UPDATE SET derived_edge_set = EXCLUDED.derived_edge_set, travel_edge = EXCLUDED.travel_edge, support_count = EXCLUDED.support_count, selected_at_both_endpoints = EXCLUDED.selected_at_both_endpoints, member_status = EXCLUDED.member_status;

INSERT INTO tsp_derived_edge_set_members (tsp_derived_edge_set_member_id, derived_edge_set, travel_edge, support_count, selected_at_both_endpoints, member_status)
VALUES ('member-gridville-edge-a-e', 'edge-set-gridville-local-bound-union', 'edge-a-e', 2, TRUE, 'SELECTED') ON CONFLICT (tsp_derived_edge_set_member_id) DO UPDATE SET derived_edge_set = EXCLUDED.derived_edge_set, travel_edge = EXCLUDED.travel_edge, support_count = EXCLUDED.support_count, selected_at_both_endpoints = EXCLUDED.selected_at_both_endpoints, member_status = EXCLUDED.member_status;

INSERT INTO tsp_derived_edge_set_members (tsp_derived_edge_set_member_id, derived_edge_set, travel_edge, support_count, selected_at_both_endpoints, member_status)
VALUES ('member-gridville-edge-b-c', 'edge-set-gridville-local-bound-union', 'edge-b-c', 2, TRUE, 'SELECTED') ON CONFLICT (tsp_derived_edge_set_member_id) DO UPDATE SET derived_edge_set = EXCLUDED.derived_edge_set, travel_edge = EXCLUDED.travel_edge, support_count = EXCLUDED.support_count, selected_at_both_endpoints = EXCLUDED.selected_at_both_endpoints, member_status = EXCLUDED.member_status;

INSERT INTO tsp_derived_edge_set_members (tsp_derived_edge_set_member_id, derived_edge_set, travel_edge, support_count, selected_at_both_endpoints, member_status)
VALUES ('member-gridville-edge-c-d', 'edge-set-gridville-local-bound-union', 'edge-c-d', 2, TRUE, 'SELECTED') ON CONFLICT (tsp_derived_edge_set_member_id) DO UPDATE SET derived_edge_set = EXCLUDED.derived_edge_set, travel_edge = EXCLUDED.travel_edge, support_count = EXCLUDED.support_count, selected_at_both_endpoints = EXCLUDED.selected_at_both_endpoints, member_status = EXCLUDED.member_status;

INSERT INTO tsp_derived_edge_set_members (tsp_derived_edge_set_member_id, derived_edge_set, travel_edge, support_count, selected_at_both_endpoints, member_status)
VALUES ('member-gridville-edge-d-e', 'edge-set-gridville-local-bound-union', 'edge-d-e', 2, TRUE, 'SELECTED') ON CONFLICT (tsp_derived_edge_set_member_id) DO UPDATE SET derived_edge_set = EXCLUDED.derived_edge_set, travel_edge = EXCLUDED.travel_edge, support_count = EXCLUDED.support_count, selected_at_both_endpoints = EXCLUDED.selected_at_both_endpoints, member_status = EXCLUDED.member_status;

INSERT INTO tsp_derived_edge_set_members (tsp_derived_edge_set_member_id, derived_edge_set, travel_edge, support_count, selected_at_both_endpoints, member_status)
VALUES ('member-edge-set-twin-triangles-local-bound-union-twin-edge-ed-ee', 'edge-set-twin-triangles-local-bound-union', 'twin-edge-ed-ee', 2, TRUE, 'SELECTED') ON CONFLICT (tsp_derived_edge_set_member_id) DO UPDATE SET derived_edge_set = EXCLUDED.derived_edge_set, travel_edge = EXCLUDED.travel_edge, support_count = EXCLUDED.support_count, selected_at_both_endpoints = EXCLUDED.selected_at_both_endpoints, member_status = EXCLUDED.member_status;

INSERT INTO tsp_derived_edge_set_members (tsp_derived_edge_set_member_id, derived_edge_set, travel_edge, support_count, selected_at_both_endpoints, member_status)
VALUES ('member-edge-set-twin-triangles-local-bound-union-twin-edge-ed-ef', 'edge-set-twin-triangles-local-bound-union', 'twin-edge-ed-ef', 2, TRUE, 'SELECTED') ON CONFLICT (tsp_derived_edge_set_member_id) DO UPDATE SET derived_edge_set = EXCLUDED.derived_edge_set, travel_edge = EXCLUDED.travel_edge, support_count = EXCLUDED.support_count, selected_at_both_endpoints = EXCLUDED.selected_at_both_endpoints, member_status = EXCLUDED.member_status;

INSERT INTO tsp_derived_edge_set_members (tsp_derived_edge_set_member_id, derived_edge_set, travel_edge, support_count, selected_at_both_endpoints, member_status)
VALUES ('member-edge-set-twin-triangles-local-bound-union-twin-edge-ee-ef', 'edge-set-twin-triangles-local-bound-union', 'twin-edge-ee-ef', 2, TRUE, 'SELECTED') ON CONFLICT (tsp_derived_edge_set_member_id) DO UPDATE SET derived_edge_set = EXCLUDED.derived_edge_set, travel_edge = EXCLUDED.travel_edge, support_count = EXCLUDED.support_count, selected_at_both_endpoints = EXCLUDED.selected_at_both_endpoints, member_status = EXCLUDED.member_status;

INSERT INTO tsp_derived_edge_set_members (tsp_derived_edge_set_member_id, derived_edge_set, travel_edge, support_count, selected_at_both_endpoints, member_status)
VALUES ('member-edge-set-twin-triangles-local-bound-union-twin-edge-wa-wb', 'edge-set-twin-triangles-local-bound-union', 'twin-edge-wa-wb', 2, TRUE, 'SELECTED') ON CONFLICT (tsp_derived_edge_set_member_id) DO UPDATE SET derived_edge_set = EXCLUDED.derived_edge_set, travel_edge = EXCLUDED.travel_edge, support_count = EXCLUDED.support_count, selected_at_both_endpoints = EXCLUDED.selected_at_both_endpoints, member_status = EXCLUDED.member_status;

INSERT INTO tsp_derived_edge_set_members (tsp_derived_edge_set_member_id, derived_edge_set, travel_edge, support_count, selected_at_both_endpoints, member_status)
VALUES ('member-edge-set-twin-triangles-local-bound-union-twin-edge-wa-wc', 'edge-set-twin-triangles-local-bound-union', 'twin-edge-wa-wc', 2, TRUE, 'SELECTED') ON CONFLICT (tsp_derived_edge_set_member_id) DO UPDATE SET derived_edge_set = EXCLUDED.derived_edge_set, travel_edge = EXCLUDED.travel_edge, support_count = EXCLUDED.support_count, selected_at_both_endpoints = EXCLUDED.selected_at_both_endpoints, member_status = EXCLUDED.member_status;

INSERT INTO tsp_derived_edge_set_members (tsp_derived_edge_set_member_id, derived_edge_set, travel_edge, support_count, selected_at_both_endpoints, member_status)
VALUES ('member-edge-set-twin-triangles-local-bound-union-twin-edge-wb-wc', 'edge-set-twin-triangles-local-bound-union', 'twin-edge-wb-wc', 2, TRUE, 'SELECTED') ON CONFLICT (tsp_derived_edge_set_member_id) DO UPDATE SET derived_edge_set = EXCLUDED.derived_edge_set, travel_edge = EXCLUDED.travel_edge, support_count = EXCLUDED.support_count, selected_at_both_endpoints = EXCLUDED.selected_at_both_endpoints, member_status = EXCLUDED.member_status;

-- ----------------------------------------------------------------------------
-- TSPEdgeSetStopDegrees: Selected degree of each required stop in a derived edge set.
-- ----------------------------------------------------------------------------
INSERT INTO tsp_edge_set_stop_degrees (tsp_edge_set_stop_degree_id, derived_edge_set, instance_stop, selected_degree)
VALUES ('degree-edge-set-gridville-local-bound-union-stop-a', 'edge-set-gridville-local-bound-union', 'stop-a', 2) ON CONFLICT (tsp_edge_set_stop_degree_id) DO UPDATE SET derived_edge_set = EXCLUDED.derived_edge_set, instance_stop = EXCLUDED.instance_stop, selected_degree = EXCLUDED.selected_degree;

INSERT INTO tsp_edge_set_stop_degrees (tsp_edge_set_stop_degree_id, derived_edge_set, instance_stop, selected_degree)
VALUES ('degree-edge-set-gridville-local-bound-union-stop-b', 'edge-set-gridville-local-bound-union', 'stop-b', 2) ON CONFLICT (tsp_edge_set_stop_degree_id) DO UPDATE SET derived_edge_set = EXCLUDED.derived_edge_set, instance_stop = EXCLUDED.instance_stop, selected_degree = EXCLUDED.selected_degree;

INSERT INTO tsp_edge_set_stop_degrees (tsp_edge_set_stop_degree_id, derived_edge_set, instance_stop, selected_degree)
VALUES ('degree-edge-set-gridville-local-bound-union-stop-c', 'edge-set-gridville-local-bound-union', 'stop-c', 2) ON CONFLICT (tsp_edge_set_stop_degree_id) DO UPDATE SET derived_edge_set = EXCLUDED.derived_edge_set, instance_stop = EXCLUDED.instance_stop, selected_degree = EXCLUDED.selected_degree;

INSERT INTO tsp_edge_set_stop_degrees (tsp_edge_set_stop_degree_id, derived_edge_set, instance_stop, selected_degree)
VALUES ('degree-edge-set-gridville-local-bound-union-stop-d', 'edge-set-gridville-local-bound-union', 'stop-d', 2) ON CONFLICT (tsp_edge_set_stop_degree_id) DO UPDATE SET derived_edge_set = EXCLUDED.derived_edge_set, instance_stop = EXCLUDED.instance_stop, selected_degree = EXCLUDED.selected_degree;

INSERT INTO tsp_edge_set_stop_degrees (tsp_edge_set_stop_degree_id, derived_edge_set, instance_stop, selected_degree)
VALUES ('degree-edge-set-gridville-local-bound-union-stop-e', 'edge-set-gridville-local-bound-union', 'stop-e', 2) ON CONFLICT (tsp_edge_set_stop_degree_id) DO UPDATE SET derived_edge_set = EXCLUDED.derived_edge_set, instance_stop = EXCLUDED.instance_stop, selected_degree = EXCLUDED.selected_degree;

INSERT INTO tsp_edge_set_stop_degrees (tsp_edge_set_stop_degree_id, derived_edge_set, instance_stop, selected_degree)
VALUES ('degree-edge-set-twin-triangles-local-bound-union-twin-stop-wa', 'edge-set-twin-triangles-local-bound-union', 'twin-stop-wa', 2) ON CONFLICT (tsp_edge_set_stop_degree_id) DO UPDATE SET derived_edge_set = EXCLUDED.derived_edge_set, instance_stop = EXCLUDED.instance_stop, selected_degree = EXCLUDED.selected_degree;

INSERT INTO tsp_edge_set_stop_degrees (tsp_edge_set_stop_degree_id, derived_edge_set, instance_stop, selected_degree)
VALUES ('degree-edge-set-twin-triangles-local-bound-union-twin-stop-wb', 'edge-set-twin-triangles-local-bound-union', 'twin-stop-wb', 2) ON CONFLICT (tsp_edge_set_stop_degree_id) DO UPDATE SET derived_edge_set = EXCLUDED.derived_edge_set, instance_stop = EXCLUDED.instance_stop, selected_degree = EXCLUDED.selected_degree;

INSERT INTO tsp_edge_set_stop_degrees (tsp_edge_set_stop_degree_id, derived_edge_set, instance_stop, selected_degree)
VALUES ('degree-edge-set-twin-triangles-local-bound-union-twin-stop-wc', 'edge-set-twin-triangles-local-bound-union', 'twin-stop-wc', 2) ON CONFLICT (tsp_edge_set_stop_degree_id) DO UPDATE SET derived_edge_set = EXCLUDED.derived_edge_set, instance_stop = EXCLUDED.instance_stop, selected_degree = EXCLUDED.selected_degree;

INSERT INTO tsp_edge_set_stop_degrees (tsp_edge_set_stop_degree_id, derived_edge_set, instance_stop, selected_degree)
VALUES ('degree-edge-set-twin-triangles-local-bound-union-twin-stop-ed', 'edge-set-twin-triangles-local-bound-union', 'twin-stop-ed', 2) ON CONFLICT (tsp_edge_set_stop_degree_id) DO UPDATE SET derived_edge_set = EXCLUDED.derived_edge_set, instance_stop = EXCLUDED.instance_stop, selected_degree = EXCLUDED.selected_degree;

INSERT INTO tsp_edge_set_stop_degrees (tsp_edge_set_stop_degree_id, derived_edge_set, instance_stop, selected_degree)
VALUES ('degree-edge-set-twin-triangles-local-bound-union-twin-stop-ee', 'edge-set-twin-triangles-local-bound-union', 'twin-stop-ee', 2) ON CONFLICT (tsp_edge_set_stop_degree_id) DO UPDATE SET derived_edge_set = EXCLUDED.derived_edge_set, instance_stop = EXCLUDED.instance_stop, selected_degree = EXCLUDED.selected_degree;

INSERT INTO tsp_edge_set_stop_degrees (tsp_edge_set_stop_degree_id, derived_edge_set, instance_stop, selected_degree)
VALUES ('degree-edge-set-twin-triangles-local-bound-union-twin-stop-ef', 'edge-set-twin-triangles-local-bound-union', 'twin-stop-ef', 2) ON CONFLICT (tsp_edge_set_stop_degree_id) DO UPDATE SET derived_edge_set = EXCLUDED.derived_edge_set, instance_stop = EXCLUDED.instance_stop, selected_degree = EXCLUDED.selected_degree;

-- ----------------------------------------------------------------------------
-- TSPSpanningTreeEdges: Spanning-tree witness proving connectedness of a selected edge set.
-- ----------------------------------------------------------------------------
INSERT INTO tsp_spanning_tree_edges (tsp_spanning_tree_edge_id, derived_edge_set, parent_stop, child_stop, travel_edge, depth)
VALUES ('tree-edge-set-gridville-local-bound-union-1', 'edge-set-gridville-local-bound-union', 'stop-a', 'stop-b', 'edge-a-b', 1) ON CONFLICT (tsp_spanning_tree_edge_id) DO UPDATE SET derived_edge_set = EXCLUDED.derived_edge_set, parent_stop = EXCLUDED.parent_stop, child_stop = EXCLUDED.child_stop, travel_edge = EXCLUDED.travel_edge, depth = EXCLUDED.depth;

INSERT INTO tsp_spanning_tree_edges (tsp_spanning_tree_edge_id, derived_edge_set, parent_stop, child_stop, travel_edge, depth)
VALUES ('tree-edge-set-gridville-local-bound-union-2', 'edge-set-gridville-local-bound-union', 'stop-a', 'stop-e', 'edge-a-e', 1) ON CONFLICT (tsp_spanning_tree_edge_id) DO UPDATE SET derived_edge_set = EXCLUDED.derived_edge_set, parent_stop = EXCLUDED.parent_stop, child_stop = EXCLUDED.child_stop, travel_edge = EXCLUDED.travel_edge, depth = EXCLUDED.depth;

INSERT INTO tsp_spanning_tree_edges (tsp_spanning_tree_edge_id, derived_edge_set, parent_stop, child_stop, travel_edge, depth)
VALUES ('tree-edge-set-gridville-local-bound-union-3', 'edge-set-gridville-local-bound-union', 'stop-b', 'stop-c', 'edge-b-c', 2) ON CONFLICT (tsp_spanning_tree_edge_id) DO UPDATE SET derived_edge_set = EXCLUDED.derived_edge_set, parent_stop = EXCLUDED.parent_stop, child_stop = EXCLUDED.child_stop, travel_edge = EXCLUDED.travel_edge, depth = EXCLUDED.depth;

INSERT INTO tsp_spanning_tree_edges (tsp_spanning_tree_edge_id, derived_edge_set, parent_stop, child_stop, travel_edge, depth)
VALUES ('tree-edge-set-gridville-local-bound-union-4', 'edge-set-gridville-local-bound-union', 'stop-e', 'stop-d', 'edge-d-e', 2) ON CONFLICT (tsp_spanning_tree_edge_id) DO UPDATE SET derived_edge_set = EXCLUDED.derived_edge_set, parent_stop = EXCLUDED.parent_stop, child_stop = EXCLUDED.child_stop, travel_edge = EXCLUDED.travel_edge, depth = EXCLUDED.depth;

-- ----------------------------------------------------------------------------
-- TSPConnectedDegreeTwoCertificates: Certificates that a derived edge set is one connected degree-two cycle.
-- ----------------------------------------------------------------------------
INSERT INTO tsp_connected_degree_two_certificates (tsp_connected_degree_two_certificate_id, derived_edge_set, required_stop_count, edge_count, degree_violation_count, component_count, proper_subtour_count, spanning_tree_edge_count)
VALUES ('connected-cycle-gridville-local-bound-union', 'edge-set-gridville-local-bound-union', 5, 5, 0, 1, 0, 4) ON CONFLICT (tsp_connected_degree_two_certificate_id) DO UPDATE SET derived_edge_set = EXCLUDED.derived_edge_set, required_stop_count = EXCLUDED.required_stop_count, edge_count = EXCLUDED.edge_count, degree_violation_count = EXCLUDED.degree_violation_count, component_count = EXCLUDED.component_count, proper_subtour_count = EXCLUDED.proper_subtour_count, spanning_tree_edge_count = EXCLUDED.spanning_tree_edge_count;

INSERT INTO tsp_connected_degree_two_certificates (tsp_connected_degree_two_certificate_id, derived_edge_set, required_stop_count, edge_count, degree_violation_count, component_count, proper_subtour_count, spanning_tree_edge_count)
VALUES ('connected-cycle-twin-triangles-negative', 'edge-set-twin-triangles-local-bound-union', 6, 6, 0, 2, 2, 2) ON CONFLICT (tsp_connected_degree_two_certificate_id) DO UPDATE SET derived_edge_set = EXCLUDED.derived_edge_set, required_stop_count = EXCLUDED.required_stop_count, edge_count = EXCLUDED.edge_count, degree_violation_count = EXCLUDED.degree_violation_count, component_count = EXCLUDED.component_count, proper_subtour_count = EXCLUDED.proper_subtour_count, spanning_tree_edge_count = EXCLUDED.spanning_tree_edge_count;

-- ----------------------------------------------------------------------------
-- TSPRouteReconstructions: Ordered cycles reconstructed from certified edge sets.
-- ----------------------------------------------------------------------------
INSERT INTO tsp_route_reconstructions (tsp_route_reconstruction_id, tsp_instance, derived_edge_set, start_stop, orientation_rule, required_stop_count, reconstructed_stop_count, reconstructed_leg_count, total_cost, candidate_used_as_antecedent, comparison_candidate, matches_comparison_candidate, status)
VALUES ('reconstruction-gridville-local-bound-union', 'tsp-gridville-5', 'edge-set-gridville-local-bound-union', 'stop-a', 'DEPOT_THEN_LEXICALLY_SMALLER_SELECTED_NEIGHBOR', 5, 5, 5, 14.0, FALSE, 'tour-reference-ring', TRUE, 'RECONSTRUCTED') ON CONFLICT (tsp_route_reconstruction_id) DO UPDATE SET tsp_instance = EXCLUDED.tsp_instance, derived_edge_set = EXCLUDED.derived_edge_set, start_stop = EXCLUDED.start_stop, orientation_rule = EXCLUDED.orientation_rule, required_stop_count = EXCLUDED.required_stop_count, reconstructed_stop_count = EXCLUDED.reconstructed_stop_count, reconstructed_leg_count = EXCLUDED.reconstructed_leg_count, total_cost = EXCLUDED.total_cost, candidate_used_as_antecedent = EXCLUDED.candidate_used_as_antecedent, comparison_candidate = EXCLUDED.comparison_candidate, matches_comparison_candidate = EXCLUDED.matches_comparison_candidate, status = EXCLUDED.status;

-- ----------------------------------------------------------------------------
-- TSPRouteReconstructionSteps: Ordered traversal steps emitted from an inferred edge set.
-- ----------------------------------------------------------------------------
INSERT INTO tsp_route_reconstruction_steps (tsp_route_reconstruction_step_id, route_reconstruction, step_order, from_stop, to_stop, travel_edge, is_closing_step)
VALUES ('reconstruction-gridville-step-1', 'reconstruction-gridville-local-bound-union', 1, 'stop-a', 'stop-b', 'edge-a-b', FALSE) ON CONFLICT (tsp_route_reconstruction_step_id) DO UPDATE SET route_reconstruction = EXCLUDED.route_reconstruction, step_order = EXCLUDED.step_order, from_stop = EXCLUDED.from_stop, to_stop = EXCLUDED.to_stop, travel_edge = EXCLUDED.travel_edge, is_closing_step = EXCLUDED.is_closing_step;

INSERT INTO tsp_route_reconstruction_steps (tsp_route_reconstruction_step_id, route_reconstruction, step_order, from_stop, to_stop, travel_edge, is_closing_step)
VALUES ('reconstruction-gridville-step-2', 'reconstruction-gridville-local-bound-union', 2, 'stop-b', 'stop-c', 'edge-b-c', FALSE) ON CONFLICT (tsp_route_reconstruction_step_id) DO UPDATE SET route_reconstruction = EXCLUDED.route_reconstruction, step_order = EXCLUDED.step_order, from_stop = EXCLUDED.from_stop, to_stop = EXCLUDED.to_stop, travel_edge = EXCLUDED.travel_edge, is_closing_step = EXCLUDED.is_closing_step;

INSERT INTO tsp_route_reconstruction_steps (tsp_route_reconstruction_step_id, route_reconstruction, step_order, from_stop, to_stop, travel_edge, is_closing_step)
VALUES ('reconstruction-gridville-step-3', 'reconstruction-gridville-local-bound-union', 3, 'stop-c', 'stop-d', 'edge-c-d', FALSE) ON CONFLICT (tsp_route_reconstruction_step_id) DO UPDATE SET route_reconstruction = EXCLUDED.route_reconstruction, step_order = EXCLUDED.step_order, from_stop = EXCLUDED.from_stop, to_stop = EXCLUDED.to_stop, travel_edge = EXCLUDED.travel_edge, is_closing_step = EXCLUDED.is_closing_step;

INSERT INTO tsp_route_reconstruction_steps (tsp_route_reconstruction_step_id, route_reconstruction, step_order, from_stop, to_stop, travel_edge, is_closing_step)
VALUES ('reconstruction-gridville-step-4', 'reconstruction-gridville-local-bound-union', 4, 'stop-d', 'stop-e', 'edge-d-e', FALSE) ON CONFLICT (tsp_route_reconstruction_step_id) DO UPDATE SET route_reconstruction = EXCLUDED.route_reconstruction, step_order = EXCLUDED.step_order, from_stop = EXCLUDED.from_stop, to_stop = EXCLUDED.to_stop, travel_edge = EXCLUDED.travel_edge, is_closing_step = EXCLUDED.is_closing_step;

INSERT INTO tsp_route_reconstruction_steps (tsp_route_reconstruction_step_id, route_reconstruction, step_order, from_stop, to_stop, travel_edge, is_closing_step)
VALUES ('reconstruction-gridville-step-5', 'reconstruction-gridville-local-bound-union', 5, 'stop-e', 'stop-a', 'edge-a-e', TRUE) ON CONFLICT (tsp_route_reconstruction_step_id) DO UPDATE SET route_reconstruction = EXCLUDED.route_reconstruction, step_order = EXCLUDED.step_order, from_stop = EXCLUDED.from_stop, to_stop = EXCLUDED.to_stop, travel_edge = EXCLUDED.travel_edge, is_closing_step = EXCLUDED.is_closing_step;

-- ----------------------------------------------------------------------------
-- TSPSearchCertificates: Derived accounting of route classes, branch decisions, backtracks, and residual ambiguity.
-- ----------------------------------------------------------------------------
INSERT INTO tsp_search_certificates (tsp_search_certificate_id, tsp_instance, tsp_loop, derived_edge_set, question_kind, initial_route_class_count, surviving_route_class_count, branch_decision_count, backtrack_count, residual_ambiguity_count, branching_avoided_pct, status)
VALUES ('search-gridville-reconstructed-route', 'tsp-gridville-5', 'tsp-loop-592', 'edge-set-gridville-local-bound-union', 'DISCOVER_ROUTE_WITHOUT_SUPPLIED_CANDIDATE', 12, 1, 0, 0, 0, 100, 'CERTIFIED') ON CONFLICT (tsp_search_certificate_id) DO UPDATE SET tsp_instance = EXCLUDED.tsp_instance, tsp_loop = EXCLUDED.tsp_loop, derived_edge_set = EXCLUDED.derived_edge_set, question_kind = EXCLUDED.question_kind, initial_route_class_count = EXCLUDED.initial_route_class_count, surviving_route_class_count = EXCLUDED.surviving_route_class_count, branch_decision_count = EXCLUDED.branch_decision_count, backtrack_count = EXCLUDED.backtrack_count, residual_ambiguity_count = EXCLUDED.residual_ambiguity_count, branching_avoided_pct = EXCLUDED.branching_avoided_pct, status = EXCLUDED.status;

INSERT INTO tsp_search_certificates (tsp_search_certificate_id, tsp_instance, tsp_loop, derived_edge_set, question_kind, initial_route_class_count, surviving_route_class_count, branch_decision_count, backtrack_count, residual_ambiguity_count, branching_avoided_pct, status)
VALUES ('search-twin-triangles-non-tight', 'tsp-twin-triangles-6', 'tsp-loop-593', 'edge-set-twin-triangles-local-bound-union', 'NON_TIGHT_LOWER_BOUND_RESIDUAL', 60, 60, 0, 0, 60, 0, 'RESIDUAL_SEARCH') ON CONFLICT (tsp_search_certificate_id) DO UPDATE SET tsp_instance = EXCLUDED.tsp_instance, tsp_loop = EXCLUDED.tsp_loop, derived_edge_set = EXCLUDED.derived_edge_set, question_kind = EXCLUDED.question_kind, initial_route_class_count = EXCLUDED.initial_route_class_count, surviving_route_class_count = EXCLUDED.surviving_route_class_count, branch_decision_count = EXCLUDED.branch_decision_count, backtrack_count = EXCLUDED.backtrack_count, residual_ambiguity_count = EXCLUDED.residual_ambiguity_count, branching_avoided_pct = EXCLUDED.branching_avoided_pct, status = EXCLUDED.status;

-- ----------------------------------------------------------------------------
-- TSPConstraintRounds: Fixed-point rounds for forced and forbidden edge propagation.
-- ----------------------------------------------------------------------------
INSERT INTO tsp_constraint_rounds (tsp_constraint_round_id, tsp_instance, tsp_loop, round_order, input_state, forced_decision_count, forbidden_decision_count, branch_decision_count, status)
VALUES ('constraint-round-sparse-forcing-1', 'tsp-sparse-forcing-5', 'tsp-loop-594', 1, 'AVAILABLE_EDGE_COUNTS', 5, 0, 0, 'ADVANCED') ON CONFLICT (tsp_constraint_round_id) DO UPDATE SET tsp_instance = EXCLUDED.tsp_instance, tsp_loop = EXCLUDED.tsp_loop, round_order = EXCLUDED.round_order, input_state = EXCLUDED.input_state, forced_decision_count = EXCLUDED.forced_decision_count, forbidden_decision_count = EXCLUDED.forbidden_decision_count, branch_decision_count = EXCLUDED.branch_decision_count, status = EXCLUDED.status;

INSERT INTO tsp_constraint_rounds (tsp_constraint_round_id, tsp_instance, tsp_loop, round_order, input_state, forced_decision_count, forbidden_decision_count, branch_decision_count, status)
VALUES ('constraint-round-sparse-forbidding-2', 'tsp-sparse-forcing-5', 'tsp-loop-595', 2, 'state-sparse-forcing-round-1', 0, 1, 0, 'FIXED_POINT') ON CONFLICT (tsp_constraint_round_id) DO UPDATE SET tsp_instance = EXCLUDED.tsp_instance, tsp_loop = EXCLUDED.tsp_loop, round_order = EXCLUDED.round_order, input_state = EXCLUDED.input_state, forced_decision_count = EXCLUDED.forced_decision_count, forbidden_decision_count = EXCLUDED.forbidden_decision_count, branch_decision_count = EXCLUDED.branch_decision_count, status = EXCLUDED.status;

INSERT INTO tsp_constraint_rounds (tsp_constraint_round_id, tsp_instance, tsp_loop, round_order, input_state, forced_decision_count, forbidden_decision_count, branch_decision_count, status)
VALUES ('constraint-round-twin-subtour-1', 'tsp-twin-triangles-6', 'tsp-loop-595', 1, 'TWO_FORCED_EDGES_IN_WEST_CLUSTER', 0, 1, 0, 'ADVANCED') ON CONFLICT (tsp_constraint_round_id) DO UPDATE SET tsp_instance = EXCLUDED.tsp_instance, tsp_loop = EXCLUDED.tsp_loop, round_order = EXCLUDED.round_order, input_state = EXCLUDED.input_state, forced_decision_count = EXCLUDED.forced_decision_count, forbidden_decision_count = EXCLUDED.forbidden_decision_count, branch_decision_count = EXCLUDED.branch_decision_count, status = EXCLUDED.status;

-- ----------------------------------------------------------------------------
-- TSPConstraintDecisions: Replayable forced or forbidden edge decisions with reason codes.
-- ----------------------------------------------------------------------------
INSERT INTO tsp_constraint_decisions (tsp_constraint_decision_id, constraint_round, travel_edge, instance_stop, inference_rule, decision_status, reason_code, antecedent_summary, is_deterministic)
VALUES ('force-sparse-edge-a-b', 'constraint-round-sparse-forcing-1', 'sparse-edge-a-b', 'sparse-stop-a', 'tsp-rule-degree-two-forcing', 'FORCED', 'EXACTLY_TWO_REMAINING_ADMISSIBLE_INCIDENT_EDGES', 'sparse-stop-a has exactly two available incident edges; both are forced.', TRUE) ON CONFLICT (tsp_constraint_decision_id) DO UPDATE SET constraint_round = EXCLUDED.constraint_round, travel_edge = EXCLUDED.travel_edge, instance_stop = EXCLUDED.instance_stop, inference_rule = EXCLUDED.inference_rule, decision_status = EXCLUDED.decision_status, reason_code = EXCLUDED.reason_code, antecedent_summary = EXCLUDED.antecedent_summary, is_deterministic = EXCLUDED.is_deterministic;

INSERT INTO tsp_constraint_decisions (tsp_constraint_decision_id, constraint_round, travel_edge, instance_stop, inference_rule, decision_status, reason_code, antecedent_summary, is_deterministic)
VALUES ('force-sparse-edge-a-e', 'constraint-round-sparse-forcing-1', 'sparse-edge-a-e', 'sparse-stop-a', 'tsp-rule-degree-two-forcing', 'FORCED', 'EXACTLY_TWO_REMAINING_ADMISSIBLE_INCIDENT_EDGES', 'sparse-stop-a has exactly two available incident edges; both are forced.', TRUE) ON CONFLICT (tsp_constraint_decision_id) DO UPDATE SET constraint_round = EXCLUDED.constraint_round, travel_edge = EXCLUDED.travel_edge, instance_stop = EXCLUDED.instance_stop, inference_rule = EXCLUDED.inference_rule, decision_status = EXCLUDED.decision_status, reason_code = EXCLUDED.reason_code, antecedent_summary = EXCLUDED.antecedent_summary, is_deterministic = EXCLUDED.is_deterministic;

INSERT INTO tsp_constraint_decisions (tsp_constraint_decision_id, constraint_round, travel_edge, instance_stop, inference_rule, decision_status, reason_code, antecedent_summary, is_deterministic)
VALUES ('force-sparse-edge-b-c', 'constraint-round-sparse-forcing-1', 'sparse-edge-b-c', 'sparse-stop-c', 'tsp-rule-degree-two-forcing', 'FORCED', 'EXACTLY_TWO_REMAINING_ADMISSIBLE_INCIDENT_EDGES', 'sparse-stop-c has exactly two available incident edges; both are forced.', TRUE) ON CONFLICT (tsp_constraint_decision_id) DO UPDATE SET constraint_round = EXCLUDED.constraint_round, travel_edge = EXCLUDED.travel_edge, instance_stop = EXCLUDED.instance_stop, inference_rule = EXCLUDED.inference_rule, decision_status = EXCLUDED.decision_status, reason_code = EXCLUDED.reason_code, antecedent_summary = EXCLUDED.antecedent_summary, is_deterministic = EXCLUDED.is_deterministic;

INSERT INTO tsp_constraint_decisions (tsp_constraint_decision_id, constraint_round, travel_edge, instance_stop, inference_rule, decision_status, reason_code, antecedent_summary, is_deterministic)
VALUES ('force-sparse-edge-c-d', 'constraint-round-sparse-forcing-1', 'sparse-edge-c-d', 'sparse-stop-c', 'tsp-rule-degree-two-forcing', 'FORCED', 'EXACTLY_TWO_REMAINING_ADMISSIBLE_INCIDENT_EDGES', 'sparse-stop-c has exactly two available incident edges; both are forced.', TRUE) ON CONFLICT (tsp_constraint_decision_id) DO UPDATE SET constraint_round = EXCLUDED.constraint_round, travel_edge = EXCLUDED.travel_edge, instance_stop = EXCLUDED.instance_stop, inference_rule = EXCLUDED.inference_rule, decision_status = EXCLUDED.decision_status, reason_code = EXCLUDED.reason_code, antecedent_summary = EXCLUDED.antecedent_summary, is_deterministic = EXCLUDED.is_deterministic;

INSERT INTO tsp_constraint_decisions (tsp_constraint_decision_id, constraint_round, travel_edge, instance_stop, inference_rule, decision_status, reason_code, antecedent_summary, is_deterministic)
VALUES ('force-sparse-edge-d-e', 'constraint-round-sparse-forcing-1', 'sparse-edge-d-e', 'sparse-stop-e', 'tsp-rule-degree-two-forcing', 'FORCED', 'EXACTLY_TWO_REMAINING_ADMISSIBLE_INCIDENT_EDGES', 'sparse-stop-e has exactly two available incident edges; both are forced.', TRUE) ON CONFLICT (tsp_constraint_decision_id) DO UPDATE SET constraint_round = EXCLUDED.constraint_round, travel_edge = EXCLUDED.travel_edge, instance_stop = EXCLUDED.instance_stop, inference_rule = EXCLUDED.inference_rule, decision_status = EXCLUDED.decision_status, reason_code = EXCLUDED.reason_code, antecedent_summary = EXCLUDED.antecedent_summary, is_deterministic = EXCLUDED.is_deterministic;

INSERT INTO tsp_constraint_decisions (tsp_constraint_decision_id, constraint_round, travel_edge, instance_stop, inference_rule, decision_status, reason_code, antecedent_summary, is_deterministic)
VALUES ('forbid-sparse-edge-b-d-degree-saturation', 'constraint-round-sparse-forbidding-2', 'sparse-edge-b-d', 'sparse-stop-b', 'tsp-rule-forbidden-edge-propagation', 'FORBIDDEN', 'DEGREE_TWO_SATURATION', 'B already has forced A-B and B-C; any additional incident edge would exceed tour degree two.', TRUE) ON CONFLICT (tsp_constraint_decision_id) DO UPDATE SET constraint_round = EXCLUDED.constraint_round, travel_edge = EXCLUDED.travel_edge, instance_stop = EXCLUDED.instance_stop, inference_rule = EXCLUDED.inference_rule, decision_status = EXCLUDED.decision_status, reason_code = EXCLUDED.reason_code, antecedent_summary = EXCLUDED.antecedent_summary, is_deterministic = EXCLUDED.is_deterministic;

INSERT INTO tsp_constraint_decisions (tsp_constraint_decision_id, constraint_round, travel_edge, instance_stop, inference_rule, decision_status, reason_code, antecedent_summary, is_deterministic)
VALUES ('forbid-twin-edge-wa-wc-proper-subtour', 'constraint-round-twin-subtour-1', 'twin-edge-wa-wc', NULL, 'tsp-rule-proper-subtour-forbidding', 'FORBIDDEN', 'WOULD_CLOSE_PROPER_SUBTOUR', 'With WA-WB and WB-WC forced, adding WA-WC closes a three-stop cycle that excludes ED, EE, and EF.', TRUE) ON CONFLICT (tsp_constraint_decision_id) DO UPDATE SET constraint_round = EXCLUDED.constraint_round, travel_edge = EXCLUDED.travel_edge, instance_stop = EXCLUDED.instance_stop, inference_rule = EXCLUDED.inference_rule, decision_status = EXCLUDED.decision_status, reason_code = EXCLUDED.reason_code, antecedent_summary = EXCLUDED.antecedent_summary, is_deterministic = EXCLUDED.is_deterministic;

-- ----------------------------------------------------------------------------
-- TSPClusterBoundaryStates: Finite undirected entry/exit Hamiltonian-path states for a neighborhood cluster.
-- ----------------------------------------------------------------------------
INSERT INTO tsp_cluster_boundary_states (tsp_cluster_boundary_state_id, tsp_instance, neighborhood, entry_stop, exit_stop, internal_via_stop, internal_path_cost, internal_stop_count, is_hamiltonian_path, is_dominated, status)
VALUES ('cluster-state-gridville-west-triangle-twin-stop-wa-twin-stop-wb', 'tsp-twin-triangles-6', 'gridville-west-triangle', 'twin-stop-wa', 'twin-stop-wb', 'twin-stop-wc', 2.0, 3, TRUE, FALSE, 'SURVIVES') ON CONFLICT (tsp_cluster_boundary_state_id) DO UPDATE SET tsp_instance = EXCLUDED.tsp_instance, neighborhood = EXCLUDED.neighborhood, entry_stop = EXCLUDED.entry_stop, exit_stop = EXCLUDED.exit_stop, internal_via_stop = EXCLUDED.internal_via_stop, internal_path_cost = EXCLUDED.internal_path_cost, internal_stop_count = EXCLUDED.internal_stop_count, is_hamiltonian_path = EXCLUDED.is_hamiltonian_path, is_dominated = EXCLUDED.is_dominated, status = EXCLUDED.status;

INSERT INTO tsp_cluster_boundary_states (tsp_cluster_boundary_state_id, tsp_instance, neighborhood, entry_stop, exit_stop, internal_via_stop, internal_path_cost, internal_stop_count, is_hamiltonian_path, is_dominated, status)
VALUES ('cluster-state-gridville-west-triangle-twin-stop-wa-twin-stop-wc', 'tsp-twin-triangles-6', 'gridville-west-triangle', 'twin-stop-wa', 'twin-stop-wc', 'twin-stop-wb', 2.0, 3, TRUE, FALSE, 'SURVIVES') ON CONFLICT (tsp_cluster_boundary_state_id) DO UPDATE SET tsp_instance = EXCLUDED.tsp_instance, neighborhood = EXCLUDED.neighborhood, entry_stop = EXCLUDED.entry_stop, exit_stop = EXCLUDED.exit_stop, internal_via_stop = EXCLUDED.internal_via_stop, internal_path_cost = EXCLUDED.internal_path_cost, internal_stop_count = EXCLUDED.internal_stop_count, is_hamiltonian_path = EXCLUDED.is_hamiltonian_path, is_dominated = EXCLUDED.is_dominated, status = EXCLUDED.status;

INSERT INTO tsp_cluster_boundary_states (tsp_cluster_boundary_state_id, tsp_instance, neighborhood, entry_stop, exit_stop, internal_via_stop, internal_path_cost, internal_stop_count, is_hamiltonian_path, is_dominated, status)
VALUES ('cluster-state-gridville-west-triangle-twin-stop-wb-twin-stop-wc', 'tsp-twin-triangles-6', 'gridville-west-triangle', 'twin-stop-wb', 'twin-stop-wc', 'twin-stop-wa', 2.0, 3, TRUE, FALSE, 'SURVIVES') ON CONFLICT (tsp_cluster_boundary_state_id) DO UPDATE SET tsp_instance = EXCLUDED.tsp_instance, neighborhood = EXCLUDED.neighborhood, entry_stop = EXCLUDED.entry_stop, exit_stop = EXCLUDED.exit_stop, internal_via_stop = EXCLUDED.internal_via_stop, internal_path_cost = EXCLUDED.internal_path_cost, internal_stop_count = EXCLUDED.internal_stop_count, is_hamiltonian_path = EXCLUDED.is_hamiltonian_path, is_dominated = EXCLUDED.is_dominated, status = EXCLUDED.status;

INSERT INTO tsp_cluster_boundary_states (tsp_cluster_boundary_state_id, tsp_instance, neighborhood, entry_stop, exit_stop, internal_via_stop, internal_path_cost, internal_stop_count, is_hamiltonian_path, is_dominated, status)
VALUES ('cluster-state-gridville-east-triangle-twin-stop-ed-twin-stop-ee', 'tsp-twin-triangles-6', 'gridville-east-triangle', 'twin-stop-ed', 'twin-stop-ee', 'twin-stop-ef', 2.0, 3, TRUE, FALSE, 'SURVIVES') ON CONFLICT (tsp_cluster_boundary_state_id) DO UPDATE SET tsp_instance = EXCLUDED.tsp_instance, neighborhood = EXCLUDED.neighborhood, entry_stop = EXCLUDED.entry_stop, exit_stop = EXCLUDED.exit_stop, internal_via_stop = EXCLUDED.internal_via_stop, internal_path_cost = EXCLUDED.internal_path_cost, internal_stop_count = EXCLUDED.internal_stop_count, is_hamiltonian_path = EXCLUDED.is_hamiltonian_path, is_dominated = EXCLUDED.is_dominated, status = EXCLUDED.status;

INSERT INTO tsp_cluster_boundary_states (tsp_cluster_boundary_state_id, tsp_instance, neighborhood, entry_stop, exit_stop, internal_via_stop, internal_path_cost, internal_stop_count, is_hamiltonian_path, is_dominated, status)
VALUES ('cluster-state-gridville-east-triangle-twin-stop-ed-twin-stop-ef', 'tsp-twin-triangles-6', 'gridville-east-triangle', 'twin-stop-ed', 'twin-stop-ef', 'twin-stop-ee', 2.0, 3, TRUE, FALSE, 'SURVIVES') ON CONFLICT (tsp_cluster_boundary_state_id) DO UPDATE SET tsp_instance = EXCLUDED.tsp_instance, neighborhood = EXCLUDED.neighborhood, entry_stop = EXCLUDED.entry_stop, exit_stop = EXCLUDED.exit_stop, internal_via_stop = EXCLUDED.internal_via_stop, internal_path_cost = EXCLUDED.internal_path_cost, internal_stop_count = EXCLUDED.internal_stop_count, is_hamiltonian_path = EXCLUDED.is_hamiltonian_path, is_dominated = EXCLUDED.is_dominated, status = EXCLUDED.status;

INSERT INTO tsp_cluster_boundary_states (tsp_cluster_boundary_state_id, tsp_instance, neighborhood, entry_stop, exit_stop, internal_via_stop, internal_path_cost, internal_stop_count, is_hamiltonian_path, is_dominated, status)
VALUES ('cluster-state-gridville-east-triangle-twin-stop-ee-twin-stop-ef', 'tsp-twin-triangles-6', 'gridville-east-triangle', 'twin-stop-ee', 'twin-stop-ef', 'twin-stop-ed', 2.0, 3, TRUE, FALSE, 'SURVIVES') ON CONFLICT (tsp_cluster_boundary_state_id) DO UPDATE SET tsp_instance = EXCLUDED.tsp_instance, neighborhood = EXCLUDED.neighborhood, entry_stop = EXCLUDED.entry_stop, exit_stop = EXCLUDED.exit_stop, internal_via_stop = EXCLUDED.internal_via_stop, internal_path_cost = EXCLUDED.internal_path_cost, internal_stop_count = EXCLUDED.internal_stop_count, is_hamiltonian_path = EXCLUDED.is_hamiltonian_path, is_dominated = EXCLUDED.is_dominated, status = EXCLUDED.status;

-- ----------------------------------------------------------------------------
-- TSPClusterBoundaryStateMembers: Ordered internal edges supporting a cluster boundary state.
-- ----------------------------------------------------------------------------
INSERT INTO tsp_cluster_boundary_state_members (tsp_cluster_boundary_state_member_id, cluster_boundary_state, travel_edge, member_order)
VALUES ('member-cluster-state-gridville-west-triangle-twin-stop-wa-twin-stop-wb-1', 'cluster-state-gridville-west-triangle-twin-stop-wa-twin-stop-wb', 'twin-edge-wa-wc', 1) ON CONFLICT (tsp_cluster_boundary_state_member_id) DO UPDATE SET cluster_boundary_state = EXCLUDED.cluster_boundary_state, travel_edge = EXCLUDED.travel_edge, member_order = EXCLUDED.member_order;

INSERT INTO tsp_cluster_boundary_state_members (tsp_cluster_boundary_state_member_id, cluster_boundary_state, travel_edge, member_order)
VALUES ('member-cluster-state-gridville-west-triangle-twin-stop-wa-twin-stop-wb-2', 'cluster-state-gridville-west-triangle-twin-stop-wa-twin-stop-wb', 'twin-edge-wb-wc', 2) ON CONFLICT (tsp_cluster_boundary_state_member_id) DO UPDATE SET cluster_boundary_state = EXCLUDED.cluster_boundary_state, travel_edge = EXCLUDED.travel_edge, member_order = EXCLUDED.member_order;

INSERT INTO tsp_cluster_boundary_state_members (tsp_cluster_boundary_state_member_id, cluster_boundary_state, travel_edge, member_order)
VALUES ('member-cluster-state-gridville-west-triangle-twin-stop-wa-twin-stop-wc-1', 'cluster-state-gridville-west-triangle-twin-stop-wa-twin-stop-wc', 'twin-edge-wa-wb', 1) ON CONFLICT (tsp_cluster_boundary_state_member_id) DO UPDATE SET cluster_boundary_state = EXCLUDED.cluster_boundary_state, travel_edge = EXCLUDED.travel_edge, member_order = EXCLUDED.member_order;

INSERT INTO tsp_cluster_boundary_state_members (tsp_cluster_boundary_state_member_id, cluster_boundary_state, travel_edge, member_order)
VALUES ('member-cluster-state-gridville-west-triangle-twin-stop-wa-twin-stop-wc-2', 'cluster-state-gridville-west-triangle-twin-stop-wa-twin-stop-wc', 'twin-edge-wb-wc', 2) ON CONFLICT (tsp_cluster_boundary_state_member_id) DO UPDATE SET cluster_boundary_state = EXCLUDED.cluster_boundary_state, travel_edge = EXCLUDED.travel_edge, member_order = EXCLUDED.member_order;

INSERT INTO tsp_cluster_boundary_state_members (tsp_cluster_boundary_state_member_id, cluster_boundary_state, travel_edge, member_order)
VALUES ('member-cluster-state-gridville-west-triangle-twin-stop-wb-twin-stop-wc-1', 'cluster-state-gridville-west-triangle-twin-stop-wb-twin-stop-wc', 'twin-edge-wa-wb', 1) ON CONFLICT (tsp_cluster_boundary_state_member_id) DO UPDATE SET cluster_boundary_state = EXCLUDED.cluster_boundary_state, travel_edge = EXCLUDED.travel_edge, member_order = EXCLUDED.member_order;

INSERT INTO tsp_cluster_boundary_state_members (tsp_cluster_boundary_state_member_id, cluster_boundary_state, travel_edge, member_order)
VALUES ('member-cluster-state-gridville-west-triangle-twin-stop-wb-twin-stop-wc-2', 'cluster-state-gridville-west-triangle-twin-stop-wb-twin-stop-wc', 'twin-edge-wa-wc', 2) ON CONFLICT (tsp_cluster_boundary_state_member_id) DO UPDATE SET cluster_boundary_state = EXCLUDED.cluster_boundary_state, travel_edge = EXCLUDED.travel_edge, member_order = EXCLUDED.member_order;

INSERT INTO tsp_cluster_boundary_state_members (tsp_cluster_boundary_state_member_id, cluster_boundary_state, travel_edge, member_order)
VALUES ('member-cluster-state-gridville-east-triangle-twin-stop-ed-twin-stop-ee-1', 'cluster-state-gridville-east-triangle-twin-stop-ed-twin-stop-ee', 'twin-edge-ed-ef', 1) ON CONFLICT (tsp_cluster_boundary_state_member_id) DO UPDATE SET cluster_boundary_state = EXCLUDED.cluster_boundary_state, travel_edge = EXCLUDED.travel_edge, member_order = EXCLUDED.member_order;

INSERT INTO tsp_cluster_boundary_state_members (tsp_cluster_boundary_state_member_id, cluster_boundary_state, travel_edge, member_order)
VALUES ('member-cluster-state-gridville-east-triangle-twin-stop-ed-twin-stop-ee-2', 'cluster-state-gridville-east-triangle-twin-stop-ed-twin-stop-ee', 'twin-edge-ee-ef', 2) ON CONFLICT (tsp_cluster_boundary_state_member_id) DO UPDATE SET cluster_boundary_state = EXCLUDED.cluster_boundary_state, travel_edge = EXCLUDED.travel_edge, member_order = EXCLUDED.member_order;

INSERT INTO tsp_cluster_boundary_state_members (tsp_cluster_boundary_state_member_id, cluster_boundary_state, travel_edge, member_order)
VALUES ('member-cluster-state-gridville-east-triangle-twin-stop-ed-twin-stop-ef-1', 'cluster-state-gridville-east-triangle-twin-stop-ed-twin-stop-ef', 'twin-edge-ed-ee', 1) ON CONFLICT (tsp_cluster_boundary_state_member_id) DO UPDATE SET cluster_boundary_state = EXCLUDED.cluster_boundary_state, travel_edge = EXCLUDED.travel_edge, member_order = EXCLUDED.member_order;

INSERT INTO tsp_cluster_boundary_state_members (tsp_cluster_boundary_state_member_id, cluster_boundary_state, travel_edge, member_order)
VALUES ('member-cluster-state-gridville-east-triangle-twin-stop-ed-twin-stop-ef-2', 'cluster-state-gridville-east-triangle-twin-stop-ed-twin-stop-ef', 'twin-edge-ee-ef', 2) ON CONFLICT (tsp_cluster_boundary_state_member_id) DO UPDATE SET cluster_boundary_state = EXCLUDED.cluster_boundary_state, travel_edge = EXCLUDED.travel_edge, member_order = EXCLUDED.member_order;

INSERT INTO tsp_cluster_boundary_state_members (tsp_cluster_boundary_state_member_id, cluster_boundary_state, travel_edge, member_order)
VALUES ('member-cluster-state-gridville-east-triangle-twin-stop-ee-twin-stop-ef-1', 'cluster-state-gridville-east-triangle-twin-stop-ee-twin-stop-ef', 'twin-edge-ed-ee', 1) ON CONFLICT (tsp_cluster_boundary_state_member_id) DO UPDATE SET cluster_boundary_state = EXCLUDED.cluster_boundary_state, travel_edge = EXCLUDED.travel_edge, member_order = EXCLUDED.member_order;

INSERT INTO tsp_cluster_boundary_state_members (tsp_cluster_boundary_state_member_id, cluster_boundary_state, travel_edge, member_order)
VALUES ('member-cluster-state-gridville-east-triangle-twin-stop-ee-twin-stop-ef-2', 'cluster-state-gridville-east-triangle-twin-stop-ee-twin-stop-ef', 'twin-edge-ed-ef', 2) ON CONFLICT (tsp_cluster_boundary_state_member_id) DO UPDATE SET cluster_boundary_state = EXCLUDED.cluster_boundary_state, travel_edge = EXCLUDED.travel_edge, member_order = EXCLUDED.member_order;

-- ----------------------------------------------------------------------------
-- TSPClusterContractionCertificates: Finite-fixture certificates measuring neighborhood-state contraction.
-- ----------------------------------------------------------------------------
INSERT INTO tsp_cluster_contraction_certificates (tsp_cluster_contraction_certificate_id, tsp_instance, neighborhood, scope_kind, raw_internal_order_count, surviving_boundary_state_count, raw_combination_count, contracted_combination_count, reduction_pct, is_passing, scope_claim)
VALUES ('contraction-gridville-west-triangle', 'tsp-twin-triangles-6', 'gridville-west-triangle', 'NEIGHBORHOOD', 6, 3, NULL, NULL, 50, TRUE, 'CERTIFIED_FOR_THREE_STOP_SYMMETRIC_CLUSTER') ON CONFLICT (tsp_cluster_contraction_certificate_id) DO UPDATE SET tsp_instance = EXCLUDED.tsp_instance, neighborhood = EXCLUDED.neighborhood, scope_kind = EXCLUDED.scope_kind, raw_internal_order_count = EXCLUDED.raw_internal_order_count, surviving_boundary_state_count = EXCLUDED.surviving_boundary_state_count, raw_combination_count = EXCLUDED.raw_combination_count, contracted_combination_count = EXCLUDED.contracted_combination_count, reduction_pct = EXCLUDED.reduction_pct, is_passing = EXCLUDED.is_passing, scope_claim = EXCLUDED.scope_claim;

INSERT INTO tsp_cluster_contraction_certificates (tsp_cluster_contraction_certificate_id, tsp_instance, neighborhood, scope_kind, raw_internal_order_count, surviving_boundary_state_count, raw_combination_count, contracted_combination_count, reduction_pct, is_passing, scope_claim)
VALUES ('contraction-gridville-east-triangle', 'tsp-twin-triangles-6', 'gridville-east-triangle', 'NEIGHBORHOOD', 6, 3, NULL, NULL, 50, TRUE, 'CERTIFIED_FOR_THREE_STOP_SYMMETRIC_CLUSTER') ON CONFLICT (tsp_cluster_contraction_certificate_id) DO UPDATE SET tsp_instance = EXCLUDED.tsp_instance, neighborhood = EXCLUDED.neighborhood, scope_kind = EXCLUDED.scope_kind, raw_internal_order_count = EXCLUDED.raw_internal_order_count, surviving_boundary_state_count = EXCLUDED.surviving_boundary_state_count, raw_combination_count = EXCLUDED.raw_combination_count, contracted_combination_count = EXCLUDED.contracted_combination_count, reduction_pct = EXCLUDED.reduction_pct, is_passing = EXCLUDED.is_passing, scope_claim = EXCLUDED.scope_claim;

INSERT INTO tsp_cluster_contraction_certificates (tsp_cluster_contraction_certificate_id, tsp_instance, neighborhood, scope_kind, raw_internal_order_count, surviving_boundary_state_count, raw_combination_count, contracted_combination_count, reduction_pct, is_passing, scope_claim)
VALUES ('contraction-twin-triangles-composition', 'tsp-twin-triangles-6', NULL, 'INSTANCE_COMPOSITION', 12, 6, 36, 9, 75, TRUE, 'CERTIFIED_FOR_TWO_THREE_STOP_CLUSTERS_ONLY') ON CONFLICT (tsp_cluster_contraction_certificate_id) DO UPDATE SET tsp_instance = EXCLUDED.tsp_instance, neighborhood = EXCLUDED.neighborhood, scope_kind = EXCLUDED.scope_kind, raw_internal_order_count = EXCLUDED.raw_internal_order_count, surviving_boundary_state_count = EXCLUDED.surviving_boundary_state_count, raw_combination_count = EXCLUDED.raw_combination_count, contracted_combination_count = EXCLUDED.contracted_combination_count, reduction_pct = EXCLUDED.reduction_pct, is_passing = EXCLUDED.is_passing, scope_claim = EXCLUDED.scope_claim;

-- ----------------------------------------------------------------------------
-- TSPInferenceRules: Declared structural inference contracts, including soundness, completeness, runtime, memory, applicability, and certificate shape.
-- ----------------------------------------------------------------------------
INSERT INTO tsp_inference_rules (tsp_inference_rule_id, display_name, inference_layer, implementation_status, soundness, completeness, runtime_class, memory_class, applicability, certificate_type, description)
VALUES ('tsp-rule-geographic-normalization', 'City / Neighborhood / Address normalization', 'SEMANTIC_NORMALIZATION', 'EXECUTABLE', 'STRUCTURAL_BY_CONSTRUCTION', 'COMPLETE_FOR_DECLARED_FIXTURE', 'O(V)', 'O(V)', 'Every address has exactly one neighborhood and every neighborhood exactly one city.', 'normalized-spatial-hierarchy', 'Promotes city, neighborhood, and address boundaries to first-class rows instead of opaque labels.') ON CONFLICT (tsp_inference_rule_id) DO UPDATE SET display_name = EXCLUDED.display_name, inference_layer = EXCLUDED.inference_layer, implementation_status = EXCLUDED.implementation_status, soundness = EXCLUDED.soundness, completeness = EXCLUDED.completeness, runtime_class = EXCLUDED.runtime_class, memory_class = EXCLUDED.memory_class, applicability = EXCLUDED.applicability, certificate_type = EXCLUDED.certificate_type, description = EXCLUDED.description;

INSERT INTO tsp_inference_rules (tsp_inference_rule_id, display_name, inference_layer, implementation_status, soundness, completeness, runtime_class, memory_class, applicability, certificate_type, description)
VALUES ('tsp-rule-weighted-edge-normalization', 'Canonical weighted-edge normalization', 'FIRST_ORDER_INFERENCE', 'EXECUTABLE', 'SOUND_FOR_DECLARED_SYMMETRIC_GRAPH_WITH_PAIR_IDENTITY_CHECKS', 'COMPLETE_WHEN_EACH_UNORDERED_REQUIRED_STOP_PAIR_HAS_EXACTLY_ONE_ADMISSIBLE_ROW', 'O(E)', 'O(E)', 'Finite symmetric instance with explicit canonical edge rows.', 'complete-undirected-graph-check', 'Rejects self-loops and cross-instance edges and checks the expected n(n-1)/2 edge count.') ON CONFLICT (tsp_inference_rule_id) DO UPDATE SET display_name = EXCLUDED.display_name, inference_layer = EXCLUDED.inference_layer, implementation_status = EXCLUDED.implementation_status, soundness = EXCLUDED.soundness, completeness = EXCLUDED.completeness, runtime_class = EXCLUDED.runtime_class, memory_class = EXCLUDED.memory_class, applicability = EXCLUDED.applicability, certificate_type = EXCLUDED.certificate_type, description = EXCLUDED.description;

INSERT INTO tsp_inference_rules (tsp_inference_rule_id, display_name, inference_layer, implementation_status, soundness, completeness, runtime_class, memory_class, applicability, certificate_type, description)
VALUES ('tsp-rule-tour-witness-validation', 'Ordered Hamiltonian-cycle witness validation', 'CONSTRAINT_CLOSURE', 'EXECUTABLE', 'SOUND_FOR_EXPLICIT_ORDERED_TOUR_WITNESSES', 'COMPLETE_FOR_VALIDATING_A_SUPPLIED_TOUR_NOT_FOR_FINDING_OR_PROVING_OPTIMALITY', 'O(V+E_TOUR)', 'O(V+E_TOUR)', 'Candidate supplies one ordered visit list and one edge-bound leg per required stop.', 'hamiltonian-cycle-witness', 'Derives supplied-tour validity from visit uniqueness, sequence uniqueness, depot placement, edge membership, global one-in/one-out coverage, unique leg order, and route closure.') ON CONFLICT (tsp_inference_rule_id) DO UPDATE SET display_name = EXCLUDED.display_name, inference_layer = EXCLUDED.inference_layer, implementation_status = EXCLUDED.implementation_status, soundness = EXCLUDED.soundness, completeness = EXCLUDED.completeness, runtime_class = EXCLUDED.runtime_class, memory_class = EXCLUDED.memory_class, applicability = EXCLUDED.applicability, certificate_type = EXCLUDED.certificate_type, description = EXCLUDED.description;

INSERT INTO tsp_inference_rules (tsp_inference_rule_id, display_name, inference_layer, implementation_status, soundness, completeness, runtime_class, memory_class, applicability, certificate_type, description)
VALUES ('tsp-rule-degree-two-forcing', 'Degree-two forced-edge closure', 'SECOND_ORDER_INFERENCE', 'EXECUTABLE', 'SOUND_BY_HAMILTONIAN_DEGREE_TWO_REQUIREMENT', 'LOCAL_FIXED_POINT_RULE_ONLY', 'O(V+E)_PER_ROUND', 'O(V+E)', 'A stop has exactly two remaining admissible incident edges.', 'forced-edge-certificate', 'Next closure target: force both remaining edges at a degree-two stop without branching.') ON CONFLICT (tsp_inference_rule_id) DO UPDATE SET display_name = EXCLUDED.display_name, inference_layer = EXCLUDED.inference_layer, implementation_status = EXCLUDED.implementation_status, soundness = EXCLUDED.soundness, completeness = EXCLUDED.completeness, runtime_class = EXCLUDED.runtime_class, memory_class = EXCLUDED.memory_class, applicability = EXCLUDED.applicability, certificate_type = EXCLUDED.certificate_type, description = EXCLUDED.description;

INSERT INTO tsp_inference_rules (tsp_inference_rule_id, display_name, inference_layer, implementation_status, soundness, completeness, runtime_class, memory_class, applicability, certificate_type, description)
VALUES ('tsp-rule-neighborhood-boundary-state', 'Neighborhood boundary-state contraction', 'THIRD_ORDER_INFERENCE', 'EXECUTABLE_FOR_DECLARED_THREE_STOP_FIXTURE', 'SOUND_FOR_EXPLICIT_CLUSTER_HAMILTONIAN_PATH_STATES_AND_COSTS', 'FINITE_THREE_STOP_SYMMETRIC_CLUSTER_ONLY', 'O(k!)_LOCAL_ENUMERATION_AT_K_EQUALS_3', 'O(STATE_COUNT)', 'Neighborhood clusters expose a finite set of admissible boundary crossings.', 'cluster-boundary-state', 'Future city-scale kernel for contracting internally settled neighborhoods into reusable boundary states.') ON CONFLICT (tsp_inference_rule_id) DO UPDATE SET display_name = EXCLUDED.display_name, inference_layer = EXCLUDED.inference_layer, implementation_status = EXCLUDED.implementation_status, soundness = EXCLUDED.soundness, completeness = EXCLUDED.completeness, runtime_class = EXCLUDED.runtime_class, memory_class = EXCLUDED.memory_class, applicability = EXCLUDED.applicability, certificate_type = EXCLUDED.certificate_type, description = EXCLUDED.description;

INSERT INTO tsp_inference_rules (tsp_inference_rule_id, display_name, inference_layer, implementation_status, soundness, completeness, runtime_class, memory_class, applicability, certificate_type, description)
VALUES ('tsp-rule-frontier-obligation-ledger', 'Typed frontier-obligation ledger', 'SEMANTIC_NORMALIZATION', 'EXECUTABLE', 'STRUCTURAL_STATUS_ACCOUNTING', 'COMPLETE_FOR_CURRENT_DECLARED_FRONTIER', 'O(F)', 'O(F)', 'Every unresolved semantic edge is assigned one obligation kind and one explicit closure criterion.', 'frontier-ledger-certificate', 'Distinguishes external imports from internal inference, certificate, substrate, generalization, and residual-search obligations.') ON CONFLICT (tsp_inference_rule_id) DO UPDATE SET display_name = EXCLUDED.display_name, inference_layer = EXCLUDED.inference_layer, implementation_status = EXCLUDED.implementation_status, soundness = EXCLUDED.soundness, completeness = EXCLUDED.completeness, runtime_class = EXCLUDED.runtime_class, memory_class = EXCLUDED.memory_class, applicability = EXCLUDED.applicability, certificate_type = EXCLUDED.certificate_type, description = EXCLUDED.description;

INSERT INTO tsp_inference_rules (tsp_inference_rule_id, display_name, inference_layer, implementation_status, soundness, completeness, runtime_class, memory_class, applicability, certificate_type, description)
VALUES ('tsp-rule-global-cycle-coverage', 'Global cycle-transition coverage', 'CONSTRAINT_CLOSURE', 'EXECUTABLE', 'SOUND_FOR_EXPLICIT_ORDERED_TOUR_WITNESSES', 'COMPLETE_FOR_GLOBAL_COVERAGE_OF_SUPPLIED_ORDERED_CYCLE_ROWS', 'O(V+E_TOUR)', 'O(V+E_TOUR)', 'Candidate has unique ordered visits and edge-bound leg rows.', 'global-cycle-coverage-certificate', 'Requires every ordered visit to have exactly one incoming and one outgoing valid transition and every leg order to be unique.') ON CONFLICT (tsp_inference_rule_id) DO UPDATE SET display_name = EXCLUDED.display_name, inference_layer = EXCLUDED.inference_layer, implementation_status = EXCLUDED.implementation_status, soundness = EXCLUDED.soundness, completeness = EXCLUDED.completeness, runtime_class = EXCLUDED.runtime_class, memory_class = EXCLUDED.memory_class, applicability = EXCLUDED.applicability, certificate_type = EXCLUDED.certificate_type, description = EXCLUDED.description;

INSERT INTO tsp_inference_rules (tsp_inference_rule_id, display_name, inference_layer, implementation_status, soundness, completeness, runtime_class, memory_class, applicability, certificate_type, description)
VALUES ('tsp-rule-degree-two-lower-bound', 'Degree-two incident-edge lower bound', 'SECOND_ORDER_INFERENCE', 'EXECUTABLE', 'SOUND_BY_HAMILTONIAN_DEGREE_AND_DOUBLE_COUNTING', 'LOWER_BOUND_ONLY', 'O(VE)_FOR_EXPLICIT_WITNESS_ROWS', 'O(VE)', 'Finite symmetric weighted graph with two witnessed cheapest admissible incident edges at every required stop.', 'degree-two-lower-bound-certificate', 'Sums each stop''s two cheapest incident costs, then divides by two because every tour edge contributes at both endpoints.') ON CONFLICT (tsp_inference_rule_id) DO UPDATE SET display_name = EXCLUDED.display_name, inference_layer = EXCLUDED.inference_layer, implementation_status = EXCLUDED.implementation_status, soundness = EXCLUDED.soundness, completeness = EXCLUDED.completeness, runtime_class = EXCLUDED.runtime_class, memory_class = EXCLUDED.memory_class, applicability = EXCLUDED.applicability, certificate_type = EXCLUDED.certificate_type, description = EXCLUDED.description;

INSERT INTO tsp_inference_rules (tsp_inference_rule_id, display_name, inference_layer, implementation_status, soundness, completeness, runtime_class, memory_class, applicability, certificate_type, description)
VALUES ('tsp-rule-bound-equality-optimality', 'Bound-equality finite optimality', 'RIGIDITY', 'EXECUTABLE', 'SOUND_FOR_CERTIFIED_LOWER_BOUND_AND_VALID_CANDIDATE', 'SUFFICIENT_NOT_NECESSARY', 'O(1)_AFTER_CERTIFICATES', 'O(1)', 'Candidate is Hamiltonian, lower bound is certified for the same instance, and candidate cost equals the bound.', 'finite-instance-optimality-certificate', 'Closes optimality for one declared finite instance without enumerating all route classes.') ON CONFLICT (tsp_inference_rule_id) DO UPDATE SET display_name = EXCLUDED.display_name, inference_layer = EXCLUDED.inference_layer, implementation_status = EXCLUDED.implementation_status, soundness = EXCLUDED.soundness, completeness = EXCLUDED.completeness, runtime_class = EXCLUDED.runtime_class, memory_class = EXCLUDED.memory_class, applicability = EXCLUDED.applicability, certificate_type = EXCLUDED.certificate_type, description = EXCLUDED.description;

INSERT INTO tsp_inference_rules (tsp_inference_rule_id, display_name, inference_layer, implementation_status, soundness, completeness, runtime_class, memory_class, applicability, certificate_type, description)
VALUES ('tsp-rule-route-reconstruction', 'Route reconstruction from inferred edge set', 'SPECIALIZATION', 'EXECUTABLE', 'SOUND_FOR_CONNECTED_DEGREE_TWO_EDGE_SET_WITH_DETERMINISTIC_ORIENTATION', 'COMPLETE_FOR_DECLARED_FINITE_EDGE_SET', 'TARGET_O(V+E)', 'TARGET_O(V+E)', 'Inference has selected a connected degree-two edge set with no proper subtour.', 'route-reconstruction-certificate', 'Future rule: order a structurally derived cycle rather than consuming a supplied candidate route.') ON CONFLICT (tsp_inference_rule_id) DO UPDATE SET display_name = EXCLUDED.display_name, inference_layer = EXCLUDED.inference_layer, implementation_status = EXCLUDED.implementation_status, soundness = EXCLUDED.soundness, completeness = EXCLUDED.completeness, runtime_class = EXCLUDED.runtime_class, memory_class = EXCLUDED.memory_class, applicability = EXCLUDED.applicability, certificate_type = EXCLUDED.certificate_type, description = EXCLUDED.description;

INSERT INTO tsp_inference_rules (tsp_inference_rule_id, display_name, inference_layer, implementation_status, soundness, completeness, runtime_class, memory_class, applicability, certificate_type, description)
VALUES ('tsp-rule-substrate-commissioning', 'Substrate commissioning', 'EXECUTION_SUBSTRATE', 'PLANNED', 'UNASSESSED_UNTIL_LOOP_EXECUTION', 'SCOPED_TO_DECLARED_LOOP_FIXTURE', 'TO_BE_MEASURED', 'TO_BE_MEASURED', 'Run the generated Postgres projection, recreate erb_traveling_salesman, compare vw_* results with Python, and record artifact hashes; otherwise record the exact blocking substrate condition.', 'substrate-commissioning-certificate', 'Attempt generated build, database initialization, and peer conformance; blocked attempts are evidence.') ON CONFLICT (tsp_inference_rule_id) DO UPDATE SET display_name = EXCLUDED.display_name, inference_layer = EXCLUDED.inference_layer, implementation_status = EXCLUDED.implementation_status, soundness = EXCLUDED.soundness, completeness = EXCLUDED.completeness, runtime_class = EXCLUDED.runtime_class, memory_class = EXCLUDED.memory_class, applicability = EXCLUDED.applicability, certificate_type = EXCLUDED.certificate_type, description = EXCLUDED.description;

INSERT INTO tsp_inference_rules (tsp_inference_rule_id, display_name, inference_layer, implementation_status, soundness, completeness, runtime_class, memory_class, applicability, certificate_type, description)
VALUES ('tsp-rule-inference-application-spine', 'Inference application spine', 'SEMANTIC_NORMALIZATION', 'PLANNED', 'UNASSESSED_UNTIL_LOOP_EXECUTION', 'SCOPED_TO_DECLARED_LOOP_FIXTURE', 'TO_BE_MEASURED', 'TO_BE_MEASURED', 'Represent local-bound applications, antecedents, selected edge states, and support rows without upgrading selected edges to forced edges.', 'inference-application-spine-certificate', 'Make applications, antecedents, states, decisions, and supports first-class.') ON CONFLICT (tsp_inference_rule_id) DO UPDATE SET display_name = EXCLUDED.display_name, inference_layer = EXCLUDED.inference_layer, implementation_status = EXCLUDED.implementation_status, soundness = EXCLUDED.soundness, completeness = EXCLUDED.completeness, runtime_class = EXCLUDED.runtime_class, memory_class = EXCLUDED.memory_class, applicability = EXCLUDED.applicability, certificate_type = EXCLUDED.certificate_type, description = EXCLUDED.description;

INSERT INTO tsp_inference_rules (tsp_inference_rule_id, display_name, inference_layer, implementation_status, soundness, completeness, runtime_class, memory_class, applicability, certificate_type, description)
VALUES ('tsp-rule-local-bound-edge-union', 'Local-bound edge union', 'SECOND_ORDER_INFERENCE', 'PLANNED', 'UNASSESSED_UNTIL_LOOP_EXECUTION', 'SCOPED_TO_DECLARED_LOOP_FIXTURE', 'TO_BE_MEASURED', 'TO_BE_MEASURED', 'Derive exactly five unique Gridville edges from LocalDegreeBounds and support rows, without using CandidateTour, TourStop, or TourLeg as antecedents.', 'local-bound-edge-union-certificate', 'Deduplicate supported local edge selections into a derived edge set.') ON CONFLICT (tsp_inference_rule_id) DO UPDATE SET display_name = EXCLUDED.display_name, inference_layer = EXCLUDED.inference_layer, implementation_status = EXCLUDED.implementation_status, soundness = EXCLUDED.soundness, completeness = EXCLUDED.completeness, runtime_class = EXCLUDED.runtime_class, memory_class = EXCLUDED.memory_class, applicability = EXCLUDED.applicability, certificate_type = EXCLUDED.certificate_type, description = EXCLUDED.description;

INSERT INTO tsp_inference_rules (tsp_inference_rule_id, display_name, inference_layer, implementation_status, soundness, completeness, runtime_class, memory_class, applicability, certificate_type, description)
VALUES ('tsp-rule-connected-degree-two-certificate', 'Connected degree-two certificate', 'RIGIDITY', 'PLANNED', 'UNASSESSED_UNTIL_LOOP_EXECUTION', 'SCOPED_TO_DECLARED_LOOP_FIXTURE', 'TO_BE_MEASURED', 'TO_BE_MEASURED', 'Witness selected degree two at all five stops, one connected component, a four-edge spanning tree, and zero proper subtours.', 'connected-degree-two-certificate-certificate', 'Certify degree two, connectedness, spanning-tree coverage, and absence of proper subtours.') ON CONFLICT (tsp_inference_rule_id) DO UPDATE SET display_name = EXCLUDED.display_name, inference_layer = EXCLUDED.inference_layer, implementation_status = EXCLUDED.implementation_status, soundness = EXCLUDED.soundness, completeness = EXCLUDED.completeness, runtime_class = EXCLUDED.runtime_class, memory_class = EXCLUDED.memory_class, applicability = EXCLUDED.applicability, certificate_type = EXCLUDED.certificate_type, description = EXCLUDED.description;

INSERT INTO tsp_inference_rules (tsp_inference_rule_id, display_name, inference_layer, implementation_status, soundness, completeness, runtime_class, memory_class, applicability, certificate_type, description)
VALUES ('tsp-rule-derived-search-accounting', 'Derived search accounting', 'MEASUREMENT', 'PLANNED', 'UNASSESSED_UNTIL_LOOP_EXECUTION', 'SCOPED_TO_DECLARED_LOOP_FIXTURE', 'TO_BE_MEASURED', 'TO_BE_MEASURED', 'Derive 12 initial symmetry-reduced classes, one surviving reconstructed class, zero branch decisions, zero backtracks, and zero residual ambiguity for Gridville.', 'derived-search-accounting-certificate', 'Derive route-class and branch metrics from structural closure.') ON CONFLICT (tsp_inference_rule_id) DO UPDATE SET display_name = EXCLUDED.display_name, inference_layer = EXCLUDED.inference_layer, implementation_status = EXCLUDED.implementation_status, soundness = EXCLUDED.soundness, completeness = EXCLUDED.completeness, runtime_class = EXCLUDED.runtime_class, memory_class = EXCLUDED.memory_class, applicability = EXCLUDED.applicability, certificate_type = EXCLUDED.certificate_type, description = EXCLUDED.description;

INSERT INTO tsp_inference_rules (tsp_inference_rule_id, display_name, inference_layer, implementation_status, soundness, completeness, runtime_class, memory_class, applicability, certificate_type, description)
VALUES ('tsp-rule-non-tight-lower-bound-counterexample', 'Non-tight lower-bound counterexample', 'COUNTERFACTUAL', 'PLANNED', 'UNASSESSED_UNTIL_LOOP_EXECUTION', 'SCOPED_TO_DECLARED_LOOP_FIXTURE', 'TO_BE_MEASURED', 'TO_BE_MEASURED', 'Represent six stops in two cheap triangles with expensive crossings; certify lower bound 6, candidate cost 24, two selected components, and no optimality or route-reconstruction certificate.', 'non-tight-lower-bound-counterexample-certificate', 'Require sound lower bounds to remain distinct from tightness, connectedness, reconstruction, and optimality.') ON CONFLICT (tsp_inference_rule_id) DO UPDATE SET display_name = EXCLUDED.display_name, inference_layer = EXCLUDED.inference_layer, implementation_status = EXCLUDED.implementation_status, soundness = EXCLUDED.soundness, completeness = EXCLUDED.completeness, runtime_class = EXCLUDED.runtime_class, memory_class = EXCLUDED.memory_class, applicability = EXCLUDED.applicability, certificate_type = EXCLUDED.certificate_type, description = EXCLUDED.description;

INSERT INTO tsp_inference_rules (tsp_inference_rule_id, display_name, inference_layer, implementation_status, soundness, completeness, runtime_class, memory_class, applicability, certificate_type, description)
VALUES ('tsp-rule-forbidden-edge-propagation', 'Forbidden-edge propagation', 'CONSTRAINT_CLOSURE', 'EXECUTABLE', 'SOUND_FOR_DECLARED_DEGREE_AND_PROPER_SUBTOUR_PRECONDITIONS', 'LOCAL_PROPAGATION_ONLY', 'O(V+E)_PER_ROUND', 'O(V+E)', 'Forbid the sparse B-D chord by degree saturation and forbid a twin-triangle closing edge because it would close a proper subtour, with replayable reason codes.', 'forbidden-edge-propagation-certificate', 'Forbid edges by degree saturation or proper-subtour prevention.') ON CONFLICT (tsp_inference_rule_id) DO UPDATE SET display_name = EXCLUDED.display_name, inference_layer = EXCLUDED.inference_layer, implementation_status = EXCLUDED.implementation_status, soundness = EXCLUDED.soundness, completeness = EXCLUDED.completeness, runtime_class = EXCLUDED.runtime_class, memory_class = EXCLUDED.memory_class, applicability = EXCLUDED.applicability, certificate_type = EXCLUDED.certificate_type, description = EXCLUDED.description;

INSERT INTO tsp_inference_rules (tsp_inference_rule_id, display_name, inference_layer, implementation_status, soundness, completeness, runtime_class, memory_class, applicability, certificate_type, description)
VALUES ('tsp-rule-proper-subtour-forbidding', 'Proper-subtour forbidding', 'CONSTRAINT_CLOSURE', 'EXECUTABLE', 'SOUND_FOR_DECLARED_DEGREE_AND_PROPER_SUBTOUR_PRECONDITIONS', 'LOCAL_PROPAGATION_ONLY', 'O(V+E)_PER_ROUND', 'O(V+E)', 'Forbid the sparse B-D chord by degree saturation and forbid a twin-triangle closing edge because it would close a proper subtour, with replayable reason codes.', 'proper-subtour-forbidding-certificate', 'Forbid an edge when adding it would close a cycle excluding required stops.') ON CONFLICT (tsp_inference_rule_id) DO UPDATE SET display_name = EXCLUDED.display_name, inference_layer = EXCLUDED.inference_layer, implementation_status = EXCLUDED.implementation_status, soundness = EXCLUDED.soundness, completeness = EXCLUDED.completeness, runtime_class = EXCLUDED.runtime_class, memory_class = EXCLUDED.memory_class, applicability = EXCLUDED.applicability, certificate_type = EXCLUDED.certificate_type, description = EXCLUDED.description;

-- ----------------------------------------------------------------------------
-- TSPFrontierObligations: Typed ledger of open and closed semantic frontier obligations. Imported dependencies are used only when an external provider conclusion is actually consumed.
-- ----------------------------------------------------------------------------
INSERT INTO tsp_frontier_obligations (tsp_frontier_obligation_id, display_name, obligation_kind, status, inference_rule, opened_by_loop, closed_by_loop, trust_disposition, closure_criterion, certificate_type)
VALUES ('frontier-global-cycle-coverage', 'Global transition coverage', 'INFERENCE_OBLIGATION', 'CLOSED', 'tsp-rule-global-cycle-coverage', 'tsp-loop-580', 'tsp-loop-583', 'INTERNALIZED_FROM_ORDERED_CYCLE_DEFINITION', 'Every visit has exactly one incoming and one outgoing valid transition; adversarial duplicated-transition witness is rejected.', 'global-cycle-coverage-certificate') ON CONFLICT (tsp_frontier_obligation_id) DO UPDATE SET display_name = EXCLUDED.display_name, obligation_kind = EXCLUDED.obligation_kind, status = EXCLUDED.status, inference_rule = EXCLUDED.inference_rule, opened_by_loop = EXCLUDED.opened_by_loop, closed_by_loop = EXCLUDED.closed_by_loop, trust_disposition = EXCLUDED.trust_disposition, closure_criterion = EXCLUDED.closure_criterion, certificate_type = EXCLUDED.certificate_type;

INSERT INTO tsp_frontier_obligations (tsp_frontier_obligation_id, display_name, obligation_kind, status, inference_rule, opened_by_loop, closed_by_loop, trust_disposition, closure_criterion, certificate_type)
VALUES ('frontier-canonical-edge-pairs', 'Canonical unordered edge-pair completeness', 'INFERENCE_OBLIGATION', 'CLOSED', 'tsp-rule-weighted-edge-normalization', 'tsp-loop-578', 'tsp-loop-584', 'INTERNALIZED_FROM_PAIR_IDENTITY_AND_MULTIPLICITY', 'Expected edge count, pair-key correctness, pair uniqueness, endpoint order, and negative duplicate-pair fixture all agree.', 'complete-undirected-graph-certificate') ON CONFLICT (tsp_frontier_obligation_id) DO UPDATE SET display_name = EXCLUDED.display_name, obligation_kind = EXCLUDED.obligation_kind, status = EXCLUDED.status, inference_rule = EXCLUDED.inference_rule, opened_by_loop = EXCLUDED.opened_by_loop, closed_by_loop = EXCLUDED.closed_by_loop, trust_disposition = EXCLUDED.trust_disposition, closure_criterion = EXCLUDED.closure_criterion, certificate_type = EXCLUDED.certificate_type;

INSERT INTO tsp_frontier_obligations (tsp_frontier_obligation_id, display_name, obligation_kind, status, inference_rule, opened_by_loop, closed_by_loop, trust_disposition, closure_criterion, certificate_type)
VALUES ('frontier-postgres-commissioning', 'Live Postgres build and conformance', 'SUBSTRATE_OBLIGATION', 'BLOCKED', NULL, 'tsp-loop-580', NULL, 'BLOCKED_BY_EXECUTION_ENVIRONMENT_WITH_EXACT_FAILURE_RECORDED', 'effortless build, database recreation, and all vw_* versus Python conformance checks pass with recorded artifact hashes.', 'substrate-conformance-certificate') ON CONFLICT (tsp_frontier_obligation_id) DO UPDATE SET display_name = EXCLUDED.display_name, obligation_kind = EXCLUDED.obligation_kind, status = EXCLUDED.status, inference_rule = EXCLUDED.inference_rule, opened_by_loop = EXCLUDED.opened_by_loop, closed_by_loop = EXCLUDED.closed_by_loop, trust_disposition = EXCLUDED.trust_disposition, closure_criterion = EXCLUDED.closure_criterion, certificate_type = EXCLUDED.certificate_type;

INSERT INTO tsp_frontier_obligations (tsp_frontier_obligation_id, display_name, obligation_kind, status, inference_rule, opened_by_loop, closed_by_loop, trust_disposition, closure_criterion, certificate_type)
VALUES ('frontier-degree-two-lower-bound', 'Degree-two local-to-global lower bound', 'INFERENCE_OBLIGATION', 'CLOSED', 'tsp-rule-degree-two-lower-bound', 'tsp-loop-581', 'tsp-loop-585', 'INTERNALIZED_FROM_HAMILTONIAN_DEGREE_AND_DOUBLE_COUNTING', 'Two cheapest incident edges are witnessed at every required stop and half their summed cost is emitted as a certified instance lower bound.', 'degree-two-lower-bound-certificate') ON CONFLICT (tsp_frontier_obligation_id) DO UPDATE SET display_name = EXCLUDED.display_name, obligation_kind = EXCLUDED.obligation_kind, status = EXCLUDED.status, inference_rule = EXCLUDED.inference_rule, opened_by_loop = EXCLUDED.opened_by_loop, closed_by_loop = EXCLUDED.closed_by_loop, trust_disposition = EXCLUDED.trust_disposition, closure_criterion = EXCLUDED.closure_criterion, certificate_type = EXCLUDED.certificate_type;

INSERT INTO tsp_frontier_obligations (tsp_frontier_obligation_id, display_name, obligation_kind, status, inference_rule, opened_by_loop, closed_by_loop, trust_disposition, closure_criterion, certificate_type)
VALUES ('frontier-gridville-optimality', 'Gridville finite-instance optimality', 'CERTIFICATE_OBLIGATION', 'CLOSED', 'tsp-rule-bound-equality-optimality', 'tsp-loop-580', 'tsp-loop-586', 'CLOSED_BY_BOUND_EQUALITY', 'A valid candidate cost equals a certified lower bound for the same finite instance.', 'finite-instance-optimality-certificate') ON CONFLICT (tsp_frontier_obligation_id) DO UPDATE SET display_name = EXCLUDED.display_name, obligation_kind = EXCLUDED.obligation_kind, status = EXCLUDED.status, inference_rule = EXCLUDED.inference_rule, opened_by_loop = EXCLUDED.opened_by_loop, closed_by_loop = EXCLUDED.closed_by_loop, trust_disposition = EXCLUDED.trust_disposition, closure_criterion = EXCLUDED.closure_criterion, certificate_type = EXCLUDED.certificate_type;

INSERT INTO tsp_frontier_obligations (tsp_frontier_obligation_id, display_name, obligation_kind, status, inference_rule, opened_by_loop, closed_by_loop, trust_disposition, closure_criterion, certificate_type)
VALUES ('frontier-route-reconstruction', 'Route reconstruction from forced structural edges', 'CERTIFICATE_OBLIGATION', 'CLOSED', 'tsp-rule-route-reconstruction', 'tsp-loop-586', 'tsp-loop-591', 'CLOSED_BY_ORDERED_PROJECTION_FROM_CONNECTED_DEGREE_TWO_EDGE_SET', 'Derive the cycle edge set from inference rows, prove one connected component with no proper subtour, then project ordered tour rows.', 'route-reconstruction-certificate') ON CONFLICT (tsp_frontier_obligation_id) DO UPDATE SET display_name = EXCLUDED.display_name, obligation_kind = EXCLUDED.obligation_kind, status = EXCLUDED.status, inference_rule = EXCLUDED.inference_rule, opened_by_loop = EXCLUDED.opened_by_loop, closed_by_loop = EXCLUDED.closed_by_loop, trust_disposition = EXCLUDED.trust_disposition, closure_criterion = EXCLUDED.closure_criterion, certificate_type = EXCLUDED.certificate_type;

INSERT INTO tsp_frontier_obligations (tsp_frontier_obligation_id, display_name, obligation_kind, status, inference_rule, opened_by_loop, closed_by_loop, trust_disposition, closure_criterion, certificate_type)
VALUES ('frontier-neighborhood-contraction', 'Neighborhood boundary-state contraction', 'GENERALIZATION_OBLIGATION', 'OPEN', 'tsp-rule-neighborhood-boundary-state', 'tsp-loop-577', NULL, 'V0_FINITE_FIXTURE_CLOSED_GENERAL_CLUSTER_FAMILY_OPEN', 'Generalize boundary-state coverage, dominance, and expansion soundness beyond three-stop symmetric clusters.', 'cluster-boundary-state-certificate') ON CONFLICT (tsp_frontier_obligation_id) DO UPDATE SET display_name = EXCLUDED.display_name, obligation_kind = EXCLUDED.obligation_kind, status = EXCLUDED.status, inference_rule = EXCLUDED.inference_rule, opened_by_loop = EXCLUDED.opened_by_loop, closed_by_loop = EXCLUDED.closed_by_loop, trust_disposition = EXCLUDED.trust_disposition, closure_criterion = EXCLUDED.closure_criterion, certificate_type = EXCLUDED.certificate_type;

INSERT INTO tsp_frontier_obligations (tsp_frontier_obligation_id, display_name, obligation_kind, status, inference_rule, opened_by_loop, closed_by_loop, trust_disposition, closure_criterion, certificate_type)
VALUES ('frontier-residual-route-discovery-search', 'Residual route-discovery ambiguity', 'RESIDUAL_SEARCH', 'OPEN', 'tsp-rule-degree-two-forcing', 'tsp-loop-581', NULL, 'SEARCH_ONLY_AFTER_CONSTRAINT_CLOSURE', 'All represented deterministic inference reaches closure; any remaining route classes are explicitly branched with replayable branch certificates.', 'residual-search-certificate') ON CONFLICT (tsp_frontier_obligation_id) DO UPDATE SET display_name = EXCLUDED.display_name, obligation_kind = EXCLUDED.obligation_kind, status = EXCLUDED.status, inference_rule = EXCLUDED.inference_rule, opened_by_loop = EXCLUDED.opened_by_loop, closed_by_loop = EXCLUDED.closed_by_loop, trust_disposition = EXCLUDED.trust_disposition, closure_criterion = EXCLUDED.closure_criterion, certificate_type = EXCLUDED.certificate_type;

INSERT INTO tsp_frontier_obligations (tsp_frontier_obligation_id, display_name, obligation_kind, status, inference_rule, opened_by_loop, closed_by_loop, trust_disposition, closure_criterion, certificate_type)
VALUES ('frontier-inference-application-spine', 'First-class inference application spine', 'INFERENCE_OBLIGATION', 'CLOSED', 'tsp-rule-inference-application-spine', 'tsp-loop-586', 'tsp-loop-588', 'CLOSED_BY_FIRST_CLASS_APPLICATION_ANTECEDENT_STATE_AND_SUPPORT_ROWS', 'Represent local-bound applications, antecedents, selected edge states, and support rows without upgrading selected edges to forced edges.', 'inference-application-spine-certificate') ON CONFLICT (tsp_frontier_obligation_id) DO UPDATE SET display_name = EXCLUDED.display_name, obligation_kind = EXCLUDED.obligation_kind, status = EXCLUDED.status, inference_rule = EXCLUDED.inference_rule, opened_by_loop = EXCLUDED.opened_by_loop, closed_by_loop = EXCLUDED.closed_by_loop, trust_disposition = EXCLUDED.trust_disposition, closure_criterion = EXCLUDED.closure_criterion, certificate_type = EXCLUDED.certificate_type;

INSERT INTO tsp_frontier_obligations (tsp_frontier_obligation_id, display_name, obligation_kind, status, inference_rule, opened_by_loop, closed_by_loop, trust_disposition, closure_criterion, certificate_type)
VALUES ('frontier-gridville-inferred-edge-set', 'Gridville inferred edge set', 'CERTIFICATE_OBLIGATION', 'CLOSED', 'tsp-rule-local-bound-edge-union', 'tsp-loop-586', 'tsp-loop-589', 'CLOSED_BY_DEDUPLICATED_LOCAL_BOUND_SUPPORT_UNION', 'Derive exactly five unique Gridville edges from LocalDegreeBounds and support rows, without using CandidateTour, TourStop, or TourLeg as antecedents.', 'derived-edge-set-certificate') ON CONFLICT (tsp_frontier_obligation_id) DO UPDATE SET display_name = EXCLUDED.display_name, obligation_kind = EXCLUDED.obligation_kind, status = EXCLUDED.status, inference_rule = EXCLUDED.inference_rule, opened_by_loop = EXCLUDED.opened_by_loop, closed_by_loop = EXCLUDED.closed_by_loop, trust_disposition = EXCLUDED.trust_disposition, closure_criterion = EXCLUDED.closure_criterion, certificate_type = EXCLUDED.certificate_type;

INSERT INTO tsp_frontier_obligations (tsp_frontier_obligation_id, display_name, obligation_kind, status, inference_rule, opened_by_loop, closed_by_loop, trust_disposition, closure_criterion, certificate_type)
VALUES ('frontier-gridville-connected-degree-two', 'Gridville connected degree-two geometry', 'CERTIFICATE_OBLIGATION', 'CLOSED', 'tsp-rule-connected-degree-two-certificate', 'tsp-loop-586', 'tsp-loop-590', 'CLOSED_BY_DEGREE_COMPONENT_SPANNING_TREE_AND_SUBTOUR_CERTIFICATES', 'Witness selected degree two at all five stops, one connected component, a four-edge spanning tree, and zero proper subtours.', 'connected-degree-two-certificate') ON CONFLICT (tsp_frontier_obligation_id) DO UPDATE SET display_name = EXCLUDED.display_name, obligation_kind = EXCLUDED.obligation_kind, status = EXCLUDED.status, inference_rule = EXCLUDED.inference_rule, opened_by_loop = EXCLUDED.opened_by_loop, closed_by_loop = EXCLUDED.closed_by_loop, trust_disposition = EXCLUDED.trust_disposition, closure_criterion = EXCLUDED.closure_criterion, certificate_type = EXCLUDED.certificate_type;

INSERT INTO tsp_frontier_obligations (tsp_frontier_obligation_id, display_name, obligation_kind, status, inference_rule, opened_by_loop, closed_by_loop, trust_disposition, closure_criterion, certificate_type)
VALUES ('frontier-gridville-route-discovery', 'Gridville route discovery without branching', 'RESIDUAL_SEARCH', 'CLOSED', 'tsp-rule-derived-search-accounting', 'tsp-loop-586', 'tsp-loop-592', 'CLOSED_FOR_GRIDVILLE_BY_RECONSTRUCTION_WITH_ZERO_BRANCH_DECISIONS', 'Derive 12 initial symmetry-reduced classes, one surviving reconstructed class, zero branch decisions, zero backtracks, and zero residual ambiguity for Gridville.', 'search-elimination-certificate') ON CONFLICT (tsp_frontier_obligation_id) DO UPDATE SET display_name = EXCLUDED.display_name, obligation_kind = EXCLUDED.obligation_kind, status = EXCLUDED.status, inference_rule = EXCLUDED.inference_rule, opened_by_loop = EXCLUDED.opened_by_loop, closed_by_loop = EXCLUDED.closed_by_loop, trust_disposition = EXCLUDED.trust_disposition, closure_criterion = EXCLUDED.closure_criterion, certificate_type = EXCLUDED.certificate_type;

INSERT INTO tsp_frontier_obligations (tsp_frontier_obligation_id, display_name, obligation_kind, status, inference_rule, opened_by_loop, closed_by_loop, trust_disposition, closure_criterion, certificate_type)
VALUES ('frontier-non-tight-lower-bound-fixture', 'Non-tight lower-bound fixture', 'GENERALIZATION_OBLIGATION', 'CLOSED', 'tsp-rule-non-tight-lower-bound-counterexample', 'tsp-loop-586', 'tsp-loop-593', 'CLOSED_BY_DISCONNECTED_TWIN_TRIANGLE_COUNTEREXAMPLE', 'Represent six stops in two cheap triangles with expensive crossings; certify lower bound 6, candidate cost 24, two selected components, and no optimality or route-reconstruction certificate.', 'non-tight-bound-counterexample') ON CONFLICT (tsp_frontier_obligation_id) DO UPDATE SET display_name = EXCLUDED.display_name, obligation_kind = EXCLUDED.obligation_kind, status = EXCLUDED.status, inference_rule = EXCLUDED.inference_rule, opened_by_loop = EXCLUDED.opened_by_loop, closed_by_loop = EXCLUDED.closed_by_loop, trust_disposition = EXCLUDED.trust_disposition, closure_criterion = EXCLUDED.closure_criterion, certificate_type = EXCLUDED.certificate_type;

INSERT INTO tsp_frontier_obligations (tsp_frontier_obligation_id, display_name, obligation_kind, status, inference_rule, opened_by_loop, closed_by_loop, trust_disposition, closure_criterion, certificate_type)
VALUES ('frontier-degree-two-forcing', 'Executable degree-two forcing', 'INFERENCE_OBLIGATION', 'CLOSED', 'tsp-rule-degree-two-forcing', 'tsp-loop-581', 'tsp-loop-594', 'CLOSED_BY_SPARSE_FIXTURE_FORCED_EDGE_CERTIFICATES', 'On a sparse five-stop fixture, stops with exactly two available incident edges force the five cycle edges with zero branching.', 'forced-edge-certificate') ON CONFLICT (tsp_frontier_obligation_id) DO UPDATE SET display_name = EXCLUDED.display_name, obligation_kind = EXCLUDED.obligation_kind, status = EXCLUDED.status, inference_rule = EXCLUDED.inference_rule, opened_by_loop = EXCLUDED.opened_by_loop, closed_by_loop = EXCLUDED.closed_by_loop, trust_disposition = EXCLUDED.trust_disposition, closure_criterion = EXCLUDED.closure_criterion, certificate_type = EXCLUDED.certificate_type;

INSERT INTO tsp_frontier_obligations (tsp_frontier_obligation_id, display_name, obligation_kind, status, inference_rule, opened_by_loop, closed_by_loop, trust_disposition, closure_criterion, certificate_type)
VALUES ('frontier-forbidden-edge-propagation', 'Forbidden-edge propagation', 'INFERENCE_OBLIGATION', 'CLOSED', 'tsp-rule-forbidden-edge-propagation', 'tsp-loop-594', 'tsp-loop-595', 'CLOSED_BY_REASON_CODED_DEGREE_SATURATION_AND_SUBTOUR_DECISIONS', 'Forbid the sparse B-D chord by degree saturation and forbid a twin-triangle closing edge because it would close a proper subtour, with replayable reason codes.', 'forbidden-edge-certificate') ON CONFLICT (tsp_frontier_obligation_id) DO UPDATE SET display_name = EXCLUDED.display_name, obligation_kind = EXCLUDED.obligation_kind, status = EXCLUDED.status, inference_rule = EXCLUDED.inference_rule, opened_by_loop = EXCLUDED.opened_by_loop, closed_by_loop = EXCLUDED.closed_by_loop, trust_disposition = EXCLUDED.trust_disposition, closure_criterion = EXCLUDED.closure_criterion, certificate_type = EXCLUDED.certificate_type;

INSERT INTO tsp_frontier_obligations (tsp_frontier_obligation_id, display_name, obligation_kind, status, inference_rule, opened_by_loop, closed_by_loop, trust_disposition, closure_criterion, certificate_type)
VALUES ('frontier-neighborhood-contraction-v0', 'Twin-triangle neighborhood contraction v0', 'CERTIFICATE_OBLIGATION', 'CLOSED', 'tsp-rule-neighborhood-boundary-state', 'tsp-loop-593', 'tsp-loop-596', 'CLOSED_FOR_TWIN_TRIANGLE_FIXTURE_BY_BOUNDARY_STATE_CERTIFICATES', 'For each three-stop twin-triangle neighborhood, derive three undirected entry/exit Hamiltonian-path states, reduce six internal orders to three states, and reduce 36 paired internal orders to nine paired boundary-state combinations.', 'cluster-boundary-state-certificate') ON CONFLICT (tsp_frontier_obligation_id) DO UPDATE SET display_name = EXCLUDED.display_name, obligation_kind = EXCLUDED.obligation_kind, status = EXCLUDED.status, inference_rule = EXCLUDED.inference_rule, opened_by_loop = EXCLUDED.opened_by_loop, closed_by_loop = EXCLUDED.closed_by_loop, trust_disposition = EXCLUDED.trust_disposition, closure_criterion = EXCLUDED.closure_criterion, certificate_type = EXCLUDED.certificate_type;

-- ----------------------------------------------------------------------------
-- TSPLoops: Named semantic loops that establish the initial Traveling Salesman architecture.
-- ----------------------------------------------------------------------------
INSERT INTO tsp_loops (tsp_loop_id, loop_order, display_name, status, primary_inference_rule, new_concept, witness_summary, next_frontier, planned_closure_criterion, before_state, after_state, completion_disposition)
VALUES ('tsp-loop-577', 577, 'Spatial hierarchy', 'CLOSED', 'tsp-rule-geographic-normalization', 'City -> Neighborhood -> Address', 'One city, three neighborhoods, and five addresses form an acyclic spatial hierarchy.', 'Select addresses into a finite optimization instance.', NULL, NULL, NULL, NULL) ON CONFLICT (tsp_loop_id) DO UPDATE SET loop_order = EXCLUDED.loop_order, display_name = EXCLUDED.display_name, status = EXCLUDED.status, primary_inference_rule = EXCLUDED.primary_inference_rule, new_concept = EXCLUDED.new_concept, witness_summary = EXCLUDED.witness_summary, next_frontier = EXCLUDED.next_frontier, planned_closure_criterion = EXCLUDED.planned_closure_criterion, before_state = EXCLUDED.before_state, after_state = EXCLUDED.after_state, completion_disposition = EXCLUDED.completion_disposition;

INSERT INTO tsp_loops (tsp_loop_id, loop_order, display_name, status, primary_inference_rule, new_concept, witness_summary, next_frontier, planned_closure_criterion, before_state, after_state, completion_disposition)
VALUES ('tsp-loop-578', 578, 'Weighted graph normalization', 'CLOSED', 'tsp-rule-weighted-edge-normalization', 'TSP instance, instance stops, and canonical undirected edges', 'Five required stops and ten canonical edges satisfy n(n-1)/2 for a complete symmetric graph.', 'Represent a route as an auditable ordered witness.', NULL, NULL, NULL, NULL) ON CONFLICT (tsp_loop_id) DO UPDATE SET loop_order = EXCLUDED.loop_order, display_name = EXCLUDED.display_name, status = EXCLUDED.status, primary_inference_rule = EXCLUDED.primary_inference_rule, new_concept = EXCLUDED.new_concept, witness_summary = EXCLUDED.witness_summary, next_frontier = EXCLUDED.next_frontier, planned_closure_criterion = EXCLUDED.planned_closure_criterion, before_state = EXCLUDED.before_state, after_state = EXCLUDED.after_state, completion_disposition = EXCLUDED.completion_disposition;

INSERT INTO tsp_loops (tsp_loop_id, loop_order, display_name, status, primary_inference_rule, new_concept, witness_summary, next_frontier, planned_closure_criterion, before_state, after_state, completion_disposition)
VALUES ('tsp-loop-579', 579, 'Ordered route witness', 'CLOSED', 'tsp-rule-tour-witness-validation', 'Candidate tour, ordered stops, and edge-bound legs', 'The route A-B-C-D-E-A is represented entirely by rows and relationships.', 'Derive route validity and reject a structurally deceptive counterexample.', NULL, NULL, NULL, NULL) ON CONFLICT (tsp_loop_id) DO UPDATE SET loop_order = EXCLUDED.loop_order, display_name = EXCLUDED.display_name, status = EXCLUDED.status, primary_inference_rule = EXCLUDED.primary_inference_rule, new_concept = EXCLUDED.new_concept, witness_summary = EXCLUDED.witness_summary, next_frontier = EXCLUDED.next_frontier, planned_closure_criterion = EXCLUDED.planned_closure_criterion, before_state = EXCLUDED.before_state, after_state = EXCLUDED.after_state, completion_disposition = EXCLUDED.completion_disposition;

INSERT INTO tsp_loops (tsp_loop_id, loop_order, display_name, status, primary_inference_rule, new_concept, witness_summary, next_frontier, planned_closure_criterion, before_state, after_state, completion_disposition)
VALUES ('tsp-loop-580', 580, 'Postgres tour certificate', 'CLOSED', 'tsp-rule-tour-witness-validation', 'Derived Hamiltonian-cycle validity with explicit optimality boundary', 'The reference route validates; A-B-C-B-E-A is rejected for duplicate visitation; both retain IsOptimalityProved=false.', 'Measure how much search remains before adding inference closure.', NULL, NULL, NULL, NULL) ON CONFLICT (tsp_loop_id) DO UPDATE SET loop_order = EXCLUDED.loop_order, display_name = EXCLUDED.display_name, status = EXCLUDED.status, primary_inference_rule = EXCLUDED.primary_inference_rule, new_concept = EXCLUDED.new_concept, witness_summary = EXCLUDED.witness_summary, next_frontier = EXCLUDED.next_frontier, planned_closure_criterion = EXCLUDED.planned_closure_criterion, before_state = EXCLUDED.before_state, after_state = EXCLUDED.after_state, completion_disposition = EXCLUDED.completion_disposition;

INSERT INTO tsp_loops (tsp_loop_id, loop_order, display_name, status, primary_inference_rule, new_concept, witness_summary, next_frontier, planned_closure_criterion, before_state, after_state, completion_disposition)
VALUES ('tsp-loop-581', 581, 'Search baseline', 'CLOSED', 'tsp-rule-degree-two-forcing', 'Search-elimination metrics', 'For five stops with depot and reversal symmetry fixed, twelve route classes remain and zero have yet been eliminated.', 'Implement degree-two forced-edge closure and compare BranchCountAfter against twelve.', NULL, NULL, NULL, NULL) ON CONFLICT (tsp_loop_id) DO UPDATE SET loop_order = EXCLUDED.loop_order, display_name = EXCLUDED.display_name, status = EXCLUDED.status, primary_inference_rule = EXCLUDED.primary_inference_rule, new_concept = EXCLUDED.new_concept, witness_summary = EXCLUDED.witness_summary, next_frontier = EXCLUDED.next_frontier, planned_closure_criterion = EXCLUDED.planned_closure_criterion, before_state = EXCLUDED.before_state, after_state = EXCLUDED.after_state, completion_disposition = EXCLUDED.completion_disposition;

INSERT INTO tsp_loops (tsp_loop_id, loop_order, display_name, status, primary_inference_rule, new_concept, witness_summary, next_frontier, planned_closure_criterion, before_state, after_state, completion_disposition)
VALUES ('tsp-loop-582', 582, 'Frontier obligation vocabulary', 'CLOSED', 'tsp-rule-frontier-obligation-ledger', 'Typed frontier obligations distinct from imported dependencies and residual search', 'Eight current frontier rows classify internal inference, certificates, substrate commissioning, generalization, and residual search; active imported dependencies remain zero.', 'Harden supplied-cycle validity from local leg checks to global transition coverage.', NULL, NULL, NULL, NULL) ON CONFLICT (tsp_loop_id) DO UPDATE SET loop_order = EXCLUDED.loop_order, display_name = EXCLUDED.display_name, status = EXCLUDED.status, primary_inference_rule = EXCLUDED.primary_inference_rule, new_concept = EXCLUDED.new_concept, witness_summary = EXCLUDED.witness_summary, next_frontier = EXCLUDED.next_frontier, planned_closure_criterion = EXCLUDED.planned_closure_criterion, before_state = EXCLUDED.before_state, after_state = EXCLUDED.after_state, completion_disposition = EXCLUDED.completion_disposition;

INSERT INTO tsp_loops (tsp_loop_id, loop_order, display_name, status, primary_inference_rule, new_concept, witness_summary, next_frontier, planned_closure_criterion, before_state, after_state, completion_disposition)
VALUES ('tsp-loop-583', 583, 'Global cycle coverage', 'CLOSED', 'tsp-rule-global-cycle-coverage', 'Exactly one incoming and outgoing transition per ordered visit', 'A candidate with five unique visits and five locally legal legs is rejected because A-B is duplicated and E-A is missing.', 'Prove graph completeness by unordered pair identity, not edge count alone.', NULL, NULL, NULL, NULL) ON CONFLICT (tsp_loop_id) DO UPDATE SET loop_order = EXCLUDED.loop_order, display_name = EXCLUDED.display_name, status = EXCLUDED.status, primary_inference_rule = EXCLUDED.primary_inference_rule, new_concept = EXCLUDED.new_concept, witness_summary = EXCLUDED.witness_summary, next_frontier = EXCLUDED.next_frontier, planned_closure_criterion = EXCLUDED.planned_closure_criterion, before_state = EXCLUDED.before_state, after_state = EXCLUDED.after_state, completion_disposition = EXCLUDED.completion_disposition;

INSERT INTO tsp_loops (tsp_loop_id, loop_order, display_name, status, primary_inference_rule, new_concept, witness_summary, next_frontier, planned_closure_criterion, before_state, after_state, completion_disposition)
VALUES ('tsp-loop-584', 584, 'Canonical edge-pair completeness', 'CLOSED', 'tsp-rule-weighted-edge-normalization', 'Canonical pair key, pair multiplicity, and duplicate-pair negative graph', 'A three-stop graph with the expected three rows is rejected because AB occurs twice and BC is absent.', 'Construct a reusable lower bound from the Hamiltonian degree-two requirement.', NULL, NULL, NULL, NULL) ON CONFLICT (tsp_loop_id) DO UPDATE SET loop_order = EXCLUDED.loop_order, display_name = EXCLUDED.display_name, status = EXCLUDED.status, primary_inference_rule = EXCLUDED.primary_inference_rule, new_concept = EXCLUDED.new_concept, witness_summary = EXCLUDED.witness_summary, next_frontier = EXCLUDED.next_frontier, planned_closure_criterion = EXCLUDED.planned_closure_criterion, before_state = EXCLUDED.before_state, after_state = EXCLUDED.after_state, completion_disposition = EXCLUDED.completion_disposition;

INSERT INTO tsp_loops (tsp_loop_id, loop_order, display_name, status, primary_inference_rule, new_concept, witness_summary, next_frontier, planned_closure_criterion, before_state, after_state, completion_disposition)
VALUES ('tsp-loop-585', 585, 'Degree-two lower bound', 'CLOSED', 'tsp-rule-degree-two-lower-bound', 'Local two-cheapest incident-edge witnesses and global double-counting bound', 'Local bounds 5,5,6,6,6 sum to 28; dividing by two certifies every Gridville tour costs at least 14.', 'Compare the certified lower bound with a valid candidate upper bound.', NULL, NULL, NULL, NULL) ON CONFLICT (tsp_loop_id) DO UPDATE SET loop_order = EXCLUDED.loop_order, display_name = EXCLUDED.display_name, status = EXCLUDED.status, primary_inference_rule = EXCLUDED.primary_inference_rule, new_concept = EXCLUDED.new_concept, witness_summary = EXCLUDED.witness_summary, next_frontier = EXCLUDED.next_frontier, planned_closure_criterion = EXCLUDED.planned_closure_criterion, before_state = EXCLUDED.before_state, after_state = EXCLUDED.after_state, completion_disposition = EXCLUDED.completion_disposition;

INSERT INTO tsp_loops (tsp_loop_id, loop_order, display_name, status, primary_inference_rule, new_concept, witness_summary, next_frontier, planned_closure_criterion, before_state, after_state, completion_disposition)
VALUES ('tsp-loop-586', 586, 'Gridville finite optimality', 'CLOSED', 'tsp-rule-bound-equality-optimality', 'Finite-instance optimality by lower-bound equality', 'The valid reference tour costs 14 and the certified lower bound is 14, so it is optimal for tsp-gridville-5 without route enumeration.', 'Reconstruct the cycle from inferred structural edges rather than a supplied route.', NULL, NULL, NULL, NULL) ON CONFLICT (tsp_loop_id) DO UPDATE SET loop_order = EXCLUDED.loop_order, display_name = EXCLUDED.display_name, status = EXCLUDED.status, primary_inference_rule = EXCLUDED.primary_inference_rule, new_concept = EXCLUDED.new_concept, witness_summary = EXCLUDED.witness_summary, next_frontier = EXCLUDED.next_frontier, planned_closure_criterion = EXCLUDED.planned_closure_criterion, before_state = EXCLUDED.before_state, after_state = EXCLUDED.after_state, completion_disposition = EXCLUDED.completion_disposition;

INSERT INTO tsp_loops (tsp_loop_id, loop_order, display_name, status, primary_inference_rule, new_concept, witness_summary, next_frontier, planned_closure_criterion, before_state, after_state, completion_disposition)
VALUES ('tsp-loop-587', 587, 'Postgres commissioning attempt', 'BLOCKED', 'tsp-rule-substrate-commissioning', 'Postgres commissioning attempt', 'Commissioning attempted and recorded as BLOCKED: missing required executable(s): effortless. No green substrate claim was made.', 'Create a first-class inference application spine independent of substrate availability.', 'Run the generated Postgres projection, recreate erb_traveling_salesman, compare vw_* results with Python, and record artifact hashes; otherwise record the exact blocking substrate condition.', 'frontier-postgres-commissioning is OPEN; no execution-run certificate exists', 'Commissioning attempted and recorded as BLOCKED: missing required executable(s): effortless. No green substrate claim was made.', 'BLOCKED') ON CONFLICT (tsp_loop_id) DO UPDATE SET loop_order = EXCLUDED.loop_order, display_name = EXCLUDED.display_name, status = EXCLUDED.status, primary_inference_rule = EXCLUDED.primary_inference_rule, new_concept = EXCLUDED.new_concept, witness_summary = EXCLUDED.witness_summary, next_frontier = EXCLUDED.next_frontier, planned_closure_criterion = EXCLUDED.planned_closure_criterion, before_state = EXCLUDED.before_state, after_state = EXCLUDED.after_state, completion_disposition = EXCLUDED.completion_disposition;

INSERT INTO tsp_loops (tsp_loop_id, loop_order, display_name, status, primary_inference_rule, new_concept, witness_summary, next_frontier, planned_closure_criterion, before_state, after_state, completion_disposition)
VALUES ('tsp-loop-588', 588, 'Inference application spine', 'CLOSED', 'tsp-rule-inference-application-spine', 'Inference application spine', 'Represented 5 applications, 5 antecedents, 5 selected edge states, and 10 supports; no edge was labeled FORCED.', 'Union supported edge selections into a derived structural edge set.', 'Represent local-bound applications, antecedents, selected edge states, and support rows without upgrading selected edges to forced edges.', 'Inference rules exist, but individual applications, antecedents, edge decisions, and supports are not first-class rows.', 'Represented 5 applications, 5 antecedents, 5 selected edge states, and 10 supports; no edge was labeled FORCED.', 'CLOSED') ON CONFLICT (tsp_loop_id) DO UPDATE SET loop_order = EXCLUDED.loop_order, display_name = EXCLUDED.display_name, status = EXCLUDED.status, primary_inference_rule = EXCLUDED.primary_inference_rule, new_concept = EXCLUDED.new_concept, witness_summary = EXCLUDED.witness_summary, next_frontier = EXCLUDED.next_frontier, planned_closure_criterion = EXCLUDED.planned_closure_criterion, before_state = EXCLUDED.before_state, after_state = EXCLUDED.after_state, completion_disposition = EXCLUDED.completion_disposition;

INSERT INTO tsp_loops (tsp_loop_id, loop_order, display_name, status, primary_inference_rule, new_concept, witness_summary, next_frontier, planned_closure_criterion, before_state, after_state, completion_disposition)
VALUES ('tsp-loop-589', 589, 'Gridville inferred edge set', 'CLOSED', 'tsp-rule-local-bound-edge-union', 'Gridville inferred edge set', 'Derived 5 unique edges [''edge-a-b'', ''edge-a-e'', ''edge-b-c'', ''edge-c-d'', ''edge-d-e''] at total cost 14; no CandidateTour/TourStop/TourLeg row was an antecedent.', 'Prove the derived edge set is connected and degree two at every required stop.', 'Derive exactly five unique Gridville edges from LocalDegreeBounds and support rows, without using CandidateTour, TourStop, or TourLeg as antecedents.', 'Local degree bounds identify edges independently at stops, but their deduplicated union is not a first-class object.', 'Derived 5 unique edges [''edge-a-b'', ''edge-a-e'', ''edge-b-c'', ''edge-c-d'', ''edge-d-e''] at total cost 14; no CandidateTour/TourStop/TourLeg row was an antecedent.', 'CLOSED') ON CONFLICT (tsp_loop_id) DO UPDATE SET loop_order = EXCLUDED.loop_order, display_name = EXCLUDED.display_name, status = EXCLUDED.status, primary_inference_rule = EXCLUDED.primary_inference_rule, new_concept = EXCLUDED.new_concept, witness_summary = EXCLUDED.witness_summary, next_frontier = EXCLUDED.next_frontier, planned_closure_criterion = EXCLUDED.planned_closure_criterion, before_state = EXCLUDED.before_state, after_state = EXCLUDED.after_state, completion_disposition = EXCLUDED.completion_disposition;

INSERT INTO tsp_loops (tsp_loop_id, loop_order, display_name, status, primary_inference_rule, new_concept, witness_summary, next_frontier, planned_closure_criterion, before_state, after_state, completion_disposition)
VALUES ('tsp-loop-590', 590, 'Connected degree-two certificate', 'CLOSED', 'tsp-rule-connected-degree-two-certificate', 'Connected degree-two certificate', 'All five stops have selected degree two; component count=1, spanning-tree edges=4, proper subtours=0.', 'Reconstruct an ordered cycle from the certified edge set.', 'Witness selected degree two at all five stops, one connected component, a four-edge spanning tree, and zero proper subtours.', 'The inferred Gridville edge union has no represented degree, component, spanning-tree, or subtour certificate.', 'All five stops have selected degree two; component count=1, spanning-tree edges=4, proper subtours=0.', 'CLOSED') ON CONFLICT (tsp_loop_id) DO UPDATE SET loop_order = EXCLUDED.loop_order, display_name = EXCLUDED.display_name, status = EXCLUDED.status, primary_inference_rule = EXCLUDED.primary_inference_rule, new_concept = EXCLUDED.new_concept, witness_summary = EXCLUDED.witness_summary, next_frontier = EXCLUDED.next_frontier, planned_closure_criterion = EXCLUDED.planned_closure_criterion, before_state = EXCLUDED.before_state, after_state = EXCLUDED.after_state, completion_disposition = EXCLUDED.completion_disposition;

INSERT INTO tsp_loops (tsp_loop_id, loop_order, display_name, status, primary_inference_rule, new_concept, witness_summary, next_frontier, planned_closure_criterion, before_state, after_state, completion_disposition)
VALUES ('tsp-loop-591', 591, 'Route reconstruction', 'CLOSED', 'tsp-rule-route-reconstruction', 'Route reconstruction', 'Reconstructed stop-a -> stop-b -> stop-c -> stop-d -> stop-e -> stop-a at cost 14; CandidateUsedAsAntecedent=false and the supplied route is comparison-only.', 'Derive route-class and branch-elimination metrics from the reconstructed result.', 'Starting at the depot with deterministic orientation, project five ordered reconstruction steps from the inferred edge set with CandidateUsedAsAntecedent=false.', 'Gridville has a certified cycle edge set, but the only ordered route rows are supplied candidates.', 'Reconstructed stop-a -> stop-b -> stop-c -> stop-d -> stop-e -> stop-a at cost 14; CandidateUsedAsAntecedent=false and the supplied route is comparison-only.', 'CLOSED') ON CONFLICT (tsp_loop_id) DO UPDATE SET loop_order = EXCLUDED.loop_order, display_name = EXCLUDED.display_name, status = EXCLUDED.status, primary_inference_rule = EXCLUDED.primary_inference_rule, new_concept = EXCLUDED.new_concept, witness_summary = EXCLUDED.witness_summary, next_frontier = EXCLUDED.next_frontier, planned_closure_criterion = EXCLUDED.planned_closure_criterion, before_state = EXCLUDED.before_state, after_state = EXCLUDED.after_state, completion_disposition = EXCLUDED.completion_disposition;

INSERT INTO tsp_loops (tsp_loop_id, loop_order, display_name, status, primary_inference_rule, new_concept, witness_summary, next_frontier, planned_closure_criterion, before_state, after_state, completion_disposition)
VALUES ('tsp-loop-592', 592, 'Derived search accounting', 'CLOSED', 'tsp-rule-derived-search-accounting', 'Derived search accounting', 'Derived 12 initial route classes, one surviving reconstructed class, zero branch decisions, zero backtracks, and zero residual ambiguity.', 'Add a fixture where the degree-two lower bound is sound but non-tight.', 'Derive 12 initial symmetry-reduced classes, one surviving reconstructed class, zero branch decisions, zero backtracks, and zero residual ambiguity for Gridville.', 'Route-discovery counts are recorded as baseline data and are not tied to a structural reconstruction certificate.', 'Derived 12 initial route classes, one surviving reconstructed class, zero branch decisions, zero backtracks, and zero residual ambiguity.', 'CLOSED') ON CONFLICT (tsp_loop_id) DO UPDATE SET loop_order = EXCLUDED.loop_order, display_name = EXCLUDED.display_name, status = EXCLUDED.status, primary_inference_rule = EXCLUDED.primary_inference_rule, new_concept = EXCLUDED.new_concept, witness_summary = EXCLUDED.witness_summary, next_frontier = EXCLUDED.next_frontier, planned_closure_criterion = EXCLUDED.planned_closure_criterion, before_state = EXCLUDED.before_state, after_state = EXCLUDED.after_state, completion_disposition = EXCLUDED.completion_disposition;

INSERT INTO tsp_loops (tsp_loop_id, loop_order, display_name, status, primary_inference_rule, new_concept, witness_summary, next_frontier, planned_closure_criterion, before_state, after_state, completion_disposition)
VALUES ('tsp-loop-593', 593, 'Non-tight twin-triangles fixture', 'CLOSED', 'tsp-rule-non-tight-lower-bound-counterexample', 'Non-tight twin-triangles fixture', 'Twin triangles: certified degree-two lower bound 6, feasible candidate cost 24, selected component count 2, proper subtours 2; no optimality or reconstruction certificate emitted.', 'Implement generic degree-two forcing on a sparse availability fixture.', 'Represent six stops in two cheap triangles with expensive crossings; certify lower bound 6, candidate cost 24, two selected components, and no optimality or route-reconstruction certificate.', 'The only positive fixture has a tight degree-two lower bound, so failure behavior is not represented.', 'Twin triangles: certified degree-two lower bound 6, feasible candidate cost 24, selected component count 2, proper subtours 2; no optimality or reconstruction certificate emitted.', 'CLOSED') ON CONFLICT (tsp_loop_id) DO UPDATE SET loop_order = EXCLUDED.loop_order, display_name = EXCLUDED.display_name, status = EXCLUDED.status, primary_inference_rule = EXCLUDED.primary_inference_rule, new_concept = EXCLUDED.new_concept, witness_summary = EXCLUDED.witness_summary, next_frontier = EXCLUDED.next_frontier, planned_closure_criterion = EXCLUDED.planned_closure_criterion, before_state = EXCLUDED.before_state, after_state = EXCLUDED.after_state, completion_disposition = EXCLUDED.completion_disposition;

INSERT INTO tsp_loops (tsp_loop_id, loop_order, display_name, status, primary_inference_rule, new_concept, witness_summary, next_frontier, planned_closure_criterion, before_state, after_state, completion_disposition)
VALUES ('tsp-loop-594', 594, 'Degree-two forced-edge closure', 'CLOSED', 'tsp-rule-degree-two-forcing', 'Degree-two forced-edge closure', 'Sparse fixture forced five ring edges from degree-two stops with zero branch decisions; B-D remains for saturation propagation.', 'Propagate degree saturation and proper-subtour forbidden-edge consequences.', 'On a sparse five-stop fixture, stops with exactly two available incident edges force the five cycle edges with zero branching.', 'Degree-two forcing is declared but has no executable state, round, or decision certificates.', 'Sparse fixture forced five ring edges from degree-two stops with zero branch decisions; B-D remains for saturation propagation.', 'CLOSED') ON CONFLICT (tsp_loop_id) DO UPDATE SET loop_order = EXCLUDED.loop_order, display_name = EXCLUDED.display_name, status = EXCLUDED.status, primary_inference_rule = EXCLUDED.primary_inference_rule, new_concept = EXCLUDED.new_concept, witness_summary = EXCLUDED.witness_summary, next_frontier = EXCLUDED.next_frontier, planned_closure_criterion = EXCLUDED.planned_closure_criterion, before_state = EXCLUDED.before_state, after_state = EXCLUDED.after_state, completion_disposition = EXCLUDED.completion_disposition;

INSERT INTO tsp_loops (tsp_loop_id, loop_order, display_name, status, primary_inference_rule, new_concept, witness_summary, next_frontier, planned_closure_criterion, before_state, after_state, completion_disposition)
VALUES ('tsp-loop-595', 595, 'Forbidden-edge propagation', 'CLOSED', 'tsp-rule-forbidden-edge-propagation', 'Forbidden-edge propagation', 'Forbade sparse B-D by degree saturation and twin WA-WC by proper-subtour prevention; both decisions are deterministic and branch-free.', 'Contract neighborhood internals into finite boundary states.', 'Forbid the sparse B-D chord by degree saturation and forbid a twin-triangle closing edge because it would close a proper subtour, with replayable reason codes.', 'Forced edges do not yet emit deterministic forbidden-edge consequences or premature-subtour exclusions.', 'Forbade sparse B-D by degree saturation and twin WA-WC by proper-subtour prevention; both decisions are deterministic and branch-free.', 'CLOSED') ON CONFLICT (tsp_loop_id) DO UPDATE SET loop_order = EXCLUDED.loop_order, display_name = EXCLUDED.display_name, status = EXCLUDED.status, primary_inference_rule = EXCLUDED.primary_inference_rule, new_concept = EXCLUDED.new_concept, witness_summary = EXCLUDED.witness_summary, next_frontier = EXCLUDED.next_frontier, planned_closure_criterion = EXCLUDED.planned_closure_criterion, before_state = EXCLUDED.before_state, after_state = EXCLUDED.after_state, completion_disposition = EXCLUDED.completion_disposition;

INSERT INTO tsp_loops (tsp_loop_id, loop_order, display_name, status, primary_inference_rule, new_concept, witness_summary, next_frontier, planned_closure_criterion, before_state, after_state, completion_disposition)
VALUES ('tsp-loop-596', 596, 'Neighborhood boundary-state contraction v0', 'CLOSED', 'tsp-rule-neighborhood-boundary-state', 'Neighborhood boundary-state contraction v0', 'Each twin-triangle neighborhood contracts six raw internal orders to three undirected boundary states (50%); paired composition contracts 36 combinations to nine (75%) with cost-preserving path witnesses.', 'Generalize boundary-state soundness across non-triangular clusters and then branch only on residual city-level ambiguity.', 'For each three-stop twin-triangle neighborhood, derive three undirected entry/exit Hamiltonian-path states, reduce six internal orders to three states, and reduce 36 paired internal orders to nine paired boundary-state combinations.', 'Neighborhood rows are geographic labels only; no executable entry/exit path states or contraction certificate exists.', 'Each twin-triangle neighborhood contracts six raw internal orders to three undirected boundary states (50%); paired composition contracts 36 combinations to nine (75%) with cost-preserving path witnesses.', 'CLOSED') ON CONFLICT (tsp_loop_id) DO UPDATE SET loop_order = EXCLUDED.loop_order, display_name = EXCLUDED.display_name, status = EXCLUDED.status, primary_inference_rule = EXCLUDED.primary_inference_rule, new_concept = EXCLUDED.new_concept, witness_summary = EXCLUDED.witness_summary, next_frontier = EXCLUDED.next_frontier, planned_closure_criterion = EXCLUDED.planned_closure_criterion, before_state = EXCLUDED.before_state, after_state = EXCLUDED.after_state, completion_disposition = EXCLUDED.completion_disposition;

-- ----------------------------------------------------------------------------
-- SearchMetrics: Quantitative record of how much combinatorial search remains after each represented inference stage.
-- ----------------------------------------------------------------------------
INSERT INTO search_metrics (search_metric_id, tsp_instance, tsp_loop, search_question, candidate_tour, raw_node_count, raw_edge_count, forced_edge_count, forbidden_edge_count, symmetry_class_count, component_contraction_count, branch_count_before, branch_count_after, backtrack_count, residual_ambiguity_count, status)
VALUES ('search-baseline-gridville-5', 'tsp-gridville-5', 'tsp-loop-581', 'DISCOVER_ROUTE_WITHOUT_SUPPLIED_CANDIDATE', NULL, 5, 10, 0, 0, 12, 0, 12, 12, 0, 12, 'ROUTE_DISCOVERY_BASELINE_NO_CLOSURE') ON CONFLICT (search_metric_id) DO UPDATE SET tsp_instance = EXCLUDED.tsp_instance, tsp_loop = EXCLUDED.tsp_loop, search_question = EXCLUDED.search_question, candidate_tour = EXCLUDED.candidate_tour, raw_node_count = EXCLUDED.raw_node_count, raw_edge_count = EXCLUDED.raw_edge_count, forced_edge_count = EXCLUDED.forced_edge_count, forbidden_edge_count = EXCLUDED.forbidden_edge_count, symmetry_class_count = EXCLUDED.symmetry_class_count, component_contraction_count = EXCLUDED.component_contraction_count, branch_count_before = EXCLUDED.branch_count_before, branch_count_after = EXCLUDED.branch_count_after, backtrack_count = EXCLUDED.backtrack_count, residual_ambiguity_count = EXCLUDED.residual_ambiguity_count, status = EXCLUDED.status;

INSERT INTO search_metrics (search_metric_id, tsp_instance, tsp_loop, search_question, candidate_tour, raw_node_count, raw_edge_count, forced_edge_count, forbidden_edge_count, symmetry_class_count, component_contraction_count, branch_count_before, branch_count_after, backtrack_count, residual_ambiguity_count, status)
VALUES ('search-optimality-verification-gridville-5', 'tsp-gridville-5', 'tsp-loop-586', 'VERIFY_OPTIMALITY_OF_SUPPLIED_CANDIDATE', 'tour-reference-ring', 5, 10, 0, 0, 12, 0, 12, 0, 0, 0, 'OPTIMALITY_VERIFICATION_CLOSED_BY_BOUND_EQUALITY') ON CONFLICT (search_metric_id) DO UPDATE SET tsp_instance = EXCLUDED.tsp_instance, tsp_loop = EXCLUDED.tsp_loop, search_question = EXCLUDED.search_question, candidate_tour = EXCLUDED.candidate_tour, raw_node_count = EXCLUDED.raw_node_count, raw_edge_count = EXCLUDED.raw_edge_count, forced_edge_count = EXCLUDED.forced_edge_count, forbidden_edge_count = EXCLUDED.forbidden_edge_count, symmetry_class_count = EXCLUDED.symmetry_class_count, component_contraction_count = EXCLUDED.component_contraction_count, branch_count_before = EXCLUDED.branch_count_before, branch_count_after = EXCLUDED.branch_count_after, backtrack_count = EXCLUDED.backtrack_count, residual_ambiguity_count = EXCLUDED.residual_ambiguity_count, status = EXCLUDED.status;

-- ----------------------------------------------------------------------------
-- TSPInvariantChecks: Rulebook-native acceptance checks comparing expected raw outcomes to derived candidate-tour fields.
-- ----------------------------------------------------------------------------
INSERT INTO tsp_invariant_checks (tsp_invariant_check_id, display_name, candidate_tour, expected_hamiltonian_cycle_witness, expected_optimality_proved, expected_total_travel_cost)
VALUES ('check-reference-route', 'Reference route validates and matches the certified finite-instance lower bound', 'tour-reference-ring', TRUE, TRUE, 14) ON CONFLICT (tsp_invariant_check_id) DO UPDATE SET display_name = EXCLUDED.display_name, candidate_tour = EXCLUDED.candidate_tour, expected_hamiltonian_cycle_witness = EXCLUDED.expected_hamiltonian_cycle_witness, expected_optimality_proved = EXCLUDED.expected_optimality_proved, expected_total_travel_cost = EXCLUDED.expected_total_travel_cost;

INSERT INTO tsp_invariant_checks (tsp_invariant_check_id, display_name, candidate_tour, expected_hamiltonian_cycle_witness, expected_optimality_proved, expected_total_travel_cost)
VALUES ('check-duplicate-route', 'Duplicate-stop route is rejected', 'tour-duplicate-b', FALSE, FALSE, 17) ON CONFLICT (tsp_invariant_check_id) DO UPDATE SET display_name = EXCLUDED.display_name, candidate_tour = EXCLUDED.candidate_tour, expected_hamiltonian_cycle_witness = EXCLUDED.expected_hamiltonian_cycle_witness, expected_optimality_proved = EXCLUDED.expected_optimality_proved, expected_total_travel_cost = EXCLUDED.expected_total_travel_cost;

INSERT INTO tsp_invariant_checks (tsp_invariant_check_id, display_name, candidate_tour, expected_hamiltonian_cycle_witness, expected_optimality_proved, expected_total_travel_cost)
VALUES ('check-missing-close-duplicate-transition', 'Locally legal legs cannot hide duplicated and missing global transitions', 'tour-missing-close-duplicate-ab', FALSE, FALSE, 13) ON CONFLICT (tsp_invariant_check_id) DO UPDATE SET display_name = EXCLUDED.display_name, candidate_tour = EXCLUDED.candidate_tour, expected_hamiltonian_cycle_witness = EXCLUDED.expected_hamiltonian_cycle_witness, expected_optimality_proved = EXCLUDED.expected_optimality_proved, expected_total_travel_cost = EXCLUDED.expected_total_travel_cost;

