-- ============================================================================
-- INSERT DATA - Load data from rulebook
-- ============================================================================
-- Generated by rulebook-to-postgres tool
-- Mode: check-add    Stage: dev
-- PK strategy: string (FK values are rewritten to match each PK)
-- ============================================================================

-- ----------------------------------------------------------------------------
-- Cities: Cities provide the outer spatial boundary for TSP instances.
-- ----------------------------------------------------------------------------
INSERT INTO cities (city_id, display_name, country_code, coordinate_system, description)
VALUES ('gridville', 'Gridville', 'US', 'LOCAL_INTEGER_GRID_V1', 'Deterministic five-address fixture used to bring the TSP Postgres substrate online.') ON CONFLICT (city_id) DO UPDATE SET display_name = EXCLUDED.display_name, country_code = EXCLUDED.country_code, coordinate_system = EXCLUDED.coordinate_system, description = EXCLUDED.description;

-- ----------------------------------------------------------------------------
-- Neighborhoods: Neighborhoods partition a city into first-class spatial clusters.
-- ----------------------------------------------------------------------------
INSERT INTO neighborhoods (neighborhood_id, display_name, city, cluster_kind, is_quotient_node, quotient_node_kind, required_boundary_degree, quotient_scope_id)
VALUES ('gridville-downtown', 'Downtown', 'gridville', 'CORE', FALSE, NULL, NULL, NULL) ON CONFLICT (neighborhood_id) DO UPDATE SET display_name = EXCLUDED.display_name, city = EXCLUDED.city, cluster_kind = EXCLUDED.cluster_kind, is_quotient_node = EXCLUDED.is_quotient_node, quotient_node_kind = EXCLUDED.quotient_node_kind, required_boundary_degree = EXCLUDED.required_boundary_degree, quotient_scope_id = EXCLUDED.quotient_scope_id;

INSERT INTO neighborhoods (neighborhood_id, display_name, city, cluster_kind, is_quotient_node, quotient_node_kind, required_boundary_degree, quotient_scope_id)
VALUES ('gridville-north', 'North Hills', 'gridville', 'RESIDENTIAL', FALSE, NULL, NULL, NULL) ON CONFLICT (neighborhood_id) DO UPDATE SET display_name = EXCLUDED.display_name, city = EXCLUDED.city, cluster_kind = EXCLUDED.cluster_kind, is_quotient_node = EXCLUDED.is_quotient_node, quotient_node_kind = EXCLUDED.quotient_node_kind, required_boundary_degree = EXCLUDED.required_boundary_degree, quotient_scope_id = EXCLUDED.quotient_scope_id;

INSERT INTO neighborhoods (neighborhood_id, display_name, city, cluster_kind, is_quotient_node, quotient_node_kind, required_boundary_degree, quotient_scope_id)
VALUES ('gridville-south', 'South Market', 'gridville', 'MIXED_USE', FALSE, NULL, NULL, NULL) ON CONFLICT (neighborhood_id) DO UPDATE SET display_name = EXCLUDED.display_name, city = EXCLUDED.city, cluster_kind = EXCLUDED.cluster_kind, is_quotient_node = EXCLUDED.is_quotient_node, quotient_node_kind = EXCLUDED.quotient_node_kind, required_boundary_degree = EXCLUDED.required_boundary_degree, quotient_scope_id = EXCLUDED.quotient_scope_id;

INSERT INTO neighborhoods (neighborhood_id, display_name, city, cluster_kind, is_quotient_node, quotient_node_kind, required_boundary_degree, quotient_scope_id)
VALUES ('gridville-west-triangle', 'West Triangle', 'gridville', 'TSP_CLUSTER_FIXTURE', TRUE, 'CONNECTED_COMPONENT_BOUNDARY_OBJECT', 2, 'tsp-twin-triangles-6') ON CONFLICT (neighborhood_id) DO UPDATE SET display_name = EXCLUDED.display_name, city = EXCLUDED.city, cluster_kind = EXCLUDED.cluster_kind, is_quotient_node = EXCLUDED.is_quotient_node, quotient_node_kind = EXCLUDED.quotient_node_kind, required_boundary_degree = EXCLUDED.required_boundary_degree, quotient_scope_id = EXCLUDED.quotient_scope_id;

INSERT INTO neighborhoods (neighborhood_id, display_name, city, cluster_kind, is_quotient_node, quotient_node_kind, required_boundary_degree, quotient_scope_id)
VALUES ('gridville-east-triangle', 'East Triangle', 'gridville', 'TSP_CLUSTER_FIXTURE', TRUE, 'CONNECTED_COMPONENT_BOUNDARY_OBJECT', 2, 'tsp-twin-triangles-6') ON CONFLICT (neighborhood_id) DO UPDATE SET display_name = EXCLUDED.display_name, city = EXCLUDED.city, cluster_kind = EXCLUDED.cluster_kind, is_quotient_node = EXCLUDED.is_quotient_node, quotient_node_kind = EXCLUDED.quotient_node_kind, required_boundary_degree = EXCLUDED.required_boundary_degree, quotient_scope_id = EXCLUDED.quotient_scope_id;

-- ----------------------------------------------------------------------------
-- Addresses: Addresses are visitable physical locations. Coordinates support visualization; edge costs remain explicit graph data.
-- ----------------------------------------------------------------------------
INSERT INTO addresses (address_id, street_label, neighborhood, x_coordinate, y_coordinate, is_depot_candidate)
VALUES ('addr-a-depot', '1 Center Plaza', 'gridville-downtown', 0, 0, TRUE) ON CONFLICT (address_id) DO UPDATE SET street_label = EXCLUDED.street_label, neighborhood = EXCLUDED.neighborhood, x_coordinate = EXCLUDED.x_coordinate, y_coordinate = EXCLUDED.y_coordinate, is_depot_candidate = EXCLUDED.is_depot_candidate;

INSERT INTO addresses (address_id, street_label, neighborhood, x_coordinate, y_coordinate, is_depot_candidate)
VALUES ('addr-b-market', '20 Market Street', 'gridville-downtown', 2, 0, FALSE) ON CONFLICT (address_id) DO UPDATE SET street_label = EXCLUDED.street_label, neighborhood = EXCLUDED.neighborhood, x_coordinate = EXCLUDED.x_coordinate, y_coordinate = EXCLUDED.y_coordinate, is_depot_candidate = EXCLUDED.is_depot_candidate;

INSERT INTO addresses (address_id, street_label, neighborhood, x_coordinate, y_coordinate, is_depot_candidate)
VALUES ('addr-c-north', '300 North Avenue', 'gridville-north', 3, 2, FALSE) ON CONFLICT (address_id) DO UPDATE SET street_label = EXCLUDED.street_label, neighborhood = EXCLUDED.neighborhood, x_coordinate = EXCLUDED.x_coordinate, y_coordinate = EXCLUDED.y_coordinate, is_depot_candidate = EXCLUDED.is_depot_candidate;

INSERT INTO addresses (address_id, street_label, neighborhood, x_coordinate, y_coordinate, is_depot_candidate)
VALUES ('addr-d-hill', '44 Hill Road', 'gridville-north', 1, 3, FALSE) ON CONFLICT (address_id) DO UPDATE SET street_label = EXCLUDED.street_label, neighborhood = EXCLUDED.neighborhood, x_coordinate = EXCLUDED.x_coordinate, y_coordinate = EXCLUDED.y_coordinate, is_depot_candidate = EXCLUDED.is_depot_candidate;

INSERT INTO addresses (address_id, street_label, neighborhood, x_coordinate, y_coordinate, is_depot_candidate)
VALUES ('addr-e-south', '9 South Lane', 'gridville-south', -1, 2, FALSE) ON CONFLICT (address_id) DO UPDATE SET street_label = EXCLUDED.street_label, neighborhood = EXCLUDED.neighborhood, x_coordinate = EXCLUDED.x_coordinate, y_coordinate = EXCLUDED.y_coordinate, is_depot_candidate = EXCLUDED.is_depot_candidate;

INSERT INTO addresses (address_id, street_label, neighborhood, x_coordinate, y_coordinate, is_depot_candidate)
VALUES ('addr-wa', 'Twin WA', 'gridville-west-triangle', 10, 0, TRUE) ON CONFLICT (address_id) DO UPDATE SET street_label = EXCLUDED.street_label, neighborhood = EXCLUDED.neighborhood, x_coordinate = EXCLUDED.x_coordinate, y_coordinate = EXCLUDED.y_coordinate, is_depot_candidate = EXCLUDED.is_depot_candidate;

INSERT INTO addresses (address_id, street_label, neighborhood, x_coordinate, y_coordinate, is_depot_candidate)
VALUES ('addr-wb', 'Twin WB', 'gridville-west-triangle', 11, 1, FALSE) ON CONFLICT (address_id) DO UPDATE SET street_label = EXCLUDED.street_label, neighborhood = EXCLUDED.neighborhood, x_coordinate = EXCLUDED.x_coordinate, y_coordinate = EXCLUDED.y_coordinate, is_depot_candidate = EXCLUDED.is_depot_candidate;

INSERT INTO addresses (address_id, street_label, neighborhood, x_coordinate, y_coordinate, is_depot_candidate)
VALUES ('addr-wc', 'Twin WC', 'gridville-west-triangle', 12, 0, FALSE) ON CONFLICT (address_id) DO UPDATE SET street_label = EXCLUDED.street_label, neighborhood = EXCLUDED.neighborhood, x_coordinate = EXCLUDED.x_coordinate, y_coordinate = EXCLUDED.y_coordinate, is_depot_candidate = EXCLUDED.is_depot_candidate;

INSERT INTO addresses (address_id, street_label, neighborhood, x_coordinate, y_coordinate, is_depot_candidate)
VALUES ('addr-ed', 'Twin ED', 'gridville-east-triangle', 20, 0, FALSE) ON CONFLICT (address_id) DO UPDATE SET street_label = EXCLUDED.street_label, neighborhood = EXCLUDED.neighborhood, x_coordinate = EXCLUDED.x_coordinate, y_coordinate = EXCLUDED.y_coordinate, is_depot_candidate = EXCLUDED.is_depot_candidate;

INSERT INTO addresses (address_id, street_label, neighborhood, x_coordinate, y_coordinate, is_depot_candidate)
VALUES ('addr-ee', 'Twin EE', 'gridville-east-triangle', 21, 1, FALSE) ON CONFLICT (address_id) DO UPDATE SET street_label = EXCLUDED.street_label, neighborhood = EXCLUDED.neighborhood, x_coordinate = EXCLUDED.x_coordinate, y_coordinate = EXCLUDED.y_coordinate, is_depot_candidate = EXCLUDED.is_depot_candidate;

INSERT INTO addresses (address_id, street_label, neighborhood, x_coordinate, y_coordinate, is_depot_candidate)
VALUES ('addr-ef', 'Twin EF', 'gridville-east-triangle', 22, 0, FALSE) ON CONFLICT (address_id) DO UPDATE SET street_label = EXCLUDED.street_label, neighborhood = EXCLUDED.neighborhood, x_coordinate = EXCLUDED.x_coordinate, y_coordinate = EXCLUDED.y_coordinate, is_depot_candidate = EXCLUDED.is_depot_candidate;

-- ----------------------------------------------------------------------------
-- TSPInstances: One finite Traveling Salesman problem instance over required city addresses.
-- ----------------------------------------------------------------------------
INSERT INTO tsp_instances (tsp_instance_id, display_name, city, depot_address, distance_model, is_symmetric, status, search_policy, notes)
VALUES ('tsp-gridville-5', 'Gridville Five-Address Baseline', 'gridville', 'addr-a-depot', 'EXPLICIT_SYMMETRIC_COST', TRUE, 'NORMALIZED', 'SEMANTIC_CLOSURE_BEFORE_SEARCH', 'A five-stop complete weighted graph. It calibrates representation and tour validation; it does not establish a general TSP algorithm.') ON CONFLICT (tsp_instance_id) DO UPDATE SET display_name = EXCLUDED.display_name, city = EXCLUDED.city, depot_address = EXCLUDED.depot_address, distance_model = EXCLUDED.distance_model, is_symmetric = EXCLUDED.is_symmetric, status = EXCLUDED.status, search_policy = EXCLUDED.search_policy, notes = EXCLUDED.notes;

INSERT INTO tsp_instances (tsp_instance_id, display_name, city, depot_address, distance_model, is_symmetric, status, search_policy, notes)
VALUES ('tsp-gridville-broken-3', 'Gridville Three-Stop Duplicate-Pair Counterexample', 'gridville', 'addr-a-depot', 'EXPLICIT_SYMMETRIC_COST', TRUE, 'NEGATIVE_NORMALIZATION_FIXTURE', 'NO_SEARCH_GRAPH_VALIDATION_ONLY', 'Three edge rows equal n(n-1)/2, but AB appears twice and BC is missing; count alone must not certify completeness.') ON CONFLICT (tsp_instance_id) DO UPDATE SET display_name = EXCLUDED.display_name, city = EXCLUDED.city, depot_address = EXCLUDED.depot_address, distance_model = EXCLUDED.distance_model, is_symmetric = EXCLUDED.is_symmetric, status = EXCLUDED.status, search_policy = EXCLUDED.search_policy, notes = EXCLUDED.notes;

INSERT INTO tsp_instances (tsp_instance_id, display_name, city, depot_address, distance_model, is_symmetric, status, search_policy, notes)
VALUES ('tsp-twin-triangles-6', 'Twin Triangles Six-Stop Non-Tight Bound', 'gridville', 'addr-wa', 'EXPLICIT_SYMMETRIC_COST', TRUE, 'NON_TIGHT_BOUND_FIXTURE', 'SEMANTIC_CLOSURE_BEFORE_SEARCH', 'Two cheap internal triangles and expensive crossings; local degree-two bound is sound but disconnected and non-tight.') ON CONFLICT (tsp_instance_id) DO UPDATE SET display_name = EXCLUDED.display_name, city = EXCLUDED.city, depot_address = EXCLUDED.depot_address, distance_model = EXCLUDED.distance_model, is_symmetric = EXCLUDED.is_symmetric, status = EXCLUDED.status, search_policy = EXCLUDED.search_policy, notes = EXCLUDED.notes;

INSERT INTO tsp_instances (tsp_instance_id, display_name, city, depot_address, distance_model, is_symmetric, status, search_policy, notes)
VALUES ('tsp-sparse-forcing-5', 'Sparse degree-two forcing fixture', 'gridville', 'addr-a-depot', 'EXPLICIT_SYMMETRIC_COST_WITH_AVAILABILITY', TRUE, 'SPARSE_CONSTRAINT_FIXTURE', 'CONSTRAINT_CLOSURE_BEFORE_SEARCH', 'Only the five ring edges and one B-D chord are available; degree-two forcing selects the ring without branching.') ON CONFLICT (tsp_instance_id) DO UPDATE SET display_name = EXCLUDED.display_name, city = EXCLUDED.city, depot_address = EXCLUDED.depot_address, distance_model = EXCLUDED.distance_model, is_symmetric = EXCLUDED.is_symmetric, status = EXCLUDED.status, search_policy = EXCLUDED.search_policy, notes = EXCLUDED.notes;

-- ----------------------------------------------------------------------------
-- TSPGraphInvariantChecks: Graph-normalization acceptance checks, including a count-preserving duplicate-pair counterexample.
-- ----------------------------------------------------------------------------
INSERT INTO tsp_graph_invariant_checks (tsp_graph_invariant_check_id, display_name, tsp_instance, expected_complete_undirected_graph, expected_travel_edge_count, expected_non_unique_edge_pair_rows)
VALUES ('check-gridville-complete-graph', 'Gridville five-stop graph has one edge per unordered pair', 'tsp-gridville-5', TRUE, 10, 0) ON CONFLICT (tsp_graph_invariant_check_id) DO UPDATE SET display_name = EXCLUDED.display_name, tsp_instance = EXCLUDED.tsp_instance, expected_complete_undirected_graph = EXCLUDED.expected_complete_undirected_graph, expected_travel_edge_count = EXCLUDED.expected_travel_edge_count, expected_non_unique_edge_pair_rows = EXCLUDED.expected_non_unique_edge_pair_rows;

INSERT INTO tsp_graph_invariant_checks (tsp_graph_invariant_check_id, display_name, tsp_instance, expected_complete_undirected_graph, expected_travel_edge_count, expected_non_unique_edge_pair_rows)
VALUES ('check-broken-count-preserving-graph', 'Expected edge count cannot hide a duplicated pair and omitted pair', 'tsp-gridville-broken-3', FALSE, 3, 2) ON CONFLICT (tsp_graph_invariant_check_id) DO UPDATE SET display_name = EXCLUDED.display_name, tsp_instance = EXCLUDED.tsp_instance, expected_complete_undirected_graph = EXCLUDED.expected_complete_undirected_graph, expected_travel_edge_count = EXCLUDED.expected_travel_edge_count, expected_non_unique_edge_pair_rows = EXCLUDED.expected_non_unique_edge_pair_rows;

-- ----------------------------------------------------------------------------
-- InstanceStops: Junction entity selecting addresses into a TSP instance without introducing a many-to-many relationship.
-- ----------------------------------------------------------------------------
INSERT INTO instance_stops (instance_stop_id, tsp_instance, address, is_required)
VALUES ('stop-a', 'tsp-gridville-5', 'addr-a-depot', TRUE) ON CONFLICT (instance_stop_id) DO UPDATE SET tsp_instance = EXCLUDED.tsp_instance, address = EXCLUDED.address, is_required = EXCLUDED.is_required;

INSERT INTO instance_stops (instance_stop_id, tsp_instance, address, is_required)
VALUES ('stop-b', 'tsp-gridville-5', 'addr-b-market', TRUE) ON CONFLICT (instance_stop_id) DO UPDATE SET tsp_instance = EXCLUDED.tsp_instance, address = EXCLUDED.address, is_required = EXCLUDED.is_required;

INSERT INTO instance_stops (instance_stop_id, tsp_instance, address, is_required)
VALUES ('stop-c', 'tsp-gridville-5', 'addr-c-north', TRUE) ON CONFLICT (instance_stop_id) DO UPDATE SET tsp_instance = EXCLUDED.tsp_instance, address = EXCLUDED.address, is_required = EXCLUDED.is_required;

INSERT INTO instance_stops (instance_stop_id, tsp_instance, address, is_required)
VALUES ('stop-d', 'tsp-gridville-5', 'addr-d-hill', TRUE) ON CONFLICT (instance_stop_id) DO UPDATE SET tsp_instance = EXCLUDED.tsp_instance, address = EXCLUDED.address, is_required = EXCLUDED.is_required;

INSERT INTO instance_stops (instance_stop_id, tsp_instance, address, is_required)
VALUES ('stop-e', 'tsp-gridville-5', 'addr-e-south', TRUE) ON CONFLICT (instance_stop_id) DO UPDATE SET tsp_instance = EXCLUDED.tsp_instance, address = EXCLUDED.address, is_required = EXCLUDED.is_required;

INSERT INTO instance_stops (instance_stop_id, tsp_instance, address, is_required)
VALUES ('broken-stop-a', 'tsp-gridville-broken-3', 'addr-a-depot', TRUE) ON CONFLICT (instance_stop_id) DO UPDATE SET tsp_instance = EXCLUDED.tsp_instance, address = EXCLUDED.address, is_required = EXCLUDED.is_required;

INSERT INTO instance_stops (instance_stop_id, tsp_instance, address, is_required)
VALUES ('broken-stop-b', 'tsp-gridville-broken-3', 'addr-b-market', TRUE) ON CONFLICT (instance_stop_id) DO UPDATE SET tsp_instance = EXCLUDED.tsp_instance, address = EXCLUDED.address, is_required = EXCLUDED.is_required;

INSERT INTO instance_stops (instance_stop_id, tsp_instance, address, is_required)
VALUES ('broken-stop-c', 'tsp-gridville-broken-3', 'addr-c-north', TRUE) ON CONFLICT (instance_stop_id) DO UPDATE SET tsp_instance = EXCLUDED.tsp_instance, address = EXCLUDED.address, is_required = EXCLUDED.is_required;

INSERT INTO instance_stops (instance_stop_id, tsp_instance, address, is_required)
VALUES ('twin-stop-wa', 'tsp-twin-triangles-6', 'addr-wa', TRUE) ON CONFLICT (instance_stop_id) DO UPDATE SET tsp_instance = EXCLUDED.tsp_instance, address = EXCLUDED.address, is_required = EXCLUDED.is_required;

INSERT INTO instance_stops (instance_stop_id, tsp_instance, address, is_required)
VALUES ('twin-stop-wb', 'tsp-twin-triangles-6', 'addr-wb', TRUE) ON CONFLICT (instance_stop_id) DO UPDATE SET tsp_instance = EXCLUDED.tsp_instance, address = EXCLUDED.address, is_required = EXCLUDED.is_required;

INSERT INTO instance_stops (instance_stop_id, tsp_instance, address, is_required)
VALUES ('twin-stop-wc', 'tsp-twin-triangles-6', 'addr-wc', TRUE) ON CONFLICT (instance_stop_id) DO UPDATE SET tsp_instance = EXCLUDED.tsp_instance, address = EXCLUDED.address, is_required = EXCLUDED.is_required;

INSERT INTO instance_stops (instance_stop_id, tsp_instance, address, is_required)
VALUES ('twin-stop-ed', 'tsp-twin-triangles-6', 'addr-ed', TRUE) ON CONFLICT (instance_stop_id) DO UPDATE SET tsp_instance = EXCLUDED.tsp_instance, address = EXCLUDED.address, is_required = EXCLUDED.is_required;

INSERT INTO instance_stops (instance_stop_id, tsp_instance, address, is_required)
VALUES ('twin-stop-ee', 'tsp-twin-triangles-6', 'addr-ee', TRUE) ON CONFLICT (instance_stop_id) DO UPDATE SET tsp_instance = EXCLUDED.tsp_instance, address = EXCLUDED.address, is_required = EXCLUDED.is_required;

INSERT INTO instance_stops (instance_stop_id, tsp_instance, address, is_required)
VALUES ('twin-stop-ef', 'tsp-twin-triangles-6', 'addr-ef', TRUE) ON CONFLICT (instance_stop_id) DO UPDATE SET tsp_instance = EXCLUDED.tsp_instance, address = EXCLUDED.address, is_required = EXCLUDED.is_required;

INSERT INTO instance_stops (instance_stop_id, tsp_instance, address, is_required)
VALUES ('sparse-stop-a', 'tsp-sparse-forcing-5', 'addr-a-depot', TRUE) ON CONFLICT (instance_stop_id) DO UPDATE SET tsp_instance = EXCLUDED.tsp_instance, address = EXCLUDED.address, is_required = EXCLUDED.is_required;

INSERT INTO instance_stops (instance_stop_id, tsp_instance, address, is_required)
VALUES ('sparse-stop-b', 'tsp-sparse-forcing-5', 'addr-b-market', TRUE) ON CONFLICT (instance_stop_id) DO UPDATE SET tsp_instance = EXCLUDED.tsp_instance, address = EXCLUDED.address, is_required = EXCLUDED.is_required;

INSERT INTO instance_stops (instance_stop_id, tsp_instance, address, is_required)
VALUES ('sparse-stop-c', 'tsp-sparse-forcing-5', 'addr-c-north', TRUE) ON CONFLICT (instance_stop_id) DO UPDATE SET tsp_instance = EXCLUDED.tsp_instance, address = EXCLUDED.address, is_required = EXCLUDED.is_required;

INSERT INTO instance_stops (instance_stop_id, tsp_instance, address, is_required)
VALUES ('sparse-stop-d', 'tsp-sparse-forcing-5', 'addr-d-hill', TRUE) ON CONFLICT (instance_stop_id) DO UPDATE SET tsp_instance = EXCLUDED.tsp_instance, address = EXCLUDED.address, is_required = EXCLUDED.is_required;

INSERT INTO instance_stops (instance_stop_id, tsp_instance, address, is_required)
VALUES ('sparse-stop-e', 'tsp-sparse-forcing-5', 'addr-e-south', TRUE) ON CONFLICT (instance_stop_id) DO UPDATE SET tsp_instance = EXCLUDED.tsp_instance, address = EXCLUDED.address, is_required = EXCLUDED.is_required;

-- ----------------------------------------------------------------------------
-- TravelEdges: Canonical undirected weighted edges between instance stops. The edge entity resolves the address-to-address many-to-many relation.
-- ----------------------------------------------------------------------------
INSERT INTO travel_edges (travel_edge_id, tsp_instance, from_stop, to_stop, distance_meters, travel_cost, is_available, edge_source, canonical_pair_key)
VALUES ('edge-a-b', 'tsp-gridville-5', 'stop-a', 'stop-b', 2000, 2, TRUE, 'SEEDED_TEST_GRAPH', 'stop-a|stop-b') ON CONFLICT (travel_edge_id) DO UPDATE SET tsp_instance = EXCLUDED.tsp_instance, from_stop = EXCLUDED.from_stop, to_stop = EXCLUDED.to_stop, distance_meters = EXCLUDED.distance_meters, travel_cost = EXCLUDED.travel_cost, is_available = EXCLUDED.is_available, edge_source = EXCLUDED.edge_source, canonical_pair_key = EXCLUDED.canonical_pair_key;

INSERT INTO travel_edges (travel_edge_id, tsp_instance, from_stop, to_stop, distance_meters, travel_cost, is_available, edge_source, canonical_pair_key)
VALUES ('edge-a-c', 'tsp-gridville-5', 'stop-a', 'stop-c', 6000, 6, TRUE, 'SEEDED_TEST_GRAPH', 'stop-a|stop-c') ON CONFLICT (travel_edge_id) DO UPDATE SET tsp_instance = EXCLUDED.tsp_instance, from_stop = EXCLUDED.from_stop, to_stop = EXCLUDED.to_stop, distance_meters = EXCLUDED.distance_meters, travel_cost = EXCLUDED.travel_cost, is_available = EXCLUDED.is_available, edge_source = EXCLUDED.edge_source, canonical_pair_key = EXCLUDED.canonical_pair_key;

INSERT INTO travel_edges (travel_edge_id, tsp_instance, from_stop, to_stop, distance_meters, travel_cost, is_available, edge_source, canonical_pair_key)
VALUES ('edge-a-d', 'tsp-gridville-5', 'stop-a', 'stop-d', 5000, 5, TRUE, 'SEEDED_TEST_GRAPH', 'stop-a|stop-d') ON CONFLICT (travel_edge_id) DO UPDATE SET tsp_instance = EXCLUDED.tsp_instance, from_stop = EXCLUDED.from_stop, to_stop = EXCLUDED.to_stop, distance_meters = EXCLUDED.distance_meters, travel_cost = EXCLUDED.travel_cost, is_available = EXCLUDED.is_available, edge_source = EXCLUDED.edge_source, canonical_pair_key = EXCLUDED.canonical_pair_key;

INSERT INTO travel_edges (travel_edge_id, tsp_instance, from_stop, to_stop, distance_meters, travel_cost, is_available, edge_source, canonical_pair_key)
VALUES ('edge-a-e', 'tsp-gridville-5', 'stop-a', 'stop-e', 3000, 3, TRUE, 'SEEDED_TEST_GRAPH', 'stop-a|stop-e') ON CONFLICT (travel_edge_id) DO UPDATE SET tsp_instance = EXCLUDED.tsp_instance, from_stop = EXCLUDED.from_stop, to_stop = EXCLUDED.to_stop, distance_meters = EXCLUDED.distance_meters, travel_cost = EXCLUDED.travel_cost, is_available = EXCLUDED.is_available, edge_source = EXCLUDED.edge_source, canonical_pair_key = EXCLUDED.canonical_pair_key;

INSERT INTO travel_edges (travel_edge_id, tsp_instance, from_stop, to_stop, distance_meters, travel_cost, is_available, edge_source, canonical_pair_key)
VALUES ('edge-b-c', 'tsp-gridville-5', 'stop-b', 'stop-c', 3000, 3, TRUE, 'SEEDED_TEST_GRAPH', 'stop-b|stop-c') ON CONFLICT (travel_edge_id) DO UPDATE SET tsp_instance = EXCLUDED.tsp_instance, from_stop = EXCLUDED.from_stop, to_stop = EXCLUDED.to_stop, distance_meters = EXCLUDED.distance_meters, travel_cost = EXCLUDED.travel_cost, is_available = EXCLUDED.is_available, edge_source = EXCLUDED.edge_source, canonical_pair_key = EXCLUDED.canonical_pair_key;

INSERT INTO travel_edges (travel_edge_id, tsp_instance, from_stop, to_stop, distance_meters, travel_cost, is_available, edge_source, canonical_pair_key)
VALUES ('edge-b-d', 'tsp-gridville-5', 'stop-b', 'stop-d', 5000, 5, TRUE, 'SEEDED_TEST_GRAPH', 'stop-b|stop-d') ON CONFLICT (travel_edge_id) DO UPDATE SET tsp_instance = EXCLUDED.tsp_instance, from_stop = EXCLUDED.from_stop, to_stop = EXCLUDED.to_stop, distance_meters = EXCLUDED.distance_meters, travel_cost = EXCLUDED.travel_cost, is_available = EXCLUDED.is_available, edge_source = EXCLUDED.edge_source, canonical_pair_key = EXCLUDED.canonical_pair_key;

INSERT INTO travel_edges (travel_edge_id, tsp_instance, from_stop, to_stop, distance_meters, travel_cost, is_available, edge_source, canonical_pair_key)
VALUES ('edge-b-e', 'tsp-gridville-5', 'stop-b', 'stop-e', 6000, 6, TRUE, 'SEEDED_TEST_GRAPH', 'stop-b|stop-e') ON CONFLICT (travel_edge_id) DO UPDATE SET tsp_instance = EXCLUDED.tsp_instance, from_stop = EXCLUDED.from_stop, to_stop = EXCLUDED.to_stop, distance_meters = EXCLUDED.distance_meters, travel_cost = EXCLUDED.travel_cost, is_available = EXCLUDED.is_available, edge_source = EXCLUDED.edge_source, canonical_pair_key = EXCLUDED.canonical_pair_key;

INSERT INTO travel_edges (travel_edge_id, tsp_instance, from_stop, to_stop, distance_meters, travel_cost, is_available, edge_source, canonical_pair_key)
VALUES ('edge-c-d', 'tsp-gridville-5', 'stop-c', 'stop-d', 3000, 3, TRUE, 'SEEDED_TEST_GRAPH', 'stop-c|stop-d') ON CONFLICT (travel_edge_id) DO UPDATE SET tsp_instance = EXCLUDED.tsp_instance, from_stop = EXCLUDED.from_stop, to_stop = EXCLUDED.to_stop, distance_meters = EXCLUDED.distance_meters, travel_cost = EXCLUDED.travel_cost, is_available = EXCLUDED.is_available, edge_source = EXCLUDED.edge_source, canonical_pair_key = EXCLUDED.canonical_pair_key;

INSERT INTO travel_edges (travel_edge_id, tsp_instance, from_stop, to_stop, distance_meters, travel_cost, is_available, edge_source, canonical_pair_key)
VALUES ('edge-c-e', 'tsp-gridville-5', 'stop-c', 'stop-e', 5000, 5, TRUE, 'SEEDED_TEST_GRAPH', 'stop-c|stop-e') ON CONFLICT (travel_edge_id) DO UPDATE SET tsp_instance = EXCLUDED.tsp_instance, from_stop = EXCLUDED.from_stop, to_stop = EXCLUDED.to_stop, distance_meters = EXCLUDED.distance_meters, travel_cost = EXCLUDED.travel_cost, is_available = EXCLUDED.is_available, edge_source = EXCLUDED.edge_source, canonical_pair_key = EXCLUDED.canonical_pair_key;

INSERT INTO travel_edges (travel_edge_id, tsp_instance, from_stop, to_stop, distance_meters, travel_cost, is_available, edge_source, canonical_pair_key)
VALUES ('edge-d-e', 'tsp-gridville-5', 'stop-d', 'stop-e', 3000, 3, TRUE, 'SEEDED_TEST_GRAPH', 'stop-d|stop-e') ON CONFLICT (travel_edge_id) DO UPDATE SET tsp_instance = EXCLUDED.tsp_instance, from_stop = EXCLUDED.from_stop, to_stop = EXCLUDED.to_stop, distance_meters = EXCLUDED.distance_meters, travel_cost = EXCLUDED.travel_cost, is_available = EXCLUDED.is_available, edge_source = EXCLUDED.edge_source, canonical_pair_key = EXCLUDED.canonical_pair_key;

INSERT INTO travel_edges (travel_edge_id, tsp_instance, from_stop, to_stop, distance_meters, travel_cost, is_available, edge_source, canonical_pair_key)
VALUES ('broken-edge-a-b-1', 'tsp-gridville-broken-3', 'broken-stop-a', 'broken-stop-b', 1000, 1, TRUE, 'NEGATIVE_FIXTURE', 'broken-stop-a|broken-stop-b') ON CONFLICT (travel_edge_id) DO UPDATE SET tsp_instance = EXCLUDED.tsp_instance, from_stop = EXCLUDED.from_stop, to_stop = EXCLUDED.to_stop, distance_meters = EXCLUDED.distance_meters, travel_cost = EXCLUDED.travel_cost, is_available = EXCLUDED.is_available, edge_source = EXCLUDED.edge_source, canonical_pair_key = EXCLUDED.canonical_pair_key;

INSERT INTO travel_edges (travel_edge_id, tsp_instance, from_stop, to_stop, distance_meters, travel_cost, is_available, edge_source, canonical_pair_key)
VALUES ('broken-edge-a-b-2', 'tsp-gridville-broken-3', 'broken-stop-a', 'broken-stop-b', 2000, 2, TRUE, 'NEGATIVE_FIXTURE', 'broken-stop-a|broken-stop-b') ON CONFLICT (travel_edge_id) DO UPDATE SET tsp_instance = EXCLUDED.tsp_instance, from_stop = EXCLUDED.from_stop, to_stop = EXCLUDED.to_stop, distance_meters = EXCLUDED.distance_meters, travel_cost = EXCLUDED.travel_cost, is_available = EXCLUDED.is_available, edge_source = EXCLUDED.edge_source, canonical_pair_key = EXCLUDED.canonical_pair_key;

INSERT INTO travel_edges (travel_edge_id, tsp_instance, from_stop, to_stop, distance_meters, travel_cost, is_available, edge_source, canonical_pair_key)
VALUES ('broken-edge-a-c', 'tsp-gridville-broken-3', 'broken-stop-a', 'broken-stop-c', 3000, 3, TRUE, 'NEGATIVE_FIXTURE', 'broken-stop-a|broken-stop-c') ON CONFLICT (travel_edge_id) DO UPDATE SET tsp_instance = EXCLUDED.tsp_instance, from_stop = EXCLUDED.from_stop, to_stop = EXCLUDED.to_stop, distance_meters = EXCLUDED.distance_meters, travel_cost = EXCLUDED.travel_cost, is_available = EXCLUDED.is_available, edge_source = EXCLUDED.edge_source, canonical_pair_key = EXCLUDED.canonical_pair_key;

INSERT INTO travel_edges (travel_edge_id, tsp_instance, from_stop, to_stop, distance_meters, travel_cost, is_available, edge_source, canonical_pair_key)
VALUES ('twin-edge-wa-wb', 'tsp-twin-triangles-6', 'twin-stop-wa', 'twin-stop-wb', 1000, 1, TRUE, 'TWIN_TRIANGLES_FIXTURE', 'twin-stop-wa|twin-stop-wb') ON CONFLICT (travel_edge_id) DO UPDATE SET tsp_instance = EXCLUDED.tsp_instance, from_stop = EXCLUDED.from_stop, to_stop = EXCLUDED.to_stop, distance_meters = EXCLUDED.distance_meters, travel_cost = EXCLUDED.travel_cost, is_available = EXCLUDED.is_available, edge_source = EXCLUDED.edge_source, canonical_pair_key = EXCLUDED.canonical_pair_key;

INSERT INTO travel_edges (travel_edge_id, tsp_instance, from_stop, to_stop, distance_meters, travel_cost, is_available, edge_source, canonical_pair_key)
VALUES ('twin-edge-wa-wc', 'tsp-twin-triangles-6', 'twin-stop-wa', 'twin-stop-wc', 1000, 1, TRUE, 'TWIN_TRIANGLES_FIXTURE', 'twin-stop-wa|twin-stop-wc') ON CONFLICT (travel_edge_id) DO UPDATE SET tsp_instance = EXCLUDED.tsp_instance, from_stop = EXCLUDED.from_stop, to_stop = EXCLUDED.to_stop, distance_meters = EXCLUDED.distance_meters, travel_cost = EXCLUDED.travel_cost, is_available = EXCLUDED.is_available, edge_source = EXCLUDED.edge_source, canonical_pair_key = EXCLUDED.canonical_pair_key;

INSERT INTO travel_edges (travel_edge_id, tsp_instance, from_stop, to_stop, distance_meters, travel_cost, is_available, edge_source, canonical_pair_key)
VALUES ('twin-edge-wa-ed', 'tsp-twin-triangles-6', 'twin-stop-ed', 'twin-stop-wa', 10000, 10, TRUE, 'TWIN_TRIANGLES_FIXTURE', 'twin-stop-ed|twin-stop-wa') ON CONFLICT (travel_edge_id) DO UPDATE SET tsp_instance = EXCLUDED.tsp_instance, from_stop = EXCLUDED.from_stop, to_stop = EXCLUDED.to_stop, distance_meters = EXCLUDED.distance_meters, travel_cost = EXCLUDED.travel_cost, is_available = EXCLUDED.is_available, edge_source = EXCLUDED.edge_source, canonical_pair_key = EXCLUDED.canonical_pair_key;

INSERT INTO travel_edges (travel_edge_id, tsp_instance, from_stop, to_stop, distance_meters, travel_cost, is_available, edge_source, canonical_pair_key)
VALUES ('twin-edge-wa-ee', 'tsp-twin-triangles-6', 'twin-stop-ee', 'twin-stop-wa', 10000, 10, TRUE, 'TWIN_TRIANGLES_FIXTURE', 'twin-stop-ee|twin-stop-wa') ON CONFLICT (travel_edge_id) DO UPDATE SET tsp_instance = EXCLUDED.tsp_instance, from_stop = EXCLUDED.from_stop, to_stop = EXCLUDED.to_stop, distance_meters = EXCLUDED.distance_meters, travel_cost = EXCLUDED.travel_cost, is_available = EXCLUDED.is_available, edge_source = EXCLUDED.edge_source, canonical_pair_key = EXCLUDED.canonical_pair_key;

INSERT INTO travel_edges (travel_edge_id, tsp_instance, from_stop, to_stop, distance_meters, travel_cost, is_available, edge_source, canonical_pair_key)
VALUES ('twin-edge-wa-ef', 'tsp-twin-triangles-6', 'twin-stop-ef', 'twin-stop-wa', 10000, 10, TRUE, 'TWIN_TRIANGLES_FIXTURE', 'twin-stop-ef|twin-stop-wa') ON CONFLICT (travel_edge_id) DO UPDATE SET tsp_instance = EXCLUDED.tsp_instance, from_stop = EXCLUDED.from_stop, to_stop = EXCLUDED.to_stop, distance_meters = EXCLUDED.distance_meters, travel_cost = EXCLUDED.travel_cost, is_available = EXCLUDED.is_available, edge_source = EXCLUDED.edge_source, canonical_pair_key = EXCLUDED.canonical_pair_key;

INSERT INTO travel_edges (travel_edge_id, tsp_instance, from_stop, to_stop, distance_meters, travel_cost, is_available, edge_source, canonical_pair_key)
VALUES ('twin-edge-wb-wc', 'tsp-twin-triangles-6', 'twin-stop-wb', 'twin-stop-wc', 1000, 1, TRUE, 'TWIN_TRIANGLES_FIXTURE', 'twin-stop-wb|twin-stop-wc') ON CONFLICT (travel_edge_id) DO UPDATE SET tsp_instance = EXCLUDED.tsp_instance, from_stop = EXCLUDED.from_stop, to_stop = EXCLUDED.to_stop, distance_meters = EXCLUDED.distance_meters, travel_cost = EXCLUDED.travel_cost, is_available = EXCLUDED.is_available, edge_source = EXCLUDED.edge_source, canonical_pair_key = EXCLUDED.canonical_pair_key;

INSERT INTO travel_edges (travel_edge_id, tsp_instance, from_stop, to_stop, distance_meters, travel_cost, is_available, edge_source, canonical_pair_key)
VALUES ('twin-edge-wb-ed', 'tsp-twin-triangles-6', 'twin-stop-ed', 'twin-stop-wb', 10000, 10, TRUE, 'TWIN_TRIANGLES_FIXTURE', 'twin-stop-ed|twin-stop-wb') ON CONFLICT (travel_edge_id) DO UPDATE SET tsp_instance = EXCLUDED.tsp_instance, from_stop = EXCLUDED.from_stop, to_stop = EXCLUDED.to_stop, distance_meters = EXCLUDED.distance_meters, travel_cost = EXCLUDED.travel_cost, is_available = EXCLUDED.is_available, edge_source = EXCLUDED.edge_source, canonical_pair_key = EXCLUDED.canonical_pair_key;

INSERT INTO travel_edges (travel_edge_id, tsp_instance, from_stop, to_stop, distance_meters, travel_cost, is_available, edge_source, canonical_pair_key)
VALUES ('twin-edge-wb-ee', 'tsp-twin-triangles-6', 'twin-stop-ee', 'twin-stop-wb', 10000, 10, TRUE, 'TWIN_TRIANGLES_FIXTURE', 'twin-stop-ee|twin-stop-wb') ON CONFLICT (travel_edge_id) DO UPDATE SET tsp_instance = EXCLUDED.tsp_instance, from_stop = EXCLUDED.from_stop, to_stop = EXCLUDED.to_stop, distance_meters = EXCLUDED.distance_meters, travel_cost = EXCLUDED.travel_cost, is_available = EXCLUDED.is_available, edge_source = EXCLUDED.edge_source, canonical_pair_key = EXCLUDED.canonical_pair_key;

INSERT INTO travel_edges (travel_edge_id, tsp_instance, from_stop, to_stop, distance_meters, travel_cost, is_available, edge_source, canonical_pair_key)
VALUES ('twin-edge-wb-ef', 'tsp-twin-triangles-6', 'twin-stop-ef', 'twin-stop-wb', 10000, 10, TRUE, 'TWIN_TRIANGLES_FIXTURE', 'twin-stop-ef|twin-stop-wb') ON CONFLICT (travel_edge_id) DO UPDATE SET tsp_instance = EXCLUDED.tsp_instance, from_stop = EXCLUDED.from_stop, to_stop = EXCLUDED.to_stop, distance_meters = EXCLUDED.distance_meters, travel_cost = EXCLUDED.travel_cost, is_available = EXCLUDED.is_available, edge_source = EXCLUDED.edge_source, canonical_pair_key = EXCLUDED.canonical_pair_key;

INSERT INTO travel_edges (travel_edge_id, tsp_instance, from_stop, to_stop, distance_meters, travel_cost, is_available, edge_source, canonical_pair_key)
VALUES ('twin-edge-wc-ed', 'tsp-twin-triangles-6', 'twin-stop-ed', 'twin-stop-wc', 10000, 10, TRUE, 'TWIN_TRIANGLES_FIXTURE', 'twin-stop-ed|twin-stop-wc') ON CONFLICT (travel_edge_id) DO UPDATE SET tsp_instance = EXCLUDED.tsp_instance, from_stop = EXCLUDED.from_stop, to_stop = EXCLUDED.to_stop, distance_meters = EXCLUDED.distance_meters, travel_cost = EXCLUDED.travel_cost, is_available = EXCLUDED.is_available, edge_source = EXCLUDED.edge_source, canonical_pair_key = EXCLUDED.canonical_pair_key;

INSERT INTO travel_edges (travel_edge_id, tsp_instance, from_stop, to_stop, distance_meters, travel_cost, is_available, edge_source, canonical_pair_key)
VALUES ('twin-edge-wc-ee', 'tsp-twin-triangles-6', 'twin-stop-ee', 'twin-stop-wc', 10000, 10, TRUE, 'TWIN_TRIANGLES_FIXTURE', 'twin-stop-ee|twin-stop-wc') ON CONFLICT (travel_edge_id) DO UPDATE SET tsp_instance = EXCLUDED.tsp_instance, from_stop = EXCLUDED.from_stop, to_stop = EXCLUDED.to_stop, distance_meters = EXCLUDED.distance_meters, travel_cost = EXCLUDED.travel_cost, is_available = EXCLUDED.is_available, edge_source = EXCLUDED.edge_source, canonical_pair_key = EXCLUDED.canonical_pair_key;

INSERT INTO travel_edges (travel_edge_id, tsp_instance, from_stop, to_stop, distance_meters, travel_cost, is_available, edge_source, canonical_pair_key)
VALUES ('twin-edge-wc-ef', 'tsp-twin-triangles-6', 'twin-stop-ef', 'twin-stop-wc', 10000, 10, TRUE, 'TWIN_TRIANGLES_FIXTURE', 'twin-stop-ef|twin-stop-wc') ON CONFLICT (travel_edge_id) DO UPDATE SET tsp_instance = EXCLUDED.tsp_instance, from_stop = EXCLUDED.from_stop, to_stop = EXCLUDED.to_stop, distance_meters = EXCLUDED.distance_meters, travel_cost = EXCLUDED.travel_cost, is_available = EXCLUDED.is_available, edge_source = EXCLUDED.edge_source, canonical_pair_key = EXCLUDED.canonical_pair_key;

INSERT INTO travel_edges (travel_edge_id, tsp_instance, from_stop, to_stop, distance_meters, travel_cost, is_available, edge_source, canonical_pair_key)
VALUES ('twin-edge-ed-ee', 'tsp-twin-triangles-6', 'twin-stop-ed', 'twin-stop-ee', 1000, 1, TRUE, 'TWIN_TRIANGLES_FIXTURE', 'twin-stop-ed|twin-stop-ee') ON CONFLICT (travel_edge_id) DO UPDATE SET tsp_instance = EXCLUDED.tsp_instance, from_stop = EXCLUDED.from_stop, to_stop = EXCLUDED.to_stop, distance_meters = EXCLUDED.distance_meters, travel_cost = EXCLUDED.travel_cost, is_available = EXCLUDED.is_available, edge_source = EXCLUDED.edge_source, canonical_pair_key = EXCLUDED.canonical_pair_key;

INSERT INTO travel_edges (travel_edge_id, tsp_instance, from_stop, to_stop, distance_meters, travel_cost, is_available, edge_source, canonical_pair_key)
VALUES ('twin-edge-ed-ef', 'tsp-twin-triangles-6', 'twin-stop-ed', 'twin-stop-ef', 1000, 1, TRUE, 'TWIN_TRIANGLES_FIXTURE', 'twin-stop-ed|twin-stop-ef') ON CONFLICT (travel_edge_id) DO UPDATE SET tsp_instance = EXCLUDED.tsp_instance, from_stop = EXCLUDED.from_stop, to_stop = EXCLUDED.to_stop, distance_meters = EXCLUDED.distance_meters, travel_cost = EXCLUDED.travel_cost, is_available = EXCLUDED.is_available, edge_source = EXCLUDED.edge_source, canonical_pair_key = EXCLUDED.canonical_pair_key;

INSERT INTO travel_edges (travel_edge_id, tsp_instance, from_stop, to_stop, distance_meters, travel_cost, is_available, edge_source, canonical_pair_key)
VALUES ('twin-edge-ee-ef', 'tsp-twin-triangles-6', 'twin-stop-ee', 'twin-stop-ef', 1000, 1, TRUE, 'TWIN_TRIANGLES_FIXTURE', 'twin-stop-ee|twin-stop-ef') ON CONFLICT (travel_edge_id) DO UPDATE SET tsp_instance = EXCLUDED.tsp_instance, from_stop = EXCLUDED.from_stop, to_stop = EXCLUDED.to_stop, distance_meters = EXCLUDED.distance_meters, travel_cost = EXCLUDED.travel_cost, is_available = EXCLUDED.is_available, edge_source = EXCLUDED.edge_source, canonical_pair_key = EXCLUDED.canonical_pair_key;

INSERT INTO travel_edges (travel_edge_id, tsp_instance, from_stop, to_stop, distance_meters, travel_cost, is_available, edge_source, canonical_pair_key)
VALUES ('sparse-edge-a-b', 'tsp-sparse-forcing-5', 'sparse-stop-a', 'sparse-stop-b', 2000.0, 2, TRUE, 'SPARSE_FORCING_FIXTURE', 'sparse-stop-a|sparse-stop-b') ON CONFLICT (travel_edge_id) DO UPDATE SET tsp_instance = EXCLUDED.tsp_instance, from_stop = EXCLUDED.from_stop, to_stop = EXCLUDED.to_stop, distance_meters = EXCLUDED.distance_meters, travel_cost = EXCLUDED.travel_cost, is_available = EXCLUDED.is_available, edge_source = EXCLUDED.edge_source, canonical_pair_key = EXCLUDED.canonical_pair_key;

INSERT INTO travel_edges (travel_edge_id, tsp_instance, from_stop, to_stop, distance_meters, travel_cost, is_available, edge_source, canonical_pair_key)
VALUES ('sparse-edge-a-c', 'tsp-sparse-forcing-5', 'sparse-stop-a', 'sparse-stop-c', 6000.0, 6, FALSE, 'SPARSE_FORCING_FIXTURE', 'sparse-stop-a|sparse-stop-c') ON CONFLICT (travel_edge_id) DO UPDATE SET tsp_instance = EXCLUDED.tsp_instance, from_stop = EXCLUDED.from_stop, to_stop = EXCLUDED.to_stop, distance_meters = EXCLUDED.distance_meters, travel_cost = EXCLUDED.travel_cost, is_available = EXCLUDED.is_available, edge_source = EXCLUDED.edge_source, canonical_pair_key = EXCLUDED.canonical_pair_key;

INSERT INTO travel_edges (travel_edge_id, tsp_instance, from_stop, to_stop, distance_meters, travel_cost, is_available, edge_source, canonical_pair_key)
VALUES ('sparse-edge-a-d', 'tsp-sparse-forcing-5', 'sparse-stop-a', 'sparse-stop-d', 5000.0, 5, FALSE, 'SPARSE_FORCING_FIXTURE', 'sparse-stop-a|sparse-stop-d') ON CONFLICT (travel_edge_id) DO UPDATE SET tsp_instance = EXCLUDED.tsp_instance, from_stop = EXCLUDED.from_stop, to_stop = EXCLUDED.to_stop, distance_meters = EXCLUDED.distance_meters, travel_cost = EXCLUDED.travel_cost, is_available = EXCLUDED.is_available, edge_source = EXCLUDED.edge_source, canonical_pair_key = EXCLUDED.canonical_pair_key;

INSERT INTO travel_edges (travel_edge_id, tsp_instance, from_stop, to_stop, distance_meters, travel_cost, is_available, edge_source, canonical_pair_key)
VALUES ('sparse-edge-a-e', 'tsp-sparse-forcing-5', 'sparse-stop-a', 'sparse-stop-e', 3000.0, 3, TRUE, 'SPARSE_FORCING_FIXTURE', 'sparse-stop-a|sparse-stop-e') ON CONFLICT (travel_edge_id) DO UPDATE SET tsp_instance = EXCLUDED.tsp_instance, from_stop = EXCLUDED.from_stop, to_stop = EXCLUDED.to_stop, distance_meters = EXCLUDED.distance_meters, travel_cost = EXCLUDED.travel_cost, is_available = EXCLUDED.is_available, edge_source = EXCLUDED.edge_source, canonical_pair_key = EXCLUDED.canonical_pair_key;

INSERT INTO travel_edges (travel_edge_id, tsp_instance, from_stop, to_stop, distance_meters, travel_cost, is_available, edge_source, canonical_pair_key)
VALUES ('sparse-edge-b-c', 'tsp-sparse-forcing-5', 'sparse-stop-b', 'sparse-stop-c', 3000.0, 3, TRUE, 'SPARSE_FORCING_FIXTURE', 'sparse-stop-b|sparse-stop-c') ON CONFLICT (travel_edge_id) DO UPDATE SET tsp_instance = EXCLUDED.tsp_instance, from_stop = EXCLUDED.from_stop, to_stop = EXCLUDED.to_stop, distance_meters = EXCLUDED.distance_meters, travel_cost = EXCLUDED.travel_cost, is_available = EXCLUDED.is_available, edge_source = EXCLUDED.edge_source, canonical_pair_key = EXCLUDED.canonical_pair_key;

INSERT INTO travel_edges (travel_edge_id, tsp_instance, from_stop, to_stop, distance_meters, travel_cost, is_available, edge_source, canonical_pair_key)
VALUES ('sparse-edge-b-d', 'tsp-sparse-forcing-5', 'sparse-stop-b', 'sparse-stop-d', 5000.0, 5, TRUE, 'SPARSE_FORCING_FIXTURE', 'sparse-stop-b|sparse-stop-d') ON CONFLICT (travel_edge_id) DO UPDATE SET tsp_instance = EXCLUDED.tsp_instance, from_stop = EXCLUDED.from_stop, to_stop = EXCLUDED.to_stop, distance_meters = EXCLUDED.distance_meters, travel_cost = EXCLUDED.travel_cost, is_available = EXCLUDED.is_available, edge_source = EXCLUDED.edge_source, canonical_pair_key = EXCLUDED.canonical_pair_key;

INSERT INTO travel_edges (travel_edge_id, tsp_instance, from_stop, to_stop, distance_meters, travel_cost, is_available, edge_source, canonical_pair_key)
VALUES ('sparse-edge-b-e', 'tsp-sparse-forcing-5', 'sparse-stop-b', 'sparse-stop-e', 6000.0, 6, FALSE, 'SPARSE_FORCING_FIXTURE', 'sparse-stop-b|sparse-stop-e') ON CONFLICT (travel_edge_id) DO UPDATE SET tsp_instance = EXCLUDED.tsp_instance, from_stop = EXCLUDED.from_stop, to_stop = EXCLUDED.to_stop, distance_meters = EXCLUDED.distance_meters, travel_cost = EXCLUDED.travel_cost, is_available = EXCLUDED.is_available, edge_source = EXCLUDED.edge_source, canonical_pair_key = EXCLUDED.canonical_pair_key;

INSERT INTO travel_edges (travel_edge_id, tsp_instance, from_stop, to_stop, distance_meters, travel_cost, is_available, edge_source, canonical_pair_key)
VALUES ('sparse-edge-c-d', 'tsp-sparse-forcing-5', 'sparse-stop-c', 'sparse-stop-d', 3000.0, 3, TRUE, 'SPARSE_FORCING_FIXTURE', 'sparse-stop-c|sparse-stop-d') ON CONFLICT (travel_edge_id) DO UPDATE SET tsp_instance = EXCLUDED.tsp_instance, from_stop = EXCLUDED.from_stop, to_stop = EXCLUDED.to_stop, distance_meters = EXCLUDED.distance_meters, travel_cost = EXCLUDED.travel_cost, is_available = EXCLUDED.is_available, edge_source = EXCLUDED.edge_source, canonical_pair_key = EXCLUDED.canonical_pair_key;

INSERT INTO travel_edges (travel_edge_id, tsp_instance, from_stop, to_stop, distance_meters, travel_cost, is_available, edge_source, canonical_pair_key)
VALUES ('sparse-edge-c-e', 'tsp-sparse-forcing-5', 'sparse-stop-c', 'sparse-stop-e', 5000.0, 5, FALSE, 'SPARSE_FORCING_FIXTURE', 'sparse-stop-c|sparse-stop-e') ON CONFLICT (travel_edge_id) DO UPDATE SET tsp_instance = EXCLUDED.tsp_instance, from_stop = EXCLUDED.from_stop, to_stop = EXCLUDED.to_stop, distance_meters = EXCLUDED.distance_meters, travel_cost = EXCLUDED.travel_cost, is_available = EXCLUDED.is_available, edge_source = EXCLUDED.edge_source, canonical_pair_key = EXCLUDED.canonical_pair_key;

INSERT INTO travel_edges (travel_edge_id, tsp_instance, from_stop, to_stop, distance_meters, travel_cost, is_available, edge_source, canonical_pair_key)
VALUES ('sparse-edge-d-e', 'tsp-sparse-forcing-5', 'sparse-stop-d', 'sparse-stop-e', 3000.0, 3, TRUE, 'SPARSE_FORCING_FIXTURE', 'sparse-stop-d|sparse-stop-e') ON CONFLICT (travel_edge_id) DO UPDATE SET tsp_instance = EXCLUDED.tsp_instance, from_stop = EXCLUDED.from_stop, to_stop = EXCLUDED.to_stop, distance_meters = EXCLUDED.distance_meters, travel_cost = EXCLUDED.travel_cost, is_available = EXCLUDED.is_available, edge_source = EXCLUDED.edge_source, canonical_pair_key = EXCLUDED.canonical_pair_key;

-- ----------------------------------------------------------------------------
-- CandidateTours: Explicit candidate tours. Validity is derived; optimality is deliberately not inferred.
-- ----------------------------------------------------------------------------
INSERT INTO candidate_tours (candidate_tour_id, display_name, tsp_instance, candidate_kind, search_branches_explored, backtrack_count)
VALUES ('tour-reference-ring', 'Reference ring A-B-C-D-E-A', 'tsp-gridville-5', 'SEEDED_REFERENCE_WITNESS', 0, 0) ON CONFLICT (candidate_tour_id) DO UPDATE SET display_name = EXCLUDED.display_name, tsp_instance = EXCLUDED.tsp_instance, candidate_kind = EXCLUDED.candidate_kind, search_branches_explored = EXCLUDED.search_branches_explored, backtrack_count = EXCLUDED.backtrack_count;

INSERT INTO candidate_tours (candidate_tour_id, display_name, tsp_instance, candidate_kind, search_branches_explored, backtrack_count)
VALUES ('tour-duplicate-b', 'Counterexample A-B-C-B-E-A', 'tsp-gridville-5', 'NEGATIVE_CONFORMANCE_WITNESS', 0, 0) ON CONFLICT (candidate_tour_id) DO UPDATE SET display_name = EXCLUDED.display_name, tsp_instance = EXCLUDED.tsp_instance, candidate_kind = EXCLUDED.candidate_kind, search_branches_explored = EXCLUDED.search_branches_explored, backtrack_count = EXCLUDED.backtrack_count;

INSERT INTO candidate_tours (candidate_tour_id, display_name, tsp_instance, candidate_kind, search_branches_explored, backtrack_count)
VALUES ('tour-missing-close-duplicate-ab', 'Counterexample with duplicated A-B and missing E-A', 'tsp-gridville-5', 'NEGATIVE_GLOBAL_CYCLE_WITNESS', 0, 0) ON CONFLICT (candidate_tour_id) DO UPDATE SET display_name = EXCLUDED.display_name, tsp_instance = EXCLUDED.tsp_instance, candidate_kind = EXCLUDED.candidate_kind, search_branches_explored = EXCLUDED.search_branches_explored, backtrack_count = EXCLUDED.backtrack_count;

INSERT INTO candidate_tours (candidate_tour_id, display_name, tsp_instance, candidate_kind, search_branches_explored, backtrack_count)
VALUES ('tour-twin-triangles-feasible-24', 'Twin triangles feasible route cost 24', 'tsp-twin-triangles-6', 'NON_TIGHT_BOUND_FEASIBLE_WITNESS', 0, 0) ON CONFLICT (candidate_tour_id) DO UPDATE SET display_name = EXCLUDED.display_name, tsp_instance = EXCLUDED.tsp_instance, candidate_kind = EXCLUDED.candidate_kind, search_branches_explored = EXCLUDED.search_branches_explored, backtrack_count = EXCLUDED.backtrack_count;

-- ----------------------------------------------------------------------------
-- TourStops: Ordered candidate-tour visits. Multiplicity and sequence uniqueness are derived from the row set.
-- ----------------------------------------------------------------------------
INSERT INTO tour_stops (tour_stop_id, candidate_tour, instance_stop, sequence_position)
VALUES ('ref-stop-1', 'tour-reference-ring', 'stop-a', 1) ON CONFLICT (tour_stop_id) DO UPDATE SET candidate_tour = EXCLUDED.candidate_tour, instance_stop = EXCLUDED.instance_stop, sequence_position = EXCLUDED.sequence_position;

INSERT INTO tour_stops (tour_stop_id, candidate_tour, instance_stop, sequence_position)
VALUES ('ref-stop-2', 'tour-reference-ring', 'stop-b', 2) ON CONFLICT (tour_stop_id) DO UPDATE SET candidate_tour = EXCLUDED.candidate_tour, instance_stop = EXCLUDED.instance_stop, sequence_position = EXCLUDED.sequence_position;

INSERT INTO tour_stops (tour_stop_id, candidate_tour, instance_stop, sequence_position)
VALUES ('ref-stop-3', 'tour-reference-ring', 'stop-c', 3) ON CONFLICT (tour_stop_id) DO UPDATE SET candidate_tour = EXCLUDED.candidate_tour, instance_stop = EXCLUDED.instance_stop, sequence_position = EXCLUDED.sequence_position;

INSERT INTO tour_stops (tour_stop_id, candidate_tour, instance_stop, sequence_position)
VALUES ('ref-stop-4', 'tour-reference-ring', 'stop-d', 4) ON CONFLICT (tour_stop_id) DO UPDATE SET candidate_tour = EXCLUDED.candidate_tour, instance_stop = EXCLUDED.instance_stop, sequence_position = EXCLUDED.sequence_position;

INSERT INTO tour_stops (tour_stop_id, candidate_tour, instance_stop, sequence_position)
VALUES ('ref-stop-5', 'tour-reference-ring', 'stop-e', 5) ON CONFLICT (tour_stop_id) DO UPDATE SET candidate_tour = EXCLUDED.candidate_tour, instance_stop = EXCLUDED.instance_stop, sequence_position = EXCLUDED.sequence_position;

INSERT INTO tour_stops (tour_stop_id, candidate_tour, instance_stop, sequence_position)
VALUES ('bad-stop-1', 'tour-duplicate-b', 'stop-a', 1) ON CONFLICT (tour_stop_id) DO UPDATE SET candidate_tour = EXCLUDED.candidate_tour, instance_stop = EXCLUDED.instance_stop, sequence_position = EXCLUDED.sequence_position;

INSERT INTO tour_stops (tour_stop_id, candidate_tour, instance_stop, sequence_position)
VALUES ('bad-stop-2', 'tour-duplicate-b', 'stop-b', 2) ON CONFLICT (tour_stop_id) DO UPDATE SET candidate_tour = EXCLUDED.candidate_tour, instance_stop = EXCLUDED.instance_stop, sequence_position = EXCLUDED.sequence_position;

INSERT INTO tour_stops (tour_stop_id, candidate_tour, instance_stop, sequence_position)
VALUES ('bad-stop-3', 'tour-duplicate-b', 'stop-c', 3) ON CONFLICT (tour_stop_id) DO UPDATE SET candidate_tour = EXCLUDED.candidate_tour, instance_stop = EXCLUDED.instance_stop, sequence_position = EXCLUDED.sequence_position;

INSERT INTO tour_stops (tour_stop_id, candidate_tour, instance_stop, sequence_position)
VALUES ('bad-stop-4', 'tour-duplicate-b', 'stop-b', 4) ON CONFLICT (tour_stop_id) DO UPDATE SET candidate_tour = EXCLUDED.candidate_tour, instance_stop = EXCLUDED.instance_stop, sequence_position = EXCLUDED.sequence_position;

INSERT INTO tour_stops (tour_stop_id, candidate_tour, instance_stop, sequence_position)
VALUES ('bad-stop-5', 'tour-duplicate-b', 'stop-e', 5) ON CONFLICT (tour_stop_id) DO UPDATE SET candidate_tour = EXCLUDED.candidate_tour, instance_stop = EXCLUDED.instance_stop, sequence_position = EXCLUDED.sequence_position;

INSERT INTO tour_stops (tour_stop_id, candidate_tour, instance_stop, sequence_position)
VALUES ('gap-stop-1', 'tour-missing-close-duplicate-ab', 'stop-a', 1) ON CONFLICT (tour_stop_id) DO UPDATE SET candidate_tour = EXCLUDED.candidate_tour, instance_stop = EXCLUDED.instance_stop, sequence_position = EXCLUDED.sequence_position;

INSERT INTO tour_stops (tour_stop_id, candidate_tour, instance_stop, sequence_position)
VALUES ('gap-stop-2', 'tour-missing-close-duplicate-ab', 'stop-b', 2) ON CONFLICT (tour_stop_id) DO UPDATE SET candidate_tour = EXCLUDED.candidate_tour, instance_stop = EXCLUDED.instance_stop, sequence_position = EXCLUDED.sequence_position;

INSERT INTO tour_stops (tour_stop_id, candidate_tour, instance_stop, sequence_position)
VALUES ('gap-stop-3', 'tour-missing-close-duplicate-ab', 'stop-c', 3) ON CONFLICT (tour_stop_id) DO UPDATE SET candidate_tour = EXCLUDED.candidate_tour, instance_stop = EXCLUDED.instance_stop, sequence_position = EXCLUDED.sequence_position;

INSERT INTO tour_stops (tour_stop_id, candidate_tour, instance_stop, sequence_position)
VALUES ('gap-stop-4', 'tour-missing-close-duplicate-ab', 'stop-d', 4) ON CONFLICT (tour_stop_id) DO UPDATE SET candidate_tour = EXCLUDED.candidate_tour, instance_stop = EXCLUDED.instance_stop, sequence_position = EXCLUDED.sequence_position;

INSERT INTO tour_stops (tour_stop_id, candidate_tour, instance_stop, sequence_position)
VALUES ('gap-stop-5', 'tour-missing-close-duplicate-ab', 'stop-e', 5) ON CONFLICT (tour_stop_id) DO UPDATE SET candidate_tour = EXCLUDED.candidate_tour, instance_stop = EXCLUDED.instance_stop, sequence_position = EXCLUDED.sequence_position;

INSERT INTO tour_stops (tour_stop_id, candidate_tour, instance_stop, sequence_position)
VALUES ('twin-tour-stop-1', 'tour-twin-triangles-feasible-24', 'twin-stop-wa', 1) ON CONFLICT (tour_stop_id) DO UPDATE SET candidate_tour = EXCLUDED.candidate_tour, instance_stop = EXCLUDED.instance_stop, sequence_position = EXCLUDED.sequence_position;

INSERT INTO tour_stops (tour_stop_id, candidate_tour, instance_stop, sequence_position)
VALUES ('twin-tour-stop-2', 'tour-twin-triangles-feasible-24', 'twin-stop-wb', 2) ON CONFLICT (tour_stop_id) DO UPDATE SET candidate_tour = EXCLUDED.candidate_tour, instance_stop = EXCLUDED.instance_stop, sequence_position = EXCLUDED.sequence_position;

INSERT INTO tour_stops (tour_stop_id, candidate_tour, instance_stop, sequence_position)
VALUES ('twin-tour-stop-3', 'tour-twin-triangles-feasible-24', 'twin-stop-wc', 3) ON CONFLICT (tour_stop_id) DO UPDATE SET candidate_tour = EXCLUDED.candidate_tour, instance_stop = EXCLUDED.instance_stop, sequence_position = EXCLUDED.sequence_position;

INSERT INTO tour_stops (tour_stop_id, candidate_tour, instance_stop, sequence_position)
VALUES ('twin-tour-stop-4', 'tour-twin-triangles-feasible-24', 'twin-stop-ed', 4) ON CONFLICT (tour_stop_id) DO UPDATE SET candidate_tour = EXCLUDED.candidate_tour, instance_stop = EXCLUDED.instance_stop, sequence_position = EXCLUDED.sequence_position;

INSERT INTO tour_stops (tour_stop_id, candidate_tour, instance_stop, sequence_position)
VALUES ('twin-tour-stop-5', 'tour-twin-triangles-feasible-24', 'twin-stop-ee', 5) ON CONFLICT (tour_stop_id) DO UPDATE SET candidate_tour = EXCLUDED.candidate_tour, instance_stop = EXCLUDED.instance_stop, sequence_position = EXCLUDED.sequence_position;

INSERT INTO tour_stops (tour_stop_id, candidate_tour, instance_stop, sequence_position)
VALUES ('twin-tour-stop-6', 'tour-twin-triangles-feasible-24', 'twin-stop-ef', 6) ON CONFLICT (tour_stop_id) DO UPDATE SET candidate_tour = EXCLUDED.candidate_tour, instance_stop = EXCLUDED.instance_stop, sequence_position = EXCLUDED.sequence_position;

-- ----------------------------------------------------------------------------
-- TourLegs: Ordered directed traversal legs bound to canonical undirected travel edges.
-- ----------------------------------------------------------------------------
INSERT INTO tour_legs (tour_leg_id, candidate_tour, from_tour_stop, to_tour_stop, travel_edge, leg_order)
VALUES ('ref-leg-1', 'tour-reference-ring', 'ref-stop-1', 'ref-stop-2', 'edge-a-b', 1) ON CONFLICT (tour_leg_id) DO UPDATE SET candidate_tour = EXCLUDED.candidate_tour, from_tour_stop = EXCLUDED.from_tour_stop, to_tour_stop = EXCLUDED.to_tour_stop, travel_edge = EXCLUDED.travel_edge, leg_order = EXCLUDED.leg_order;

INSERT INTO tour_legs (tour_leg_id, candidate_tour, from_tour_stop, to_tour_stop, travel_edge, leg_order)
VALUES ('ref-leg-2', 'tour-reference-ring', 'ref-stop-2', 'ref-stop-3', 'edge-b-c', 2) ON CONFLICT (tour_leg_id) DO UPDATE SET candidate_tour = EXCLUDED.candidate_tour, from_tour_stop = EXCLUDED.from_tour_stop, to_tour_stop = EXCLUDED.to_tour_stop, travel_edge = EXCLUDED.travel_edge, leg_order = EXCLUDED.leg_order;

INSERT INTO tour_legs (tour_leg_id, candidate_tour, from_tour_stop, to_tour_stop, travel_edge, leg_order)
VALUES ('ref-leg-3', 'tour-reference-ring', 'ref-stop-3', 'ref-stop-4', 'edge-c-d', 3) ON CONFLICT (tour_leg_id) DO UPDATE SET candidate_tour = EXCLUDED.candidate_tour, from_tour_stop = EXCLUDED.from_tour_stop, to_tour_stop = EXCLUDED.to_tour_stop, travel_edge = EXCLUDED.travel_edge, leg_order = EXCLUDED.leg_order;

INSERT INTO tour_legs (tour_leg_id, candidate_tour, from_tour_stop, to_tour_stop, travel_edge, leg_order)
VALUES ('ref-leg-4', 'tour-reference-ring', 'ref-stop-4', 'ref-stop-5', 'edge-d-e', 4) ON CONFLICT (tour_leg_id) DO UPDATE SET candidate_tour = EXCLUDED.candidate_tour, from_tour_stop = EXCLUDED.from_tour_stop, to_tour_stop = EXCLUDED.to_tour_stop, travel_edge = EXCLUDED.travel_edge, leg_order = EXCLUDED.leg_order;

INSERT INTO tour_legs (tour_leg_id, candidate_tour, from_tour_stop, to_tour_stop, travel_edge, leg_order)
VALUES ('ref-leg-5', 'tour-reference-ring', 'ref-stop-5', 'ref-stop-1', 'edge-a-e', 5) ON CONFLICT (tour_leg_id) DO UPDATE SET candidate_tour = EXCLUDED.candidate_tour, from_tour_stop = EXCLUDED.from_tour_stop, to_tour_stop = EXCLUDED.to_tour_stop, travel_edge = EXCLUDED.travel_edge, leg_order = EXCLUDED.leg_order;

INSERT INTO tour_legs (tour_leg_id, candidate_tour, from_tour_stop, to_tour_stop, travel_edge, leg_order)
VALUES ('bad-leg-1', 'tour-duplicate-b', 'bad-stop-1', 'bad-stop-2', 'edge-a-b', 1) ON CONFLICT (tour_leg_id) DO UPDATE SET candidate_tour = EXCLUDED.candidate_tour, from_tour_stop = EXCLUDED.from_tour_stop, to_tour_stop = EXCLUDED.to_tour_stop, travel_edge = EXCLUDED.travel_edge, leg_order = EXCLUDED.leg_order;

INSERT INTO tour_legs (tour_leg_id, candidate_tour, from_tour_stop, to_tour_stop, travel_edge, leg_order)
VALUES ('bad-leg-2', 'tour-duplicate-b', 'bad-stop-2', 'bad-stop-3', 'edge-b-c', 2) ON CONFLICT (tour_leg_id) DO UPDATE SET candidate_tour = EXCLUDED.candidate_tour, from_tour_stop = EXCLUDED.from_tour_stop, to_tour_stop = EXCLUDED.to_tour_stop, travel_edge = EXCLUDED.travel_edge, leg_order = EXCLUDED.leg_order;

INSERT INTO tour_legs (tour_leg_id, candidate_tour, from_tour_stop, to_tour_stop, travel_edge, leg_order)
VALUES ('bad-leg-3', 'tour-duplicate-b', 'bad-stop-3', 'bad-stop-4', 'edge-b-c', 3) ON CONFLICT (tour_leg_id) DO UPDATE SET candidate_tour = EXCLUDED.candidate_tour, from_tour_stop = EXCLUDED.from_tour_stop, to_tour_stop = EXCLUDED.to_tour_stop, travel_edge = EXCLUDED.travel_edge, leg_order = EXCLUDED.leg_order;

INSERT INTO tour_legs (tour_leg_id, candidate_tour, from_tour_stop, to_tour_stop, travel_edge, leg_order)
VALUES ('bad-leg-4', 'tour-duplicate-b', 'bad-stop-4', 'bad-stop-5', 'edge-b-e', 4) ON CONFLICT (tour_leg_id) DO UPDATE SET candidate_tour = EXCLUDED.candidate_tour, from_tour_stop = EXCLUDED.from_tour_stop, to_tour_stop = EXCLUDED.to_tour_stop, travel_edge = EXCLUDED.travel_edge, leg_order = EXCLUDED.leg_order;

INSERT INTO tour_legs (tour_leg_id, candidate_tour, from_tour_stop, to_tour_stop, travel_edge, leg_order)
VALUES ('bad-leg-5', 'tour-duplicate-b', 'bad-stop-5', 'bad-stop-1', 'edge-a-e', 5) ON CONFLICT (tour_leg_id) DO UPDATE SET candidate_tour = EXCLUDED.candidate_tour, from_tour_stop = EXCLUDED.from_tour_stop, to_tour_stop = EXCLUDED.to_tour_stop, travel_edge = EXCLUDED.travel_edge, leg_order = EXCLUDED.leg_order;

INSERT INTO tour_legs (tour_leg_id, candidate_tour, from_tour_stop, to_tour_stop, travel_edge, leg_order)
VALUES ('gap-leg-1', 'tour-missing-close-duplicate-ab', 'gap-stop-1', 'gap-stop-2', 'edge-a-b', 1) ON CONFLICT (tour_leg_id) DO UPDATE SET candidate_tour = EXCLUDED.candidate_tour, from_tour_stop = EXCLUDED.from_tour_stop, to_tour_stop = EXCLUDED.to_tour_stop, travel_edge = EXCLUDED.travel_edge, leg_order = EXCLUDED.leg_order;

INSERT INTO tour_legs (tour_leg_id, candidate_tour, from_tour_stop, to_tour_stop, travel_edge, leg_order)
VALUES ('gap-leg-2', 'tour-missing-close-duplicate-ab', 'gap-stop-1', 'gap-stop-2', 'edge-a-b', 2) ON CONFLICT (tour_leg_id) DO UPDATE SET candidate_tour = EXCLUDED.candidate_tour, from_tour_stop = EXCLUDED.from_tour_stop, to_tour_stop = EXCLUDED.to_tour_stop, travel_edge = EXCLUDED.travel_edge, leg_order = EXCLUDED.leg_order;

INSERT INTO tour_legs (tour_leg_id, candidate_tour, from_tour_stop, to_tour_stop, travel_edge, leg_order)
VALUES ('gap-leg-3', 'tour-missing-close-duplicate-ab', 'gap-stop-2', 'gap-stop-3', 'edge-b-c', 3) ON CONFLICT (tour_leg_id) DO UPDATE SET candidate_tour = EXCLUDED.candidate_tour, from_tour_stop = EXCLUDED.from_tour_stop, to_tour_stop = EXCLUDED.to_tour_stop, travel_edge = EXCLUDED.travel_edge, leg_order = EXCLUDED.leg_order;

INSERT INTO tour_legs (tour_leg_id, candidate_tour, from_tour_stop, to_tour_stop, travel_edge, leg_order)
VALUES ('gap-leg-4', 'tour-missing-close-duplicate-ab', 'gap-stop-3', 'gap-stop-4', 'edge-c-d', 4) ON CONFLICT (tour_leg_id) DO UPDATE SET candidate_tour = EXCLUDED.candidate_tour, from_tour_stop = EXCLUDED.from_tour_stop, to_tour_stop = EXCLUDED.to_tour_stop, travel_edge = EXCLUDED.travel_edge, leg_order = EXCLUDED.leg_order;

INSERT INTO tour_legs (tour_leg_id, candidate_tour, from_tour_stop, to_tour_stop, travel_edge, leg_order)
VALUES ('gap-leg-5', 'tour-missing-close-duplicate-ab', 'gap-stop-4', 'gap-stop-5', 'edge-d-e', 5) ON CONFLICT (tour_leg_id) DO UPDATE SET candidate_tour = EXCLUDED.candidate_tour, from_tour_stop = EXCLUDED.from_tour_stop, to_tour_stop = EXCLUDED.to_tour_stop, travel_edge = EXCLUDED.travel_edge, leg_order = EXCLUDED.leg_order;

INSERT INTO tour_legs (tour_leg_id, candidate_tour, from_tour_stop, to_tour_stop, travel_edge, leg_order)
VALUES ('twin-tour-leg-1', 'tour-twin-triangles-feasible-24', 'twin-tour-stop-1', 'twin-tour-stop-2', 'twin-edge-wa-wb', 1) ON CONFLICT (tour_leg_id) DO UPDATE SET candidate_tour = EXCLUDED.candidate_tour, from_tour_stop = EXCLUDED.from_tour_stop, to_tour_stop = EXCLUDED.to_tour_stop, travel_edge = EXCLUDED.travel_edge, leg_order = EXCLUDED.leg_order;

INSERT INTO tour_legs (tour_leg_id, candidate_tour, from_tour_stop, to_tour_stop, travel_edge, leg_order)
VALUES ('twin-tour-leg-2', 'tour-twin-triangles-feasible-24', 'twin-tour-stop-2', 'twin-tour-stop-3', 'twin-edge-wb-wc', 2) ON CONFLICT (tour_leg_id) DO UPDATE SET candidate_tour = EXCLUDED.candidate_tour, from_tour_stop = EXCLUDED.from_tour_stop, to_tour_stop = EXCLUDED.to_tour_stop, travel_edge = EXCLUDED.travel_edge, leg_order = EXCLUDED.leg_order;

INSERT INTO tour_legs (tour_leg_id, candidate_tour, from_tour_stop, to_tour_stop, travel_edge, leg_order)
VALUES ('twin-tour-leg-3', 'tour-twin-triangles-feasible-24', 'twin-tour-stop-3', 'twin-tour-stop-4', 'twin-edge-wc-ed', 3) ON CONFLICT (tour_leg_id) DO UPDATE SET candidate_tour = EXCLUDED.candidate_tour, from_tour_stop = EXCLUDED.from_tour_stop, to_tour_stop = EXCLUDED.to_tour_stop, travel_edge = EXCLUDED.travel_edge, leg_order = EXCLUDED.leg_order;

INSERT INTO tour_legs (tour_leg_id, candidate_tour, from_tour_stop, to_tour_stop, travel_edge, leg_order)
VALUES ('twin-tour-leg-4', 'tour-twin-triangles-feasible-24', 'twin-tour-stop-4', 'twin-tour-stop-5', 'twin-edge-ed-ee', 4) ON CONFLICT (tour_leg_id) DO UPDATE SET candidate_tour = EXCLUDED.candidate_tour, from_tour_stop = EXCLUDED.from_tour_stop, to_tour_stop = EXCLUDED.to_tour_stop, travel_edge = EXCLUDED.travel_edge, leg_order = EXCLUDED.leg_order;

INSERT INTO tour_legs (tour_leg_id, candidate_tour, from_tour_stop, to_tour_stop, travel_edge, leg_order)
VALUES ('twin-tour-leg-5', 'tour-twin-triangles-feasible-24', 'twin-tour-stop-5', 'twin-tour-stop-6', 'twin-edge-ee-ef', 5) ON CONFLICT (tour_leg_id) DO UPDATE SET candidate_tour = EXCLUDED.candidate_tour, from_tour_stop = EXCLUDED.from_tour_stop, to_tour_stop = EXCLUDED.to_tour_stop, travel_edge = EXCLUDED.travel_edge, leg_order = EXCLUDED.leg_order;

INSERT INTO tour_legs (tour_leg_id, candidate_tour, from_tour_stop, to_tour_stop, travel_edge, leg_order)
VALUES ('twin-tour-leg-6', 'tour-twin-triangles-feasible-24', 'twin-tour-stop-6', 'twin-tour-stop-1', 'twin-edge-wa-ef', 6) ON CONFLICT (tour_leg_id) DO UPDATE SET candidate_tour = EXCLUDED.candidate_tour, from_tour_stop = EXCLUDED.from_tour_stop, to_tour_stop = EXCLUDED.to_tour_stop, travel_edge = EXCLUDED.travel_edge, leg_order = EXCLUDED.leg_order;

-- ----------------------------------------------------------------------------
-- LocalDegreeBounds: One degree-two lower-bound witness per required stop. Each row names two incident edges and proves all other incident edges are no cheaper than the second selected edge.
-- ----------------------------------------------------------------------------
INSERT INTO local_degree_bounds (local_degree_bound_id, tsp_instance, instance_stop, first_edge, second_edge)
VALUES ('local-bound-stop-a', 'tsp-gridville-5', 'stop-a', 'edge-a-b', 'edge-a-e') ON CONFLICT (local_degree_bound_id) DO UPDATE SET tsp_instance = EXCLUDED.tsp_instance, instance_stop = EXCLUDED.instance_stop, first_edge = EXCLUDED.first_edge, second_edge = EXCLUDED.second_edge;

INSERT INTO local_degree_bounds (local_degree_bound_id, tsp_instance, instance_stop, first_edge, second_edge)
VALUES ('local-bound-stop-b', 'tsp-gridville-5', 'stop-b', 'edge-a-b', 'edge-b-c') ON CONFLICT (local_degree_bound_id) DO UPDATE SET tsp_instance = EXCLUDED.tsp_instance, instance_stop = EXCLUDED.instance_stop, first_edge = EXCLUDED.first_edge, second_edge = EXCLUDED.second_edge;

INSERT INTO local_degree_bounds (local_degree_bound_id, tsp_instance, instance_stop, first_edge, second_edge)
VALUES ('local-bound-stop-c', 'tsp-gridville-5', 'stop-c', 'edge-b-c', 'edge-c-d') ON CONFLICT (local_degree_bound_id) DO UPDATE SET tsp_instance = EXCLUDED.tsp_instance, instance_stop = EXCLUDED.instance_stop, first_edge = EXCLUDED.first_edge, second_edge = EXCLUDED.second_edge;

INSERT INTO local_degree_bounds (local_degree_bound_id, tsp_instance, instance_stop, first_edge, second_edge)
VALUES ('local-bound-stop-d', 'tsp-gridville-5', 'stop-d', 'edge-c-d', 'edge-d-e') ON CONFLICT (local_degree_bound_id) DO UPDATE SET tsp_instance = EXCLUDED.tsp_instance, instance_stop = EXCLUDED.instance_stop, first_edge = EXCLUDED.first_edge, second_edge = EXCLUDED.second_edge;

INSERT INTO local_degree_bounds (local_degree_bound_id, tsp_instance, instance_stop, first_edge, second_edge)
VALUES ('local-bound-stop-e', 'tsp-gridville-5', 'stop-e', 'edge-a-e', 'edge-d-e') ON CONFLICT (local_degree_bound_id) DO UPDATE SET tsp_instance = EXCLUDED.tsp_instance, instance_stop = EXCLUDED.instance_stop, first_edge = EXCLUDED.first_edge, second_edge = EXCLUDED.second_edge;

INSERT INTO local_degree_bounds (local_degree_bound_id, tsp_instance, instance_stop, first_edge, second_edge)
VALUES ('local-bound-twin-wa', 'tsp-twin-triangles-6', 'twin-stop-wa', 'twin-edge-wa-wb', 'twin-edge-wa-wc') ON CONFLICT (local_degree_bound_id) DO UPDATE SET tsp_instance = EXCLUDED.tsp_instance, instance_stop = EXCLUDED.instance_stop, first_edge = EXCLUDED.first_edge, second_edge = EXCLUDED.second_edge;

INSERT INTO local_degree_bounds (local_degree_bound_id, tsp_instance, instance_stop, first_edge, second_edge)
VALUES ('local-bound-twin-wb', 'tsp-twin-triangles-6', 'twin-stop-wb', 'twin-edge-wa-wb', 'twin-edge-wb-wc') ON CONFLICT (local_degree_bound_id) DO UPDATE SET tsp_instance = EXCLUDED.tsp_instance, instance_stop = EXCLUDED.instance_stop, first_edge = EXCLUDED.first_edge, second_edge = EXCLUDED.second_edge;

INSERT INTO local_degree_bounds (local_degree_bound_id, tsp_instance, instance_stop, first_edge, second_edge)
VALUES ('local-bound-twin-wc', 'tsp-twin-triangles-6', 'twin-stop-wc', 'twin-edge-wa-wc', 'twin-edge-wb-wc') ON CONFLICT (local_degree_bound_id) DO UPDATE SET tsp_instance = EXCLUDED.tsp_instance, instance_stop = EXCLUDED.instance_stop, first_edge = EXCLUDED.first_edge, second_edge = EXCLUDED.second_edge;

INSERT INTO local_degree_bounds (local_degree_bound_id, tsp_instance, instance_stop, first_edge, second_edge)
VALUES ('local-bound-twin-ed', 'tsp-twin-triangles-6', 'twin-stop-ed', 'twin-edge-ed-ee', 'twin-edge-ed-ef') ON CONFLICT (local_degree_bound_id) DO UPDATE SET tsp_instance = EXCLUDED.tsp_instance, instance_stop = EXCLUDED.instance_stop, first_edge = EXCLUDED.first_edge, second_edge = EXCLUDED.second_edge;

INSERT INTO local_degree_bounds (local_degree_bound_id, tsp_instance, instance_stop, first_edge, second_edge)
VALUES ('local-bound-twin-ee', 'tsp-twin-triangles-6', 'twin-stop-ee', 'twin-edge-ed-ee', 'twin-edge-ee-ef') ON CONFLICT (local_degree_bound_id) DO UPDATE SET tsp_instance = EXCLUDED.tsp_instance, instance_stop = EXCLUDED.instance_stop, first_edge = EXCLUDED.first_edge, second_edge = EXCLUDED.second_edge;

INSERT INTO local_degree_bounds (local_degree_bound_id, tsp_instance, instance_stop, first_edge, second_edge)
VALUES ('local-bound-twin-ef', 'tsp-twin-triangles-6', 'twin-stop-ef', 'twin-edge-ed-ef', 'twin-edge-ee-ef') ON CONFLICT (local_degree_bound_id) DO UPDATE SET tsp_instance = EXCLUDED.tsp_instance, instance_stop = EXCLUDED.instance_stop, first_edge = EXCLUDED.first_edge, second_edge = EXCLUDED.second_edge;

-- ----------------------------------------------------------------------------
-- IncidentDominanceChecks: Witness rows proving every unselected incident edge is at least as expensive as the second edge named by a LocalDegreeBound.
-- ----------------------------------------------------------------------------
INSERT INTO incident_dominance_checks (incident_dominance_check_id, local_degree_bound, other_edge)
VALUES ('dom-a-d', 'local-bound-stop-a', 'edge-a-d') ON CONFLICT (incident_dominance_check_id) DO UPDATE SET local_degree_bound = EXCLUDED.local_degree_bound, other_edge = EXCLUDED.other_edge;

INSERT INTO incident_dominance_checks (incident_dominance_check_id, local_degree_bound, other_edge)
VALUES ('dom-a-c', 'local-bound-stop-a', 'edge-a-c') ON CONFLICT (incident_dominance_check_id) DO UPDATE SET local_degree_bound = EXCLUDED.local_degree_bound, other_edge = EXCLUDED.other_edge;

INSERT INTO incident_dominance_checks (incident_dominance_check_id, local_degree_bound, other_edge)
VALUES ('dom-b-d', 'local-bound-stop-b', 'edge-b-d') ON CONFLICT (incident_dominance_check_id) DO UPDATE SET local_degree_bound = EXCLUDED.local_degree_bound, other_edge = EXCLUDED.other_edge;

INSERT INTO incident_dominance_checks (incident_dominance_check_id, local_degree_bound, other_edge)
VALUES ('dom-b-e', 'local-bound-stop-b', 'edge-b-e') ON CONFLICT (incident_dominance_check_id) DO UPDATE SET local_degree_bound = EXCLUDED.local_degree_bound, other_edge = EXCLUDED.other_edge;

INSERT INTO incident_dominance_checks (incident_dominance_check_id, local_degree_bound, other_edge)
VALUES ('dom-c-e', 'local-bound-stop-c', 'edge-c-e') ON CONFLICT (incident_dominance_check_id) DO UPDATE SET local_degree_bound = EXCLUDED.local_degree_bound, other_edge = EXCLUDED.other_edge;

INSERT INTO incident_dominance_checks (incident_dominance_check_id, local_degree_bound, other_edge)
VALUES ('dom-c-a', 'local-bound-stop-c', 'edge-a-c') ON CONFLICT (incident_dominance_check_id) DO UPDATE SET local_degree_bound = EXCLUDED.local_degree_bound, other_edge = EXCLUDED.other_edge;

INSERT INTO incident_dominance_checks (incident_dominance_check_id, local_degree_bound, other_edge)
VALUES ('dom-d-a', 'local-bound-stop-d', 'edge-a-d') ON CONFLICT (incident_dominance_check_id) DO UPDATE SET local_degree_bound = EXCLUDED.local_degree_bound, other_edge = EXCLUDED.other_edge;

INSERT INTO incident_dominance_checks (incident_dominance_check_id, local_degree_bound, other_edge)
VALUES ('dom-d-b', 'local-bound-stop-d', 'edge-b-d') ON CONFLICT (incident_dominance_check_id) DO UPDATE SET local_degree_bound = EXCLUDED.local_degree_bound, other_edge = EXCLUDED.other_edge;

INSERT INTO incident_dominance_checks (incident_dominance_check_id, local_degree_bound, other_edge)
VALUES ('dom-e-c', 'local-bound-stop-e', 'edge-c-e') ON CONFLICT (incident_dominance_check_id) DO UPDATE SET local_degree_bound = EXCLUDED.local_degree_bound, other_edge = EXCLUDED.other_edge;

INSERT INTO incident_dominance_checks (incident_dominance_check_id, local_degree_bound, other_edge)
VALUES ('dom-e-b', 'local-bound-stop-e', 'edge-b-e') ON CONFLICT (incident_dominance_check_id) DO UPDATE SET local_degree_bound = EXCLUDED.local_degree_bound, other_edge = EXCLUDED.other_edge;

INSERT INTO incident_dominance_checks (incident_dominance_check_id, local_degree_bound, other_edge)
VALUES ('dom-local-bound-twin-wa-twin-edge-wa-ed', 'local-bound-twin-wa', 'twin-edge-wa-ed') ON CONFLICT (incident_dominance_check_id) DO UPDATE SET local_degree_bound = EXCLUDED.local_degree_bound, other_edge = EXCLUDED.other_edge;

INSERT INTO incident_dominance_checks (incident_dominance_check_id, local_degree_bound, other_edge)
VALUES ('dom-local-bound-twin-wa-twin-edge-wa-ee', 'local-bound-twin-wa', 'twin-edge-wa-ee') ON CONFLICT (incident_dominance_check_id) DO UPDATE SET local_degree_bound = EXCLUDED.local_degree_bound, other_edge = EXCLUDED.other_edge;

INSERT INTO incident_dominance_checks (incident_dominance_check_id, local_degree_bound, other_edge)
VALUES ('dom-local-bound-twin-wa-twin-edge-wa-ef', 'local-bound-twin-wa', 'twin-edge-wa-ef') ON CONFLICT (incident_dominance_check_id) DO UPDATE SET local_degree_bound = EXCLUDED.local_degree_bound, other_edge = EXCLUDED.other_edge;

INSERT INTO incident_dominance_checks (incident_dominance_check_id, local_degree_bound, other_edge)
VALUES ('dom-local-bound-twin-wb-twin-edge-wb-ed', 'local-bound-twin-wb', 'twin-edge-wb-ed') ON CONFLICT (incident_dominance_check_id) DO UPDATE SET local_degree_bound = EXCLUDED.local_degree_bound, other_edge = EXCLUDED.other_edge;

INSERT INTO incident_dominance_checks (incident_dominance_check_id, local_degree_bound, other_edge)
VALUES ('dom-local-bound-twin-wb-twin-edge-wb-ee', 'local-bound-twin-wb', 'twin-edge-wb-ee') ON CONFLICT (incident_dominance_check_id) DO UPDATE SET local_degree_bound = EXCLUDED.local_degree_bound, other_edge = EXCLUDED.other_edge;

INSERT INTO incident_dominance_checks (incident_dominance_check_id, local_degree_bound, other_edge)
VALUES ('dom-local-bound-twin-wb-twin-edge-wb-ef', 'local-bound-twin-wb', 'twin-edge-wb-ef') ON CONFLICT (incident_dominance_check_id) DO UPDATE SET local_degree_bound = EXCLUDED.local_degree_bound, other_edge = EXCLUDED.other_edge;

INSERT INTO incident_dominance_checks (incident_dominance_check_id, local_degree_bound, other_edge)
VALUES ('dom-local-bound-twin-wc-twin-edge-wc-ed', 'local-bound-twin-wc', 'twin-edge-wc-ed') ON CONFLICT (incident_dominance_check_id) DO UPDATE SET local_degree_bound = EXCLUDED.local_degree_bound, other_edge = EXCLUDED.other_edge;

INSERT INTO incident_dominance_checks (incident_dominance_check_id, local_degree_bound, other_edge)
VALUES ('dom-local-bound-twin-wc-twin-edge-wc-ee', 'local-bound-twin-wc', 'twin-edge-wc-ee') ON CONFLICT (incident_dominance_check_id) DO UPDATE SET local_degree_bound = EXCLUDED.local_degree_bound, other_edge = EXCLUDED.other_edge;

INSERT INTO incident_dominance_checks (incident_dominance_check_id, local_degree_bound, other_edge)
VALUES ('dom-local-bound-twin-wc-twin-edge-wc-ef', 'local-bound-twin-wc', 'twin-edge-wc-ef') ON CONFLICT (incident_dominance_check_id) DO UPDATE SET local_degree_bound = EXCLUDED.local_degree_bound, other_edge = EXCLUDED.other_edge;

INSERT INTO incident_dominance_checks (incident_dominance_check_id, local_degree_bound, other_edge)
VALUES ('dom-local-bound-twin-ed-twin-edge-wa-ed', 'local-bound-twin-ed', 'twin-edge-wa-ed') ON CONFLICT (incident_dominance_check_id) DO UPDATE SET local_degree_bound = EXCLUDED.local_degree_bound, other_edge = EXCLUDED.other_edge;

INSERT INTO incident_dominance_checks (incident_dominance_check_id, local_degree_bound, other_edge)
VALUES ('dom-local-bound-twin-ed-twin-edge-wb-ed', 'local-bound-twin-ed', 'twin-edge-wb-ed') ON CONFLICT (incident_dominance_check_id) DO UPDATE SET local_degree_bound = EXCLUDED.local_degree_bound, other_edge = EXCLUDED.other_edge;

INSERT INTO incident_dominance_checks (incident_dominance_check_id, local_degree_bound, other_edge)
VALUES ('dom-local-bound-twin-ed-twin-edge-wc-ed', 'local-bound-twin-ed', 'twin-edge-wc-ed') ON CONFLICT (incident_dominance_check_id) DO UPDATE SET local_degree_bound = EXCLUDED.local_degree_bound, other_edge = EXCLUDED.other_edge;

INSERT INTO incident_dominance_checks (incident_dominance_check_id, local_degree_bound, other_edge)
VALUES ('dom-local-bound-twin-ee-twin-edge-wa-ee', 'local-bound-twin-ee', 'twin-edge-wa-ee') ON CONFLICT (incident_dominance_check_id) DO UPDATE SET local_degree_bound = EXCLUDED.local_degree_bound, other_edge = EXCLUDED.other_edge;

INSERT INTO incident_dominance_checks (incident_dominance_check_id, local_degree_bound, other_edge)
VALUES ('dom-local-bound-twin-ee-twin-edge-wb-ee', 'local-bound-twin-ee', 'twin-edge-wb-ee') ON CONFLICT (incident_dominance_check_id) DO UPDATE SET local_degree_bound = EXCLUDED.local_degree_bound, other_edge = EXCLUDED.other_edge;

INSERT INTO incident_dominance_checks (incident_dominance_check_id, local_degree_bound, other_edge)
VALUES ('dom-local-bound-twin-ee-twin-edge-wc-ee', 'local-bound-twin-ee', 'twin-edge-wc-ee') ON CONFLICT (incident_dominance_check_id) DO UPDATE SET local_degree_bound = EXCLUDED.local_degree_bound, other_edge = EXCLUDED.other_edge;

INSERT INTO incident_dominance_checks (incident_dominance_check_id, local_degree_bound, other_edge)
VALUES ('dom-local-bound-twin-ef-twin-edge-wa-ef', 'local-bound-twin-ef', 'twin-edge-wa-ef') ON CONFLICT (incident_dominance_check_id) DO UPDATE SET local_degree_bound = EXCLUDED.local_degree_bound, other_edge = EXCLUDED.other_edge;

INSERT INTO incident_dominance_checks (incident_dominance_check_id, local_degree_bound, other_edge)
VALUES ('dom-local-bound-twin-ef-twin-edge-wb-ef', 'local-bound-twin-ef', 'twin-edge-wb-ef') ON CONFLICT (incident_dominance_check_id) DO UPDATE SET local_degree_bound = EXCLUDED.local_degree_bound, other_edge = EXCLUDED.other_edge;

INSERT INTO incident_dominance_checks (incident_dominance_check_id, local_degree_bound, other_edge)
VALUES ('dom-local-bound-twin-ef-twin-edge-wc-ef', 'local-bound-twin-ef', 'twin-edge-wc-ef') ON CONFLICT (incident_dominance_check_id) DO UPDATE SET local_degree_bound = EXCLUDED.local_degree_bound, other_edge = EXCLUDED.other_edge;

-- ----------------------------------------------------------------------------
-- InstanceLowerBounds: Global lower bounds obtained by summing certified local degree-two bounds and dividing by two because each tour edge is incident to two stops.
-- ----------------------------------------------------------------------------
INSERT INTO instance_lower_bounds (instance_lower_bound_id, tsp_instance, bound_kind, required_supplemental_term_count, supplemental_bound_adjustment, bound_composition_kind)
VALUES ('degree-two-lower-bound-gridville-5', 'tsp-gridville-5', 'SUM_TWO_CHEAPEST_INCIDENT_EDGES_DIVIDED_BY_TWO', 0, 0, 'DEGREE_TWO_ONLY') ON CONFLICT (instance_lower_bound_id) DO UPDATE SET tsp_instance = EXCLUDED.tsp_instance, bound_kind = EXCLUDED.bound_kind, required_supplemental_term_count = EXCLUDED.required_supplemental_term_count, supplemental_bound_adjustment = EXCLUDED.supplemental_bound_adjustment, bound_composition_kind = EXCLUDED.bound_composition_kind;

INSERT INTO instance_lower_bounds (instance_lower_bound_id, tsp_instance, bound_kind, required_supplemental_term_count, supplemental_bound_adjustment, bound_composition_kind)
VALUES ('degree-two-lower-bound-twin-triangles-6', 'tsp-twin-triangles-6', 'SUM_TWO_CHEAPEST_INCIDENT_EDGES_DIVIDED_BY_TWO', 2, 18, 'DEGREE_TWO_PLUS_COMPONENT_REPAIR') ON CONFLICT (instance_lower_bound_id) DO UPDATE SET tsp_instance = EXCLUDED.tsp_instance, bound_kind = EXCLUDED.bound_kind, required_supplemental_term_count = EXCLUDED.required_supplemental_term_count, supplemental_bound_adjustment = EXCLUDED.supplemental_bound_adjustment, bound_composition_kind = EXCLUDED.bound_composition_kind;

-- ----------------------------------------------------------------------------
-- TSPBoundTerms: Signed additive and constraint terms composing reusable lower-bound certificates.
-- ----------------------------------------------------------------------------
INSERT INTO tsp_bound_terms (tsp_bound_term_id, bound_certificate, tsp_instance, tsp_loop, term_kind, quantity, unit_weight, sign, constraint_kind, constraint_value, counts_toward_adjustment, is_certified, justification)
VALUES ('bound-term-twin-cut-parity', 'degree-two-lower-bound-twin-triangles-6', 'tsp-twin-triangles-6', 'tsp-loop-602', 'CUT_PARITY_REQUIREMENT', 2, 0, 1, 'POSITIVE_EVEN_CUT_CROSSING', 2, FALSE, TRUE, 'A cycle crosses every cut evenly; a Hamiltonian cycle connecting both selected components must cross positively, hence at least twice.') ON CONFLICT (tsp_bound_term_id) DO UPDATE SET bound_certificate = EXCLUDED.bound_certificate, tsp_instance = EXCLUDED.tsp_instance, tsp_loop = EXCLUDED.tsp_loop, term_kind = EXCLUDED.term_kind, quantity = EXCLUDED.quantity, unit_weight = EXCLUDED.unit_weight, sign = EXCLUDED.sign, constraint_kind = EXCLUDED.constraint_kind, constraint_value = EXCLUDED.constraint_value, counts_toward_adjustment = EXCLUDED.counts_toward_adjustment, is_certified = EXCLUDED.is_certified, justification = EXCLUDED.justification;

INSERT INTO tsp_bound_terms (tsp_bound_term_id, bound_certificate, tsp_instance, tsp_loop, term_kind, quantity, unit_weight, sign, constraint_kind, constraint_value, counts_toward_adjustment, is_certified, justification)
VALUES ('bound-term-twin-base-two-factor', 'degree-two-lower-bound-twin-triangles-6', 'tsp-twin-triangles-6', 'tsp-loop-603', 'BASE_DEGREE_TWO_BOUND', 1, 6, 1, 'BASE_LOWER_BOUND', 6, FALSE, TRUE, 'The witnessed local two-cheapest incidence bound is six.') ON CONFLICT (tsp_bound_term_id) DO UPDATE SET bound_certificate = EXCLUDED.bound_certificate, tsp_instance = EXCLUDED.tsp_instance, tsp_loop = EXCLUDED.tsp_loop, term_kind = EXCLUDED.term_kind, quantity = EXCLUDED.quantity, unit_weight = EXCLUDED.unit_weight, sign = EXCLUDED.sign, constraint_kind = EXCLUDED.constraint_kind, constraint_value = EXCLUDED.constraint_value, counts_toward_adjustment = EXCLUDED.counts_toward_adjustment, is_certified = EXCLUDED.is_certified, justification = EXCLUDED.justification;

INSERT INTO tsp_bound_terms (tsp_bound_term_id, bound_certificate, tsp_instance, tsp_loop, term_kind, quantity, unit_weight, sign, constraint_kind, constraint_value, counts_toward_adjustment, is_certified, justification)
VALUES ('bound-term-twin-crossing-insertion', 'degree-two-lower-bound-twin-triangles-6', 'tsp-twin-triangles-6', 'tsp-loop-603', 'MANDATORY_CROSSING_INSERTION', 2, 10, 1, 'MINIMUM_CROSSING_EDGE_COST', 10, TRUE, TRUE, 'Cut parity requires two crossings and every crossing edge costs ten.') ON CONFLICT (tsp_bound_term_id) DO UPDATE SET bound_certificate = EXCLUDED.bound_certificate, tsp_instance = EXCLUDED.tsp_instance, tsp_loop = EXCLUDED.tsp_loop, term_kind = EXCLUDED.term_kind, quantity = EXCLUDED.quantity, unit_weight = EXCLUDED.unit_weight, sign = EXCLUDED.sign, constraint_kind = EXCLUDED.constraint_kind, constraint_value = EXCLUDED.constraint_value, counts_toward_adjustment = EXCLUDED.counts_toward_adjustment, is_certified = EXCLUDED.is_certified, justification = EXCLUDED.justification;

INSERT INTO tsp_bound_terms (tsp_bound_term_id, bound_certificate, tsp_instance, tsp_loop, term_kind, quantity, unit_weight, sign, constraint_kind, constraint_value, counts_toward_adjustment, is_certified, justification)
VALUES ('bound-term-twin-internal-release', 'degree-two-lower-bound-twin-triangles-6', 'tsp-twin-triangles-6', 'tsp-loop-603', 'NECESSARY_INTERNAL_EDGE_RELEASE', 2, 1, -1, 'ONE_RELEASE_PER_COMPONENT', 2, TRUE, TRUE, 'Opening each three-cycle to accept two crossings releases one cost-one internal edge per component.') ON CONFLICT (tsp_bound_term_id) DO UPDATE SET bound_certificate = EXCLUDED.bound_certificate, tsp_instance = EXCLUDED.tsp_instance, tsp_loop = EXCLUDED.tsp_loop, term_kind = EXCLUDED.term_kind, quantity = EXCLUDED.quantity, unit_weight = EXCLUDED.unit_weight, sign = EXCLUDED.sign, constraint_kind = EXCLUDED.constraint_kind, constraint_value = EXCLUDED.constraint_value, counts_toward_adjustment = EXCLUDED.counts_toward_adjustment, is_certified = EXCLUDED.is_certified, justification = EXCLUDED.justification;

-- ----------------------------------------------------------------------------
-- OptimalityCertificates: Finite-instance optimality certificates. Passing requires a valid Hamiltonian witness, a certified lower bound for the same instance, and equality between candidate cost and lower bound.
-- ----------------------------------------------------------------------------
INSERT INTO optimality_certificates (optimality_certificate_id, candidate_tour, instance_lower_bound)
VALUES ('optimality-gridville-reference-ring', 'tour-reference-ring', 'degree-two-lower-bound-gridville-5') ON CONFLICT (optimality_certificate_id) DO UPDATE SET candidate_tour = EXCLUDED.candidate_tour, instance_lower_bound = EXCLUDED.instance_lower_bound;

INSERT INTO optimality_certificates (optimality_certificate_id, candidate_tour, instance_lower_bound)
VALUES ('optimality-twin-triangles-component-repair', 'tour-twin-triangles-feasible-24', 'degree-two-lower-bound-twin-triangles-6') ON CONFLICT (optimality_certificate_id) DO UPDATE SET candidate_tour = EXCLUDED.candidate_tour, instance_lower_bound = EXCLUDED.instance_lower_bound;

-- ----------------------------------------------------------------------------
-- TSPExecutionRuns: Execution attempts against a concrete substrate; blocked and failed runs remain first-class evidence.
-- ----------------------------------------------------------------------------
INSERT INTO tsp_execution_runs (tsp_execution_run_id, tsp_loop, substrate, attempted_at, build_command, build_succeeded, database_initialized, conformance_succeeded, status, failure_reason)
VALUES ('postgres-commissioning-loop-587', 'tsp-loop-587', 'POSTGRES_GENERATED_VIEWS', '29627376455', 'bash start.sh all', FALSE, FALSE, FALSE, 'BLOCKED', 'missing required executable(s): effortless') ON CONFLICT (tsp_execution_run_id) DO UPDATE SET tsp_loop = EXCLUDED.tsp_loop, substrate = EXCLUDED.substrate, attempted_at = EXCLUDED.attempted_at, build_command = EXCLUDED.build_command, build_succeeded = EXCLUDED.build_succeeded, database_initialized = EXCLUDED.database_initialized, conformance_succeeded = EXCLUDED.conformance_succeeded, status = EXCLUDED.status, failure_reason = EXCLUDED.failure_reason;

INSERT INTO tsp_execution_runs (tsp_execution_run_id, tsp_loop, substrate, attempted_at, build_command, build_succeeded, database_initialized, conformance_succeeded, status, failure_reason)
VALUES ('postgres-commissioning-loop-587-retry-2', 'tsp-loop-587', 'POSTGRES_GENERATED_VIEWS', '29631462318', 'npm install -g GitHub CLI URL', FALSE, FALSE, FALSE, 'FAILED', 'npm installation exited nonzero before transcript persistence.') ON CONFLICT (tsp_execution_run_id) DO UPDATE SET tsp_loop = EXCLUDED.tsp_loop, substrate = EXCLUDED.substrate, attempted_at = EXCLUDED.attempted_at, build_command = EXCLUDED.build_command, build_succeeded = EXCLUDED.build_succeeded, database_initialized = EXCLUDED.database_initialized, conformance_succeeded = EXCLUDED.conformance_succeeded, status = EXCLUDED.status, failure_reason = EXCLUDED.failure_reason;

INSERT INTO tsp_execution_runs (tsp_execution_run_id, tsp_loop, substrate, attempted_at, build_command, build_succeeded, database_initialized, conformance_succeeded, status, failure_reason)
VALUES ('postgres-commissioning-loop-587-retry-3', 'tsp-loop-587', 'POSTGRES_GENERATED_VIEWS', '29631550495', 'npm install -g git+https pinned CLI', FALSE, FALSE, FALSE, 'FAILED', 'npm ENOTDIR in the hosted runner shared global module prefix.') ON CONFLICT (tsp_execution_run_id) DO UPDATE SET tsp_loop = EXCLUDED.tsp_loop, substrate = EXCLUDED.substrate, attempted_at = EXCLUDED.attempted_at, build_command = EXCLUDED.build_command, build_succeeded = EXCLUDED.build_succeeded, database_initialized = EXCLUDED.database_initialized, conformance_succeeded = EXCLUDED.conformance_succeeded, status = EXCLUDED.status, failure_reason = EXCLUDED.failure_reason;

INSERT INTO tsp_execution_runs (tsp_execution_run_id, tsp_loop, substrate, attempted_at, build_command, build_succeeded, database_initialized, conformance_succeeded, status, failure_reason)
VALUES ('postgres-commissioning-loop-587-retry-4', 'tsp-loop-587', 'POSTGRES_GENERATED_VIEWS', '29631700762', 'isolated npm prefix with git dependency', FALSE, FALSE, FALSE, 'FAILED', 'npm git-dependency preparation reproduced ENOTDIR in an isolated prefix.') ON CONFLICT (tsp_execution_run_id) DO UPDATE SET tsp_loop = EXCLUDED.tsp_loop, substrate = EXCLUDED.substrate, attempted_at = EXCLUDED.attempted_at, build_command = EXCLUDED.build_command, build_succeeded = EXCLUDED.build_succeeded, database_initialized = EXCLUDED.database_initialized, conformance_succeeded = EXCLUDED.conformance_succeeded, status = EXCLUDED.status, failure_reason = EXCLUDED.failure_reason;

INSERT INTO tsp_execution_runs (tsp_execution_run_id, tsp_loop, substrate, attempted_at, build_command, build_succeeded, database_initialized, conformance_succeeded, status, failure_reason)
VALUES ('postgres-commissioning-loop-587-retry-5', 'tsp-loop-587', 'POSTGRES_GENERATED_VIEWS', '29631879613', 'npm install pinned archive; downstream build', FALSE, FALSE, FALSE, 'FAILED', 'Archive installation succeeded; downstream step failed before transcript persistence.') ON CONFLICT (tsp_execution_run_id) DO UPDATE SET tsp_loop = EXCLUDED.tsp_loop, substrate = EXCLUDED.substrate, attempted_at = EXCLUDED.attempted_at, build_command = EXCLUDED.build_command, build_succeeded = EXCLUDED.build_succeeded, database_initialized = EXCLUDED.database_initialized, conformance_succeeded = EXCLUDED.conformance_succeeded, status = EXCLUDED.status, failure_reason = EXCLUDED.failure_reason;

INSERT INTO tsp_execution_runs (tsp_execution_run_id, tsp_loop, substrate, attempted_at, build_command, build_succeeded, database_initialized, conformance_succeeded, status, failure_reason)
VALUES ('postgres-commissioning-loop-587-retry-6', 'tsp-loop-587', 'POSTGRES_GENERATED_VIEWS', '29632044920', 'archive install; diagnostic build wrapper', FALSE, FALSE, FALSE, 'FAILED', 'Unbound cross-step NPM_CONFIG_PREFIX stopped the shell before build.') ON CONFLICT (tsp_execution_run_id) DO UPDATE SET tsp_loop = EXCLUDED.tsp_loop, substrate = EXCLUDED.substrate, attempted_at = EXCLUDED.attempted_at, build_command = EXCLUDED.build_command, build_succeeded = EXCLUDED.build_succeeded, database_initialized = EXCLUDED.database_initialized, conformance_succeeded = EXCLUDED.conformance_succeeded, status = EXCLUDED.status, failure_reason = EXCLUDED.failure_reason;

INSERT INTO tsp_execution_runs (tsp_execution_run_id, tsp_loop, substrate, attempted_at, build_command, build_succeeded, database_initialized, conformance_succeeded, status, failure_reason)
VALUES ('postgres-commissioning-loop-587-retry-7', 'tsp-loop-587', 'POSTGRES_GENERATED_VIEWS', '29632306954', 'archive install; build; db; test; show', TRUE, TRUE, FALSE, 'FAILED', 'All substantive comparisons passed; a stale hard-coded frontier oracle expected 8/0/4 instead of canonical and Postgres 16/0/13.') ON CONFLICT (tsp_execution_run_id) DO UPDATE SET tsp_loop = EXCLUDED.tsp_loop, substrate = EXCLUDED.substrate, attempted_at = EXCLUDED.attempted_at, build_command = EXCLUDED.build_command, build_succeeded = EXCLUDED.build_succeeded, database_initialized = EXCLUDED.database_initialized, conformance_succeeded = EXCLUDED.conformance_succeeded, status = EXCLUDED.status, failure_reason = EXCLUDED.failure_reason;

INSERT INTO tsp_execution_runs (tsp_execution_run_id, tsp_loop, substrate, attempted_at, build_command, build_succeeded, database_initialized, conformance_succeeded, status, failure_reason)
VALUES ('postgres-commissioning-loop-587-retry-8', 'tsp-loop-587', 'POSTGRES_GENERATED_VIEWS', '29632561258', 'archive install; canonical-oracle build; db; test; show', TRUE, TRUE, TRUE, 'FAILED', 'The generated substrate and complete peer conformance passed; the chained post-conformance ledger finalizer failed before durable closure.') ON CONFLICT (tsp_execution_run_id) DO UPDATE SET tsp_loop = EXCLUDED.tsp_loop, substrate = EXCLUDED.substrate, attempted_at = EXCLUDED.attempted_at, build_command = EXCLUDED.build_command, build_succeeded = EXCLUDED.build_succeeded, database_initialized = EXCLUDED.database_initialized, conformance_succeeded = EXCLUDED.conformance_succeeded, status = EXCLUDED.status, failure_reason = EXCLUDED.failure_reason;

INSERT INTO tsp_execution_runs (tsp_execution_run_id, tsp_loop, substrate, attempted_at, build_command, build_succeeded, database_initialized, conformance_succeeded, status, failure_reason)
VALUES ('postgres-commissioning-loop-587-retry-10', 'tsp-loop-587', 'POSTGRES_GENERATED_VIEWS', '29633034883', 'npm install pinned CLI archive; start.sh build; db; test; show; standalone finalizer', TRUE, TRUE, TRUE, 'SUCCEEDED', NULL) ON CONFLICT (tsp_execution_run_id) DO UPDATE SET tsp_loop = EXCLUDED.tsp_loop, substrate = EXCLUDED.substrate, attempted_at = EXCLUDED.attempted_at, build_command = EXCLUDED.build_command, build_succeeded = EXCLUDED.build_succeeded, database_initialized = EXCLUDED.database_initialized, conformance_succeeded = EXCLUDED.conformance_succeeded, status = EXCLUDED.status, failure_reason = EXCLUDED.failure_reason;

INSERT INTO tsp_execution_runs (tsp_execution_run_id, tsp_loop, substrate, attempted_at, build_command, build_succeeded, database_initialized, conformance_succeeded, status, failure_reason)
VALUES ('postgres-commissioning-loop-587-retry-9', 'tsp-loop-587', 'POSTGRES_GENERATED_VIEWS', '29632874612', 'pinned archive; build; db; test; show; standalone ledger finalizer', TRUE, TRUE, TRUE, 'FAILED', 'All generated-substrate and peer checks passed. The ledger finalizer rejected PostgreSQL NUMERIC text 14.0000000000000000 against the presentation string 14 before canonical closure was persisted.') ON CONFLICT (tsp_execution_run_id) DO UPDATE SET tsp_loop = EXCLUDED.tsp_loop, substrate = EXCLUDED.substrate, attempted_at = EXCLUDED.attempted_at, build_command = EXCLUDED.build_command, build_succeeded = EXCLUDED.build_succeeded, database_initialized = EXCLUDED.database_initialized, conformance_succeeded = EXCLUDED.conformance_succeeded, status = EXCLUDED.status, failure_reason = EXCLUDED.failure_reason;

-- ----------------------------------------------------------------------------
-- TSPArtifacts: Content-addressed artifacts emitted or expected from substrate execution.
-- ----------------------------------------------------------------------------
INSERT INTO tsp_artifacts (tsp_artifact_id, execution_run, artifact_kind, relative_path, sha256, is_present)
VALUES ('loop-587-canonical_rulebook', 'postgres-commissioning-loop-587', 'CANONICAL_RULEBOOK', 'rulebook-examples/effortless-math/domains/traveling-salesman/effortless-rulebook/traveling-salesman-rulebook.json', '8dd7c88383b9be4e765b03ea0ecf6e18dc5ca1f560e8dc021a026ea83f3932da', TRUE) ON CONFLICT (tsp_artifact_id) DO UPDATE SET execution_run = EXCLUDED.execution_run, artifact_kind = EXCLUDED.artifact_kind, relative_path = EXCLUDED.relative_path, sha256 = EXCLUDED.sha256, is_present = EXCLUDED.is_present;

INSERT INTO tsp_artifacts (tsp_artifact_id, execution_run, artifact_kind, relative_path, sha256, is_present)
VALUES ('loop-587-generated_postgres_directory', 'postgres-commissioning-loop-587', 'GENERATED_POSTGRES_DIRECTORY', 'rulebook-examples/effortless-math/domains/traveling-salesman/effortless-postgres', NULL, TRUE) ON CONFLICT (tsp_artifact_id) DO UPDATE SET execution_run = EXCLUDED.execution_run, artifact_kind = EXCLUDED.artifact_kind, relative_path = EXCLUDED.relative_path, sha256 = EXCLUDED.sha256, is_present = EXCLUDED.is_present;

INSERT INTO tsp_artifacts (tsp_artifact_id, execution_run, artifact_kind, relative_path, sha256, is_present)
VALUES ('postgres-commissioning-loop-587-retry-3-cli-install-failure-transcript', 'postgres-commissioning-loop-587-retry-3', 'CLI_INSTALL_FAILURE_TRANSCRIPT', '.tsp-loop-587-cli-install.log', '6c3c6720a168ab0516b9d998eeb2ef99f7a49016807b6fa135a3dea9c291460a', TRUE) ON CONFLICT (tsp_artifact_id) DO UPDATE SET execution_run = EXCLUDED.execution_run, artifact_kind = EXCLUDED.artifact_kind, relative_path = EXCLUDED.relative_path, sha256 = EXCLUDED.sha256, is_present = EXCLUDED.is_present;

INSERT INTO tsp_artifacts (tsp_artifact_id, execution_run, artifact_kind, relative_path, sha256, is_present)
VALUES ('postgres-commissioning-loop-587-retry-4-cli-install-failure-transcript', 'postgres-commissioning-loop-587-retry-4', 'CLI_INSTALL_FAILURE_TRANSCRIPT', '.tsp-loop-587-cli-install-retry-4.log', 'bf01f3a1a78144070b57719bf4390df99ad35b8345410b141cfd392df0f0004f', TRUE) ON CONFLICT (tsp_artifact_id) DO UPDATE SET execution_run = EXCLUDED.execution_run, artifact_kind = EXCLUDED.artifact_kind, relative_path = EXCLUDED.relative_path, sha256 = EXCLUDED.sha256, is_present = EXCLUDED.is_present;

INSERT INTO tsp_artifacts (tsp_artifact_id, execution_run, artifact_kind, relative_path, sha256, is_present)
VALUES ('postgres-commissioning-loop-587-retry-6-workflow-failure-transcript', 'postgres-commissioning-loop-587-retry-6', 'WORKFLOW_FAILURE_TRANSCRIPT', 'rulebook-examples/effortless-math/domains/traveling-salesman/testing/postgres-commissioning-retry-6.log', '9084d37f747006a5100aefdfbe5d859e321bdbacad2059648a0b974d5f371aee', TRUE) ON CONFLICT (tsp_artifact_id) DO UPDATE SET execution_run = EXCLUDED.execution_run, artifact_kind = EXCLUDED.artifact_kind, relative_path = EXCLUDED.relative_path, sha256 = EXCLUDED.sha256, is_present = EXCLUDED.is_present;

INSERT INTO tsp_artifacts (tsp_artifact_id, execution_run, artifact_kind, relative_path, sha256, is_present)
VALUES ('postgres-commissioning-loop-587-retry-7-generated-substrate-and-stale-oracle-transcript', 'postgres-commissioning-loop-587-retry-7', 'GENERATED_SUBSTRATE_AND_STALE_ORACLE_TRANSCRIPT', 'rulebook-examples/effortless-math/domains/traveling-salesman/testing/postgres-commissioning-retry-7.log', 'd4d5e93d0856f4095d4a2919166e4a2286edad8e820c7dd5f2d6a121128b6281', TRUE) ON CONFLICT (tsp_artifact_id) DO UPDATE SET execution_run = EXCLUDED.execution_run, artifact_kind = EXCLUDED.artifact_kind, relative_path = EXCLUDED.relative_path, sha256 = EXCLUDED.sha256, is_present = EXCLUDED.is_present;

INSERT INTO tsp_artifacts (tsp_artifact_id, execution_run, artifact_kind, relative_path, sha256, is_present)
VALUES ('loop-587-retry-10-build-input-rulebook', 'postgres-commissioning-loop-587-retry-10', 'BUILD_INPUT_RULEBOOK', 'rulebook-examples/effortless-math/domains/traveling-salesman/effortless-rulebook/traveling-salesman-rulebook.json', '9e4ee0e680d38ad9b3353fbc857c4d4d7875133197338bccceb0f2db69620c90', TRUE) ON CONFLICT (tsp_artifact_id) DO UPDATE SET execution_run = EXCLUDED.execution_run, artifact_kind = EXCLUDED.artifact_kind, relative_path = EXCLUDED.relative_path, sha256 = EXCLUDED.sha256, is_present = EXCLUDED.is_present;

INSERT INTO tsp_artifacts (tsp_artifact_id, execution_run, artifact_kind, relative_path, sha256, is_present)
VALUES ('loop-587-retry-10-generated-postgres-tree', 'postgres-commissioning-loop-587-retry-10', 'GENERATED_POSTGRES_TREE', 'rulebook-examples/effortless-math/domains/traveling-salesman/effortless-postgres', '52a43b65f1f868ee752043a1e6012d38f8aa9ffbcd8020aed1cb9507bfdca427', TRUE) ON CONFLICT (tsp_artifact_id) DO UPDATE SET execution_run = EXCLUDED.execution_run, artifact_kind = EXCLUDED.artifact_kind, relative_path = EXCLUDED.relative_path, sha256 = EXCLUDED.sha256, is_present = EXCLUDED.is_present;

INSERT INTO tsp_artifacts (tsp_artifact_id, execution_run, artifact_kind, relative_path, sha256, is_present)
VALUES ('loop-587-retry-10-generated-rulespeak-tree', 'postgres-commissioning-loop-587-retry-10', 'GENERATED_RULESPEAK_TREE', 'rulebook-examples/effortless-math/domains/traveling-salesman/rulespeak', '0bf9cbe820e706586e1600029deffd2615cdc4448520ac7d47ea9455eba7679d', TRUE) ON CONFLICT (tsp_artifact_id) DO UPDATE SET execution_run = EXCLUDED.execution_run, artifact_kind = EXCLUDED.artifact_kind, relative_path = EXCLUDED.relative_path, sha256 = EXCLUDED.sha256, is_present = EXCLUDED.is_present;

INSERT INTO tsp_artifacts (tsp_artifact_id, execution_run, artifact_kind, relative_path, sha256, is_present)
VALUES ('loop-587-retry-10-commissioning-transcript', 'postgres-commissioning-loop-587-retry-10', 'COMMISSIONING_TRANSCRIPT', 'rulebook-examples/effortless-math/domains/traveling-salesman/testing/postgres-commissioning-success.log', 'ae8190f4c6084cbd1d2a3e9ae359a2b1966cf99dfcb2423d92cf98e6aaf8f7a5', TRUE) ON CONFLICT (tsp_artifact_id) DO UPDATE SET execution_run = EXCLUDED.execution_run, artifact_kind = EXCLUDED.artifact_kind, relative_path = EXCLUDED.relative_path, sha256 = EXCLUDED.sha256, is_present = EXCLUDED.is_present;

INSERT INTO tsp_artifacts (tsp_artifact_id, execution_run, artifact_kind, relative_path, sha256, is_present)
VALUES ('loop-587-retry-9-finalization-log', 'postgres-commissioning-loop-587-retry-9', 'LEDGER_FINALIZATION_FAILURE_TRANSCRIPT', 'rulebook-examples/effortless-math/domains/traveling-salesman/testing/postgres-commissioning-finalization-retry-9.log', '6516deab2de42c971cc55ef2d752d3d5cb2154dd343cd7827803e1bd6ed8bd2b', TRUE) ON CONFLICT (tsp_artifact_id) DO UPDATE SET execution_run = EXCLUDED.execution_run, artifact_kind = EXCLUDED.artifact_kind, relative_path = EXCLUDED.relative_path, sha256 = EXCLUDED.sha256, is_present = EXCLUDED.is_present;

-- ----------------------------------------------------------------------------
-- TSPConformanceChecks: Expected-versus-actual checks for a substrate run.
-- ----------------------------------------------------------------------------
INSERT INTO tsp_conformance_checks (tsp_conformance_check_id, execution_run, check_kind, subject_id, expected_value, actual_value, status)
VALUES ('loop-587-generated_build', 'postgres-commissioning-loop-587', 'GENERATED_BUILD', 'tsp-domain', 'PASS', 'BLOCKED', 'BLOCKED') ON CONFLICT (tsp_conformance_check_id) DO UPDATE SET execution_run = EXCLUDED.execution_run, check_kind = EXCLUDED.check_kind, subject_id = EXCLUDED.subject_id, expected_value = EXCLUDED.expected_value, actual_value = EXCLUDED.actual_value, status = EXCLUDED.status;

INSERT INTO tsp_conformance_checks (tsp_conformance_check_id, execution_run, check_kind, subject_id, expected_value, actual_value, status)
VALUES ('loop-587-database_initialization', 'postgres-commissioning-loop-587', 'DATABASE_INITIALIZATION', 'tsp-domain', 'PASS', 'BLOCKED', 'BLOCKED') ON CONFLICT (tsp_conformance_check_id) DO UPDATE SET execution_run = EXCLUDED.execution_run, check_kind = EXCLUDED.check_kind, subject_id = EXCLUDED.subject_id, expected_value = EXCLUDED.expected_value, actual_value = EXCLUDED.actual_value, status = EXCLUDED.status;

INSERT INTO tsp_conformance_checks (tsp_conformance_check_id, execution_run, check_kind, subject_id, expected_value, actual_value, status)
VALUES ('loop-587-python_postgres_conformance', 'postgres-commissioning-loop-587', 'PYTHON_POSTGRES_CONFORMANCE', 'tsp-domain', 'PASS', 'BLOCKED', 'BLOCKED') ON CONFLICT (tsp_conformance_check_id) DO UPDATE SET execution_run = EXCLUDED.execution_run, check_kind = EXCLUDED.check_kind, subject_id = EXCLUDED.subject_id, expected_value = EXCLUDED.expected_value, actual_value = EXCLUDED.actual_value, status = EXCLUDED.status;

INSERT INTO tsp_conformance_checks (tsp_conformance_check_id, execution_run, check_kind, subject_id, expected_value, actual_value, status)
VALUES ('loop-587-retry-7-stale-frontier-oracle', 'postgres-commissioning-loop-587-retry-7', 'TEST_ORACLE_ALIGNMENT', 'TSPFrontierObligations', '8,0,4 (stale)', '16,0,13 (canonical and Postgres)', 'FAIL') ON CONFLICT (tsp_conformance_check_id) DO UPDATE SET execution_run = EXCLUDED.execution_run, check_kind = EXCLUDED.check_kind, subject_id = EXCLUDED.subject_id, expected_value = EXCLUDED.expected_value, actual_value = EXCLUDED.actual_value, status = EXCLUDED.status;

INSERT INTO tsp_conformance_checks (tsp_conformance_check_id, execution_run, check_kind, subject_id, expected_value, actual_value, status)
VALUES ('loop-587-retry-8-ledger-finalization', 'postgres-commissioning-loop-587-retry-8', 'CERTIFICATE_PERSISTENCE', 'loop-587 closure transaction', 'PASS', 'FAIL', 'FAIL') ON CONFLICT (tsp_conformance_check_id) DO UPDATE SET execution_run = EXCLUDED.execution_run, check_kind = EXCLUDED.check_kind, subject_id = EXCLUDED.subject_id, expected_value = EXCLUDED.expected_value, actual_value = EXCLUDED.actual_value, status = EXCLUDED.status;

INSERT INTO tsp_conformance_checks (tsp_conformance_check_id, execution_run, check_kind, subject_id, expected_value, actual_value, status)
VALUES ('loop-587-retry-10-gridville-complete', 'postgres-commissioning-loop-587-retry-10', 'LIVE_VIEW_VALUE', 'gridville_complete', 'true', 'true', 'PASS') ON CONFLICT (tsp_conformance_check_id) DO UPDATE SET execution_run = EXCLUDED.execution_run, check_kind = EXCLUDED.check_kind, subject_id = EXCLUDED.subject_id, expected_value = EXCLUDED.expected_value, actual_value = EXCLUDED.actual_value, status = EXCLUDED.status;

INSERT INTO tsp_conformance_checks (tsp_conformance_check_id, execution_run, check_kind, subject_id, expected_value, actual_value, status)
VALUES ('loop-587-retry-10-reference-tour', 'postgres-commissioning-loop-587-retry-10', 'LIVE_VIEW_VALUE', 'reference_tour', 'true,true,14', 'true,true,14', 'PASS') ON CONFLICT (tsp_conformance_check_id) DO UPDATE SET execution_run = EXCLUDED.execution_run, check_kind = EXCLUDED.check_kind, subject_id = EXCLUDED.subject_id, expected_value = EXCLUDED.expected_value, actual_value = EXCLUDED.actual_value, status = EXCLUDED.status;

INSERT INTO tsp_conformance_checks (tsp_conformance_check_id, execution_run, check_kind, subject_id, expected_value, actual_value, status)
VALUES ('loop-587-retry-10-degree-two-lower-bound', 'postgres-commissioning-loop-587-retry-10', 'LIVE_VIEW_VALUE', 'degree_two_lower_bound', 'true,14', 'true,14', 'PASS') ON CONFLICT (tsp_conformance_check_id) DO UPDATE SET execution_run = EXCLUDED.execution_run, check_kind = EXCLUDED.check_kind, subject_id = EXCLUDED.subject_id, expected_value = EXCLUDED.expected_value, actual_value = EXCLUDED.actual_value, status = EXCLUDED.status;

INSERT INTO tsp_conformance_checks (tsp_conformance_check_id, execution_run, check_kind, subject_id, expected_value, actual_value, status)
VALUES ('loop-587-retry-10-cli-installation', 'postgres-commissioning-loop-587-retry-10', 'CLI_INSTALLATION', 'EffortlessAPI/cli@1551cb82d5a8992ad09e4c82d08e28493f92f7b4', 'PASS', 'PASS', 'PASS') ON CONFLICT (tsp_conformance_check_id) DO UPDATE SET execution_run = EXCLUDED.execution_run, check_kind = EXCLUDED.check_kind, subject_id = EXCLUDED.subject_id, expected_value = EXCLUDED.expected_value, actual_value = EXCLUDED.actual_value, status = EXCLUDED.status;

INSERT INTO tsp_conformance_checks (tsp_conformance_check_id, execution_run, check_kind, subject_id, expected_value, actual_value, status)
VALUES ('loop-587-retry-10-generated-build', 'postgres-commissioning-loop-587-retry-10', 'GENERATED_BUILD', 'traveling-salesman', 'PASS', 'PASS', 'PASS') ON CONFLICT (tsp_conformance_check_id) DO UPDATE SET execution_run = EXCLUDED.execution_run, check_kind = EXCLUDED.check_kind, subject_id = EXCLUDED.subject_id, expected_value = EXCLUDED.expected_value, actual_value = EXCLUDED.actual_value, status = EXCLUDED.status;

INSERT INTO tsp_conformance_checks (tsp_conformance_check_id, execution_run, check_kind, subject_id, expected_value, actual_value, status)
VALUES ('loop-587-retry-10-database-initialization', 'postgres-commissioning-loop-587-retry-10', 'DATABASE_INITIALIZATION', 'erb_traveling_salesman', 'PASS', 'PASS', 'PASS') ON CONFLICT (tsp_conformance_check_id) DO UPDATE SET execution_run = EXCLUDED.execution_run, check_kind = EXCLUDED.check_kind, subject_id = EXCLUDED.subject_id, expected_value = EXCLUDED.expected_value, actual_value = EXCLUDED.actual_value, status = EXCLUDED.status;

INSERT INTO tsp_conformance_checks (tsp_conformance_check_id, execution_run, check_kind, subject_id, expected_value, actual_value, status)
VALUES ('loop-587-retry-10-python-postgres-conformance', 'postgres-commissioning-loop-587-retry-10', 'PYTHON_POSTGRES_CONFORMANCE', 'testing/take-test.py', 'PASS', 'PASS', 'PASS') ON CONFLICT (tsp_conformance_check_id) DO UPDATE SET execution_run = EXCLUDED.execution_run, check_kind = EXCLUDED.check_kind, subject_id = EXCLUDED.subject_id, expected_value = EXCLUDED.expected_value, actual_value = EXCLUDED.actual_value, status = EXCLUDED.status;

INSERT INTO tsp_conformance_checks (tsp_conformance_check_id, execution_run, check_kind, subject_id, expected_value, actual_value, status)
VALUES ('loop-587-retry-9-numeric-text-normalization', 'postgres-commissioning-loop-587-retry-9', 'CERTIFICATE_PERSISTENCE', 'degree_two_lower_bound numeric text', '14', '14.0000000000000000', 'FAIL') ON CONFLICT (tsp_conformance_check_id) DO UPDATE SET execution_run = EXCLUDED.execution_run, check_kind = EXCLUDED.check_kind, subject_id = EXCLUDED.subject_id, expected_value = EXCLUDED.expected_value, actual_value = EXCLUDED.actual_value, status = EXCLUDED.status;

-- ----------------------------------------------------------------------------
-- TSPInferenceStates: Named immutable snapshots of the current deterministic inference frontier.
-- ----------------------------------------------------------------------------
INSERT INTO tsp_inference_states (tsp_inference_state_id, tsp_instance, tsp_loop, state_kind, parent_state_id, status, description)
VALUES ('state-gridville-local-bound-selections', 'tsp-gridville-5', 'tsp-loop-588', 'LOCAL_BOUND_EDGE_SELECTIONS', NULL, 'CLOSED', 'Edges selected by explicit two-cheapest incident-edge witnesses; selection is not universal forcing.') ON CONFLICT (tsp_inference_state_id) DO UPDATE SET tsp_instance = EXCLUDED.tsp_instance, tsp_loop = EXCLUDED.tsp_loop, state_kind = EXCLUDED.state_kind, parent_state_id = EXCLUDED.parent_state_id, status = EXCLUDED.status, description = EXCLUDED.description;

INSERT INTO tsp_inference_states (tsp_inference_state_id, tsp_instance, tsp_loop, state_kind, parent_state_id, status, description)
VALUES ('state-gridville-derived-edge-union', 'tsp-gridville-5', 'tsp-loop-589', 'DERIVED_EDGE_SET', 'state-gridville-local-bound-selections', 'CLOSED', 'Deduplicated union of edges selected by local degree-bound support rows.') ON CONFLICT (tsp_inference_state_id) DO UPDATE SET tsp_instance = EXCLUDED.tsp_instance, tsp_loop = EXCLUDED.tsp_loop, state_kind = EXCLUDED.state_kind, parent_state_id = EXCLUDED.parent_state_id, status = EXCLUDED.status, description = EXCLUDED.description;

INSERT INTO tsp_inference_states (tsp_inference_state_id, tsp_instance, tsp_loop, state_kind, parent_state_id, status, description)
VALUES ('state-twin-triangles-local-bound-union', 'tsp-twin-triangles-6', 'tsp-loop-593', 'LOCAL_BOUND_EDGE_SET', NULL, 'CLOSED', 'Union of local two-cheapest witnesses for counterfactual fixture.') ON CONFLICT (tsp_inference_state_id) DO UPDATE SET tsp_instance = EXCLUDED.tsp_instance, tsp_loop = EXCLUDED.tsp_loop, state_kind = EXCLUDED.state_kind, parent_state_id = EXCLUDED.parent_state_id, status = EXCLUDED.status, description = EXCLUDED.description;

INSERT INTO tsp_inference_states (tsp_inference_state_id, tsp_instance, tsp_loop, state_kind, parent_state_id, status, description)
VALUES ('state-sparse-forcing-round-1', 'tsp-sparse-forcing-5', 'tsp-loop-594', 'FORCED_EDGE_CLOSURE', NULL, 'CLOSED', 'Five ring edges forced by degree-two stops; B-D remains undecided until saturation propagation.') ON CONFLICT (tsp_inference_state_id) DO UPDATE SET tsp_instance = EXCLUDED.tsp_instance, tsp_loop = EXCLUDED.tsp_loop, state_kind = EXCLUDED.state_kind, parent_state_id = EXCLUDED.parent_state_id, status = EXCLUDED.status, description = EXCLUDED.description;

INSERT INTO tsp_inference_states (tsp_inference_state_id, tsp_instance, tsp_loop, state_kind, parent_state_id, status, description)
VALUES ('state-closure-event-gridville-edge-union', 'tsp-gridville-5', 'tsp-loop-589', 'EDGE_UNION', NULL, 'CLOSED', 'Normalized closure state for event-gridville-edge-union.') ON CONFLICT (tsp_inference_state_id) DO UPDATE SET tsp_instance = EXCLUDED.tsp_instance, tsp_loop = EXCLUDED.tsp_loop, state_kind = EXCLUDED.state_kind, parent_state_id = EXCLUDED.parent_state_id, status = EXCLUDED.status, description = EXCLUDED.description;

INSERT INTO tsp_inference_states (tsp_inference_state_id, tsp_instance, tsp_loop, state_kind, parent_state_id, status, description)
VALUES ('state-closure-event-gridville-rigidity', 'tsp-gridville-5', 'tsp-loop-590', 'RIGIDITY', NULL, 'CLOSED', 'Normalized closure state for event-gridville-rigidity.') ON CONFLICT (tsp_inference_state_id) DO UPDATE SET tsp_instance = EXCLUDED.tsp_instance, tsp_loop = EXCLUDED.tsp_loop, state_kind = EXCLUDED.state_kind, parent_state_id = EXCLUDED.parent_state_id, status = EXCLUDED.status, description = EXCLUDED.description;

INSERT INTO tsp_inference_states (tsp_inference_state_id, tsp_instance, tsp_loop, state_kind, parent_state_id, status, description)
VALUES ('state-closure-event-gridville-reconstruction', 'tsp-gridville-5', 'tsp-loop-591', 'RECONSTRUCTION', NULL, 'CLOSED', 'Normalized closure state for event-gridville-reconstruction.') ON CONFLICT (tsp_inference_state_id) DO UPDATE SET tsp_instance = EXCLUDED.tsp_instance, tsp_loop = EXCLUDED.tsp_loop, state_kind = EXCLUDED.state_kind, parent_state_id = EXCLUDED.parent_state_id, status = EXCLUDED.status, description = EXCLUDED.description;

INSERT INTO tsp_inference_states (tsp_inference_state_id, tsp_instance, tsp_loop, state_kind, parent_state_id, status, description)
VALUES ('state-closure-event-sparse-forcing', 'tsp-sparse-forcing-5', 'tsp-loop-594', 'FORCING', NULL, 'CLOSED', 'Normalized closure state for event-sparse-forcing.') ON CONFLICT (tsp_inference_state_id) DO UPDATE SET tsp_instance = EXCLUDED.tsp_instance, tsp_loop = EXCLUDED.tsp_loop, state_kind = EXCLUDED.state_kind, parent_state_id = EXCLUDED.parent_state_id, status = EXCLUDED.status, description = EXCLUDED.description;

INSERT INTO tsp_inference_states (tsp_inference_state_id, tsp_instance, tsp_loop, state_kind, parent_state_id, status, description)
VALUES ('state-closure-event-sparse-forbidding', 'tsp-sparse-forcing-5', 'tsp-loop-595', 'FORBIDDING', NULL, 'CLOSED', 'Normalized closure state for event-sparse-forbidding.') ON CONFLICT (tsp_inference_state_id) DO UPDATE SET tsp_instance = EXCLUDED.tsp_instance, tsp_loop = EXCLUDED.tsp_loop, state_kind = EXCLUDED.state_kind, parent_state_id = EXCLUDED.parent_state_id, status = EXCLUDED.status, description = EXCLUDED.description;

INSERT INTO tsp_inference_states (tsp_inference_state_id, tsp_instance, tsp_loop, state_kind, parent_state_id, status, description)
VALUES ('state-closure-event-twin-cut-parity', 'tsp-twin-triangles-6', 'tsp-loop-602', 'CUT_PARITY', NULL, 'CLOSED', 'Normalized closure state for event-twin-cut-parity.') ON CONFLICT (tsp_inference_state_id) DO UPDATE SET tsp_instance = EXCLUDED.tsp_instance, tsp_loop = EXCLUDED.tsp_loop, state_kind = EXCLUDED.state_kind, parent_state_id = EXCLUDED.parent_state_id, status = EXCLUDED.status, description = EXCLUDED.description;

INSERT INTO tsp_inference_states (tsp_inference_state_id, tsp_instance, tsp_loop, state_kind, parent_state_id, status, description)
VALUES ('state-closure-event-twin-repair-bound', 'tsp-twin-triangles-6', 'tsp-loop-603', 'BOUND_REPAIR', NULL, 'CLOSED', 'Normalized closure state for event-twin-repair-bound.') ON CONFLICT (tsp_inference_state_id) DO UPDATE SET tsp_instance = EXCLUDED.tsp_instance, tsp_loop = EXCLUDED.tsp_loop, state_kind = EXCLUDED.state_kind, parent_state_id = EXCLUDED.parent_state_id, status = EXCLUDED.status, description = EXCLUDED.description;

INSERT INTO tsp_inference_states (tsp_inference_state_id, tsp_instance, tsp_loop, state_kind, parent_state_id, status, description)
VALUES ('state-closure-event-twin-bound-sandwich', 'tsp-twin-triangles-6', 'tsp-loop-604', 'RIGIDITY', NULL, 'CLOSED', 'Normalized closure state for event-twin-bound-sandwich.') ON CONFLICT (tsp_inference_state_id) DO UPDATE SET tsp_instance = EXCLUDED.tsp_instance, tsp_loop = EXCLUDED.tsp_loop, state_kind = EXCLUDED.state_kind, parent_state_id = EXCLUDED.parent_state_id, status = EXCLUDED.status, description = EXCLUDED.description;

INSERT INTO tsp_inference_states (tsp_inference_state_id, tsp_instance, tsp_loop, state_kind, parent_state_id, status, description)
VALUES ('state-closure-event-twin-component-quotient', 'tsp-twin-triangles-6', 'tsp-loop-608', 'QUOTIENT', NULL, 'CLOSED', 'Normalized closure state for event-twin-component-quotient.') ON CONFLICT (tsp_inference_state_id) DO UPDATE SET tsp_instance = EXCLUDED.tsp_instance, tsp_loop = EXCLUDED.tsp_loop, state_kind = EXCLUDED.state_kind, parent_state_id = EXCLUDED.parent_state_id, status = EXCLUDED.status, description = EXCLUDED.description;

-- ----------------------------------------------------------------------------
-- TSPInferenceApplications: Individual applications of declared inference rules.
-- ----------------------------------------------------------------------------
INSERT INTO tsp_inference_applications (tsp_inference_application_id, inference_state, inference_rule, tsp_loop, subject_type, subject_id, applicability_passed, conclusion, certificate_type, event_kind, input_state_id, output_state_id, antecedent_count, decision_count, event_status)
VALUES ('application-local-bound-stop-a', 'state-gridville-local-bound-selections', 'tsp-rule-inference-application-spine', 'tsp-loop-588', 'LOCAL_DEGREE_BOUND', 'local-bound-stop-a', TRUE, 'The two named incident edges are selected by this local lower-bound witness only.', 'local-bound-edge-selection', 'LOCAL_SELECTION', 'local-degree-bound-witness', 'state-gridville-local-bound-selections', 1, 2, 'APPLIED') ON CONFLICT (tsp_inference_application_id) DO UPDATE SET inference_state = EXCLUDED.inference_state, inference_rule = EXCLUDED.inference_rule, tsp_loop = EXCLUDED.tsp_loop, subject_type = EXCLUDED.subject_type, subject_id = EXCLUDED.subject_id, applicability_passed = EXCLUDED.applicability_passed, conclusion = EXCLUDED.conclusion, certificate_type = EXCLUDED.certificate_type, event_kind = EXCLUDED.event_kind, input_state_id = EXCLUDED.input_state_id, output_state_id = EXCLUDED.output_state_id, antecedent_count = EXCLUDED.antecedent_count, decision_count = EXCLUDED.decision_count, event_status = EXCLUDED.event_status;

INSERT INTO tsp_inference_applications (tsp_inference_application_id, inference_state, inference_rule, tsp_loop, subject_type, subject_id, applicability_passed, conclusion, certificate_type, event_kind, input_state_id, output_state_id, antecedent_count, decision_count, event_status)
VALUES ('application-local-bound-stop-b', 'state-gridville-local-bound-selections', 'tsp-rule-inference-application-spine', 'tsp-loop-588', 'LOCAL_DEGREE_BOUND', 'local-bound-stop-b', TRUE, 'The two named incident edges are selected by this local lower-bound witness only.', 'local-bound-edge-selection', 'LOCAL_SELECTION', 'local-degree-bound-witness', 'state-gridville-local-bound-selections', 1, 2, 'APPLIED') ON CONFLICT (tsp_inference_application_id) DO UPDATE SET inference_state = EXCLUDED.inference_state, inference_rule = EXCLUDED.inference_rule, tsp_loop = EXCLUDED.tsp_loop, subject_type = EXCLUDED.subject_type, subject_id = EXCLUDED.subject_id, applicability_passed = EXCLUDED.applicability_passed, conclusion = EXCLUDED.conclusion, certificate_type = EXCLUDED.certificate_type, event_kind = EXCLUDED.event_kind, input_state_id = EXCLUDED.input_state_id, output_state_id = EXCLUDED.output_state_id, antecedent_count = EXCLUDED.antecedent_count, decision_count = EXCLUDED.decision_count, event_status = EXCLUDED.event_status;

INSERT INTO tsp_inference_applications (tsp_inference_application_id, inference_state, inference_rule, tsp_loop, subject_type, subject_id, applicability_passed, conclusion, certificate_type, event_kind, input_state_id, output_state_id, antecedent_count, decision_count, event_status)
VALUES ('application-local-bound-stop-c', 'state-gridville-local-bound-selections', 'tsp-rule-inference-application-spine', 'tsp-loop-588', 'LOCAL_DEGREE_BOUND', 'local-bound-stop-c', TRUE, 'The two named incident edges are selected by this local lower-bound witness only.', 'local-bound-edge-selection', 'LOCAL_SELECTION', 'local-degree-bound-witness', 'state-gridville-local-bound-selections', 1, 2, 'APPLIED') ON CONFLICT (tsp_inference_application_id) DO UPDATE SET inference_state = EXCLUDED.inference_state, inference_rule = EXCLUDED.inference_rule, tsp_loop = EXCLUDED.tsp_loop, subject_type = EXCLUDED.subject_type, subject_id = EXCLUDED.subject_id, applicability_passed = EXCLUDED.applicability_passed, conclusion = EXCLUDED.conclusion, certificate_type = EXCLUDED.certificate_type, event_kind = EXCLUDED.event_kind, input_state_id = EXCLUDED.input_state_id, output_state_id = EXCLUDED.output_state_id, antecedent_count = EXCLUDED.antecedent_count, decision_count = EXCLUDED.decision_count, event_status = EXCLUDED.event_status;

INSERT INTO tsp_inference_applications (tsp_inference_application_id, inference_state, inference_rule, tsp_loop, subject_type, subject_id, applicability_passed, conclusion, certificate_type, event_kind, input_state_id, output_state_id, antecedent_count, decision_count, event_status)
VALUES ('application-local-bound-stop-d', 'state-gridville-local-bound-selections', 'tsp-rule-inference-application-spine', 'tsp-loop-588', 'LOCAL_DEGREE_BOUND', 'local-bound-stop-d', TRUE, 'The two named incident edges are selected by this local lower-bound witness only.', 'local-bound-edge-selection', 'LOCAL_SELECTION', 'local-degree-bound-witness', 'state-gridville-local-bound-selections', 1, 2, 'APPLIED') ON CONFLICT (tsp_inference_application_id) DO UPDATE SET inference_state = EXCLUDED.inference_state, inference_rule = EXCLUDED.inference_rule, tsp_loop = EXCLUDED.tsp_loop, subject_type = EXCLUDED.subject_type, subject_id = EXCLUDED.subject_id, applicability_passed = EXCLUDED.applicability_passed, conclusion = EXCLUDED.conclusion, certificate_type = EXCLUDED.certificate_type, event_kind = EXCLUDED.event_kind, input_state_id = EXCLUDED.input_state_id, output_state_id = EXCLUDED.output_state_id, antecedent_count = EXCLUDED.antecedent_count, decision_count = EXCLUDED.decision_count, event_status = EXCLUDED.event_status;

INSERT INTO tsp_inference_applications (tsp_inference_application_id, inference_state, inference_rule, tsp_loop, subject_type, subject_id, applicability_passed, conclusion, certificate_type, event_kind, input_state_id, output_state_id, antecedent_count, decision_count, event_status)
VALUES ('application-local-bound-stop-e', 'state-gridville-local-bound-selections', 'tsp-rule-inference-application-spine', 'tsp-loop-588', 'LOCAL_DEGREE_BOUND', 'local-bound-stop-e', TRUE, 'The two named incident edges are selected by this local lower-bound witness only.', 'local-bound-edge-selection', 'LOCAL_SELECTION', 'local-degree-bound-witness', 'state-gridville-local-bound-selections', 1, 2, 'APPLIED') ON CONFLICT (tsp_inference_application_id) DO UPDATE SET inference_state = EXCLUDED.inference_state, inference_rule = EXCLUDED.inference_rule, tsp_loop = EXCLUDED.tsp_loop, subject_type = EXCLUDED.subject_type, subject_id = EXCLUDED.subject_id, applicability_passed = EXCLUDED.applicability_passed, conclusion = EXCLUDED.conclusion, certificate_type = EXCLUDED.certificate_type, event_kind = EXCLUDED.event_kind, input_state_id = EXCLUDED.input_state_id, output_state_id = EXCLUDED.output_state_id, antecedent_count = EXCLUDED.antecedent_count, decision_count = EXCLUDED.decision_count, event_status = EXCLUDED.event_status;

INSERT INTO tsp_inference_applications (tsp_inference_application_id, inference_state, inference_rule, tsp_loop, subject_type, subject_id, applicability_passed, conclusion, certificate_type, event_kind, input_state_id, output_state_id, antecedent_count, decision_count, event_status)
VALUES ('event-gridville-edge-union', 'state-closure-event-gridville-edge-union', 'tsp-rule-closure-event', 'tsp-loop-589', 'CLOSURE_EVENT_SUBJECT', 'edge-set-gridville-local-bound-union', TRUE, 'EDGE_UNION event applied with explicit input/output/provenance accounting.', 'closure-event-certificate', 'EDGE_UNION', 'input-event-gridville-edge-union', 'state-closure-event-gridville-edge-union', 10, 5, 'APPLIED') ON CONFLICT (tsp_inference_application_id) DO UPDATE SET inference_state = EXCLUDED.inference_state, inference_rule = EXCLUDED.inference_rule, tsp_loop = EXCLUDED.tsp_loop, subject_type = EXCLUDED.subject_type, subject_id = EXCLUDED.subject_id, applicability_passed = EXCLUDED.applicability_passed, conclusion = EXCLUDED.conclusion, certificate_type = EXCLUDED.certificate_type, event_kind = EXCLUDED.event_kind, input_state_id = EXCLUDED.input_state_id, output_state_id = EXCLUDED.output_state_id, antecedent_count = EXCLUDED.antecedent_count, decision_count = EXCLUDED.decision_count, event_status = EXCLUDED.event_status;

INSERT INTO tsp_inference_applications (tsp_inference_application_id, inference_state, inference_rule, tsp_loop, subject_type, subject_id, applicability_passed, conclusion, certificate_type, event_kind, input_state_id, output_state_id, antecedent_count, decision_count, event_status)
VALUES ('event-gridville-rigidity', 'state-closure-event-gridville-rigidity', 'tsp-rule-closure-event', 'tsp-loop-590', 'CLOSURE_EVENT_SUBJECT', 'connected-cycle-gridville-local-bound-union', TRUE, 'RIGIDITY event applied with explicit input/output/provenance accounting.', 'closure-event-certificate', 'RIGIDITY', 'input-event-gridville-rigidity', 'state-closure-event-gridville-rigidity', 10, 1, 'APPLIED') ON CONFLICT (tsp_inference_application_id) DO UPDATE SET inference_state = EXCLUDED.inference_state, inference_rule = EXCLUDED.inference_rule, tsp_loop = EXCLUDED.tsp_loop, subject_type = EXCLUDED.subject_type, subject_id = EXCLUDED.subject_id, applicability_passed = EXCLUDED.applicability_passed, conclusion = EXCLUDED.conclusion, certificate_type = EXCLUDED.certificate_type, event_kind = EXCLUDED.event_kind, input_state_id = EXCLUDED.input_state_id, output_state_id = EXCLUDED.output_state_id, antecedent_count = EXCLUDED.antecedent_count, decision_count = EXCLUDED.decision_count, event_status = EXCLUDED.event_status;

INSERT INTO tsp_inference_applications (tsp_inference_application_id, inference_state, inference_rule, tsp_loop, subject_type, subject_id, applicability_passed, conclusion, certificate_type, event_kind, input_state_id, output_state_id, antecedent_count, decision_count, event_status)
VALUES ('event-gridville-reconstruction', 'state-closure-event-gridville-reconstruction', 'tsp-rule-closure-event', 'tsp-loop-591', 'CLOSURE_EVENT_SUBJECT', 'reconstruction-gridville-local-bound-union', TRUE, 'RECONSTRUCTION event applied with explicit input/output/provenance accounting.', 'closure-event-certificate', 'RECONSTRUCTION', 'input-event-gridville-reconstruction', 'state-closure-event-gridville-reconstruction', 1, 5, 'APPLIED') ON CONFLICT (tsp_inference_application_id) DO UPDATE SET inference_state = EXCLUDED.inference_state, inference_rule = EXCLUDED.inference_rule, tsp_loop = EXCLUDED.tsp_loop, subject_type = EXCLUDED.subject_type, subject_id = EXCLUDED.subject_id, applicability_passed = EXCLUDED.applicability_passed, conclusion = EXCLUDED.conclusion, certificate_type = EXCLUDED.certificate_type, event_kind = EXCLUDED.event_kind, input_state_id = EXCLUDED.input_state_id, output_state_id = EXCLUDED.output_state_id, antecedent_count = EXCLUDED.antecedent_count, decision_count = EXCLUDED.decision_count, event_status = EXCLUDED.event_status;

INSERT INTO tsp_inference_applications (tsp_inference_application_id, inference_state, inference_rule, tsp_loop, subject_type, subject_id, applicability_passed, conclusion, certificate_type, event_kind, input_state_id, output_state_id, antecedent_count, decision_count, event_status)
VALUES ('event-sparse-forcing', 'state-closure-event-sparse-forcing', 'tsp-rule-closure-event', 'tsp-loop-594', 'CLOSURE_EVENT_SUBJECT', 'sparse-forcing', TRUE, 'FORCING event applied with explicit input/output/provenance accounting.', 'closure-event-certificate', 'FORCING', 'input-event-sparse-forcing', 'state-closure-event-sparse-forcing', 5, 5, 'APPLIED') ON CONFLICT (tsp_inference_application_id) DO UPDATE SET inference_state = EXCLUDED.inference_state, inference_rule = EXCLUDED.inference_rule, tsp_loop = EXCLUDED.tsp_loop, subject_type = EXCLUDED.subject_type, subject_id = EXCLUDED.subject_id, applicability_passed = EXCLUDED.applicability_passed, conclusion = EXCLUDED.conclusion, certificate_type = EXCLUDED.certificate_type, event_kind = EXCLUDED.event_kind, input_state_id = EXCLUDED.input_state_id, output_state_id = EXCLUDED.output_state_id, antecedent_count = EXCLUDED.antecedent_count, decision_count = EXCLUDED.decision_count, event_status = EXCLUDED.event_status;

INSERT INTO tsp_inference_applications (tsp_inference_application_id, inference_state, inference_rule, tsp_loop, subject_type, subject_id, applicability_passed, conclusion, certificate_type, event_kind, input_state_id, output_state_id, antecedent_count, decision_count, event_status)
VALUES ('event-sparse-forbidding', 'state-closure-event-sparse-forbidding', 'tsp-rule-closure-event', 'tsp-loop-595', 'CLOSURE_EVENT_SUBJECT', 'sparse-forbidding', TRUE, 'FORBIDDING event applied with explicit input/output/provenance accounting.', 'closure-event-certificate', 'FORBIDDING', 'input-event-sparse-forbidding', 'state-closure-event-sparse-forbidding', 2, 1, 'APPLIED') ON CONFLICT (tsp_inference_application_id) DO UPDATE SET inference_state = EXCLUDED.inference_state, inference_rule = EXCLUDED.inference_rule, tsp_loop = EXCLUDED.tsp_loop, subject_type = EXCLUDED.subject_type, subject_id = EXCLUDED.subject_id, applicability_passed = EXCLUDED.applicability_passed, conclusion = EXCLUDED.conclusion, certificate_type = EXCLUDED.certificate_type, event_kind = EXCLUDED.event_kind, input_state_id = EXCLUDED.input_state_id, output_state_id = EXCLUDED.output_state_id, antecedent_count = EXCLUDED.antecedent_count, decision_count = EXCLUDED.decision_count, event_status = EXCLUDED.event_status;

INSERT INTO tsp_inference_applications (tsp_inference_application_id, inference_state, inference_rule, tsp_loop, subject_type, subject_id, applicability_passed, conclusion, certificate_type, event_kind, input_state_id, output_state_id, antecedent_count, decision_count, event_status)
VALUES ('event-twin-cut-parity', 'state-closure-event-twin-cut-parity', 'tsp-rule-closure-event', 'tsp-loop-602', 'CLOSURE_EVENT_SUBJECT', 'bound-term-twin-cut-parity', TRUE, 'CUT_PARITY event applied with explicit input/output/provenance accounting.', 'closure-event-certificate', 'CUT_PARITY', 'input-event-twin-cut-parity', 'state-closure-event-twin-cut-parity', 2, 1, 'APPLIED') ON CONFLICT (tsp_inference_application_id) DO UPDATE SET inference_state = EXCLUDED.inference_state, inference_rule = EXCLUDED.inference_rule, tsp_loop = EXCLUDED.tsp_loop, subject_type = EXCLUDED.subject_type, subject_id = EXCLUDED.subject_id, applicability_passed = EXCLUDED.applicability_passed, conclusion = EXCLUDED.conclusion, certificate_type = EXCLUDED.certificate_type, event_kind = EXCLUDED.event_kind, input_state_id = EXCLUDED.input_state_id, output_state_id = EXCLUDED.output_state_id, antecedent_count = EXCLUDED.antecedent_count, decision_count = EXCLUDED.decision_count, event_status = EXCLUDED.event_status;

INSERT INTO tsp_inference_applications (tsp_inference_application_id, inference_state, inference_rule, tsp_loop, subject_type, subject_id, applicability_passed, conclusion, certificate_type, event_kind, input_state_id, output_state_id, antecedent_count, decision_count, event_status)
VALUES ('event-twin-repair-bound', 'state-closure-event-twin-repair-bound', 'tsp-rule-closure-event', 'tsp-loop-603', 'CLOSURE_EVENT_SUBJECT', 'degree-two-lower-bound-twin-triangles-6', TRUE, 'BOUND_REPAIR event applied with explicit input/output/provenance accounting.', 'closure-event-certificate', 'BOUND_REPAIR', 'input-event-twin-repair-bound', 'state-closure-event-twin-repair-bound', 3, 2, 'APPLIED') ON CONFLICT (tsp_inference_application_id) DO UPDATE SET inference_state = EXCLUDED.inference_state, inference_rule = EXCLUDED.inference_rule, tsp_loop = EXCLUDED.tsp_loop, subject_type = EXCLUDED.subject_type, subject_id = EXCLUDED.subject_id, applicability_passed = EXCLUDED.applicability_passed, conclusion = EXCLUDED.conclusion, certificate_type = EXCLUDED.certificate_type, event_kind = EXCLUDED.event_kind, input_state_id = EXCLUDED.input_state_id, output_state_id = EXCLUDED.output_state_id, antecedent_count = EXCLUDED.antecedent_count, decision_count = EXCLUDED.decision_count, event_status = EXCLUDED.event_status;

INSERT INTO tsp_inference_applications (tsp_inference_application_id, inference_state, inference_rule, tsp_loop, subject_type, subject_id, applicability_passed, conclusion, certificate_type, event_kind, input_state_id, output_state_id, antecedent_count, decision_count, event_status)
VALUES ('event-twin-bound-sandwich', 'state-closure-event-twin-bound-sandwich', 'tsp-rule-closure-event', 'tsp-loop-604', 'CLOSURE_EVENT_SUBJECT', 'optimality-twin-triangles-component-repair', TRUE, 'RIGIDITY event applied with explicit input/output/provenance accounting.', 'closure-event-certificate', 'RIGIDITY', 'input-event-twin-bound-sandwich', 'state-closure-event-twin-bound-sandwich', 2, 1, 'APPLIED') ON CONFLICT (tsp_inference_application_id) DO UPDATE SET inference_state = EXCLUDED.inference_state, inference_rule = EXCLUDED.inference_rule, tsp_loop = EXCLUDED.tsp_loop, subject_type = EXCLUDED.subject_type, subject_id = EXCLUDED.subject_id, applicability_passed = EXCLUDED.applicability_passed, conclusion = EXCLUDED.conclusion, certificate_type = EXCLUDED.certificate_type, event_kind = EXCLUDED.event_kind, input_state_id = EXCLUDED.input_state_id, output_state_id = EXCLUDED.output_state_id, antecedent_count = EXCLUDED.antecedent_count, decision_count = EXCLUDED.decision_count, event_status = EXCLUDED.event_status;

INSERT INTO tsp_inference_applications (tsp_inference_application_id, inference_state, inference_rule, tsp_loop, subject_type, subject_id, applicability_passed, conclusion, certificate_type, event_kind, input_state_id, output_state_id, antecedent_count, decision_count, event_status)
VALUES ('event-twin-component-quotient', 'state-closure-event-twin-component-quotient', 'tsp-rule-closure-event', 'tsp-loop-608', 'CLOSURE_EVENT_SUBJECT', 'tsp-twin-triangles-6', TRUE, 'QUOTIENT event applied with explicit input/output/provenance accounting.', 'closure-event-certificate', 'QUOTIENT', 'input-event-twin-component-quotient', 'state-closure-event-twin-component-quotient', 6, 2, 'APPLIED') ON CONFLICT (tsp_inference_application_id) DO UPDATE SET inference_state = EXCLUDED.inference_state, inference_rule = EXCLUDED.inference_rule, tsp_loop = EXCLUDED.tsp_loop, subject_type = EXCLUDED.subject_type, subject_id = EXCLUDED.subject_id, applicability_passed = EXCLUDED.applicability_passed, conclusion = EXCLUDED.conclusion, certificate_type = EXCLUDED.certificate_type, event_kind = EXCLUDED.event_kind, input_state_id = EXCLUDED.input_state_id, output_state_id = EXCLUDED.output_state_id, antecedent_count = EXCLUDED.antecedent_count, decision_count = EXCLUDED.decision_count, event_status = EXCLUDED.event_status;

-- ----------------------------------------------------------------------------
-- TSPInferenceAntecedents: Antecedent facts consumed by one inference application.
-- ----------------------------------------------------------------------------
INSERT INTO tsp_inference_antecedents (tsp_inference_antecedent_id, inference_application, antecedent_kind, antecedent_id, statement)
VALUES ('antecedent-local-bound-stop-a', 'application-local-bound-stop-a', 'TWO_CHEAPEST_WITNESS', 'local-bound-stop-a', 'LocalDegreeBounds.IsTwoCheapestWitness is certified by child dominance checks.') ON CONFLICT (tsp_inference_antecedent_id) DO UPDATE SET inference_application = EXCLUDED.inference_application, antecedent_kind = EXCLUDED.antecedent_kind, antecedent_id = EXCLUDED.antecedent_id, statement = EXCLUDED.statement;

INSERT INTO tsp_inference_antecedents (tsp_inference_antecedent_id, inference_application, antecedent_kind, antecedent_id, statement)
VALUES ('antecedent-local-bound-stop-b', 'application-local-bound-stop-b', 'TWO_CHEAPEST_WITNESS', 'local-bound-stop-b', 'LocalDegreeBounds.IsTwoCheapestWitness is certified by child dominance checks.') ON CONFLICT (tsp_inference_antecedent_id) DO UPDATE SET inference_application = EXCLUDED.inference_application, antecedent_kind = EXCLUDED.antecedent_kind, antecedent_id = EXCLUDED.antecedent_id, statement = EXCLUDED.statement;

INSERT INTO tsp_inference_antecedents (tsp_inference_antecedent_id, inference_application, antecedent_kind, antecedent_id, statement)
VALUES ('antecedent-local-bound-stop-c', 'application-local-bound-stop-c', 'TWO_CHEAPEST_WITNESS', 'local-bound-stop-c', 'LocalDegreeBounds.IsTwoCheapestWitness is certified by child dominance checks.') ON CONFLICT (tsp_inference_antecedent_id) DO UPDATE SET inference_application = EXCLUDED.inference_application, antecedent_kind = EXCLUDED.antecedent_kind, antecedent_id = EXCLUDED.antecedent_id, statement = EXCLUDED.statement;

INSERT INTO tsp_inference_antecedents (tsp_inference_antecedent_id, inference_application, antecedent_kind, antecedent_id, statement)
VALUES ('antecedent-local-bound-stop-d', 'application-local-bound-stop-d', 'TWO_CHEAPEST_WITNESS', 'local-bound-stop-d', 'LocalDegreeBounds.IsTwoCheapestWitness is certified by child dominance checks.') ON CONFLICT (tsp_inference_antecedent_id) DO UPDATE SET inference_application = EXCLUDED.inference_application, antecedent_kind = EXCLUDED.antecedent_kind, antecedent_id = EXCLUDED.antecedent_id, statement = EXCLUDED.statement;

INSERT INTO tsp_inference_antecedents (tsp_inference_antecedent_id, inference_application, antecedent_kind, antecedent_id, statement)
VALUES ('antecedent-local-bound-stop-e', 'application-local-bound-stop-e', 'TWO_CHEAPEST_WITNESS', 'local-bound-stop-e', 'LocalDegreeBounds.IsTwoCheapestWitness is certified by child dominance checks.') ON CONFLICT (tsp_inference_antecedent_id) DO UPDATE SET inference_application = EXCLUDED.inference_application, antecedent_kind = EXCLUDED.antecedent_kind, antecedent_id = EXCLUDED.antecedent_id, statement = EXCLUDED.statement;

-- ----------------------------------------------------------------------------
-- TSPEdgeStates: Epistemically typed state of one edge in one inference snapshot.
-- ----------------------------------------------------------------------------
INSERT INTO tsp_edge_states (tsp_edge_state_id, inference_state, travel_edge, decision_status, epistemic_status, inference_application)
VALUES ('edge-state-gridville-edge-a-b', 'state-gridville-local-bound-selections', 'edge-a-b', 'SELECTED', 'SELECTED_BY_LOCAL_BOUND_WITNESS', 'application-local-bound-stop-a') ON CONFLICT (tsp_edge_state_id) DO UPDATE SET inference_state = EXCLUDED.inference_state, travel_edge = EXCLUDED.travel_edge, decision_status = EXCLUDED.decision_status, epistemic_status = EXCLUDED.epistemic_status, inference_application = EXCLUDED.inference_application;

INSERT INTO tsp_edge_states (tsp_edge_state_id, inference_state, travel_edge, decision_status, epistemic_status, inference_application)
VALUES ('edge-state-gridville-edge-a-e', 'state-gridville-local-bound-selections', 'edge-a-e', 'SELECTED', 'SELECTED_BY_LOCAL_BOUND_WITNESS', 'application-local-bound-stop-a') ON CONFLICT (tsp_edge_state_id) DO UPDATE SET inference_state = EXCLUDED.inference_state, travel_edge = EXCLUDED.travel_edge, decision_status = EXCLUDED.decision_status, epistemic_status = EXCLUDED.epistemic_status, inference_application = EXCLUDED.inference_application;

INSERT INTO tsp_edge_states (tsp_edge_state_id, inference_state, travel_edge, decision_status, epistemic_status, inference_application)
VALUES ('edge-state-gridville-edge-b-c', 'state-gridville-local-bound-selections', 'edge-b-c', 'SELECTED', 'SELECTED_BY_LOCAL_BOUND_WITNESS', 'application-local-bound-stop-b') ON CONFLICT (tsp_edge_state_id) DO UPDATE SET inference_state = EXCLUDED.inference_state, travel_edge = EXCLUDED.travel_edge, decision_status = EXCLUDED.decision_status, epistemic_status = EXCLUDED.epistemic_status, inference_application = EXCLUDED.inference_application;

INSERT INTO tsp_edge_states (tsp_edge_state_id, inference_state, travel_edge, decision_status, epistemic_status, inference_application)
VALUES ('edge-state-gridville-edge-c-d', 'state-gridville-local-bound-selections', 'edge-c-d', 'SELECTED', 'SELECTED_BY_LOCAL_BOUND_WITNESS', 'application-local-bound-stop-c') ON CONFLICT (tsp_edge_state_id) DO UPDATE SET inference_state = EXCLUDED.inference_state, travel_edge = EXCLUDED.travel_edge, decision_status = EXCLUDED.decision_status, epistemic_status = EXCLUDED.epistemic_status, inference_application = EXCLUDED.inference_application;

INSERT INTO tsp_edge_states (tsp_edge_state_id, inference_state, travel_edge, decision_status, epistemic_status, inference_application)
VALUES ('edge-state-gridville-edge-d-e', 'state-gridville-local-bound-selections', 'edge-d-e', 'SELECTED', 'SELECTED_BY_LOCAL_BOUND_WITNESS', 'application-local-bound-stop-d') ON CONFLICT (tsp_edge_state_id) DO UPDATE SET inference_state = EXCLUDED.inference_state, travel_edge = EXCLUDED.travel_edge, decision_status = EXCLUDED.decision_status, epistemic_status = EXCLUDED.epistemic_status, inference_application = EXCLUDED.inference_application;

INSERT INTO tsp_edge_states (tsp_edge_state_id, inference_state, travel_edge, decision_status, epistemic_status, inference_application)
VALUES ('edge-state-sparse-edge-a-b-forced', 'state-sparse-forcing-round-1', 'sparse-edge-a-b', 'FORCED', 'FORCED_BY_EXACTLY_TWO_REMAINING_EDGES', NULL) ON CONFLICT (tsp_edge_state_id) DO UPDATE SET inference_state = EXCLUDED.inference_state, travel_edge = EXCLUDED.travel_edge, decision_status = EXCLUDED.decision_status, epistemic_status = EXCLUDED.epistemic_status, inference_application = EXCLUDED.inference_application;

INSERT INTO tsp_edge_states (tsp_edge_state_id, inference_state, travel_edge, decision_status, epistemic_status, inference_application)
VALUES ('edge-state-sparse-edge-a-e-forced', 'state-sparse-forcing-round-1', 'sparse-edge-a-e', 'FORCED', 'FORCED_BY_EXACTLY_TWO_REMAINING_EDGES', NULL) ON CONFLICT (tsp_edge_state_id) DO UPDATE SET inference_state = EXCLUDED.inference_state, travel_edge = EXCLUDED.travel_edge, decision_status = EXCLUDED.decision_status, epistemic_status = EXCLUDED.epistemic_status, inference_application = EXCLUDED.inference_application;

INSERT INTO tsp_edge_states (tsp_edge_state_id, inference_state, travel_edge, decision_status, epistemic_status, inference_application)
VALUES ('edge-state-sparse-edge-b-c-forced', 'state-sparse-forcing-round-1', 'sparse-edge-b-c', 'FORCED', 'FORCED_BY_EXACTLY_TWO_REMAINING_EDGES', NULL) ON CONFLICT (tsp_edge_state_id) DO UPDATE SET inference_state = EXCLUDED.inference_state, travel_edge = EXCLUDED.travel_edge, decision_status = EXCLUDED.decision_status, epistemic_status = EXCLUDED.epistemic_status, inference_application = EXCLUDED.inference_application;

INSERT INTO tsp_edge_states (tsp_edge_state_id, inference_state, travel_edge, decision_status, epistemic_status, inference_application)
VALUES ('edge-state-sparse-edge-c-d-forced', 'state-sparse-forcing-round-1', 'sparse-edge-c-d', 'FORCED', 'FORCED_BY_EXACTLY_TWO_REMAINING_EDGES', NULL) ON CONFLICT (tsp_edge_state_id) DO UPDATE SET inference_state = EXCLUDED.inference_state, travel_edge = EXCLUDED.travel_edge, decision_status = EXCLUDED.decision_status, epistemic_status = EXCLUDED.epistemic_status, inference_application = EXCLUDED.inference_application;

INSERT INTO tsp_edge_states (tsp_edge_state_id, inference_state, travel_edge, decision_status, epistemic_status, inference_application)
VALUES ('edge-state-sparse-edge-d-e-forced', 'state-sparse-forcing-round-1', 'sparse-edge-d-e', 'FORCED', 'FORCED_BY_EXACTLY_TWO_REMAINING_EDGES', NULL) ON CONFLICT (tsp_edge_state_id) DO UPDATE SET inference_state = EXCLUDED.inference_state, travel_edge = EXCLUDED.travel_edge, decision_status = EXCLUDED.decision_status, epistemic_status = EXCLUDED.epistemic_status, inference_application = EXCLUDED.inference_application;

-- ----------------------------------------------------------------------------
-- TSPEdgeSupports: Witness rows supporting an edge-state conclusion.
-- ----------------------------------------------------------------------------
INSERT INTO tsp_edge_supports (tsp_edge_support_id, edge_state, local_degree_bound, inference_application, support_kind, statement)
VALUES ('support-local-bound-stop-a-edge-a-b', 'edge-state-gridville-edge-a-b', 'local-bound-stop-a', 'application-local-bound-stop-a', 'ENDPOINT_LOCAL_BOUND_SELECTION', 'local-bound-stop-a selects edge-a-b; this is support, not a universal forced-edge claim.') ON CONFLICT (tsp_edge_support_id) DO UPDATE SET edge_state = EXCLUDED.edge_state, local_degree_bound = EXCLUDED.local_degree_bound, inference_application = EXCLUDED.inference_application, support_kind = EXCLUDED.support_kind, statement = EXCLUDED.statement;

INSERT INTO tsp_edge_supports (tsp_edge_support_id, edge_state, local_degree_bound, inference_application, support_kind, statement)
VALUES ('support-local-bound-stop-a-edge-a-e', 'edge-state-gridville-edge-a-e', 'local-bound-stop-a', 'application-local-bound-stop-a', 'ENDPOINT_LOCAL_BOUND_SELECTION', 'local-bound-stop-a selects edge-a-e; this is support, not a universal forced-edge claim.') ON CONFLICT (tsp_edge_support_id) DO UPDATE SET edge_state = EXCLUDED.edge_state, local_degree_bound = EXCLUDED.local_degree_bound, inference_application = EXCLUDED.inference_application, support_kind = EXCLUDED.support_kind, statement = EXCLUDED.statement;

INSERT INTO tsp_edge_supports (tsp_edge_support_id, edge_state, local_degree_bound, inference_application, support_kind, statement)
VALUES ('support-local-bound-stop-b-edge-a-b', 'edge-state-gridville-edge-a-b', 'local-bound-stop-b', 'application-local-bound-stop-b', 'ENDPOINT_LOCAL_BOUND_SELECTION', 'local-bound-stop-b selects edge-a-b; this is support, not a universal forced-edge claim.') ON CONFLICT (tsp_edge_support_id) DO UPDATE SET edge_state = EXCLUDED.edge_state, local_degree_bound = EXCLUDED.local_degree_bound, inference_application = EXCLUDED.inference_application, support_kind = EXCLUDED.support_kind, statement = EXCLUDED.statement;

INSERT INTO tsp_edge_supports (tsp_edge_support_id, edge_state, local_degree_bound, inference_application, support_kind, statement)
VALUES ('support-local-bound-stop-b-edge-b-c', 'edge-state-gridville-edge-b-c', 'local-bound-stop-b', 'application-local-bound-stop-b', 'ENDPOINT_LOCAL_BOUND_SELECTION', 'local-bound-stop-b selects edge-b-c; this is support, not a universal forced-edge claim.') ON CONFLICT (tsp_edge_support_id) DO UPDATE SET edge_state = EXCLUDED.edge_state, local_degree_bound = EXCLUDED.local_degree_bound, inference_application = EXCLUDED.inference_application, support_kind = EXCLUDED.support_kind, statement = EXCLUDED.statement;

INSERT INTO tsp_edge_supports (tsp_edge_support_id, edge_state, local_degree_bound, inference_application, support_kind, statement)
VALUES ('support-local-bound-stop-c-edge-b-c', 'edge-state-gridville-edge-b-c', 'local-bound-stop-c', 'application-local-bound-stop-c', 'ENDPOINT_LOCAL_BOUND_SELECTION', 'local-bound-stop-c selects edge-b-c; this is support, not a universal forced-edge claim.') ON CONFLICT (tsp_edge_support_id) DO UPDATE SET edge_state = EXCLUDED.edge_state, local_degree_bound = EXCLUDED.local_degree_bound, inference_application = EXCLUDED.inference_application, support_kind = EXCLUDED.support_kind, statement = EXCLUDED.statement;

INSERT INTO tsp_edge_supports (tsp_edge_support_id, edge_state, local_degree_bound, inference_application, support_kind, statement)
VALUES ('support-local-bound-stop-c-edge-c-d', 'edge-state-gridville-edge-c-d', 'local-bound-stop-c', 'application-local-bound-stop-c', 'ENDPOINT_LOCAL_BOUND_SELECTION', 'local-bound-stop-c selects edge-c-d; this is support, not a universal forced-edge claim.') ON CONFLICT (tsp_edge_support_id) DO UPDATE SET edge_state = EXCLUDED.edge_state, local_degree_bound = EXCLUDED.local_degree_bound, inference_application = EXCLUDED.inference_application, support_kind = EXCLUDED.support_kind, statement = EXCLUDED.statement;

INSERT INTO tsp_edge_supports (tsp_edge_support_id, edge_state, local_degree_bound, inference_application, support_kind, statement)
VALUES ('support-local-bound-stop-d-edge-c-d', 'edge-state-gridville-edge-c-d', 'local-bound-stop-d', 'application-local-bound-stop-d', 'ENDPOINT_LOCAL_BOUND_SELECTION', 'local-bound-stop-d selects edge-c-d; this is support, not a universal forced-edge claim.') ON CONFLICT (tsp_edge_support_id) DO UPDATE SET edge_state = EXCLUDED.edge_state, local_degree_bound = EXCLUDED.local_degree_bound, inference_application = EXCLUDED.inference_application, support_kind = EXCLUDED.support_kind, statement = EXCLUDED.statement;

INSERT INTO tsp_edge_supports (tsp_edge_support_id, edge_state, local_degree_bound, inference_application, support_kind, statement)
VALUES ('support-local-bound-stop-d-edge-d-e', 'edge-state-gridville-edge-d-e', 'local-bound-stop-d', 'application-local-bound-stop-d', 'ENDPOINT_LOCAL_BOUND_SELECTION', 'local-bound-stop-d selects edge-d-e; this is support, not a universal forced-edge claim.') ON CONFLICT (tsp_edge_support_id) DO UPDATE SET edge_state = EXCLUDED.edge_state, local_degree_bound = EXCLUDED.local_degree_bound, inference_application = EXCLUDED.inference_application, support_kind = EXCLUDED.support_kind, statement = EXCLUDED.statement;

INSERT INTO tsp_edge_supports (tsp_edge_support_id, edge_state, local_degree_bound, inference_application, support_kind, statement)
VALUES ('support-local-bound-stop-e-edge-a-e', 'edge-state-gridville-edge-a-e', 'local-bound-stop-e', 'application-local-bound-stop-e', 'ENDPOINT_LOCAL_BOUND_SELECTION', 'local-bound-stop-e selects edge-a-e; this is support, not a universal forced-edge claim.') ON CONFLICT (tsp_edge_support_id) DO UPDATE SET edge_state = EXCLUDED.edge_state, local_degree_bound = EXCLUDED.local_degree_bound, inference_application = EXCLUDED.inference_application, support_kind = EXCLUDED.support_kind, statement = EXCLUDED.statement;

INSERT INTO tsp_edge_supports (tsp_edge_support_id, edge_state, local_degree_bound, inference_application, support_kind, statement)
VALUES ('support-local-bound-stop-e-edge-d-e', 'edge-state-gridville-edge-d-e', 'local-bound-stop-e', 'application-local-bound-stop-e', 'ENDPOINT_LOCAL_BOUND_SELECTION', 'local-bound-stop-e selects edge-d-e; this is support, not a universal forced-edge claim.') ON CONFLICT (tsp_edge_support_id) DO UPDATE SET edge_state = EXCLUDED.edge_state, local_degree_bound = EXCLUDED.local_degree_bound, inference_application = EXCLUDED.inference_application, support_kind = EXCLUDED.support_kind, statement = EXCLUDED.statement;

-- ----------------------------------------------------------------------------
-- TSPDerivedEdgeSets: First-class edge sets derived from inference rows rather than supplied route order.
-- ----------------------------------------------------------------------------
INSERT INTO tsp_derived_edge_sets (tsp_derived_edge_set_id, tsp_instance, inference_state, derivation_kind, edge_count, required_stop_count, total_cost, degree_violation_count, connected_component_count, proper_subtour_count, status)
VALUES ('edge-set-gridville-local-bound-union', 'tsp-gridville-5', 'state-gridville-derived-edge-union', 'UNION_OF_LOCAL_DEGREE_BOUND_SELECTIONS', 5, 5, 14.0, 0, 1, 0, 'CONNECTED_DEGREE_TWO') ON CONFLICT (tsp_derived_edge_set_id) DO UPDATE SET tsp_instance = EXCLUDED.tsp_instance, inference_state = EXCLUDED.inference_state, derivation_kind = EXCLUDED.derivation_kind, edge_count = EXCLUDED.edge_count, required_stop_count = EXCLUDED.required_stop_count, total_cost = EXCLUDED.total_cost, degree_violation_count = EXCLUDED.degree_violation_count, connected_component_count = EXCLUDED.connected_component_count, proper_subtour_count = EXCLUDED.proper_subtour_count, status = EXCLUDED.status;

INSERT INTO tsp_derived_edge_sets (tsp_derived_edge_set_id, tsp_instance, inference_state, derivation_kind, edge_count, required_stop_count, total_cost, degree_violation_count, connected_component_count, proper_subtour_count, status)
VALUES ('edge-set-twin-triangles-local-bound-union', 'tsp-twin-triangles-6', 'state-twin-triangles-local-bound-union', 'UNION_OF_LOCAL_DEGREE_BOUND_SELECTIONS', 6, 6, 6.0, 0, 2, 2, 'DISCONNECTED_SUBTOURS') ON CONFLICT (tsp_derived_edge_set_id) DO UPDATE SET tsp_instance = EXCLUDED.tsp_instance, inference_state = EXCLUDED.inference_state, derivation_kind = EXCLUDED.derivation_kind, edge_count = EXCLUDED.edge_count, required_stop_count = EXCLUDED.required_stop_count, total_cost = EXCLUDED.total_cost, degree_violation_count = EXCLUDED.degree_violation_count, connected_component_count = EXCLUDED.connected_component_count, proper_subtour_count = EXCLUDED.proper_subtour_count, status = EXCLUDED.status;

-- ----------------------------------------------------------------------------
-- TSPDefectProfiles: Uniform incidence, connectivity, boundary, and cost defects for stops, instances, witnesses, and quotient nodes.
-- ----------------------------------------------------------------------------
INSERT INTO tsp_defect_profiles (tsp_defect_profile_id, tsp_instance, tsp_loop, subject_kind, subject_id, required_incidence, observed_incidence, component_count, required_boundary_crossings, observed_boundary_crossings, lower_bound_cost, upper_bound_cost, status)
VALUES ('incidence-budget-stop-a', 'tsp-gridville-5', 'tsp-loop-600', 'STOP', 'stop-a', 2, 2, 1, 0, 0, 0, 0, 'INCIDENCE_CLOSED') ON CONFLICT (tsp_defect_profile_id) DO UPDATE SET tsp_instance = EXCLUDED.tsp_instance, tsp_loop = EXCLUDED.tsp_loop, subject_kind = EXCLUDED.subject_kind, subject_id = EXCLUDED.subject_id, required_incidence = EXCLUDED.required_incidence, observed_incidence = EXCLUDED.observed_incidence, component_count = EXCLUDED.component_count, required_boundary_crossings = EXCLUDED.required_boundary_crossings, observed_boundary_crossings = EXCLUDED.observed_boundary_crossings, lower_bound_cost = EXCLUDED.lower_bound_cost, upper_bound_cost = EXCLUDED.upper_bound_cost, status = EXCLUDED.status;

INSERT INTO tsp_defect_profiles (tsp_defect_profile_id, tsp_instance, tsp_loop, subject_kind, subject_id, required_incidence, observed_incidence, component_count, required_boundary_crossings, observed_boundary_crossings, lower_bound_cost, upper_bound_cost, status)
VALUES ('incidence-budget-stop-b', 'tsp-gridville-5', 'tsp-loop-600', 'STOP', 'stop-b', 2, 2, 1, 0, 0, 0, 0, 'INCIDENCE_CLOSED') ON CONFLICT (tsp_defect_profile_id) DO UPDATE SET tsp_instance = EXCLUDED.tsp_instance, tsp_loop = EXCLUDED.tsp_loop, subject_kind = EXCLUDED.subject_kind, subject_id = EXCLUDED.subject_id, required_incidence = EXCLUDED.required_incidence, observed_incidence = EXCLUDED.observed_incidence, component_count = EXCLUDED.component_count, required_boundary_crossings = EXCLUDED.required_boundary_crossings, observed_boundary_crossings = EXCLUDED.observed_boundary_crossings, lower_bound_cost = EXCLUDED.lower_bound_cost, upper_bound_cost = EXCLUDED.upper_bound_cost, status = EXCLUDED.status;

INSERT INTO tsp_defect_profiles (tsp_defect_profile_id, tsp_instance, tsp_loop, subject_kind, subject_id, required_incidence, observed_incidence, component_count, required_boundary_crossings, observed_boundary_crossings, lower_bound_cost, upper_bound_cost, status)
VALUES ('incidence-budget-stop-c', 'tsp-gridville-5', 'tsp-loop-600', 'STOP', 'stop-c', 2, 2, 1, 0, 0, 0, 0, 'INCIDENCE_CLOSED') ON CONFLICT (tsp_defect_profile_id) DO UPDATE SET tsp_instance = EXCLUDED.tsp_instance, tsp_loop = EXCLUDED.tsp_loop, subject_kind = EXCLUDED.subject_kind, subject_id = EXCLUDED.subject_id, required_incidence = EXCLUDED.required_incidence, observed_incidence = EXCLUDED.observed_incidence, component_count = EXCLUDED.component_count, required_boundary_crossings = EXCLUDED.required_boundary_crossings, observed_boundary_crossings = EXCLUDED.observed_boundary_crossings, lower_bound_cost = EXCLUDED.lower_bound_cost, upper_bound_cost = EXCLUDED.upper_bound_cost, status = EXCLUDED.status;

INSERT INTO tsp_defect_profiles (tsp_defect_profile_id, tsp_instance, tsp_loop, subject_kind, subject_id, required_incidence, observed_incidence, component_count, required_boundary_crossings, observed_boundary_crossings, lower_bound_cost, upper_bound_cost, status)
VALUES ('incidence-budget-stop-d', 'tsp-gridville-5', 'tsp-loop-600', 'STOP', 'stop-d', 2, 2, 1, 0, 0, 0, 0, 'INCIDENCE_CLOSED') ON CONFLICT (tsp_defect_profile_id) DO UPDATE SET tsp_instance = EXCLUDED.tsp_instance, tsp_loop = EXCLUDED.tsp_loop, subject_kind = EXCLUDED.subject_kind, subject_id = EXCLUDED.subject_id, required_incidence = EXCLUDED.required_incidence, observed_incidence = EXCLUDED.observed_incidence, component_count = EXCLUDED.component_count, required_boundary_crossings = EXCLUDED.required_boundary_crossings, observed_boundary_crossings = EXCLUDED.observed_boundary_crossings, lower_bound_cost = EXCLUDED.lower_bound_cost, upper_bound_cost = EXCLUDED.upper_bound_cost, status = EXCLUDED.status;

INSERT INTO tsp_defect_profiles (tsp_defect_profile_id, tsp_instance, tsp_loop, subject_kind, subject_id, required_incidence, observed_incidence, component_count, required_boundary_crossings, observed_boundary_crossings, lower_bound_cost, upper_bound_cost, status)
VALUES ('incidence-budget-stop-e', 'tsp-gridville-5', 'tsp-loop-600', 'STOP', 'stop-e', 2, 2, 1, 0, 0, 0, 0, 'INCIDENCE_CLOSED') ON CONFLICT (tsp_defect_profile_id) DO UPDATE SET tsp_instance = EXCLUDED.tsp_instance, tsp_loop = EXCLUDED.tsp_loop, subject_kind = EXCLUDED.subject_kind, subject_id = EXCLUDED.subject_id, required_incidence = EXCLUDED.required_incidence, observed_incidence = EXCLUDED.observed_incidence, component_count = EXCLUDED.component_count, required_boundary_crossings = EXCLUDED.required_boundary_crossings, observed_boundary_crossings = EXCLUDED.observed_boundary_crossings, lower_bound_cost = EXCLUDED.lower_bound_cost, upper_bound_cost = EXCLUDED.upper_bound_cost, status = EXCLUDED.status;

INSERT INTO tsp_defect_profiles (tsp_defect_profile_id, tsp_instance, tsp_loop, subject_kind, subject_id, required_incidence, observed_incidence, component_count, required_boundary_crossings, observed_boundary_crossings, lower_bound_cost, upper_bound_cost, status)
VALUES ('incidence-budget-twin-stop-wa', 'tsp-twin-triangles-6', 'tsp-loop-600', 'STOP', 'twin-stop-wa', 2, 2, 2, 0, 0, 0, 0, 'INCIDENCE_CLOSED') ON CONFLICT (tsp_defect_profile_id) DO UPDATE SET tsp_instance = EXCLUDED.tsp_instance, tsp_loop = EXCLUDED.tsp_loop, subject_kind = EXCLUDED.subject_kind, subject_id = EXCLUDED.subject_id, required_incidence = EXCLUDED.required_incidence, observed_incidence = EXCLUDED.observed_incidence, component_count = EXCLUDED.component_count, required_boundary_crossings = EXCLUDED.required_boundary_crossings, observed_boundary_crossings = EXCLUDED.observed_boundary_crossings, lower_bound_cost = EXCLUDED.lower_bound_cost, upper_bound_cost = EXCLUDED.upper_bound_cost, status = EXCLUDED.status;

INSERT INTO tsp_defect_profiles (tsp_defect_profile_id, tsp_instance, tsp_loop, subject_kind, subject_id, required_incidence, observed_incidence, component_count, required_boundary_crossings, observed_boundary_crossings, lower_bound_cost, upper_bound_cost, status)
VALUES ('incidence-budget-twin-stop-wb', 'tsp-twin-triangles-6', 'tsp-loop-600', 'STOP', 'twin-stop-wb', 2, 2, 2, 0, 0, 0, 0, 'INCIDENCE_CLOSED') ON CONFLICT (tsp_defect_profile_id) DO UPDATE SET tsp_instance = EXCLUDED.tsp_instance, tsp_loop = EXCLUDED.tsp_loop, subject_kind = EXCLUDED.subject_kind, subject_id = EXCLUDED.subject_id, required_incidence = EXCLUDED.required_incidence, observed_incidence = EXCLUDED.observed_incidence, component_count = EXCLUDED.component_count, required_boundary_crossings = EXCLUDED.required_boundary_crossings, observed_boundary_crossings = EXCLUDED.observed_boundary_crossings, lower_bound_cost = EXCLUDED.lower_bound_cost, upper_bound_cost = EXCLUDED.upper_bound_cost, status = EXCLUDED.status;

INSERT INTO tsp_defect_profiles (tsp_defect_profile_id, tsp_instance, tsp_loop, subject_kind, subject_id, required_incidence, observed_incidence, component_count, required_boundary_crossings, observed_boundary_crossings, lower_bound_cost, upper_bound_cost, status)
VALUES ('incidence-budget-twin-stop-wc', 'tsp-twin-triangles-6', 'tsp-loop-600', 'STOP', 'twin-stop-wc', 2, 2, 2, 0, 0, 0, 0, 'INCIDENCE_CLOSED') ON CONFLICT (tsp_defect_profile_id) DO UPDATE SET tsp_instance = EXCLUDED.tsp_instance, tsp_loop = EXCLUDED.tsp_loop, subject_kind = EXCLUDED.subject_kind, subject_id = EXCLUDED.subject_id, required_incidence = EXCLUDED.required_incidence, observed_incidence = EXCLUDED.observed_incidence, component_count = EXCLUDED.component_count, required_boundary_crossings = EXCLUDED.required_boundary_crossings, observed_boundary_crossings = EXCLUDED.observed_boundary_crossings, lower_bound_cost = EXCLUDED.lower_bound_cost, upper_bound_cost = EXCLUDED.upper_bound_cost, status = EXCLUDED.status;

INSERT INTO tsp_defect_profiles (tsp_defect_profile_id, tsp_instance, tsp_loop, subject_kind, subject_id, required_incidence, observed_incidence, component_count, required_boundary_crossings, observed_boundary_crossings, lower_bound_cost, upper_bound_cost, status)
VALUES ('incidence-budget-twin-stop-ed', 'tsp-twin-triangles-6', 'tsp-loop-600', 'STOP', 'twin-stop-ed', 2, 2, 2, 0, 0, 0, 0, 'INCIDENCE_CLOSED') ON CONFLICT (tsp_defect_profile_id) DO UPDATE SET tsp_instance = EXCLUDED.tsp_instance, tsp_loop = EXCLUDED.tsp_loop, subject_kind = EXCLUDED.subject_kind, subject_id = EXCLUDED.subject_id, required_incidence = EXCLUDED.required_incidence, observed_incidence = EXCLUDED.observed_incidence, component_count = EXCLUDED.component_count, required_boundary_crossings = EXCLUDED.required_boundary_crossings, observed_boundary_crossings = EXCLUDED.observed_boundary_crossings, lower_bound_cost = EXCLUDED.lower_bound_cost, upper_bound_cost = EXCLUDED.upper_bound_cost, status = EXCLUDED.status;

INSERT INTO tsp_defect_profiles (tsp_defect_profile_id, tsp_instance, tsp_loop, subject_kind, subject_id, required_incidence, observed_incidence, component_count, required_boundary_crossings, observed_boundary_crossings, lower_bound_cost, upper_bound_cost, status)
VALUES ('incidence-budget-twin-stop-ee', 'tsp-twin-triangles-6', 'tsp-loop-600', 'STOP', 'twin-stop-ee', 2, 2, 2, 0, 0, 0, 0, 'INCIDENCE_CLOSED') ON CONFLICT (tsp_defect_profile_id) DO UPDATE SET tsp_instance = EXCLUDED.tsp_instance, tsp_loop = EXCLUDED.tsp_loop, subject_kind = EXCLUDED.subject_kind, subject_id = EXCLUDED.subject_id, required_incidence = EXCLUDED.required_incidence, observed_incidence = EXCLUDED.observed_incidence, component_count = EXCLUDED.component_count, required_boundary_crossings = EXCLUDED.required_boundary_crossings, observed_boundary_crossings = EXCLUDED.observed_boundary_crossings, lower_bound_cost = EXCLUDED.lower_bound_cost, upper_bound_cost = EXCLUDED.upper_bound_cost, status = EXCLUDED.status;

INSERT INTO tsp_defect_profiles (tsp_defect_profile_id, tsp_instance, tsp_loop, subject_kind, subject_id, required_incidence, observed_incidence, component_count, required_boundary_crossings, observed_boundary_crossings, lower_bound_cost, upper_bound_cost, status)
VALUES ('incidence-budget-twin-stop-ef', 'tsp-twin-triangles-6', 'tsp-loop-600', 'STOP', 'twin-stop-ef', 2, 2, 2, 0, 0, 0, 0, 'INCIDENCE_CLOSED') ON CONFLICT (tsp_defect_profile_id) DO UPDATE SET tsp_instance = EXCLUDED.tsp_instance, tsp_loop = EXCLUDED.tsp_loop, subject_kind = EXCLUDED.subject_kind, subject_id = EXCLUDED.subject_id, required_incidence = EXCLUDED.required_incidence, observed_incidence = EXCLUDED.observed_incidence, component_count = EXCLUDED.component_count, required_boundary_crossings = EXCLUDED.required_boundary_crossings, observed_boundary_crossings = EXCLUDED.observed_boundary_crossings, lower_bound_cost = EXCLUDED.lower_bound_cost, upper_bound_cost = EXCLUDED.upper_bound_cost, status = EXCLUDED.status;

INSERT INTO tsp_defect_profiles (tsp_defect_profile_id, tsp_instance, tsp_loop, subject_kind, subject_id, required_incidence, observed_incidence, component_count, required_boundary_crossings, observed_boundary_crossings, lower_bound_cost, upper_bound_cost, status)
VALUES ('defect-vector-gridville-cycle', 'tsp-gridville-5', 'tsp-loop-601', 'INSTANCE', 'edge-set-gridville-local-bound-union', 2, 2, 1, 0, 0, 14, 14, 'ZERO_DEFECT') ON CONFLICT (tsp_defect_profile_id) DO UPDATE SET tsp_instance = EXCLUDED.tsp_instance, tsp_loop = EXCLUDED.tsp_loop, subject_kind = EXCLUDED.subject_kind, subject_id = EXCLUDED.subject_id, required_incidence = EXCLUDED.required_incidence, observed_incidence = EXCLUDED.observed_incidence, component_count = EXCLUDED.component_count, required_boundary_crossings = EXCLUDED.required_boundary_crossings, observed_boundary_crossings = EXCLUDED.observed_boundary_crossings, lower_bound_cost = EXCLUDED.lower_bound_cost, upper_bound_cost = EXCLUDED.upper_bound_cost, status = EXCLUDED.status;

INSERT INTO tsp_defect_profiles (tsp_defect_profile_id, tsp_instance, tsp_loop, subject_kind, subject_id, required_incidence, observed_incidence, component_count, required_boundary_crossings, observed_boundary_crossings, lower_bound_cost, upper_bound_cost, status)
VALUES ('defect-vector-twin-local-two-factor', 'tsp-twin-triangles-6', 'tsp-loop-601', 'EDGE_SET', 'edge-set-twin-triangles-local-bound-union', 2, 2, 2, 2, 0, 24, 24, 'COMPONENT_REPAIR_BOUND_CERTIFIED') ON CONFLICT (tsp_defect_profile_id) DO UPDATE SET tsp_instance = EXCLUDED.tsp_instance, tsp_loop = EXCLUDED.tsp_loop, subject_kind = EXCLUDED.subject_kind, subject_id = EXCLUDED.subject_id, required_incidence = EXCLUDED.required_incidence, observed_incidence = EXCLUDED.observed_incidence, component_count = EXCLUDED.component_count, required_boundary_crossings = EXCLUDED.required_boundary_crossings, observed_boundary_crossings = EXCLUDED.observed_boundary_crossings, lower_bound_cost = EXCLUDED.lower_bound_cost, upper_bound_cost = EXCLUDED.upper_bound_cost, status = EXCLUDED.status;

INSERT INTO tsp_defect_profiles (tsp_defect_profile_id, tsp_instance, tsp_loop, subject_kind, subject_id, required_incidence, observed_incidence, component_count, required_boundary_crossings, observed_boundary_crossings, lower_bound_cost, upper_bound_cost, status)
VALUES ('defect-vector-twin-optimal-witness', 'tsp-twin-triangles-6', 'tsp-loop-604', 'WITNESS', 'tour-twin-triangles-feasible-24', 2, 2, 1, 2, 2, 24, 24, 'ZERO_DEFECT_OPTIMAL_WITNESS') ON CONFLICT (tsp_defect_profile_id) DO UPDATE SET tsp_instance = EXCLUDED.tsp_instance, tsp_loop = EXCLUDED.tsp_loop, subject_kind = EXCLUDED.subject_kind, subject_id = EXCLUDED.subject_id, required_incidence = EXCLUDED.required_incidence, observed_incidence = EXCLUDED.observed_incidence, component_count = EXCLUDED.component_count, required_boundary_crossings = EXCLUDED.required_boundary_crossings, observed_boundary_crossings = EXCLUDED.observed_boundary_crossings, lower_bound_cost = EXCLUDED.lower_bound_cost, upper_bound_cost = EXCLUDED.upper_bound_cost, status = EXCLUDED.status;

INSERT INTO tsp_defect_profiles (tsp_defect_profile_id, tsp_instance, tsp_loop, subject_kind, subject_id, required_incidence, observed_incidence, component_count, required_boundary_crossings, observed_boundary_crossings, lower_bound_cost, upper_bound_cost, status)
VALUES ('component-quotient-gridville-west-triangle', 'tsp-twin-triangles-6', 'tsp-loop-608', 'QUOTIENT_NODE', 'gridville-west-triangle', 2, 2, 1, 2, 2, 0, 0, 'BOUNDARY_DEGREE_CLOSED') ON CONFLICT (tsp_defect_profile_id) DO UPDATE SET tsp_instance = EXCLUDED.tsp_instance, tsp_loop = EXCLUDED.tsp_loop, subject_kind = EXCLUDED.subject_kind, subject_id = EXCLUDED.subject_id, required_incidence = EXCLUDED.required_incidence, observed_incidence = EXCLUDED.observed_incidence, component_count = EXCLUDED.component_count, required_boundary_crossings = EXCLUDED.required_boundary_crossings, observed_boundary_crossings = EXCLUDED.observed_boundary_crossings, lower_bound_cost = EXCLUDED.lower_bound_cost, upper_bound_cost = EXCLUDED.upper_bound_cost, status = EXCLUDED.status;

INSERT INTO tsp_defect_profiles (tsp_defect_profile_id, tsp_instance, tsp_loop, subject_kind, subject_id, required_incidence, observed_incidence, component_count, required_boundary_crossings, observed_boundary_crossings, lower_bound_cost, upper_bound_cost, status)
VALUES ('component-quotient-gridville-east-triangle', 'tsp-twin-triangles-6', 'tsp-loop-608', 'QUOTIENT_NODE', 'gridville-east-triangle', 2, 2, 1, 2, 2, 0, 0, 'BOUNDARY_DEGREE_CLOSED') ON CONFLICT (tsp_defect_profile_id) DO UPDATE SET tsp_instance = EXCLUDED.tsp_instance, tsp_loop = EXCLUDED.tsp_loop, subject_kind = EXCLUDED.subject_kind, subject_id = EXCLUDED.subject_id, required_incidence = EXCLUDED.required_incidence, observed_incidence = EXCLUDED.observed_incidence, component_count = EXCLUDED.component_count, required_boundary_crossings = EXCLUDED.required_boundary_crossings, observed_boundary_crossings = EXCLUDED.observed_boundary_crossings, lower_bound_cost = EXCLUDED.lower_bound_cost, upper_bound_cost = EXCLUDED.upper_bound_cost, status = EXCLUDED.status;

-- ----------------------------------------------------------------------------
-- TSPDerivedEdgeSetMembers: Member edges and support counts for a derived edge set.
-- ----------------------------------------------------------------------------
INSERT INTO tsp_derived_edge_set_members (tsp_derived_edge_set_member_id, derived_edge_set, travel_edge, support_count, selected_at_both_endpoints, member_status)
VALUES ('member-gridville-edge-a-b', 'edge-set-gridville-local-bound-union', 'edge-a-b', 2, TRUE, 'SELECTED') ON CONFLICT (tsp_derived_edge_set_member_id) DO UPDATE SET derived_edge_set = EXCLUDED.derived_edge_set, travel_edge = EXCLUDED.travel_edge, support_count = EXCLUDED.support_count, selected_at_both_endpoints = EXCLUDED.selected_at_both_endpoints, member_status = EXCLUDED.member_status;

INSERT INTO tsp_derived_edge_set_members (tsp_derived_edge_set_member_id, derived_edge_set, travel_edge, support_count, selected_at_both_endpoints, member_status)
VALUES ('member-gridville-edge-a-e', 'edge-set-gridville-local-bound-union', 'edge-a-e', 2, TRUE, 'SELECTED') ON CONFLICT (tsp_derived_edge_set_member_id) DO UPDATE SET derived_edge_set = EXCLUDED.derived_edge_set, travel_edge = EXCLUDED.travel_edge, support_count = EXCLUDED.support_count, selected_at_both_endpoints = EXCLUDED.selected_at_both_endpoints, member_status = EXCLUDED.member_status;

INSERT INTO tsp_derived_edge_set_members (tsp_derived_edge_set_member_id, derived_edge_set, travel_edge, support_count, selected_at_both_endpoints, member_status)
VALUES ('member-gridville-edge-b-c', 'edge-set-gridville-local-bound-union', 'edge-b-c', 2, TRUE, 'SELECTED') ON CONFLICT (tsp_derived_edge_set_member_id) DO UPDATE SET derived_edge_set = EXCLUDED.derived_edge_set, travel_edge = EXCLUDED.travel_edge, support_count = EXCLUDED.support_count, selected_at_both_endpoints = EXCLUDED.selected_at_both_endpoints, member_status = EXCLUDED.member_status;

INSERT INTO tsp_derived_edge_set_members (tsp_derived_edge_set_member_id, derived_edge_set, travel_edge, support_count, selected_at_both_endpoints, member_status)
VALUES ('member-gridville-edge-c-d', 'edge-set-gridville-local-bound-union', 'edge-c-d', 2, TRUE, 'SELECTED') ON CONFLICT (tsp_derived_edge_set_member_id) DO UPDATE SET derived_edge_set = EXCLUDED.derived_edge_set, travel_edge = EXCLUDED.travel_edge, support_count = EXCLUDED.support_count, selected_at_both_endpoints = EXCLUDED.selected_at_both_endpoints, member_status = EXCLUDED.member_status;

INSERT INTO tsp_derived_edge_set_members (tsp_derived_edge_set_member_id, derived_edge_set, travel_edge, support_count, selected_at_both_endpoints, member_status)
VALUES ('member-gridville-edge-d-e', 'edge-set-gridville-local-bound-union', 'edge-d-e', 2, TRUE, 'SELECTED') ON CONFLICT (tsp_derived_edge_set_member_id) DO UPDATE SET derived_edge_set = EXCLUDED.derived_edge_set, travel_edge = EXCLUDED.travel_edge, support_count = EXCLUDED.support_count, selected_at_both_endpoints = EXCLUDED.selected_at_both_endpoints, member_status = EXCLUDED.member_status;

INSERT INTO tsp_derived_edge_set_members (tsp_derived_edge_set_member_id, derived_edge_set, travel_edge, support_count, selected_at_both_endpoints, member_status)
VALUES ('member-edge-set-twin-triangles-local-bound-union-twin-edge-ed-ee', 'edge-set-twin-triangles-local-bound-union', 'twin-edge-ed-ee', 2, TRUE, 'SELECTED') ON CONFLICT (tsp_derived_edge_set_member_id) DO UPDATE SET derived_edge_set = EXCLUDED.derived_edge_set, travel_edge = EXCLUDED.travel_edge, support_count = EXCLUDED.support_count, selected_at_both_endpoints = EXCLUDED.selected_at_both_endpoints, member_status = EXCLUDED.member_status;

INSERT INTO tsp_derived_edge_set_members (tsp_derived_edge_set_member_id, derived_edge_set, travel_edge, support_count, selected_at_both_endpoints, member_status)
VALUES ('member-edge-set-twin-triangles-local-bound-union-twin-edge-ed-ef', 'edge-set-twin-triangles-local-bound-union', 'twin-edge-ed-ef', 2, TRUE, 'SELECTED') ON CONFLICT (tsp_derived_edge_set_member_id) DO UPDATE SET derived_edge_set = EXCLUDED.derived_edge_set, travel_edge = EXCLUDED.travel_edge, support_count = EXCLUDED.support_count, selected_at_both_endpoints = EXCLUDED.selected_at_both_endpoints, member_status = EXCLUDED.member_status;

INSERT INTO tsp_derived_edge_set_members (tsp_derived_edge_set_member_id, derived_edge_set, travel_edge, support_count, selected_at_both_endpoints, member_status)
VALUES ('member-edge-set-twin-triangles-local-bound-union-twin-edge-ee-ef', 'edge-set-twin-triangles-local-bound-union', 'twin-edge-ee-ef', 2, TRUE, 'SELECTED') ON CONFLICT (tsp_derived_edge_set_member_id) DO UPDATE SET derived_edge_set = EXCLUDED.derived_edge_set, travel_edge = EXCLUDED.travel_edge, support_count = EXCLUDED.support_count, selected_at_both_endpoints = EXCLUDED.selected_at_both_endpoints, member_status = EXCLUDED.member_status;

INSERT INTO tsp_derived_edge_set_members (tsp_derived_edge_set_member_id, derived_edge_set, travel_edge, support_count, selected_at_both_endpoints, member_status)
VALUES ('member-edge-set-twin-triangles-local-bound-union-twin-edge-wa-wb', 'edge-set-twin-triangles-local-bound-union', 'twin-edge-wa-wb', 2, TRUE, 'SELECTED') ON CONFLICT (tsp_derived_edge_set_member_id) DO UPDATE SET derived_edge_set = EXCLUDED.derived_edge_set, travel_edge = EXCLUDED.travel_edge, support_count = EXCLUDED.support_count, selected_at_both_endpoints = EXCLUDED.selected_at_both_endpoints, member_status = EXCLUDED.member_status;

INSERT INTO tsp_derived_edge_set_members (tsp_derived_edge_set_member_id, derived_edge_set, travel_edge, support_count, selected_at_both_endpoints, member_status)
VALUES ('member-edge-set-twin-triangles-local-bound-union-twin-edge-wa-wc', 'edge-set-twin-triangles-local-bound-union', 'twin-edge-wa-wc', 2, TRUE, 'SELECTED') ON CONFLICT (tsp_derived_edge_set_member_id) DO UPDATE SET derived_edge_set = EXCLUDED.derived_edge_set, travel_edge = EXCLUDED.travel_edge, support_count = EXCLUDED.support_count, selected_at_both_endpoints = EXCLUDED.selected_at_both_endpoints, member_status = EXCLUDED.member_status;

INSERT INTO tsp_derived_edge_set_members (tsp_derived_edge_set_member_id, derived_edge_set, travel_edge, support_count, selected_at_both_endpoints, member_status)
VALUES ('member-edge-set-twin-triangles-local-bound-union-twin-edge-wb-wc', 'edge-set-twin-triangles-local-bound-union', 'twin-edge-wb-wc', 2, TRUE, 'SELECTED') ON CONFLICT (tsp_derived_edge_set_member_id) DO UPDATE SET derived_edge_set = EXCLUDED.derived_edge_set, travel_edge = EXCLUDED.travel_edge, support_count = EXCLUDED.support_count, selected_at_both_endpoints = EXCLUDED.selected_at_both_endpoints, member_status = EXCLUDED.member_status;

-- ----------------------------------------------------------------------------
-- TSPEdgeSetStopDegrees: Selected degree of each required stop in a derived edge set.
-- ----------------------------------------------------------------------------
INSERT INTO tsp_edge_set_stop_degrees (tsp_edge_set_stop_degree_id, derived_edge_set, instance_stop, selected_degree)
VALUES ('degree-edge-set-gridville-local-bound-union-stop-a', 'edge-set-gridville-local-bound-union', 'stop-a', 2) ON CONFLICT (tsp_edge_set_stop_degree_id) DO UPDATE SET derived_edge_set = EXCLUDED.derived_edge_set, instance_stop = EXCLUDED.instance_stop, selected_degree = EXCLUDED.selected_degree;

INSERT INTO tsp_edge_set_stop_degrees (tsp_edge_set_stop_degree_id, derived_edge_set, instance_stop, selected_degree)
VALUES ('degree-edge-set-gridville-local-bound-union-stop-b', 'edge-set-gridville-local-bound-union', 'stop-b', 2) ON CONFLICT (tsp_edge_set_stop_degree_id) DO UPDATE SET derived_edge_set = EXCLUDED.derived_edge_set, instance_stop = EXCLUDED.instance_stop, selected_degree = EXCLUDED.selected_degree;

INSERT INTO tsp_edge_set_stop_degrees (tsp_edge_set_stop_degree_id, derived_edge_set, instance_stop, selected_degree)
VALUES ('degree-edge-set-gridville-local-bound-union-stop-c', 'edge-set-gridville-local-bound-union', 'stop-c', 2) ON CONFLICT (tsp_edge_set_stop_degree_id) DO UPDATE SET derived_edge_set = EXCLUDED.derived_edge_set, instance_stop = EXCLUDED.instance_stop, selected_degree = EXCLUDED.selected_degree;

INSERT INTO tsp_edge_set_stop_degrees (tsp_edge_set_stop_degree_id, derived_edge_set, instance_stop, selected_degree)
VALUES ('degree-edge-set-gridville-local-bound-union-stop-d', 'edge-set-gridville-local-bound-union', 'stop-d', 2) ON CONFLICT (tsp_edge_set_stop_degree_id) DO UPDATE SET derived_edge_set = EXCLUDED.derived_edge_set, instance_stop = EXCLUDED.instance_stop, selected_degree = EXCLUDED.selected_degree;

INSERT INTO tsp_edge_set_stop_degrees (tsp_edge_set_stop_degree_id, derived_edge_set, instance_stop, selected_degree)
VALUES ('degree-edge-set-gridville-local-bound-union-stop-e', 'edge-set-gridville-local-bound-union', 'stop-e', 2) ON CONFLICT (tsp_edge_set_stop_degree_id) DO UPDATE SET derived_edge_set = EXCLUDED.derived_edge_set, instance_stop = EXCLUDED.instance_stop, selected_degree = EXCLUDED.selected_degree;

INSERT INTO tsp_edge_set_stop_degrees (tsp_edge_set_stop_degree_id, derived_edge_set, instance_stop, selected_degree)
VALUES ('degree-edge-set-twin-triangles-local-bound-union-twin-stop-wa', 'edge-set-twin-triangles-local-bound-union', 'twin-stop-wa', 2) ON CONFLICT (tsp_edge_set_stop_degree_id) DO UPDATE SET derived_edge_set = EXCLUDED.derived_edge_set, instance_stop = EXCLUDED.instance_stop, selected_degree = EXCLUDED.selected_degree;

INSERT INTO tsp_edge_set_stop_degrees (tsp_edge_set_stop_degree_id, derived_edge_set, instance_stop, selected_degree)
VALUES ('degree-edge-set-twin-triangles-local-bound-union-twin-stop-wb', 'edge-set-twin-triangles-local-bound-union', 'twin-stop-wb', 2) ON CONFLICT (tsp_edge_set_stop_degree_id) DO UPDATE SET derived_edge_set = EXCLUDED.derived_edge_set, instance_stop = EXCLUDED.instance_stop, selected_degree = EXCLUDED.selected_degree;

INSERT INTO tsp_edge_set_stop_degrees (tsp_edge_set_stop_degree_id, derived_edge_set, instance_stop, selected_degree)
VALUES ('degree-edge-set-twin-triangles-local-bound-union-twin-stop-wc', 'edge-set-twin-triangles-local-bound-union', 'twin-stop-wc', 2) ON CONFLICT (tsp_edge_set_stop_degree_id) DO UPDATE SET derived_edge_set = EXCLUDED.derived_edge_set, instance_stop = EXCLUDED.instance_stop, selected_degree = EXCLUDED.selected_degree;

INSERT INTO tsp_edge_set_stop_degrees (tsp_edge_set_stop_degree_id, derived_edge_set, instance_stop, selected_degree)
VALUES ('degree-edge-set-twin-triangles-local-bound-union-twin-stop-ed', 'edge-set-twin-triangles-local-bound-union', 'twin-stop-ed', 2) ON CONFLICT (tsp_edge_set_stop_degree_id) DO UPDATE SET derived_edge_set = EXCLUDED.derived_edge_set, instance_stop = EXCLUDED.instance_stop, selected_degree = EXCLUDED.selected_degree;

INSERT INTO tsp_edge_set_stop_degrees (tsp_edge_set_stop_degree_id, derived_edge_set, instance_stop, selected_degree)
VALUES ('degree-edge-set-twin-triangles-local-bound-union-twin-stop-ee', 'edge-set-twin-triangles-local-bound-union', 'twin-stop-ee', 2) ON CONFLICT (tsp_edge_set_stop_degree_id) DO UPDATE SET derived_edge_set = EXCLUDED.derived_edge_set, instance_stop = EXCLUDED.instance_stop, selected_degree = EXCLUDED.selected_degree;

INSERT INTO tsp_edge_set_stop_degrees (tsp_edge_set_stop_degree_id, derived_edge_set, instance_stop, selected_degree)
VALUES ('degree-edge-set-twin-triangles-local-bound-union-twin-stop-ef', 'edge-set-twin-triangles-local-bound-union', 'twin-stop-ef', 2) ON CONFLICT (tsp_edge_set_stop_degree_id) DO UPDATE SET derived_edge_set = EXCLUDED.derived_edge_set, instance_stop = EXCLUDED.instance_stop, selected_degree = EXCLUDED.selected_degree;

-- ----------------------------------------------------------------------------
-- TSPSpanningTreeEdges: Spanning-tree witness proving connectedness of a selected edge set.
-- ----------------------------------------------------------------------------
INSERT INTO tsp_spanning_tree_edges (tsp_spanning_tree_edge_id, derived_edge_set, parent_stop, child_stop, travel_edge, depth)
VALUES ('tree-edge-set-gridville-local-bound-union-1', 'edge-set-gridville-local-bound-union', 'stop-a', 'stop-b', 'edge-a-b', 1) ON CONFLICT (tsp_spanning_tree_edge_id) DO UPDATE SET derived_edge_set = EXCLUDED.derived_edge_set, parent_stop = EXCLUDED.parent_stop, child_stop = EXCLUDED.child_stop, travel_edge = EXCLUDED.travel_edge, depth = EXCLUDED.depth;

INSERT INTO tsp_spanning_tree_edges (tsp_spanning_tree_edge_id, derived_edge_set, parent_stop, child_stop, travel_edge, depth)
VALUES ('tree-edge-set-gridville-local-bound-union-2', 'edge-set-gridville-local-bound-union', 'stop-a', 'stop-e', 'edge-a-e', 1) ON CONFLICT (tsp_spanning_tree_edge_id) DO UPDATE SET derived_edge_set = EXCLUDED.derived_edge_set, parent_stop = EXCLUDED.parent_stop, child_stop = EXCLUDED.child_stop, travel_edge = EXCLUDED.travel_edge, depth = EXCLUDED.depth;

INSERT INTO tsp_spanning_tree_edges (tsp_spanning_tree_edge_id, derived_edge_set, parent_stop, child_stop, travel_edge, depth)
VALUES ('tree-edge-set-gridville-local-bound-union-3', 'edge-set-gridville-local-bound-union', 'stop-b', 'stop-c', 'edge-b-c', 2) ON CONFLICT (tsp_spanning_tree_edge_id) DO UPDATE SET derived_edge_set = EXCLUDED.derived_edge_set, parent_stop = EXCLUDED.parent_stop, child_stop = EXCLUDED.child_stop, travel_edge = EXCLUDED.travel_edge, depth = EXCLUDED.depth;

INSERT INTO tsp_spanning_tree_edges (tsp_spanning_tree_edge_id, derived_edge_set, parent_stop, child_stop, travel_edge, depth)
VALUES ('tree-edge-set-gridville-local-bound-union-4', 'edge-set-gridville-local-bound-union', 'stop-e', 'stop-d', 'edge-d-e', 2) ON CONFLICT (tsp_spanning_tree_edge_id) DO UPDATE SET derived_edge_set = EXCLUDED.derived_edge_set, parent_stop = EXCLUDED.parent_stop, child_stop = EXCLUDED.child_stop, travel_edge = EXCLUDED.travel_edge, depth = EXCLUDED.depth;

-- ----------------------------------------------------------------------------
-- TSPConnectedDegreeTwoCertificates: Certificates that a derived edge set is one connected degree-two cycle.
-- ----------------------------------------------------------------------------
INSERT INTO tsp_connected_degree_two_certificates (tsp_connected_degree_two_certificate_id, derived_edge_set, required_stop_count, edge_count, degree_violation_count, component_count, proper_subtour_count, spanning_tree_edge_count)
VALUES ('connected-cycle-gridville-local-bound-union', 'edge-set-gridville-local-bound-union', 5, 5, 0, 1, 0, 4) ON CONFLICT (tsp_connected_degree_two_certificate_id) DO UPDATE SET derived_edge_set = EXCLUDED.derived_edge_set, required_stop_count = EXCLUDED.required_stop_count, edge_count = EXCLUDED.edge_count, degree_violation_count = EXCLUDED.degree_violation_count, component_count = EXCLUDED.component_count, proper_subtour_count = EXCLUDED.proper_subtour_count, spanning_tree_edge_count = EXCLUDED.spanning_tree_edge_count;

INSERT INTO tsp_connected_degree_two_certificates (tsp_connected_degree_two_certificate_id, derived_edge_set, required_stop_count, edge_count, degree_violation_count, component_count, proper_subtour_count, spanning_tree_edge_count)
VALUES ('connected-cycle-twin-triangles-negative', 'edge-set-twin-triangles-local-bound-union', 6, 6, 0, 2, 2, 2) ON CONFLICT (tsp_connected_degree_two_certificate_id) DO UPDATE SET derived_edge_set = EXCLUDED.derived_edge_set, required_stop_count = EXCLUDED.required_stop_count, edge_count = EXCLUDED.edge_count, degree_violation_count = EXCLUDED.degree_violation_count, component_count = EXCLUDED.component_count, proper_subtour_count = EXCLUDED.proper_subtour_count, spanning_tree_edge_count = EXCLUDED.spanning_tree_edge_count;

-- ----------------------------------------------------------------------------
-- TSPRouteReconstructions: Ordered cycles reconstructed from certified edge sets.
-- ----------------------------------------------------------------------------
INSERT INTO tsp_route_reconstructions (tsp_route_reconstruction_id, tsp_instance, derived_edge_set, start_stop, orientation_rule, required_stop_count, reconstructed_stop_count, reconstructed_leg_count, total_cost, candidate_used_as_antecedent, comparison_candidate, matches_comparison_candidate, status)
VALUES ('reconstruction-gridville-local-bound-union', 'tsp-gridville-5', 'edge-set-gridville-local-bound-union', 'stop-a', 'DEPOT_THEN_LEXICALLY_SMALLER_SELECTED_NEIGHBOR', 5, 5, 5, 14.0, FALSE, 'tour-reference-ring', TRUE, 'RECONSTRUCTED') ON CONFLICT (tsp_route_reconstruction_id) DO UPDATE SET tsp_instance = EXCLUDED.tsp_instance, derived_edge_set = EXCLUDED.derived_edge_set, start_stop = EXCLUDED.start_stop, orientation_rule = EXCLUDED.orientation_rule, required_stop_count = EXCLUDED.required_stop_count, reconstructed_stop_count = EXCLUDED.reconstructed_stop_count, reconstructed_leg_count = EXCLUDED.reconstructed_leg_count, total_cost = EXCLUDED.total_cost, candidate_used_as_antecedent = EXCLUDED.candidate_used_as_antecedent, comparison_candidate = EXCLUDED.comparison_candidate, matches_comparison_candidate = EXCLUDED.matches_comparison_candidate, status = EXCLUDED.status;

-- ----------------------------------------------------------------------------
-- TSPRouteReconstructionSteps: Ordered traversal steps emitted from an inferred edge set.
-- ----------------------------------------------------------------------------
INSERT INTO tsp_route_reconstruction_steps (tsp_route_reconstruction_step_id, route_reconstruction, step_order, from_stop, to_stop, travel_edge, is_closing_step)
VALUES ('reconstruction-gridville-step-1', 'reconstruction-gridville-local-bound-union', 1, 'stop-a', 'stop-b', 'edge-a-b', FALSE) ON CONFLICT (tsp_route_reconstruction_step_id) DO UPDATE SET route_reconstruction = EXCLUDED.route_reconstruction, step_order = EXCLUDED.step_order, from_stop = EXCLUDED.from_stop, to_stop = EXCLUDED.to_stop, travel_edge = EXCLUDED.travel_edge, is_closing_step = EXCLUDED.is_closing_step;

INSERT INTO tsp_route_reconstruction_steps (tsp_route_reconstruction_step_id, route_reconstruction, step_order, from_stop, to_stop, travel_edge, is_closing_step)
VALUES ('reconstruction-gridville-step-2', 'reconstruction-gridville-local-bound-union', 2, 'stop-b', 'stop-c', 'edge-b-c', FALSE) ON CONFLICT (tsp_route_reconstruction_step_id) DO UPDATE SET route_reconstruction = EXCLUDED.route_reconstruction, step_order = EXCLUDED.step_order, from_stop = EXCLUDED.from_stop, to_stop = EXCLUDED.to_stop, travel_edge = EXCLUDED.travel_edge, is_closing_step = EXCLUDED.is_closing_step;

INSERT INTO tsp_route_reconstruction_steps (tsp_route_reconstruction_step_id, route_reconstruction, step_order, from_stop, to_stop, travel_edge, is_closing_step)
VALUES ('reconstruction-gridville-step-3', 'reconstruction-gridville-local-bound-union', 3, 'stop-c', 'stop-d', 'edge-c-d', FALSE) ON CONFLICT (tsp_route_reconstruction_step_id) DO UPDATE SET route_reconstruction = EXCLUDED.route_reconstruction, step_order = EXCLUDED.step_order, from_stop = EXCLUDED.from_stop, to_stop = EXCLUDED.to_stop, travel_edge = EXCLUDED.travel_edge, is_closing_step = EXCLUDED.is_closing_step;

INSERT INTO tsp_route_reconstruction_steps (tsp_route_reconstruction_step_id, route_reconstruction, step_order, from_stop, to_stop, travel_edge, is_closing_step)
VALUES ('reconstruction-gridville-step-4', 'reconstruction-gridville-local-bound-union', 4, 'stop-d', 'stop-e', 'edge-d-e', FALSE) ON CONFLICT (tsp_route_reconstruction_step_id) DO UPDATE SET route_reconstruction = EXCLUDED.route_reconstruction, step_order = EXCLUDED.step_order, from_stop = EXCLUDED.from_stop, to_stop = EXCLUDED.to_stop, travel_edge = EXCLUDED.travel_edge, is_closing_step = EXCLUDED.is_closing_step;

INSERT INTO tsp_route_reconstruction_steps (tsp_route_reconstruction_step_id, route_reconstruction, step_order, from_stop, to_stop, travel_edge, is_closing_step)
VALUES ('reconstruction-gridville-step-5', 'reconstruction-gridville-local-bound-union', 5, 'stop-e', 'stop-a', 'edge-a-e', TRUE) ON CONFLICT (tsp_route_reconstruction_step_id) DO UPDATE SET route_reconstruction = EXCLUDED.route_reconstruction, step_order = EXCLUDED.step_order, from_stop = EXCLUDED.from_stop, to_stop = EXCLUDED.to_stop, travel_edge = EXCLUDED.travel_edge, is_closing_step = EXCLUDED.is_closing_step;

-- ----------------------------------------------------------------------------
-- TSPWitnessNormalForms: Common semantic normal form for supplied, reconstructed, and contracted cycle or path witnesses.
-- ----------------------------------------------------------------------------
INSERT INTO tsp_witness_normal_forms (tsp_witness_normal_form_id, tsp_instance, tsp_loop, witness_shape, origin_kind, source_kind, source_id, boundary_signature, covered_stop_count, required_stop_count, edge_count, total_cost, incidence_defect, connectivity_defect, order_defect, provenance_summary)
VALUES ('normal-cycle-gridville-supplied', 'tsp-gridville-5', 'tsp-loop-605', 'CYCLE', 'SUPPLIED', 'CandidateTours', 'tour-reference-ring', NULL, 5, 5, 5, 14, 0, 0, 0, 'Explicit supplied route witness validated by ordered stop and leg projections.') ON CONFLICT (tsp_witness_normal_form_id) DO UPDATE SET tsp_instance = EXCLUDED.tsp_instance, tsp_loop = EXCLUDED.tsp_loop, witness_shape = EXCLUDED.witness_shape, origin_kind = EXCLUDED.origin_kind, source_kind = EXCLUDED.source_kind, source_id = EXCLUDED.source_id, boundary_signature = EXCLUDED.boundary_signature, covered_stop_count = EXCLUDED.covered_stop_count, required_stop_count = EXCLUDED.required_stop_count, edge_count = EXCLUDED.edge_count, total_cost = EXCLUDED.total_cost, incidence_defect = EXCLUDED.incidence_defect, connectivity_defect = EXCLUDED.connectivity_defect, order_defect = EXCLUDED.order_defect, provenance_summary = EXCLUDED.provenance_summary;

INSERT INTO tsp_witness_normal_forms (tsp_witness_normal_form_id, tsp_instance, tsp_loop, witness_shape, origin_kind, source_kind, source_id, boundary_signature, covered_stop_count, required_stop_count, edge_count, total_cost, incidence_defect, connectivity_defect, order_defect, provenance_summary)
VALUES ('normal-cycle-gridville-reconstructed', 'tsp-gridville-5', 'tsp-loop-605', 'CYCLE', 'RECONSTRUCTED', 'TSPRouteReconstructions', 'reconstruction-gridville-local-bound-union', NULL, 5, 5, 5, 14, 0, 0, 0, 'Reconstructed from a connected degree-two inferred edge set; supplied candidate is comparison-only.') ON CONFLICT (tsp_witness_normal_form_id) DO UPDATE SET tsp_instance = EXCLUDED.tsp_instance, tsp_loop = EXCLUDED.tsp_loop, witness_shape = EXCLUDED.witness_shape, origin_kind = EXCLUDED.origin_kind, source_kind = EXCLUDED.source_kind, source_id = EXCLUDED.source_id, boundary_signature = EXCLUDED.boundary_signature, covered_stop_count = EXCLUDED.covered_stop_count, required_stop_count = EXCLUDED.required_stop_count, edge_count = EXCLUDED.edge_count, total_cost = EXCLUDED.total_cost, incidence_defect = EXCLUDED.incidence_defect, connectivity_defect = EXCLUDED.connectivity_defect, order_defect = EXCLUDED.order_defect, provenance_summary = EXCLUDED.provenance_summary;

INSERT INTO tsp_witness_normal_forms (tsp_witness_normal_form_id, tsp_instance, tsp_loop, witness_shape, origin_kind, source_kind, source_id, boundary_signature, covered_stop_count, required_stop_count, edge_count, total_cost, incidence_defect, connectivity_defect, order_defect, provenance_summary)
VALUES ('normal-cycle-twin-supplied', 'tsp-twin-triangles-6', 'tsp-loop-605', 'CYCLE', 'SUPPLIED', 'CandidateTours', 'tour-twin-triangles-feasible-24', NULL, 6, 6, 6, 24, 0, 0, 0, 'Supplied feasible route certified optimal by component-repair bound equality.') ON CONFLICT (tsp_witness_normal_form_id) DO UPDATE SET tsp_instance = EXCLUDED.tsp_instance, tsp_loop = EXCLUDED.tsp_loop, witness_shape = EXCLUDED.witness_shape, origin_kind = EXCLUDED.origin_kind, source_kind = EXCLUDED.source_kind, source_id = EXCLUDED.source_id, boundary_signature = EXCLUDED.boundary_signature, covered_stop_count = EXCLUDED.covered_stop_count, required_stop_count = EXCLUDED.required_stop_count, edge_count = EXCLUDED.edge_count, total_cost = EXCLUDED.total_cost, incidence_defect = EXCLUDED.incidence_defect, connectivity_defect = EXCLUDED.connectivity_defect, order_defect = EXCLUDED.order_defect, provenance_summary = EXCLUDED.provenance_summary;

INSERT INTO tsp_witness_normal_forms (tsp_witness_normal_form_id, tsp_instance, tsp_loop, witness_shape, origin_kind, source_kind, source_id, boundary_signature, covered_stop_count, required_stop_count, edge_count, total_cost, incidence_defect, connectivity_defect, order_defect, provenance_summary)
VALUES ('normal-path-cluster-state-gridville-west-triangle-twin-stop-wa-twin-stop-wb', 'tsp-twin-triangles-6', 'tsp-loop-606', 'PATH', 'CONTRACTED', 'TSPClusterBoundaryStates', 'cluster-state-gridville-west-triangle-twin-stop-wa-twin-stop-wb', 'gridville-west-triangle|twin-stop-wa|twin-stop-wb|3|2.0', 3, 3, 2, 2.0, 0, 0, 0, 'Neighborhood path expansion witnessed by ordered TSPClusterBoundaryStateMembers.') ON CONFLICT (tsp_witness_normal_form_id) DO UPDATE SET tsp_instance = EXCLUDED.tsp_instance, tsp_loop = EXCLUDED.tsp_loop, witness_shape = EXCLUDED.witness_shape, origin_kind = EXCLUDED.origin_kind, source_kind = EXCLUDED.source_kind, source_id = EXCLUDED.source_id, boundary_signature = EXCLUDED.boundary_signature, covered_stop_count = EXCLUDED.covered_stop_count, required_stop_count = EXCLUDED.required_stop_count, edge_count = EXCLUDED.edge_count, total_cost = EXCLUDED.total_cost, incidence_defect = EXCLUDED.incidence_defect, connectivity_defect = EXCLUDED.connectivity_defect, order_defect = EXCLUDED.order_defect, provenance_summary = EXCLUDED.provenance_summary;

INSERT INTO tsp_witness_normal_forms (tsp_witness_normal_form_id, tsp_instance, tsp_loop, witness_shape, origin_kind, source_kind, source_id, boundary_signature, covered_stop_count, required_stop_count, edge_count, total_cost, incidence_defect, connectivity_defect, order_defect, provenance_summary)
VALUES ('normal-path-cluster-state-gridville-west-triangle-twin-stop-wa-twin-stop-wc', 'tsp-twin-triangles-6', 'tsp-loop-606', 'PATH', 'CONTRACTED', 'TSPClusterBoundaryStates', 'cluster-state-gridville-west-triangle-twin-stop-wa-twin-stop-wc', 'gridville-west-triangle|twin-stop-wa|twin-stop-wc|3|2.0', 3, 3, 2, 2.0, 0, 0, 0, 'Neighborhood path expansion witnessed by ordered TSPClusterBoundaryStateMembers.') ON CONFLICT (tsp_witness_normal_form_id) DO UPDATE SET tsp_instance = EXCLUDED.tsp_instance, tsp_loop = EXCLUDED.tsp_loop, witness_shape = EXCLUDED.witness_shape, origin_kind = EXCLUDED.origin_kind, source_kind = EXCLUDED.source_kind, source_id = EXCLUDED.source_id, boundary_signature = EXCLUDED.boundary_signature, covered_stop_count = EXCLUDED.covered_stop_count, required_stop_count = EXCLUDED.required_stop_count, edge_count = EXCLUDED.edge_count, total_cost = EXCLUDED.total_cost, incidence_defect = EXCLUDED.incidence_defect, connectivity_defect = EXCLUDED.connectivity_defect, order_defect = EXCLUDED.order_defect, provenance_summary = EXCLUDED.provenance_summary;

INSERT INTO tsp_witness_normal_forms (tsp_witness_normal_form_id, tsp_instance, tsp_loop, witness_shape, origin_kind, source_kind, source_id, boundary_signature, covered_stop_count, required_stop_count, edge_count, total_cost, incidence_defect, connectivity_defect, order_defect, provenance_summary)
VALUES ('normal-path-cluster-state-gridville-west-triangle-twin-stop-wb-twin-stop-wc', 'tsp-twin-triangles-6', 'tsp-loop-606', 'PATH', 'CONTRACTED', 'TSPClusterBoundaryStates', 'cluster-state-gridville-west-triangle-twin-stop-wb-twin-stop-wc', 'gridville-west-triangle|twin-stop-wb|twin-stop-wc|3|2.0', 3, 3, 2, 2.0, 0, 0, 0, 'Neighborhood path expansion witnessed by ordered TSPClusterBoundaryStateMembers.') ON CONFLICT (tsp_witness_normal_form_id) DO UPDATE SET tsp_instance = EXCLUDED.tsp_instance, tsp_loop = EXCLUDED.tsp_loop, witness_shape = EXCLUDED.witness_shape, origin_kind = EXCLUDED.origin_kind, source_kind = EXCLUDED.source_kind, source_id = EXCLUDED.source_id, boundary_signature = EXCLUDED.boundary_signature, covered_stop_count = EXCLUDED.covered_stop_count, required_stop_count = EXCLUDED.required_stop_count, edge_count = EXCLUDED.edge_count, total_cost = EXCLUDED.total_cost, incidence_defect = EXCLUDED.incidence_defect, connectivity_defect = EXCLUDED.connectivity_defect, order_defect = EXCLUDED.order_defect, provenance_summary = EXCLUDED.provenance_summary;

INSERT INTO tsp_witness_normal_forms (tsp_witness_normal_form_id, tsp_instance, tsp_loop, witness_shape, origin_kind, source_kind, source_id, boundary_signature, covered_stop_count, required_stop_count, edge_count, total_cost, incidence_defect, connectivity_defect, order_defect, provenance_summary)
VALUES ('normal-path-cluster-state-gridville-east-triangle-twin-stop-ed-twin-stop-ee', 'tsp-twin-triangles-6', 'tsp-loop-606', 'PATH', 'CONTRACTED', 'TSPClusterBoundaryStates', 'cluster-state-gridville-east-triangle-twin-stop-ed-twin-stop-ee', 'gridville-east-triangle|twin-stop-ed|twin-stop-ee|3|2.0', 3, 3, 2, 2.0, 0, 0, 0, 'Neighborhood path expansion witnessed by ordered TSPClusterBoundaryStateMembers.') ON CONFLICT (tsp_witness_normal_form_id) DO UPDATE SET tsp_instance = EXCLUDED.tsp_instance, tsp_loop = EXCLUDED.tsp_loop, witness_shape = EXCLUDED.witness_shape, origin_kind = EXCLUDED.origin_kind, source_kind = EXCLUDED.source_kind, source_id = EXCLUDED.source_id, boundary_signature = EXCLUDED.boundary_signature, covered_stop_count = EXCLUDED.covered_stop_count, required_stop_count = EXCLUDED.required_stop_count, edge_count = EXCLUDED.edge_count, total_cost = EXCLUDED.total_cost, incidence_defect = EXCLUDED.incidence_defect, connectivity_defect = EXCLUDED.connectivity_defect, order_defect = EXCLUDED.order_defect, provenance_summary = EXCLUDED.provenance_summary;

INSERT INTO tsp_witness_normal_forms (tsp_witness_normal_form_id, tsp_instance, tsp_loop, witness_shape, origin_kind, source_kind, source_id, boundary_signature, covered_stop_count, required_stop_count, edge_count, total_cost, incidence_defect, connectivity_defect, order_defect, provenance_summary)
VALUES ('normal-path-cluster-state-gridville-east-triangle-twin-stop-ed-twin-stop-ef', 'tsp-twin-triangles-6', 'tsp-loop-606', 'PATH', 'CONTRACTED', 'TSPClusterBoundaryStates', 'cluster-state-gridville-east-triangle-twin-stop-ed-twin-stop-ef', 'gridville-east-triangle|twin-stop-ed|twin-stop-ef|3|2.0', 3, 3, 2, 2.0, 0, 0, 0, 'Neighborhood path expansion witnessed by ordered TSPClusterBoundaryStateMembers.') ON CONFLICT (tsp_witness_normal_form_id) DO UPDATE SET tsp_instance = EXCLUDED.tsp_instance, tsp_loop = EXCLUDED.tsp_loop, witness_shape = EXCLUDED.witness_shape, origin_kind = EXCLUDED.origin_kind, source_kind = EXCLUDED.source_kind, source_id = EXCLUDED.source_id, boundary_signature = EXCLUDED.boundary_signature, covered_stop_count = EXCLUDED.covered_stop_count, required_stop_count = EXCLUDED.required_stop_count, edge_count = EXCLUDED.edge_count, total_cost = EXCLUDED.total_cost, incidence_defect = EXCLUDED.incidence_defect, connectivity_defect = EXCLUDED.connectivity_defect, order_defect = EXCLUDED.order_defect, provenance_summary = EXCLUDED.provenance_summary;

INSERT INTO tsp_witness_normal_forms (tsp_witness_normal_form_id, tsp_instance, tsp_loop, witness_shape, origin_kind, source_kind, source_id, boundary_signature, covered_stop_count, required_stop_count, edge_count, total_cost, incidence_defect, connectivity_defect, order_defect, provenance_summary)
VALUES ('normal-path-cluster-state-gridville-east-triangle-twin-stop-ee-twin-stop-ef', 'tsp-twin-triangles-6', 'tsp-loop-606', 'PATH', 'CONTRACTED', 'TSPClusterBoundaryStates', 'cluster-state-gridville-east-triangle-twin-stop-ee-twin-stop-ef', 'gridville-east-triangle|twin-stop-ee|twin-stop-ef|3|2.0', 3, 3, 2, 2.0, 0, 0, 0, 'Neighborhood path expansion witnessed by ordered TSPClusterBoundaryStateMembers.') ON CONFLICT (tsp_witness_normal_form_id) DO UPDATE SET tsp_instance = EXCLUDED.tsp_instance, tsp_loop = EXCLUDED.tsp_loop, witness_shape = EXCLUDED.witness_shape, origin_kind = EXCLUDED.origin_kind, source_kind = EXCLUDED.source_kind, source_id = EXCLUDED.source_id, boundary_signature = EXCLUDED.boundary_signature, covered_stop_count = EXCLUDED.covered_stop_count, required_stop_count = EXCLUDED.required_stop_count, edge_count = EXCLUDED.edge_count, total_cost = EXCLUDED.total_cost, incidence_defect = EXCLUDED.incidence_defect, connectivity_defect = EXCLUDED.connectivity_defect, order_defect = EXCLUDED.order_defect, provenance_summary = EXCLUDED.provenance_summary;

-- ----------------------------------------------------------------------------
-- TSPSearchCertificates: Derived accounting of route classes, branch decisions, backtracks, and residual ambiguity.
-- ----------------------------------------------------------------------------
INSERT INTO tsp_search_certificates (tsp_search_certificate_id, tsp_instance, tsp_loop, derived_edge_set, question_kind, initial_route_class_count, surviving_route_class_count, branch_decision_count, backtrack_count, residual_ambiguity_count, branching_avoided_pct, status)
VALUES ('search-gridville-reconstructed-route', 'tsp-gridville-5', 'tsp-loop-592', 'edge-set-gridville-local-bound-union', 'DISCOVER_ROUTE_WITHOUT_SUPPLIED_CANDIDATE', 12, 1, 0, 0, 0, 100, 'CERTIFIED') ON CONFLICT (tsp_search_certificate_id) DO UPDATE SET tsp_instance = EXCLUDED.tsp_instance, tsp_loop = EXCLUDED.tsp_loop, derived_edge_set = EXCLUDED.derived_edge_set, question_kind = EXCLUDED.question_kind, initial_route_class_count = EXCLUDED.initial_route_class_count, surviving_route_class_count = EXCLUDED.surviving_route_class_count, branch_decision_count = EXCLUDED.branch_decision_count, backtrack_count = EXCLUDED.backtrack_count, residual_ambiguity_count = EXCLUDED.residual_ambiguity_count, branching_avoided_pct = EXCLUDED.branching_avoided_pct, status = EXCLUDED.status;

INSERT INTO tsp_search_certificates (tsp_search_certificate_id, tsp_instance, tsp_loop, derived_edge_set, question_kind, initial_route_class_count, surviving_route_class_count, branch_decision_count, backtrack_count, residual_ambiguity_count, branching_avoided_pct, status)
VALUES ('search-twin-triangles-non-tight', 'tsp-twin-triangles-6', 'tsp-loop-593', 'edge-set-twin-triangles-local-bound-union', 'NON_TIGHT_LOWER_BOUND_RESIDUAL', 60, 60, 0, 0, 60, 0, 'RESIDUAL_SEARCH') ON CONFLICT (tsp_search_certificate_id) DO UPDATE SET tsp_instance = EXCLUDED.tsp_instance, tsp_loop = EXCLUDED.tsp_loop, derived_edge_set = EXCLUDED.derived_edge_set, question_kind = EXCLUDED.question_kind, initial_route_class_count = EXCLUDED.initial_route_class_count, surviving_route_class_count = EXCLUDED.surviving_route_class_count, branch_decision_count = EXCLUDED.branch_decision_count, backtrack_count = EXCLUDED.backtrack_count, residual_ambiguity_count = EXCLUDED.residual_ambiguity_count, branching_avoided_pct = EXCLUDED.branching_avoided_pct, status = EXCLUDED.status;

-- ----------------------------------------------------------------------------
-- TSPConstraintRounds: Fixed-point rounds for forced and forbidden edge propagation.
-- ----------------------------------------------------------------------------
INSERT INTO tsp_constraint_rounds (tsp_constraint_round_id, tsp_instance, tsp_loop, round_order, input_state, forced_decision_count, forbidden_decision_count, branch_decision_count, status)
VALUES ('constraint-round-sparse-forcing-1', 'tsp-sparse-forcing-5', 'tsp-loop-594', 1, 'AVAILABLE_EDGE_COUNTS', 5, 0, 0, 'ADVANCED') ON CONFLICT (tsp_constraint_round_id) DO UPDATE SET tsp_instance = EXCLUDED.tsp_instance, tsp_loop = EXCLUDED.tsp_loop, round_order = EXCLUDED.round_order, input_state = EXCLUDED.input_state, forced_decision_count = EXCLUDED.forced_decision_count, forbidden_decision_count = EXCLUDED.forbidden_decision_count, branch_decision_count = EXCLUDED.branch_decision_count, status = EXCLUDED.status;

INSERT INTO tsp_constraint_rounds (tsp_constraint_round_id, tsp_instance, tsp_loop, round_order, input_state, forced_decision_count, forbidden_decision_count, branch_decision_count, status)
VALUES ('constraint-round-sparse-forbidding-2', 'tsp-sparse-forcing-5', 'tsp-loop-595', 2, 'state-sparse-forcing-round-1', 0, 1, 0, 'FIXED_POINT') ON CONFLICT (tsp_constraint_round_id) DO UPDATE SET tsp_instance = EXCLUDED.tsp_instance, tsp_loop = EXCLUDED.tsp_loop, round_order = EXCLUDED.round_order, input_state = EXCLUDED.input_state, forced_decision_count = EXCLUDED.forced_decision_count, forbidden_decision_count = EXCLUDED.forbidden_decision_count, branch_decision_count = EXCLUDED.branch_decision_count, status = EXCLUDED.status;

INSERT INTO tsp_constraint_rounds (tsp_constraint_round_id, tsp_instance, tsp_loop, round_order, input_state, forced_decision_count, forbidden_decision_count, branch_decision_count, status)
VALUES ('constraint-round-twin-subtour-1', 'tsp-twin-triangles-6', 'tsp-loop-595', 1, 'TWO_FORCED_EDGES_IN_WEST_CLUSTER', 0, 1, 0, 'ADVANCED') ON CONFLICT (tsp_constraint_round_id) DO UPDATE SET tsp_instance = EXCLUDED.tsp_instance, tsp_loop = EXCLUDED.tsp_loop, round_order = EXCLUDED.round_order, input_state = EXCLUDED.input_state, forced_decision_count = EXCLUDED.forced_decision_count, forbidden_decision_count = EXCLUDED.forbidden_decision_count, branch_decision_count = EXCLUDED.branch_decision_count, status = EXCLUDED.status;

-- ----------------------------------------------------------------------------
-- TSPConstraintDecisions: Replayable forced or forbidden edge decisions with reason codes.
-- ----------------------------------------------------------------------------
INSERT INTO tsp_constraint_decisions (tsp_constraint_decision_id, constraint_round, travel_edge, instance_stop, inference_rule, decision_status, reason_code, antecedent_summary, is_deterministic)
VALUES ('force-sparse-edge-a-b', 'constraint-round-sparse-forcing-1', 'sparse-edge-a-b', 'sparse-stop-a', 'tsp-rule-degree-two-forcing', 'FORCED', 'EXACTLY_TWO_REMAINING_ADMISSIBLE_INCIDENT_EDGES', 'sparse-stop-a has exactly two available incident edges; both are forced.', TRUE) ON CONFLICT (tsp_constraint_decision_id) DO UPDATE SET constraint_round = EXCLUDED.constraint_round, travel_edge = EXCLUDED.travel_edge, instance_stop = EXCLUDED.instance_stop, inference_rule = EXCLUDED.inference_rule, decision_status = EXCLUDED.decision_status, reason_code = EXCLUDED.reason_code, antecedent_summary = EXCLUDED.antecedent_summary, is_deterministic = EXCLUDED.is_deterministic;

INSERT INTO tsp_constraint_decisions (tsp_constraint_decision_id, constraint_round, travel_edge, instance_stop, inference_rule, decision_status, reason_code, antecedent_summary, is_deterministic)
VALUES ('force-sparse-edge-a-e', 'constraint-round-sparse-forcing-1', 'sparse-edge-a-e', 'sparse-stop-a', 'tsp-rule-degree-two-forcing', 'FORCED', 'EXACTLY_TWO_REMAINING_ADMISSIBLE_INCIDENT_EDGES', 'sparse-stop-a has exactly two available incident edges; both are forced.', TRUE) ON CONFLICT (tsp_constraint_decision_id) DO UPDATE SET constraint_round = EXCLUDED.constraint_round, travel_edge = EXCLUDED.travel_edge, instance_stop = EXCLUDED.instance_stop, inference_rule = EXCLUDED.inference_rule, decision_status = EXCLUDED.decision_status, reason_code = EXCLUDED.reason_code, antecedent_summary = EXCLUDED.antecedent_summary, is_deterministic = EXCLUDED.is_deterministic;

INSERT INTO tsp_constraint_decisions (tsp_constraint_decision_id, constraint_round, travel_edge, instance_stop, inference_rule, decision_status, reason_code, antecedent_summary, is_deterministic)
VALUES ('force-sparse-edge-b-c', 'constraint-round-sparse-forcing-1', 'sparse-edge-b-c', 'sparse-stop-c', 'tsp-rule-degree-two-forcing', 'FORCED', 'EXACTLY_TWO_REMAINING_ADMISSIBLE_INCIDENT_EDGES', 'sparse-stop-c has exactly two available incident edges; both are forced.', TRUE) ON CONFLICT (tsp_constraint_decision_id) DO UPDATE SET constraint_round = EXCLUDED.constraint_round, travel_edge = EXCLUDED.travel_edge, instance_stop = EXCLUDED.instance_stop, inference_rule = EXCLUDED.inference_rule, decision_status = EXCLUDED.decision_status, reason_code = EXCLUDED.reason_code, antecedent_summary = EXCLUDED.antecedent_summary, is_deterministic = EXCLUDED.is_deterministic;

INSERT INTO tsp_constraint_decisions (tsp_constraint_decision_id, constraint_round, travel_edge, instance_stop, inference_rule, decision_status, reason_code, antecedent_summary, is_deterministic)
VALUES ('force-sparse-edge-c-d', 'constraint-round-sparse-forcing-1', 'sparse-edge-c-d', 'sparse-stop-c', 'tsp-rule-degree-two-forcing', 'FORCED', 'EXACTLY_TWO_REMAINING_ADMISSIBLE_INCIDENT_EDGES', 'sparse-stop-c has exactly two available incident edges; both are forced.', TRUE) ON CONFLICT (tsp_constraint_decision_id) DO UPDATE SET constraint_round = EXCLUDED.constraint_round, travel_edge = EXCLUDED.travel_edge, instance_stop = EXCLUDED.instance_stop, inference_rule = EXCLUDED.inference_rule, decision_status = EXCLUDED.decision_status, reason_code = EXCLUDED.reason_code, antecedent_summary = EXCLUDED.antecedent_summary, is_deterministic = EXCLUDED.is_deterministic;

INSERT INTO tsp_constraint_decisions (tsp_constraint_decision_id, constraint_round, travel_edge, instance_stop, inference_rule, decision_status, reason_code, antecedent_summary, is_deterministic)
VALUES ('force-sparse-edge-d-e', 'constraint-round-sparse-forcing-1', 'sparse-edge-d-e', 'sparse-stop-e', 'tsp-rule-degree-two-forcing', 'FORCED', 'EXACTLY_TWO_REMAINING_ADMISSIBLE_INCIDENT_EDGES', 'sparse-stop-e has exactly two available incident edges; both are forced.', TRUE) ON CONFLICT (tsp_constraint_decision_id) DO UPDATE SET constraint_round = EXCLUDED.constraint_round, travel_edge = EXCLUDED.travel_edge, instance_stop = EXCLUDED.instance_stop, inference_rule = EXCLUDED.inference_rule, decision_status = EXCLUDED.decision_status, reason_code = EXCLUDED.reason_code, antecedent_summary = EXCLUDED.antecedent_summary, is_deterministic = EXCLUDED.is_deterministic;

INSERT INTO tsp_constraint_decisions (tsp_constraint_decision_id, constraint_round, travel_edge, instance_stop, inference_rule, decision_status, reason_code, antecedent_summary, is_deterministic)
VALUES ('forbid-sparse-edge-b-d-degree-saturation', 'constraint-round-sparse-forbidding-2', 'sparse-edge-b-d', 'sparse-stop-b', 'tsp-rule-forbidden-edge-propagation', 'FORBIDDEN', 'DEGREE_TWO_SATURATION', 'B already has forced A-B and B-C; any additional incident edge would exceed tour degree two.', TRUE) ON CONFLICT (tsp_constraint_decision_id) DO UPDATE SET constraint_round = EXCLUDED.constraint_round, travel_edge = EXCLUDED.travel_edge, instance_stop = EXCLUDED.instance_stop, inference_rule = EXCLUDED.inference_rule, decision_status = EXCLUDED.decision_status, reason_code = EXCLUDED.reason_code, antecedent_summary = EXCLUDED.antecedent_summary, is_deterministic = EXCLUDED.is_deterministic;

INSERT INTO tsp_constraint_decisions (tsp_constraint_decision_id, constraint_round, travel_edge, instance_stop, inference_rule, decision_status, reason_code, antecedent_summary, is_deterministic)
VALUES ('forbid-twin-edge-wa-wc-proper-subtour', 'constraint-round-twin-subtour-1', 'twin-edge-wa-wc', NULL, 'tsp-rule-proper-subtour-forbidding', 'FORBIDDEN', 'WOULD_CLOSE_PROPER_SUBTOUR', 'With WA-WB and WB-WC forced, adding WA-WC closes a three-stop cycle that excludes ED, EE, and EF.', TRUE) ON CONFLICT (tsp_constraint_decision_id) DO UPDATE SET constraint_round = EXCLUDED.constraint_round, travel_edge = EXCLUDED.travel_edge, instance_stop = EXCLUDED.instance_stop, inference_rule = EXCLUDED.inference_rule, decision_status = EXCLUDED.decision_status, reason_code = EXCLUDED.reason_code, antecedent_summary = EXCLUDED.antecedent_summary, is_deterministic = EXCLUDED.is_deterministic;

-- ----------------------------------------------------------------------------
-- TSPClusterBoundaryStates: Finite undirected entry/exit Hamiltonian-path states for a neighborhood cluster.
-- ----------------------------------------------------------------------------
INSERT INTO tsp_cluster_boundary_states (tsp_cluster_boundary_state_id, tsp_instance, neighborhood, entry_stop, exit_stop, internal_via_stop, internal_path_cost, internal_stop_count, is_hamiltonian_path, is_dominated, status, normalized_witness_id, orientation_multiplicity, is_quotient_representative)
VALUES ('cluster-state-gridville-west-triangle-twin-stop-wa-twin-stop-wb', 'tsp-twin-triangles-6', 'gridville-west-triangle', 'twin-stop-wa', 'twin-stop-wb', 'twin-stop-wc', 2.0, 3, TRUE, FALSE, 'SURVIVES', 'normal-path-cluster-state-gridville-west-triangle-twin-stop-wa-twin-stop-wb', 2, TRUE) ON CONFLICT (tsp_cluster_boundary_state_id) DO UPDATE SET tsp_instance = EXCLUDED.tsp_instance, neighborhood = EXCLUDED.neighborhood, entry_stop = EXCLUDED.entry_stop, exit_stop = EXCLUDED.exit_stop, internal_via_stop = EXCLUDED.internal_via_stop, internal_path_cost = EXCLUDED.internal_path_cost, internal_stop_count = EXCLUDED.internal_stop_count, is_hamiltonian_path = EXCLUDED.is_hamiltonian_path, is_dominated = EXCLUDED.is_dominated, status = EXCLUDED.status, normalized_witness_id = EXCLUDED.normalized_witness_id, orientation_multiplicity = EXCLUDED.orientation_multiplicity, is_quotient_representative = EXCLUDED.is_quotient_representative;

INSERT INTO tsp_cluster_boundary_states (tsp_cluster_boundary_state_id, tsp_instance, neighborhood, entry_stop, exit_stop, internal_via_stop, internal_path_cost, internal_stop_count, is_hamiltonian_path, is_dominated, status, normalized_witness_id, orientation_multiplicity, is_quotient_representative)
VALUES ('cluster-state-gridville-west-triangle-twin-stop-wa-twin-stop-wc', 'tsp-twin-triangles-6', 'gridville-west-triangle', 'twin-stop-wa', 'twin-stop-wc', 'twin-stop-wb', 2.0, 3, TRUE, FALSE, 'SURVIVES', 'normal-path-cluster-state-gridville-west-triangle-twin-stop-wa-twin-stop-wc', 2, TRUE) ON CONFLICT (tsp_cluster_boundary_state_id) DO UPDATE SET tsp_instance = EXCLUDED.tsp_instance, neighborhood = EXCLUDED.neighborhood, entry_stop = EXCLUDED.entry_stop, exit_stop = EXCLUDED.exit_stop, internal_via_stop = EXCLUDED.internal_via_stop, internal_path_cost = EXCLUDED.internal_path_cost, internal_stop_count = EXCLUDED.internal_stop_count, is_hamiltonian_path = EXCLUDED.is_hamiltonian_path, is_dominated = EXCLUDED.is_dominated, status = EXCLUDED.status, normalized_witness_id = EXCLUDED.normalized_witness_id, orientation_multiplicity = EXCLUDED.orientation_multiplicity, is_quotient_representative = EXCLUDED.is_quotient_representative;

INSERT INTO tsp_cluster_boundary_states (tsp_cluster_boundary_state_id, tsp_instance, neighborhood, entry_stop, exit_stop, internal_via_stop, internal_path_cost, internal_stop_count, is_hamiltonian_path, is_dominated, status, normalized_witness_id, orientation_multiplicity, is_quotient_representative)
VALUES ('cluster-state-gridville-west-triangle-twin-stop-wb-twin-stop-wc', 'tsp-twin-triangles-6', 'gridville-west-triangle', 'twin-stop-wb', 'twin-stop-wc', 'twin-stop-wa', 2.0, 3, TRUE, FALSE, 'SURVIVES', 'normal-path-cluster-state-gridville-west-triangle-twin-stop-wb-twin-stop-wc', 2, TRUE) ON CONFLICT (tsp_cluster_boundary_state_id) DO UPDATE SET tsp_instance = EXCLUDED.tsp_instance, neighborhood = EXCLUDED.neighborhood, entry_stop = EXCLUDED.entry_stop, exit_stop = EXCLUDED.exit_stop, internal_via_stop = EXCLUDED.internal_via_stop, internal_path_cost = EXCLUDED.internal_path_cost, internal_stop_count = EXCLUDED.internal_stop_count, is_hamiltonian_path = EXCLUDED.is_hamiltonian_path, is_dominated = EXCLUDED.is_dominated, status = EXCLUDED.status, normalized_witness_id = EXCLUDED.normalized_witness_id, orientation_multiplicity = EXCLUDED.orientation_multiplicity, is_quotient_representative = EXCLUDED.is_quotient_representative;

INSERT INTO tsp_cluster_boundary_states (tsp_cluster_boundary_state_id, tsp_instance, neighborhood, entry_stop, exit_stop, internal_via_stop, internal_path_cost, internal_stop_count, is_hamiltonian_path, is_dominated, status, normalized_witness_id, orientation_multiplicity, is_quotient_representative)
VALUES ('cluster-state-gridville-east-triangle-twin-stop-ed-twin-stop-ee', 'tsp-twin-triangles-6', 'gridville-east-triangle', 'twin-stop-ed', 'twin-stop-ee', 'twin-stop-ef', 2.0, 3, TRUE, FALSE, 'SURVIVES', 'normal-path-cluster-state-gridville-east-triangle-twin-stop-ed-twin-stop-ee', 2, TRUE) ON CONFLICT (tsp_cluster_boundary_state_id) DO UPDATE SET tsp_instance = EXCLUDED.tsp_instance, neighborhood = EXCLUDED.neighborhood, entry_stop = EXCLUDED.entry_stop, exit_stop = EXCLUDED.exit_stop, internal_via_stop = EXCLUDED.internal_via_stop, internal_path_cost = EXCLUDED.internal_path_cost, internal_stop_count = EXCLUDED.internal_stop_count, is_hamiltonian_path = EXCLUDED.is_hamiltonian_path, is_dominated = EXCLUDED.is_dominated, status = EXCLUDED.status, normalized_witness_id = EXCLUDED.normalized_witness_id, orientation_multiplicity = EXCLUDED.orientation_multiplicity, is_quotient_representative = EXCLUDED.is_quotient_representative;

INSERT INTO tsp_cluster_boundary_states (tsp_cluster_boundary_state_id, tsp_instance, neighborhood, entry_stop, exit_stop, internal_via_stop, internal_path_cost, internal_stop_count, is_hamiltonian_path, is_dominated, status, normalized_witness_id, orientation_multiplicity, is_quotient_representative)
VALUES ('cluster-state-gridville-east-triangle-twin-stop-ed-twin-stop-ef', 'tsp-twin-triangles-6', 'gridville-east-triangle', 'twin-stop-ed', 'twin-stop-ef', 'twin-stop-ee', 2.0, 3, TRUE, FALSE, 'SURVIVES', 'normal-path-cluster-state-gridville-east-triangle-twin-stop-ed-twin-stop-ef', 2, TRUE) ON CONFLICT (tsp_cluster_boundary_state_id) DO UPDATE SET tsp_instance = EXCLUDED.tsp_instance, neighborhood = EXCLUDED.neighborhood, entry_stop = EXCLUDED.entry_stop, exit_stop = EXCLUDED.exit_stop, internal_via_stop = EXCLUDED.internal_via_stop, internal_path_cost = EXCLUDED.internal_path_cost, internal_stop_count = EXCLUDED.internal_stop_count, is_hamiltonian_path = EXCLUDED.is_hamiltonian_path, is_dominated = EXCLUDED.is_dominated, status = EXCLUDED.status, normalized_witness_id = EXCLUDED.normalized_witness_id, orientation_multiplicity = EXCLUDED.orientation_multiplicity, is_quotient_representative = EXCLUDED.is_quotient_representative;

INSERT INTO tsp_cluster_boundary_states (tsp_cluster_boundary_state_id, tsp_instance, neighborhood, entry_stop, exit_stop, internal_via_stop, internal_path_cost, internal_stop_count, is_hamiltonian_path, is_dominated, status, normalized_witness_id, orientation_multiplicity, is_quotient_representative)
VALUES ('cluster-state-gridville-east-triangle-twin-stop-ee-twin-stop-ef', 'tsp-twin-triangles-6', 'gridville-east-triangle', 'twin-stop-ee', 'twin-stop-ef', 'twin-stop-ed', 2.0, 3, TRUE, FALSE, 'SURVIVES', 'normal-path-cluster-state-gridville-east-triangle-twin-stop-ee-twin-stop-ef', 2, TRUE) ON CONFLICT (tsp_cluster_boundary_state_id) DO UPDATE SET tsp_instance = EXCLUDED.tsp_instance, neighborhood = EXCLUDED.neighborhood, entry_stop = EXCLUDED.entry_stop, exit_stop = EXCLUDED.exit_stop, internal_via_stop = EXCLUDED.internal_via_stop, internal_path_cost = EXCLUDED.internal_path_cost, internal_stop_count = EXCLUDED.internal_stop_count, is_hamiltonian_path = EXCLUDED.is_hamiltonian_path, is_dominated = EXCLUDED.is_dominated, status = EXCLUDED.status, normalized_witness_id = EXCLUDED.normalized_witness_id, orientation_multiplicity = EXCLUDED.orientation_multiplicity, is_quotient_representative = EXCLUDED.is_quotient_representative;

-- ----------------------------------------------------------------------------
-- TSPClusterBoundaryStateMembers: Ordered internal edges supporting a cluster boundary state.
-- ----------------------------------------------------------------------------
INSERT INTO tsp_cluster_boundary_state_members (tsp_cluster_boundary_state_member_id, cluster_boundary_state, travel_edge, member_order)
VALUES ('member-cluster-state-gridville-west-triangle-twin-stop-wa-twin-stop-wb-1', 'cluster-state-gridville-west-triangle-twin-stop-wa-twin-stop-wb', 'twin-edge-wa-wc', 1) ON CONFLICT (tsp_cluster_boundary_state_member_id) DO UPDATE SET cluster_boundary_state = EXCLUDED.cluster_boundary_state, travel_edge = EXCLUDED.travel_edge, member_order = EXCLUDED.member_order;

INSERT INTO tsp_cluster_boundary_state_members (tsp_cluster_boundary_state_member_id, cluster_boundary_state, travel_edge, member_order)
VALUES ('member-cluster-state-gridville-west-triangle-twin-stop-wa-twin-stop-wb-2', 'cluster-state-gridville-west-triangle-twin-stop-wa-twin-stop-wb', 'twin-edge-wb-wc', 2) ON CONFLICT (tsp_cluster_boundary_state_member_id) DO UPDATE SET cluster_boundary_state = EXCLUDED.cluster_boundary_state, travel_edge = EXCLUDED.travel_edge, member_order = EXCLUDED.member_order;

INSERT INTO tsp_cluster_boundary_state_members (tsp_cluster_boundary_state_member_id, cluster_boundary_state, travel_edge, member_order)
VALUES ('member-cluster-state-gridville-west-triangle-twin-stop-wa-twin-stop-wc-1', 'cluster-state-gridville-west-triangle-twin-stop-wa-twin-stop-wc', 'twin-edge-wa-wb', 1) ON CONFLICT (tsp_cluster_boundary_state_member_id) DO UPDATE SET cluster_boundary_state = EXCLUDED.cluster_boundary_state, travel_edge = EXCLUDED.travel_edge, member_order = EXCLUDED.member_order;

INSERT INTO tsp_cluster_boundary_state_members (tsp_cluster_boundary_state_member_id, cluster_boundary_state, travel_edge, member_order)
VALUES ('member-cluster-state-gridville-west-triangle-twin-stop-wa-twin-stop-wc-2', 'cluster-state-gridville-west-triangle-twin-stop-wa-twin-stop-wc', 'twin-edge-wb-wc', 2) ON CONFLICT (tsp_cluster_boundary_state_member_id) DO UPDATE SET cluster_boundary_state = EXCLUDED.cluster_boundary_state, travel_edge = EXCLUDED.travel_edge, member_order = EXCLUDED.member_order;

INSERT INTO tsp_cluster_boundary_state_members (tsp_cluster_boundary_state_member_id, cluster_boundary_state, travel_edge, member_order)
VALUES ('member-cluster-state-gridville-west-triangle-twin-stop-wb-twin-stop-wc-1', 'cluster-state-gridville-west-triangle-twin-stop-wb-twin-stop-wc', 'twin-edge-wa-wb', 1) ON CONFLICT (tsp_cluster_boundary_state_member_id) DO UPDATE SET cluster_boundary_state = EXCLUDED.cluster_boundary_state, travel_edge = EXCLUDED.travel_edge, member_order = EXCLUDED.member_order;

INSERT INTO tsp_cluster_boundary_state_members (tsp_cluster_boundary_state_member_id, cluster_boundary_state, travel_edge, member_order)
VALUES ('member-cluster-state-gridville-west-triangle-twin-stop-wb-twin-stop-wc-2', 'cluster-state-gridville-west-triangle-twin-stop-wb-twin-stop-wc', 'twin-edge-wa-wc', 2) ON CONFLICT (tsp_cluster_boundary_state_member_id) DO UPDATE SET cluster_boundary_state = EXCLUDED.cluster_boundary_state, travel_edge = EXCLUDED.travel_edge, member_order = EXCLUDED.member_order;

INSERT INTO tsp_cluster_boundary_state_members (tsp_cluster_boundary_state_member_id, cluster_boundary_state, travel_edge, member_order)
VALUES ('member-cluster-state-gridville-east-triangle-twin-stop-ed-twin-stop-ee-1', 'cluster-state-gridville-east-triangle-twin-stop-ed-twin-stop-ee', 'twin-edge-ed-ef', 1) ON CONFLICT (tsp_cluster_boundary_state_member_id) DO UPDATE SET cluster_boundary_state = EXCLUDED.cluster_boundary_state, travel_edge = EXCLUDED.travel_edge, member_order = EXCLUDED.member_order;

INSERT INTO tsp_cluster_boundary_state_members (tsp_cluster_boundary_state_member_id, cluster_boundary_state, travel_edge, member_order)
VALUES ('member-cluster-state-gridville-east-triangle-twin-stop-ed-twin-stop-ee-2', 'cluster-state-gridville-east-triangle-twin-stop-ed-twin-stop-ee', 'twin-edge-ee-ef', 2) ON CONFLICT (tsp_cluster_boundary_state_member_id) DO UPDATE SET cluster_boundary_state = EXCLUDED.cluster_boundary_state, travel_edge = EXCLUDED.travel_edge, member_order = EXCLUDED.member_order;

INSERT INTO tsp_cluster_boundary_state_members (tsp_cluster_boundary_state_member_id, cluster_boundary_state, travel_edge, member_order)
VALUES ('member-cluster-state-gridville-east-triangle-twin-stop-ed-twin-stop-ef-1', 'cluster-state-gridville-east-triangle-twin-stop-ed-twin-stop-ef', 'twin-edge-ed-ee', 1) ON CONFLICT (tsp_cluster_boundary_state_member_id) DO UPDATE SET cluster_boundary_state = EXCLUDED.cluster_boundary_state, travel_edge = EXCLUDED.travel_edge, member_order = EXCLUDED.member_order;

INSERT INTO tsp_cluster_boundary_state_members (tsp_cluster_boundary_state_member_id, cluster_boundary_state, travel_edge, member_order)
VALUES ('member-cluster-state-gridville-east-triangle-twin-stop-ed-twin-stop-ef-2', 'cluster-state-gridville-east-triangle-twin-stop-ed-twin-stop-ef', 'twin-edge-ee-ef', 2) ON CONFLICT (tsp_cluster_boundary_state_member_id) DO UPDATE SET cluster_boundary_state = EXCLUDED.cluster_boundary_state, travel_edge = EXCLUDED.travel_edge, member_order = EXCLUDED.member_order;

INSERT INTO tsp_cluster_boundary_state_members (tsp_cluster_boundary_state_member_id, cluster_boundary_state, travel_edge, member_order)
VALUES ('member-cluster-state-gridville-east-triangle-twin-stop-ee-twin-stop-ef-1', 'cluster-state-gridville-east-triangle-twin-stop-ee-twin-stop-ef', 'twin-edge-ed-ee', 1) ON CONFLICT (tsp_cluster_boundary_state_member_id) DO UPDATE SET cluster_boundary_state = EXCLUDED.cluster_boundary_state, travel_edge = EXCLUDED.travel_edge, member_order = EXCLUDED.member_order;

INSERT INTO tsp_cluster_boundary_state_members (tsp_cluster_boundary_state_member_id, cluster_boundary_state, travel_edge, member_order)
VALUES ('member-cluster-state-gridville-east-triangle-twin-stop-ee-twin-stop-ef-2', 'cluster-state-gridville-east-triangle-twin-stop-ee-twin-stop-ef', 'twin-edge-ed-ef', 2) ON CONFLICT (tsp_cluster_boundary_state_member_id) DO UPDATE SET cluster_boundary_state = EXCLUDED.cluster_boundary_state, travel_edge = EXCLUDED.travel_edge, member_order = EXCLUDED.member_order;

-- ----------------------------------------------------------------------------
-- TSPClusterContractionCertificates: Finite-fixture certificates measuring neighborhood-state contraction.
-- ----------------------------------------------------------------------------
INSERT INTO tsp_cluster_contraction_certificates (tsp_cluster_contraction_certificate_id, tsp_instance, neighborhood, scope_kind, raw_internal_order_count, surviving_boundary_state_count, raw_combination_count, contracted_combination_count, reduction_pct, is_passing, scope_claim, equivalence_relation, quotient_class_count)
VALUES ('contraction-gridville-west-triangle', 'tsp-twin-triangles-6', 'gridville-west-triangle', 'NEIGHBORHOOD', 6, 3, NULL, NULL, 50, TRUE, 'CERTIFIED_FOR_THREE_STOP_SYMMETRIC_CLUSTER', 'PATH_REVERSAL_WITH_FIXED_UNORDERED_BOUNDARY_AND_COST', 3) ON CONFLICT (tsp_cluster_contraction_certificate_id) DO UPDATE SET tsp_instance = EXCLUDED.tsp_instance, neighborhood = EXCLUDED.neighborhood, scope_kind = EXCLUDED.scope_kind, raw_internal_order_count = EXCLUDED.raw_internal_order_count, surviving_boundary_state_count = EXCLUDED.surviving_boundary_state_count, raw_combination_count = EXCLUDED.raw_combination_count, contracted_combination_count = EXCLUDED.contracted_combination_count, reduction_pct = EXCLUDED.reduction_pct, is_passing = EXCLUDED.is_passing, scope_claim = EXCLUDED.scope_claim, equivalence_relation = EXCLUDED.equivalence_relation, quotient_class_count = EXCLUDED.quotient_class_count;

INSERT INTO tsp_cluster_contraction_certificates (tsp_cluster_contraction_certificate_id, tsp_instance, neighborhood, scope_kind, raw_internal_order_count, surviving_boundary_state_count, raw_combination_count, contracted_combination_count, reduction_pct, is_passing, scope_claim, equivalence_relation, quotient_class_count)
VALUES ('contraction-gridville-east-triangle', 'tsp-twin-triangles-6', 'gridville-east-triangle', 'NEIGHBORHOOD', 6, 3, NULL, NULL, 50, TRUE, 'CERTIFIED_FOR_THREE_STOP_SYMMETRIC_CLUSTER', 'PATH_REVERSAL_WITH_FIXED_UNORDERED_BOUNDARY_AND_COST', 3) ON CONFLICT (tsp_cluster_contraction_certificate_id) DO UPDATE SET tsp_instance = EXCLUDED.tsp_instance, neighborhood = EXCLUDED.neighborhood, scope_kind = EXCLUDED.scope_kind, raw_internal_order_count = EXCLUDED.raw_internal_order_count, surviving_boundary_state_count = EXCLUDED.surviving_boundary_state_count, raw_combination_count = EXCLUDED.raw_combination_count, contracted_combination_count = EXCLUDED.contracted_combination_count, reduction_pct = EXCLUDED.reduction_pct, is_passing = EXCLUDED.is_passing, scope_claim = EXCLUDED.scope_claim, equivalence_relation = EXCLUDED.equivalence_relation, quotient_class_count = EXCLUDED.quotient_class_count;

INSERT INTO tsp_cluster_contraction_certificates (tsp_cluster_contraction_certificate_id, tsp_instance, neighborhood, scope_kind, raw_internal_order_count, surviving_boundary_state_count, raw_combination_count, contracted_combination_count, reduction_pct, is_passing, scope_claim, equivalence_relation, quotient_class_count)
VALUES ('contraction-twin-triangles-composition', 'tsp-twin-triangles-6', NULL, 'INSTANCE_COMPOSITION', 12, 6, 36, 9, 75, TRUE, 'CERTIFIED_FOR_TWO_THREE_STOP_CLUSTERS_ONLY', 'PRODUCT_OF_NEIGHBORHOOD_PATH_REVERSAL_QUOTIENTS', 9) ON CONFLICT (tsp_cluster_contraction_certificate_id) DO UPDATE SET tsp_instance = EXCLUDED.tsp_instance, neighborhood = EXCLUDED.neighborhood, scope_kind = EXCLUDED.scope_kind, raw_internal_order_count = EXCLUDED.raw_internal_order_count, surviving_boundary_state_count = EXCLUDED.surviving_boundary_state_count, raw_combination_count = EXCLUDED.raw_combination_count, contracted_combination_count = EXCLUDED.contracted_combination_count, reduction_pct = EXCLUDED.reduction_pct, is_passing = EXCLUDED.is_passing, scope_claim = EXCLUDED.scope_claim, equivalence_relation = EXCLUDED.equivalence_relation, quotient_class_count = EXCLUDED.quotient_class_count;

-- ----------------------------------------------------------------------------
-- TSPInferenceRules: Declared structural inference contracts, including soundness, completeness, runtime, memory, applicability, and certificate shape.
-- ----------------------------------------------------------------------------
INSERT INTO tsp_inference_rules (tsp_inference_rule_id, display_name, inference_layer, implementation_status, soundness, completeness, runtime_class, memory_class, applicability, certificate_type, description)
VALUES ('tsp-rule-geographic-normalization', 'City / Neighborhood / Address normalization', 'SEMANTIC_NORMALIZATION', 'EXECUTABLE', 'STRUCTURAL_BY_CONSTRUCTION', 'COMPLETE_FOR_DECLARED_FIXTURE', 'O(V)', 'O(V)', 'Every address has exactly one neighborhood and every neighborhood exactly one city.', 'normalized-spatial-hierarchy', 'Promotes city, neighborhood, and address boundaries to first-class rows instead of opaque labels.') ON CONFLICT (tsp_inference_rule_id) DO UPDATE SET display_name = EXCLUDED.display_name, inference_layer = EXCLUDED.inference_layer, implementation_status = EXCLUDED.implementation_status, soundness = EXCLUDED.soundness, completeness = EXCLUDED.completeness, runtime_class = EXCLUDED.runtime_class, memory_class = EXCLUDED.memory_class, applicability = EXCLUDED.applicability, certificate_type = EXCLUDED.certificate_type, description = EXCLUDED.description;

INSERT INTO tsp_inference_rules (tsp_inference_rule_id, display_name, inference_layer, implementation_status, soundness, completeness, runtime_class, memory_class, applicability, certificate_type, description)
VALUES ('tsp-rule-weighted-edge-normalization', 'Canonical weighted-edge normalization', 'FIRST_ORDER_INFERENCE', 'EXECUTABLE', 'SOUND_FOR_DECLARED_SYMMETRIC_GRAPH_WITH_PAIR_IDENTITY_CHECKS', 'COMPLETE_WHEN_EACH_UNORDERED_REQUIRED_STOP_PAIR_HAS_EXACTLY_ONE_ADMISSIBLE_ROW', 'O(E)', 'O(E)', 'Finite symmetric instance with explicit canonical edge rows.', 'complete-undirected-graph-check', 'Rejects self-loops and cross-instance edges and checks the expected n(n-1)/2 edge count.') ON CONFLICT (tsp_inference_rule_id) DO UPDATE SET display_name = EXCLUDED.display_name, inference_layer = EXCLUDED.inference_layer, implementation_status = EXCLUDED.implementation_status, soundness = EXCLUDED.soundness, completeness = EXCLUDED.completeness, runtime_class = EXCLUDED.runtime_class, memory_class = EXCLUDED.memory_class, applicability = EXCLUDED.applicability, certificate_type = EXCLUDED.certificate_type, description = EXCLUDED.description;

INSERT INTO tsp_inference_rules (tsp_inference_rule_id, display_name, inference_layer, implementation_status, soundness, completeness, runtime_class, memory_class, applicability, certificate_type, description)
VALUES ('tsp-rule-tour-witness-validation', 'Ordered Hamiltonian-cycle witness validation', 'CONSTRAINT_CLOSURE', 'EXECUTABLE', 'SOUND_FOR_EXPLICIT_ORDERED_TOUR_WITNESSES', 'COMPLETE_FOR_VALIDATING_A_SUPPLIED_TOUR_NOT_FOR_FINDING_OR_PROVING_OPTIMALITY', 'O(V+E_TOUR)', 'O(V+E_TOUR)', 'Candidate supplies one ordered visit list and one edge-bound leg per required stop.', 'hamiltonian-cycle-witness', 'Derives supplied-tour validity from visit uniqueness, sequence uniqueness, depot placement, edge membership, global one-in/one-out coverage, unique leg order, and route closure.') ON CONFLICT (tsp_inference_rule_id) DO UPDATE SET display_name = EXCLUDED.display_name, inference_layer = EXCLUDED.inference_layer, implementation_status = EXCLUDED.implementation_status, soundness = EXCLUDED.soundness, completeness = EXCLUDED.completeness, runtime_class = EXCLUDED.runtime_class, memory_class = EXCLUDED.memory_class, applicability = EXCLUDED.applicability, certificate_type = EXCLUDED.certificate_type, description = EXCLUDED.description;

INSERT INTO tsp_inference_rules (tsp_inference_rule_id, display_name, inference_layer, implementation_status, soundness, completeness, runtime_class, memory_class, applicability, certificate_type, description)
VALUES ('tsp-rule-degree-two-forcing', 'Degree-two forced-edge closure', 'SECOND_ORDER_INFERENCE', 'EXECUTABLE', 'SOUND_BY_HAMILTONIAN_DEGREE_TWO_REQUIREMENT', 'LOCAL_FIXED_POINT_RULE_ONLY', 'O(V+E)_PER_ROUND', 'O(V+E)', 'A stop has exactly two remaining admissible incident edges.', 'forced-edge-certificate', 'Next closure target: force both remaining edges at a degree-two stop without branching.') ON CONFLICT (tsp_inference_rule_id) DO UPDATE SET display_name = EXCLUDED.display_name, inference_layer = EXCLUDED.inference_layer, implementation_status = EXCLUDED.implementation_status, soundness = EXCLUDED.soundness, completeness = EXCLUDED.completeness, runtime_class = EXCLUDED.runtime_class, memory_class = EXCLUDED.memory_class, applicability = EXCLUDED.applicability, certificate_type = EXCLUDED.certificate_type, description = EXCLUDED.description;

INSERT INTO tsp_inference_rules (tsp_inference_rule_id, display_name, inference_layer, implementation_status, soundness, completeness, runtime_class, memory_class, applicability, certificate_type, description)
VALUES ('tsp-rule-neighborhood-boundary-state', 'Neighborhood boundary-state contraction', 'THIRD_ORDER_INFERENCE', 'EXECUTABLE_FOR_DECLARED_THREE_STOP_FIXTURE', 'SOUND_FOR_EXPLICIT_CLUSTER_HAMILTONIAN_PATH_STATES_AND_COSTS', 'FINITE_THREE_STOP_SYMMETRIC_CLUSTER_ONLY', 'O(k!)_LOCAL_ENUMERATION_AT_K_EQUALS_3', 'O(STATE_COUNT)', 'Neighborhood clusters expose a finite set of admissible boundary crossings.', 'cluster-boundary-state', 'Future city-scale kernel for contracting internally settled neighborhoods into reusable boundary states.') ON CONFLICT (tsp_inference_rule_id) DO UPDATE SET display_name = EXCLUDED.display_name, inference_layer = EXCLUDED.inference_layer, implementation_status = EXCLUDED.implementation_status, soundness = EXCLUDED.soundness, completeness = EXCLUDED.completeness, runtime_class = EXCLUDED.runtime_class, memory_class = EXCLUDED.memory_class, applicability = EXCLUDED.applicability, certificate_type = EXCLUDED.certificate_type, description = EXCLUDED.description;

INSERT INTO tsp_inference_rules (tsp_inference_rule_id, display_name, inference_layer, implementation_status, soundness, completeness, runtime_class, memory_class, applicability, certificate_type, description)
VALUES ('tsp-rule-frontier-obligation-ledger', 'Typed frontier-obligation ledger', 'SEMANTIC_NORMALIZATION', 'EXECUTABLE', 'STRUCTURAL_STATUS_ACCOUNTING', 'COMPLETE_FOR_CURRENT_DECLARED_FRONTIER', 'O(F)', 'O(F)', 'Every unresolved semantic edge is assigned one obligation kind and one explicit closure criterion.', 'frontier-ledger-certificate', 'Distinguishes external imports from internal inference, certificate, substrate, generalization, and residual-search obligations.') ON CONFLICT (tsp_inference_rule_id) DO UPDATE SET display_name = EXCLUDED.display_name, inference_layer = EXCLUDED.inference_layer, implementation_status = EXCLUDED.implementation_status, soundness = EXCLUDED.soundness, completeness = EXCLUDED.completeness, runtime_class = EXCLUDED.runtime_class, memory_class = EXCLUDED.memory_class, applicability = EXCLUDED.applicability, certificate_type = EXCLUDED.certificate_type, description = EXCLUDED.description;

INSERT INTO tsp_inference_rules (tsp_inference_rule_id, display_name, inference_layer, implementation_status, soundness, completeness, runtime_class, memory_class, applicability, certificate_type, description)
VALUES ('tsp-rule-global-cycle-coverage', 'Global cycle-transition coverage', 'CONSTRAINT_CLOSURE', 'EXECUTABLE', 'SOUND_FOR_EXPLICIT_ORDERED_TOUR_WITNESSES', 'COMPLETE_FOR_GLOBAL_COVERAGE_OF_SUPPLIED_ORDERED_CYCLE_ROWS', 'O(V+E_TOUR)', 'O(V+E_TOUR)', 'Candidate has unique ordered visits and edge-bound leg rows.', 'global-cycle-coverage-certificate', 'Requires every ordered visit to have exactly one incoming and one outgoing valid transition and every leg order to be unique.') ON CONFLICT (tsp_inference_rule_id) DO UPDATE SET display_name = EXCLUDED.display_name, inference_layer = EXCLUDED.inference_layer, implementation_status = EXCLUDED.implementation_status, soundness = EXCLUDED.soundness, completeness = EXCLUDED.completeness, runtime_class = EXCLUDED.runtime_class, memory_class = EXCLUDED.memory_class, applicability = EXCLUDED.applicability, certificate_type = EXCLUDED.certificate_type, description = EXCLUDED.description;

INSERT INTO tsp_inference_rules (tsp_inference_rule_id, display_name, inference_layer, implementation_status, soundness, completeness, runtime_class, memory_class, applicability, certificate_type, description)
VALUES ('tsp-rule-degree-two-lower-bound', 'Degree-two incident-edge lower bound', 'SECOND_ORDER_INFERENCE', 'EXECUTABLE', 'SOUND_BY_HAMILTONIAN_DEGREE_AND_DOUBLE_COUNTING', 'LOWER_BOUND_ONLY', 'O(VE)_FOR_EXPLICIT_WITNESS_ROWS', 'O(VE)', 'Finite symmetric weighted graph with two witnessed cheapest admissible incident edges at every required stop.', 'degree-two-lower-bound-certificate', 'Sums each stop''s two cheapest incident costs, then divides by two because every tour edge contributes at both endpoints.') ON CONFLICT (tsp_inference_rule_id) DO UPDATE SET display_name = EXCLUDED.display_name, inference_layer = EXCLUDED.inference_layer, implementation_status = EXCLUDED.implementation_status, soundness = EXCLUDED.soundness, completeness = EXCLUDED.completeness, runtime_class = EXCLUDED.runtime_class, memory_class = EXCLUDED.memory_class, applicability = EXCLUDED.applicability, certificate_type = EXCLUDED.certificate_type, description = EXCLUDED.description;

INSERT INTO tsp_inference_rules (tsp_inference_rule_id, display_name, inference_layer, implementation_status, soundness, completeness, runtime_class, memory_class, applicability, certificate_type, description)
VALUES ('tsp-rule-bound-equality-optimality', 'Bound-equality finite optimality', 'RIGIDITY', 'EXECUTABLE', 'SOUND_FOR_CERTIFIED_LOWER_BOUND_AND_VALID_CANDIDATE', 'SUFFICIENT_NOT_NECESSARY', 'O(1)_AFTER_CERTIFICATES', 'O(1)', 'Candidate is Hamiltonian, lower bound is certified for the same instance, and candidate cost equals the bound.', 'finite-instance-optimality-certificate', 'Closes optimality for one declared finite instance without enumerating all route classes.') ON CONFLICT (tsp_inference_rule_id) DO UPDATE SET display_name = EXCLUDED.display_name, inference_layer = EXCLUDED.inference_layer, implementation_status = EXCLUDED.implementation_status, soundness = EXCLUDED.soundness, completeness = EXCLUDED.completeness, runtime_class = EXCLUDED.runtime_class, memory_class = EXCLUDED.memory_class, applicability = EXCLUDED.applicability, certificate_type = EXCLUDED.certificate_type, description = EXCLUDED.description;

INSERT INTO tsp_inference_rules (tsp_inference_rule_id, display_name, inference_layer, implementation_status, soundness, completeness, runtime_class, memory_class, applicability, certificate_type, description)
VALUES ('tsp-rule-route-reconstruction', 'Route reconstruction from inferred edge set', 'SPECIALIZATION', 'EXECUTABLE', 'SOUND_FOR_CONNECTED_DEGREE_TWO_EDGE_SET_WITH_DETERMINISTIC_ORIENTATION', 'COMPLETE_FOR_DECLARED_FINITE_EDGE_SET', 'TARGET_O(V+E)', 'TARGET_O(V+E)', 'Inference has selected a connected degree-two edge set with no proper subtour.', 'route-reconstruction-certificate', 'Future rule: order a structurally derived cycle rather than consuming a supplied candidate route.') ON CONFLICT (tsp_inference_rule_id) DO UPDATE SET display_name = EXCLUDED.display_name, inference_layer = EXCLUDED.inference_layer, implementation_status = EXCLUDED.implementation_status, soundness = EXCLUDED.soundness, completeness = EXCLUDED.completeness, runtime_class = EXCLUDED.runtime_class, memory_class = EXCLUDED.memory_class, applicability = EXCLUDED.applicability, certificate_type = EXCLUDED.certificate_type, description = EXCLUDED.description;

INSERT INTO tsp_inference_rules (tsp_inference_rule_id, display_name, inference_layer, implementation_status, soundness, completeness, runtime_class, memory_class, applicability, certificate_type, description)
VALUES ('tsp-rule-substrate-commissioning', 'Substrate commissioning', 'EXECUTION_SUBSTRATE', 'PLANNED', 'UNASSESSED_UNTIL_LOOP_EXECUTION', 'SCOPED_TO_DECLARED_LOOP_FIXTURE', 'TO_BE_MEASURED', 'TO_BE_MEASURED', 'Run the generated Postgres projection, recreate erb_traveling_salesman, compare vw_* results with Python, and record artifact hashes; otherwise record the exact blocking substrate condition.', 'substrate-commissioning-certificate', 'Attempt generated build, database initialization, and peer conformance; blocked attempts are evidence.') ON CONFLICT (tsp_inference_rule_id) DO UPDATE SET display_name = EXCLUDED.display_name, inference_layer = EXCLUDED.inference_layer, implementation_status = EXCLUDED.implementation_status, soundness = EXCLUDED.soundness, completeness = EXCLUDED.completeness, runtime_class = EXCLUDED.runtime_class, memory_class = EXCLUDED.memory_class, applicability = EXCLUDED.applicability, certificate_type = EXCLUDED.certificate_type, description = EXCLUDED.description;

INSERT INTO tsp_inference_rules (tsp_inference_rule_id, display_name, inference_layer, implementation_status, soundness, completeness, runtime_class, memory_class, applicability, certificate_type, description)
VALUES ('tsp-rule-inference-application-spine', 'Inference application spine', 'SEMANTIC_NORMALIZATION', 'PLANNED', 'UNASSESSED_UNTIL_LOOP_EXECUTION', 'SCOPED_TO_DECLARED_LOOP_FIXTURE', 'TO_BE_MEASURED', 'TO_BE_MEASURED', 'Represent local-bound applications, antecedents, selected edge states, and support rows without upgrading selected edges to forced edges.', 'inference-application-spine-certificate', 'Make applications, antecedents, states, decisions, and supports first-class.') ON CONFLICT (tsp_inference_rule_id) DO UPDATE SET display_name = EXCLUDED.display_name, inference_layer = EXCLUDED.inference_layer, implementation_status = EXCLUDED.implementation_status, soundness = EXCLUDED.soundness, completeness = EXCLUDED.completeness, runtime_class = EXCLUDED.runtime_class, memory_class = EXCLUDED.memory_class, applicability = EXCLUDED.applicability, certificate_type = EXCLUDED.certificate_type, description = EXCLUDED.description;

INSERT INTO tsp_inference_rules (tsp_inference_rule_id, display_name, inference_layer, implementation_status, soundness, completeness, runtime_class, memory_class, applicability, certificate_type, description)
VALUES ('tsp-rule-local-bound-edge-union', 'Local-bound edge union', 'SECOND_ORDER_INFERENCE', 'PLANNED', 'UNASSESSED_UNTIL_LOOP_EXECUTION', 'SCOPED_TO_DECLARED_LOOP_FIXTURE', 'TO_BE_MEASURED', 'TO_BE_MEASURED', 'Derive exactly five unique Gridville edges from LocalDegreeBounds and support rows, without using CandidateTour, TourStop, or TourLeg as antecedents.', 'local-bound-edge-union-certificate', 'Deduplicate supported local edge selections into a derived edge set.') ON CONFLICT (tsp_inference_rule_id) DO UPDATE SET display_name = EXCLUDED.display_name, inference_layer = EXCLUDED.inference_layer, implementation_status = EXCLUDED.implementation_status, soundness = EXCLUDED.soundness, completeness = EXCLUDED.completeness, runtime_class = EXCLUDED.runtime_class, memory_class = EXCLUDED.memory_class, applicability = EXCLUDED.applicability, certificate_type = EXCLUDED.certificate_type, description = EXCLUDED.description;

INSERT INTO tsp_inference_rules (tsp_inference_rule_id, display_name, inference_layer, implementation_status, soundness, completeness, runtime_class, memory_class, applicability, certificate_type, description)
VALUES ('tsp-rule-connected-degree-two-certificate', 'Connected degree-two certificate', 'RIGIDITY', 'PLANNED', 'UNASSESSED_UNTIL_LOOP_EXECUTION', 'SCOPED_TO_DECLARED_LOOP_FIXTURE', 'TO_BE_MEASURED', 'TO_BE_MEASURED', 'Witness selected degree two at all five stops, one connected component, a four-edge spanning tree, and zero proper subtours.', 'connected-degree-two-certificate-certificate', 'Certify degree two, connectedness, spanning-tree coverage, and absence of proper subtours.') ON CONFLICT (tsp_inference_rule_id) DO UPDATE SET display_name = EXCLUDED.display_name, inference_layer = EXCLUDED.inference_layer, implementation_status = EXCLUDED.implementation_status, soundness = EXCLUDED.soundness, completeness = EXCLUDED.completeness, runtime_class = EXCLUDED.runtime_class, memory_class = EXCLUDED.memory_class, applicability = EXCLUDED.applicability, certificate_type = EXCLUDED.certificate_type, description = EXCLUDED.description;

INSERT INTO tsp_inference_rules (tsp_inference_rule_id, display_name, inference_layer, implementation_status, soundness, completeness, runtime_class, memory_class, applicability, certificate_type, description)
VALUES ('tsp-rule-derived-search-accounting', 'Derived search accounting', 'MEASUREMENT', 'PLANNED', 'UNASSESSED_UNTIL_LOOP_EXECUTION', 'SCOPED_TO_DECLARED_LOOP_FIXTURE', 'TO_BE_MEASURED', 'TO_BE_MEASURED', 'Derive 12 initial symmetry-reduced classes, one surviving reconstructed class, zero branch decisions, zero backtracks, and zero residual ambiguity for Gridville.', 'derived-search-accounting-certificate', 'Derive route-class and branch metrics from structural closure.') ON CONFLICT (tsp_inference_rule_id) DO UPDATE SET display_name = EXCLUDED.display_name, inference_layer = EXCLUDED.inference_layer, implementation_status = EXCLUDED.implementation_status, soundness = EXCLUDED.soundness, completeness = EXCLUDED.completeness, runtime_class = EXCLUDED.runtime_class, memory_class = EXCLUDED.memory_class, applicability = EXCLUDED.applicability, certificate_type = EXCLUDED.certificate_type, description = EXCLUDED.description;

INSERT INTO tsp_inference_rules (tsp_inference_rule_id, display_name, inference_layer, implementation_status, soundness, completeness, runtime_class, memory_class, applicability, certificate_type, description)
VALUES ('tsp-rule-non-tight-lower-bound-counterexample', 'Non-tight lower-bound counterexample', 'COUNTERFACTUAL', 'PLANNED', 'UNASSESSED_UNTIL_LOOP_EXECUTION', 'SCOPED_TO_DECLARED_LOOP_FIXTURE', 'TO_BE_MEASURED', 'TO_BE_MEASURED', 'Represent six stops in two cheap triangles with expensive crossings; certify lower bound 6, candidate cost 24, two selected components, and no optimality or route-reconstruction certificate.', 'non-tight-lower-bound-counterexample-certificate', 'Require sound lower bounds to remain distinct from tightness, connectedness, reconstruction, and optimality.') ON CONFLICT (tsp_inference_rule_id) DO UPDATE SET display_name = EXCLUDED.display_name, inference_layer = EXCLUDED.inference_layer, implementation_status = EXCLUDED.implementation_status, soundness = EXCLUDED.soundness, completeness = EXCLUDED.completeness, runtime_class = EXCLUDED.runtime_class, memory_class = EXCLUDED.memory_class, applicability = EXCLUDED.applicability, certificate_type = EXCLUDED.certificate_type, description = EXCLUDED.description;

INSERT INTO tsp_inference_rules (tsp_inference_rule_id, display_name, inference_layer, implementation_status, soundness, completeness, runtime_class, memory_class, applicability, certificate_type, description)
VALUES ('tsp-rule-forbidden-edge-propagation', 'Forbidden-edge propagation', 'CONSTRAINT_CLOSURE', 'EXECUTABLE', 'SOUND_FOR_DECLARED_DEGREE_AND_PROPER_SUBTOUR_PRECONDITIONS', 'LOCAL_PROPAGATION_ONLY', 'O(V+E)_PER_ROUND', 'O(V+E)', 'Forbid the sparse B-D chord by degree saturation and forbid a twin-triangle closing edge because it would close a proper subtour, with replayable reason codes.', 'forbidden-edge-propagation-certificate', 'Forbid edges by degree saturation or proper-subtour prevention.') ON CONFLICT (tsp_inference_rule_id) DO UPDATE SET display_name = EXCLUDED.display_name, inference_layer = EXCLUDED.inference_layer, implementation_status = EXCLUDED.implementation_status, soundness = EXCLUDED.soundness, completeness = EXCLUDED.completeness, runtime_class = EXCLUDED.runtime_class, memory_class = EXCLUDED.memory_class, applicability = EXCLUDED.applicability, certificate_type = EXCLUDED.certificate_type, description = EXCLUDED.description;

INSERT INTO tsp_inference_rules (tsp_inference_rule_id, display_name, inference_layer, implementation_status, soundness, completeness, runtime_class, memory_class, applicability, certificate_type, description)
VALUES ('tsp-rule-proper-subtour-forbidding', 'Proper-subtour forbidding', 'CONSTRAINT_CLOSURE', 'EXECUTABLE', 'SOUND_FOR_DECLARED_DEGREE_AND_PROPER_SUBTOUR_PRECONDITIONS', 'LOCAL_PROPAGATION_ONLY', 'O(V+E)_PER_ROUND', 'O(V+E)', 'Forbid the sparse B-D chord by degree saturation and forbid a twin-triangle closing edge because it would close a proper subtour, with replayable reason codes.', 'proper-subtour-forbidding-certificate', 'Forbid an edge when adding it would close a cycle excluding required stops.') ON CONFLICT (tsp_inference_rule_id) DO UPDATE SET display_name = EXCLUDED.display_name, inference_layer = EXCLUDED.inference_layer, implementation_status = EXCLUDED.implementation_status, soundness = EXCLUDED.soundness, completeness = EXCLUDED.completeness, runtime_class = EXCLUDED.runtime_class, memory_class = EXCLUDED.memory_class, applicability = EXCLUDED.applicability, certificate_type = EXCLUDED.certificate_type, description = EXCLUDED.description;

INSERT INTO tsp_inference_rules (tsp_inference_rule_id, display_name, inference_layer, implementation_status, soundness, completeness, runtime_class, memory_class, applicability, certificate_type, description)
VALUES ('tsp-rule-predicate-invention', 'DAG predicate invention', 'SEMANTIC_REDUCTION', 'PLANNED', 'STRUCTURAL_DEFINITION_AND_CONFORMANCE_ONLY', 'EMPIRICAL_FOR_CURRENT_DOMAIN', 'O(C+M)', 'O(C+M)', 'A recurring surface vocabulary admits explicit definitions over a smaller basis with replayable source mappings.', 'predicate-reduction-certificate', 'Invent predicates by composing witnessed DAG structure, then retain old names as projections rather than primitives.') ON CONFLICT (tsp_inference_rule_id) DO UPDATE SET display_name = EXCLUDED.display_name, inference_layer = EXCLUDED.inference_layer, implementation_status = EXCLUDED.implementation_status, soundness = EXCLUDED.soundness, completeness = EXCLUDED.completeness, runtime_class = EXCLUDED.runtime_class, memory_class = EXCLUDED.memory_class, applicability = EXCLUDED.applicability, certificate_type = EXCLUDED.certificate_type, description = EXCLUDED.description;

INSERT INTO tsp_inference_rules (tsp_inference_rule_id, display_name, inference_layer, implementation_status, soundness, completeness, runtime_class, memory_class, applicability, certificate_type, description)
VALUES ('tsp-rule-cut-parity', 'Positive even cut crossing', 'CONNECTIVITY', 'EXECUTABLE', 'SOUND_FOR_UNDIRECTED_CYCLES_AND_NONTRIVIAL_CUTS', 'LOWER_BOUND_ON_CROSSING_COUNT_ONLY', 'O(V+E)', 'O(V+E)', 'A selected structure has more than one connected component and a Hamiltonian cycle must connect both sides of a nontrivial cut.', 'cut-parity-certificate', 'Any cycle crosses a cut an even number of times; connected coverage makes the count positive, hence at least two.') ON CONFLICT (tsp_inference_rule_id) DO UPDATE SET display_name = EXCLUDED.display_name, inference_layer = EXCLUDED.inference_layer, implementation_status = EXCLUDED.implementation_status, soundness = EXCLUDED.soundness, completeness = EXCLUDED.completeness, runtime_class = EXCLUDED.runtime_class, memory_class = EXCLUDED.memory_class, applicability = EXCLUDED.applicability, certificate_type = EXCLUDED.certificate_type, description = EXCLUDED.description;

INSERT INTO tsp_inference_rules (tsp_inference_rule_id, display_name, inference_layer, implementation_status, soundness, completeness, runtime_class, memory_class, applicability, certificate_type, description)
VALUES ('tsp-rule-component-repair-bound', 'Component repair lower bound', 'LOWER_BOUND', 'EXECUTABLE', 'SOUND_FOR_WITNESSED_TWO_FACTOR_COMPONENTS_AND_EDGE_COST_MINIMA', 'SUFFICIENT_ADDITIVE_REPAIR_BOUND', 'O(E)', 'O(E)', 'A certified local two-factor is disconnected, cut parity supplies mandatory crossings, and insertion/release costs are witnessed.', 'component-repair-bound-certificate', 'Strengthen a local degree bound by the cheapest witnessed cost of repairing disconnected components into one cycle.') ON CONFLICT (tsp_inference_rule_id) DO UPDATE SET display_name = EXCLUDED.display_name, inference_layer = EXCLUDED.inference_layer, implementation_status = EXCLUDED.implementation_status, soundness = EXCLUDED.soundness, completeness = EXCLUDED.completeness, runtime_class = EXCLUDED.runtime_class, memory_class = EXCLUDED.memory_class, applicability = EXCLUDED.applicability, certificate_type = EXCLUDED.certificate_type, description = EXCLUDED.description;

INSERT INTO tsp_inference_rules (tsp_inference_rule_id, display_name, inference_layer, implementation_status, soundness, completeness, runtime_class, memory_class, applicability, certificate_type, description)
VALUES ('tsp-rule-witness-normal-form', 'Witness normal-form projection', 'SEMANTIC_REDUCTION', 'EXECUTABLE', 'SOUND_WHEN_COVERAGE_ORDER_INCIDENCE_CONNECTIVITY_COST_AND_PROVENANCE_ARE_PRESERVED', 'CURRENT_CYCLE_AND_PATH_WITNESS_FAMILIES', 'O(V+E)', 'O(V+E)', 'A supplied, reconstructed, or contracted witness exposes explicit coverage, edge count, cost, defects, and provenance.', 'witness-normal-form-certificate', 'Treat cycles and paths as one witnessed shape; supplied versus reconstructed becomes provenance rather than ontology.') ON CONFLICT (tsp_inference_rule_id) DO UPDATE SET display_name = EXCLUDED.display_name, inference_layer = EXCLUDED.inference_layer, implementation_status = EXCLUDED.implementation_status, soundness = EXCLUDED.soundness, completeness = EXCLUDED.completeness, runtime_class = EXCLUDED.runtime_class, memory_class = EXCLUDED.memory_class, applicability = EXCLUDED.applicability, certificate_type = EXCLUDED.certificate_type, description = EXCLUDED.description;

INSERT INTO tsp_inference_rules (tsp_inference_rule_id, display_name, inference_layer, implementation_status, soundness, completeness, runtime_class, memory_class, applicability, certificate_type, description)
VALUES ('tsp-rule-semantic-quotient', 'Semantic quotient contraction', 'SEMANTIC_REDUCTION', 'EXECUTABLE', 'SOUND_FOR_EXPLICIT_EQUIVALENCE_RELATION_AND_REPRESENTATIVE_COVERAGE', 'CURRENT_BOUNDARY_AND_COMPONENT_FIXTURES', 'O(S_LOG_S)', 'O(S)', 'Multiple raw witnesses preserve the same boundary signature, coverage, cost, and expansion semantics.', 'semantic-quotient-certificate', 'Collapse raw witnesses into equivalence classes while retaining expansion certificates.') ON CONFLICT (tsp_inference_rule_id) DO UPDATE SET display_name = EXCLUDED.display_name, inference_layer = EXCLUDED.inference_layer, implementation_status = EXCLUDED.implementation_status, soundness = EXCLUDED.soundness, completeness = EXCLUDED.completeness, runtime_class = EXCLUDED.runtime_class, memory_class = EXCLUDED.memory_class, applicability = EXCLUDED.applicability, certificate_type = EXCLUDED.certificate_type, description = EXCLUDED.description;

INSERT INTO tsp_inference_rules (tsp_inference_rule_id, display_name, inference_layer, implementation_status, soundness, completeness, runtime_class, memory_class, applicability, certificate_type, description)
VALUES ('tsp-rule-closure-event', 'Closure-event normalization', 'EXECUTION_GEOMETRY', 'EXECUTABLE', 'STRUCTURAL_PROJECTION_OF_EXISTING_CERTIFIED_STEPS', 'REPRESENTATIVE_CURRENT_PIPELINE', 'O(A+D)', 'O(A+D)', 'An inference step has a rule, input state, output state, antecedent count, decision count, and certificate.', 'closure-event-certificate', 'Collapse applications, rounds, supports, antecedents, and decisions into one event vocabulary.') ON CONFLICT (tsp_inference_rule_id) DO UPDATE SET display_name = EXCLUDED.display_name, inference_layer = EXCLUDED.inference_layer, implementation_status = EXCLUDED.implementation_status, soundness = EXCLUDED.soundness, completeness = EXCLUDED.completeness, runtime_class = EXCLUDED.runtime_class, memory_class = EXCLUDED.memory_class, applicability = EXCLUDED.applicability, certificate_type = EXCLUDED.certificate_type, description = EXCLUDED.description;

-- ----------------------------------------------------------------------------
-- TSPFrontierObligations: Typed ledger of open and closed semantic frontier obligations. Imported dependencies are used only when an external provider conclusion is actually consumed.
-- ----------------------------------------------------------------------------
INSERT INTO tsp_frontier_obligations (tsp_frontier_obligation_id, display_name, obligation_kind, status, inference_rule, opened_by_loop, closed_by_loop, trust_disposition, closure_criterion, certificate_type)
VALUES ('frontier-global-cycle-coverage', 'Global transition coverage', 'INFERENCE_OBLIGATION', 'CLOSED', 'tsp-rule-global-cycle-coverage', 'tsp-loop-580', 'tsp-loop-583', 'INTERNALIZED_FROM_ORDERED_CYCLE_DEFINITION', 'Every visit has exactly one incoming and one outgoing valid transition; adversarial duplicated-transition witness is rejected.', 'global-cycle-coverage-certificate') ON CONFLICT (tsp_frontier_obligation_id) DO UPDATE SET display_name = EXCLUDED.display_name, obligation_kind = EXCLUDED.obligation_kind, status = EXCLUDED.status, inference_rule = EXCLUDED.inference_rule, opened_by_loop = EXCLUDED.opened_by_loop, closed_by_loop = EXCLUDED.closed_by_loop, trust_disposition = EXCLUDED.trust_disposition, closure_criterion = EXCLUDED.closure_criterion, certificate_type = EXCLUDED.certificate_type;

INSERT INTO tsp_frontier_obligations (tsp_frontier_obligation_id, display_name, obligation_kind, status, inference_rule, opened_by_loop, closed_by_loop, trust_disposition, closure_criterion, certificate_type)
VALUES ('frontier-canonical-edge-pairs', 'Canonical unordered edge-pair completeness', 'INFERENCE_OBLIGATION', 'CLOSED', 'tsp-rule-weighted-edge-normalization', 'tsp-loop-578', 'tsp-loop-584', 'INTERNALIZED_FROM_PAIR_IDENTITY_AND_MULTIPLICITY', 'Expected edge count, pair-key correctness, pair uniqueness, endpoint order, and negative duplicate-pair fixture all agree.', 'complete-undirected-graph-certificate') ON CONFLICT (tsp_frontier_obligation_id) DO UPDATE SET display_name = EXCLUDED.display_name, obligation_kind = EXCLUDED.obligation_kind, status = EXCLUDED.status, inference_rule = EXCLUDED.inference_rule, opened_by_loop = EXCLUDED.opened_by_loop, closed_by_loop = EXCLUDED.closed_by_loop, trust_disposition = EXCLUDED.trust_disposition, closure_criterion = EXCLUDED.closure_criterion, certificate_type = EXCLUDED.certificate_type;

INSERT INTO tsp_frontier_obligations (tsp_frontier_obligation_id, display_name, obligation_kind, status, inference_rule, opened_by_loop, closed_by_loop, trust_disposition, closure_criterion, certificate_type)
VALUES ('frontier-postgres-commissioning', 'Live Postgres build and conformance', 'SUBSTRATE_OBLIGATION', 'CLOSED', NULL, 'tsp-loop-580', 'tsp-loop-587', 'CLOSED_BY_PINNED_CLI_GENERATION_LIVE_DATABASE_AND_PEER_CONFORMANCE', 'effortless build, database recreation, and all vw_* versus Python conformance checks pass with recorded artifact hashes.', 'substrate-conformance-certificate') ON CONFLICT (tsp_frontier_obligation_id) DO UPDATE SET display_name = EXCLUDED.display_name, obligation_kind = EXCLUDED.obligation_kind, status = EXCLUDED.status, inference_rule = EXCLUDED.inference_rule, opened_by_loop = EXCLUDED.opened_by_loop, closed_by_loop = EXCLUDED.closed_by_loop, trust_disposition = EXCLUDED.trust_disposition, closure_criterion = EXCLUDED.closure_criterion, certificate_type = EXCLUDED.certificate_type;

INSERT INTO tsp_frontier_obligations (tsp_frontier_obligation_id, display_name, obligation_kind, status, inference_rule, opened_by_loop, closed_by_loop, trust_disposition, closure_criterion, certificate_type)
VALUES ('frontier-degree-two-lower-bound', 'Degree-two local-to-global lower bound', 'INFERENCE_OBLIGATION', 'CLOSED', 'tsp-rule-degree-two-lower-bound', 'tsp-loop-581', 'tsp-loop-585', 'INTERNALIZED_FROM_HAMILTONIAN_DEGREE_AND_DOUBLE_COUNTING', 'Two cheapest incident edges are witnessed at every required stop and half their summed cost is emitted as a certified instance lower bound.', 'degree-two-lower-bound-certificate') ON CONFLICT (tsp_frontier_obligation_id) DO UPDATE SET display_name = EXCLUDED.display_name, obligation_kind = EXCLUDED.obligation_kind, status = EXCLUDED.status, inference_rule = EXCLUDED.inference_rule, opened_by_loop = EXCLUDED.opened_by_loop, closed_by_loop = EXCLUDED.closed_by_loop, trust_disposition = EXCLUDED.trust_disposition, closure_criterion = EXCLUDED.closure_criterion, certificate_type = EXCLUDED.certificate_type;

INSERT INTO tsp_frontier_obligations (tsp_frontier_obligation_id, display_name, obligation_kind, status, inference_rule, opened_by_loop, closed_by_loop, trust_disposition, closure_criterion, certificate_type)
VALUES ('frontier-gridville-optimality', 'Gridville finite-instance optimality', 'CERTIFICATE_OBLIGATION', 'CLOSED', 'tsp-rule-bound-equality-optimality', 'tsp-loop-580', 'tsp-loop-586', 'CLOSED_BY_BOUND_EQUALITY', 'A valid candidate cost equals a certified lower bound for the same finite instance.', 'finite-instance-optimality-certificate') ON CONFLICT (tsp_frontier_obligation_id) DO UPDATE SET display_name = EXCLUDED.display_name, obligation_kind = EXCLUDED.obligation_kind, status = EXCLUDED.status, inference_rule = EXCLUDED.inference_rule, opened_by_loop = EXCLUDED.opened_by_loop, closed_by_loop = EXCLUDED.closed_by_loop, trust_disposition = EXCLUDED.trust_disposition, closure_criterion = EXCLUDED.closure_criterion, certificate_type = EXCLUDED.certificate_type;

INSERT INTO tsp_frontier_obligations (tsp_frontier_obligation_id, display_name, obligation_kind, status, inference_rule, opened_by_loop, closed_by_loop, trust_disposition, closure_criterion, certificate_type)
VALUES ('frontier-route-reconstruction', 'Route reconstruction from forced structural edges', 'CERTIFICATE_OBLIGATION', 'CLOSED', 'tsp-rule-route-reconstruction', 'tsp-loop-586', 'tsp-loop-591', 'CLOSED_BY_ORDERED_PROJECTION_FROM_CONNECTED_DEGREE_TWO_EDGE_SET', 'Derive the cycle edge set from inference rows, prove one connected component with no proper subtour, then project ordered tour rows.', 'route-reconstruction-certificate') ON CONFLICT (tsp_frontier_obligation_id) DO UPDATE SET display_name = EXCLUDED.display_name, obligation_kind = EXCLUDED.obligation_kind, status = EXCLUDED.status, inference_rule = EXCLUDED.inference_rule, opened_by_loop = EXCLUDED.opened_by_loop, closed_by_loop = EXCLUDED.closed_by_loop, trust_disposition = EXCLUDED.trust_disposition, closure_criterion = EXCLUDED.closure_criterion, certificate_type = EXCLUDED.certificate_type;

INSERT INTO tsp_frontier_obligations (tsp_frontier_obligation_id, display_name, obligation_kind, status, inference_rule, opened_by_loop, closed_by_loop, trust_disposition, closure_criterion, certificate_type)
VALUES ('frontier-neighborhood-contraction', 'Neighborhood boundary-state contraction', 'GENERALIZATION_OBLIGATION', 'OPEN', 'tsp-rule-neighborhood-boundary-state', 'tsp-loop-577', NULL, 'V0_FINITE_FIXTURE_CLOSED_GENERAL_CLUSTER_FAMILY_OPEN', 'Generalize boundary-state coverage, dominance, and expansion soundness beyond three-stop symmetric clusters.', 'cluster-boundary-state-certificate') ON CONFLICT (tsp_frontier_obligation_id) DO UPDATE SET display_name = EXCLUDED.display_name, obligation_kind = EXCLUDED.obligation_kind, status = EXCLUDED.status, inference_rule = EXCLUDED.inference_rule, opened_by_loop = EXCLUDED.opened_by_loop, closed_by_loop = EXCLUDED.closed_by_loop, trust_disposition = EXCLUDED.trust_disposition, closure_criterion = EXCLUDED.closure_criterion, certificate_type = EXCLUDED.certificate_type;

INSERT INTO tsp_frontier_obligations (tsp_frontier_obligation_id, display_name, obligation_kind, status, inference_rule, opened_by_loop, closed_by_loop, trust_disposition, closure_criterion, certificate_type)
VALUES ('frontier-residual-route-discovery-search', 'Residual route-discovery ambiguity', 'RESIDUAL_SEARCH', 'OPEN', 'tsp-rule-degree-two-forcing', 'tsp-loop-581', NULL, 'SEARCH_ONLY_AFTER_CONSTRAINT_CLOSURE', 'All represented deterministic inference reaches closure; any remaining route classes are explicitly branched with replayable branch certificates.', 'residual-search-certificate') ON CONFLICT (tsp_frontier_obligation_id) DO UPDATE SET display_name = EXCLUDED.display_name, obligation_kind = EXCLUDED.obligation_kind, status = EXCLUDED.status, inference_rule = EXCLUDED.inference_rule, opened_by_loop = EXCLUDED.opened_by_loop, closed_by_loop = EXCLUDED.closed_by_loop, trust_disposition = EXCLUDED.trust_disposition, closure_criterion = EXCLUDED.closure_criterion, certificate_type = EXCLUDED.certificate_type;

INSERT INTO tsp_frontier_obligations (tsp_frontier_obligation_id, display_name, obligation_kind, status, inference_rule, opened_by_loop, closed_by_loop, trust_disposition, closure_criterion, certificate_type)
VALUES ('frontier-inference-application-spine', 'First-class inference application spine', 'INFERENCE_OBLIGATION', 'CLOSED', 'tsp-rule-inference-application-spine', 'tsp-loop-586', 'tsp-loop-588', 'CLOSED_BY_FIRST_CLASS_APPLICATION_ANTECEDENT_STATE_AND_SUPPORT_ROWS', 'Represent local-bound applications, antecedents, selected edge states, and support rows without upgrading selected edges to forced edges.', 'inference-application-spine-certificate') ON CONFLICT (tsp_frontier_obligation_id) DO UPDATE SET display_name = EXCLUDED.display_name, obligation_kind = EXCLUDED.obligation_kind, status = EXCLUDED.status, inference_rule = EXCLUDED.inference_rule, opened_by_loop = EXCLUDED.opened_by_loop, closed_by_loop = EXCLUDED.closed_by_loop, trust_disposition = EXCLUDED.trust_disposition, closure_criterion = EXCLUDED.closure_criterion, certificate_type = EXCLUDED.certificate_type;

INSERT INTO tsp_frontier_obligations (tsp_frontier_obligation_id, display_name, obligation_kind, status, inference_rule, opened_by_loop, closed_by_loop, trust_disposition, closure_criterion, certificate_type)
VALUES ('frontier-gridville-inferred-edge-set', 'Gridville inferred edge set', 'CERTIFICATE_OBLIGATION', 'CLOSED', 'tsp-rule-local-bound-edge-union', 'tsp-loop-586', 'tsp-loop-589', 'CLOSED_BY_DEDUPLICATED_LOCAL_BOUND_SUPPORT_UNION', 'Derive exactly five unique Gridville edges from LocalDegreeBounds and support rows, without using CandidateTour, TourStop, or TourLeg as antecedents.', 'derived-edge-set-certificate') ON CONFLICT (tsp_frontier_obligation_id) DO UPDATE SET display_name = EXCLUDED.display_name, obligation_kind = EXCLUDED.obligation_kind, status = EXCLUDED.status, inference_rule = EXCLUDED.inference_rule, opened_by_loop = EXCLUDED.opened_by_loop, closed_by_loop = EXCLUDED.closed_by_loop, trust_disposition = EXCLUDED.trust_disposition, closure_criterion = EXCLUDED.closure_criterion, certificate_type = EXCLUDED.certificate_type;

INSERT INTO tsp_frontier_obligations (tsp_frontier_obligation_id, display_name, obligation_kind, status, inference_rule, opened_by_loop, closed_by_loop, trust_disposition, closure_criterion, certificate_type)
VALUES ('frontier-gridville-connected-degree-two', 'Gridville connected degree-two geometry', 'CERTIFICATE_OBLIGATION', 'CLOSED', 'tsp-rule-connected-degree-two-certificate', 'tsp-loop-586', 'tsp-loop-590', 'CLOSED_BY_DEGREE_COMPONENT_SPANNING_TREE_AND_SUBTOUR_CERTIFICATES', 'Witness selected degree two at all five stops, one connected component, a four-edge spanning tree, and zero proper subtours.', 'connected-degree-two-certificate') ON CONFLICT (tsp_frontier_obligation_id) DO UPDATE SET display_name = EXCLUDED.display_name, obligation_kind = EXCLUDED.obligation_kind, status = EXCLUDED.status, inference_rule = EXCLUDED.inference_rule, opened_by_loop = EXCLUDED.opened_by_loop, closed_by_loop = EXCLUDED.closed_by_loop, trust_disposition = EXCLUDED.trust_disposition, closure_criterion = EXCLUDED.closure_criterion, certificate_type = EXCLUDED.certificate_type;

INSERT INTO tsp_frontier_obligations (tsp_frontier_obligation_id, display_name, obligation_kind, status, inference_rule, opened_by_loop, closed_by_loop, trust_disposition, closure_criterion, certificate_type)
VALUES ('frontier-gridville-route-discovery', 'Gridville route discovery without branching', 'RESIDUAL_SEARCH', 'CLOSED', 'tsp-rule-derived-search-accounting', 'tsp-loop-586', 'tsp-loop-592', 'CLOSED_FOR_GRIDVILLE_BY_RECONSTRUCTION_WITH_ZERO_BRANCH_DECISIONS', 'Derive 12 initial symmetry-reduced classes, one surviving reconstructed class, zero branch decisions, zero backtracks, and zero residual ambiguity for Gridville.', 'search-elimination-certificate') ON CONFLICT (tsp_frontier_obligation_id) DO UPDATE SET display_name = EXCLUDED.display_name, obligation_kind = EXCLUDED.obligation_kind, status = EXCLUDED.status, inference_rule = EXCLUDED.inference_rule, opened_by_loop = EXCLUDED.opened_by_loop, closed_by_loop = EXCLUDED.closed_by_loop, trust_disposition = EXCLUDED.trust_disposition, closure_criterion = EXCLUDED.closure_criterion, certificate_type = EXCLUDED.certificate_type;

INSERT INTO tsp_frontier_obligations (tsp_frontier_obligation_id, display_name, obligation_kind, status, inference_rule, opened_by_loop, closed_by_loop, trust_disposition, closure_criterion, certificate_type)
VALUES ('frontier-non-tight-lower-bound-fixture', 'Non-tight lower-bound fixture', 'GENERALIZATION_OBLIGATION', 'CLOSED', 'tsp-rule-non-tight-lower-bound-counterexample', 'tsp-loop-586', 'tsp-loop-593', 'CLOSED_BY_DISCONNECTED_TWIN_TRIANGLE_COUNTEREXAMPLE', 'Represent six stops in two cheap triangles with expensive crossings; certify lower bound 6, candidate cost 24, two selected components, and no optimality or route-reconstruction certificate.', 'non-tight-bound-counterexample') ON CONFLICT (tsp_frontier_obligation_id) DO UPDATE SET display_name = EXCLUDED.display_name, obligation_kind = EXCLUDED.obligation_kind, status = EXCLUDED.status, inference_rule = EXCLUDED.inference_rule, opened_by_loop = EXCLUDED.opened_by_loop, closed_by_loop = EXCLUDED.closed_by_loop, trust_disposition = EXCLUDED.trust_disposition, closure_criterion = EXCLUDED.closure_criterion, certificate_type = EXCLUDED.certificate_type;

INSERT INTO tsp_frontier_obligations (tsp_frontier_obligation_id, display_name, obligation_kind, status, inference_rule, opened_by_loop, closed_by_loop, trust_disposition, closure_criterion, certificate_type)
VALUES ('frontier-degree-two-forcing', 'Executable degree-two forcing', 'INFERENCE_OBLIGATION', 'CLOSED', 'tsp-rule-degree-two-forcing', 'tsp-loop-581', 'tsp-loop-594', 'CLOSED_BY_SPARSE_FIXTURE_FORCED_EDGE_CERTIFICATES', 'On a sparse five-stop fixture, stops with exactly two available incident edges force the five cycle edges with zero branching.', 'forced-edge-certificate') ON CONFLICT (tsp_frontier_obligation_id) DO UPDATE SET display_name = EXCLUDED.display_name, obligation_kind = EXCLUDED.obligation_kind, status = EXCLUDED.status, inference_rule = EXCLUDED.inference_rule, opened_by_loop = EXCLUDED.opened_by_loop, closed_by_loop = EXCLUDED.closed_by_loop, trust_disposition = EXCLUDED.trust_disposition, closure_criterion = EXCLUDED.closure_criterion, certificate_type = EXCLUDED.certificate_type;

INSERT INTO tsp_frontier_obligations (tsp_frontier_obligation_id, display_name, obligation_kind, status, inference_rule, opened_by_loop, closed_by_loop, trust_disposition, closure_criterion, certificate_type)
VALUES ('frontier-forbidden-edge-propagation', 'Forbidden-edge propagation', 'INFERENCE_OBLIGATION', 'CLOSED', 'tsp-rule-forbidden-edge-propagation', 'tsp-loop-594', 'tsp-loop-595', 'CLOSED_BY_REASON_CODED_DEGREE_SATURATION_AND_SUBTOUR_DECISIONS', 'Forbid the sparse B-D chord by degree saturation and forbid a twin-triangle closing edge because it would close a proper subtour, with replayable reason codes.', 'forbidden-edge-certificate') ON CONFLICT (tsp_frontier_obligation_id) DO UPDATE SET display_name = EXCLUDED.display_name, obligation_kind = EXCLUDED.obligation_kind, status = EXCLUDED.status, inference_rule = EXCLUDED.inference_rule, opened_by_loop = EXCLUDED.opened_by_loop, closed_by_loop = EXCLUDED.closed_by_loop, trust_disposition = EXCLUDED.trust_disposition, closure_criterion = EXCLUDED.closure_criterion, certificate_type = EXCLUDED.certificate_type;

INSERT INTO tsp_frontier_obligations (tsp_frontier_obligation_id, display_name, obligation_kind, status, inference_rule, opened_by_loop, closed_by_loop, trust_disposition, closure_criterion, certificate_type)
VALUES ('frontier-neighborhood-contraction-v0', 'Twin-triangle neighborhood contraction v0', 'CERTIFICATE_OBLIGATION', 'CLOSED', 'tsp-rule-neighborhood-boundary-state', 'tsp-loop-593', 'tsp-loop-596', 'CLOSED_FOR_TWIN_TRIANGLE_FIXTURE_BY_BOUNDARY_STATE_CERTIFICATES', 'For each three-stop twin-triangle neighborhood, derive three undirected entry/exit Hamiltonian-path states, reduce six internal orders to three states, and reduce 36 paired internal orders to nine paired boundary-state combinations.', 'cluster-boundary-state-certificate') ON CONFLICT (tsp_frontier_obligation_id) DO UPDATE SET display_name = EXCLUDED.display_name, obligation_kind = EXCLUDED.obligation_kind, status = EXCLUDED.status, inference_rule = EXCLUDED.inference_rule, opened_by_loop = EXCLUDED.opened_by_loop, closed_by_loop = EXCLUDED.closed_by_loop, trust_disposition = EXCLUDED.trust_disposition, closure_criterion = EXCLUDED.closure_criterion, certificate_type = EXCLUDED.certificate_type;

INSERT INTO tsp_frontier_obligations (tsp_frontier_obligation_id, display_name, obligation_kind, status, inference_rule, opened_by_loop, closed_by_loop, trust_disposition, closure_criterion, certificate_type)
VALUES ('frontier-predicate-basis', 'Eight-predicate semantic basis', 'INFERENCE_OBLIGATION', 'CLOSED', 'tsp-rule-predicate-invention', 'tsp-loop-597', 'tsp-loop-598', 'INTERNALIZED_FOR_DECLARED_FINITE_SCOPE', 'Every baseline surface predicate has a finite expression over exactly eight canonical primitives.', 'predicate-basis-certificate') ON CONFLICT (tsp_frontier_obligation_id) DO UPDATE SET display_name = EXCLUDED.display_name, obligation_kind = EXCLUDED.obligation_kind, status = EXCLUDED.status, inference_rule = EXCLUDED.inference_rule, opened_by_loop = EXCLUDED.opened_by_loop, closed_by_loop = EXCLUDED.closed_by_loop, trust_disposition = EXCLUDED.trust_disposition, closure_criterion = EXCLUDED.closure_criterion, certificate_type = EXCLUDED.certificate_type;

INSERT INTO tsp_frontier_obligations (tsp_frontier_obligation_id, display_name, obligation_kind, status, inference_rule, opened_by_loop, closed_by_loop, trust_disposition, closure_criterion, certificate_type)
VALUES ('frontier-twin-component-repair', 'Twin component repair lower bound', 'INFERENCE_OBLIGATION', 'CLOSED', 'tsp-rule-component-repair-bound', 'tsp-loop-593', 'tsp-loop-603', 'INTERNALIZED_FOR_DECLARED_FINITE_SCOPE', 'Base six plus mandatory crossing insertion twenty minus internal release two equals certified lower bound twenty-four.', 'component-repair-bound-certificate') ON CONFLICT (tsp_frontier_obligation_id) DO UPDATE SET display_name = EXCLUDED.display_name, obligation_kind = EXCLUDED.obligation_kind, status = EXCLUDED.status, inference_rule = EXCLUDED.inference_rule, opened_by_loop = EXCLUDED.opened_by_loop, closed_by_loop = EXCLUDED.closed_by_loop, trust_disposition = EXCLUDED.trust_disposition, closure_criterion = EXCLUDED.closure_criterion, certificate_type = EXCLUDED.certificate_type;

INSERT INTO tsp_frontier_obligations (tsp_frontier_obligation_id, display_name, obligation_kind, status, inference_rule, opened_by_loop, closed_by_loop, trust_disposition, closure_criterion, certificate_type)
VALUES ('frontier-twin-optimality', 'Twin-triangle finite optimality', 'INFERENCE_OBLIGATION', 'CLOSED', 'tsp-rule-bound-equality-optimality', 'tsp-loop-593', 'tsp-loop-604', 'INTERNALIZED_FOR_DECLARED_FINITE_SCOPE', 'A valid cost-twenty-four cycle equals the certified component-repair lower bound twenty-four.', 'finite-instance-optimality-certificate') ON CONFLICT (tsp_frontier_obligation_id) DO UPDATE SET display_name = EXCLUDED.display_name, obligation_kind = EXCLUDED.obligation_kind, status = EXCLUDED.status, inference_rule = EXCLUDED.inference_rule, opened_by_loop = EXCLUDED.opened_by_loop, closed_by_loop = EXCLUDED.closed_by_loop, trust_disposition = EXCLUDED.trust_disposition, closure_criterion = EXCLUDED.closure_criterion, certificate_type = EXCLUDED.certificate_type;

INSERT INTO tsp_frontier_obligations (tsp_frontier_obligation_id, display_name, obligation_kind, status, inference_rule, opened_by_loop, closed_by_loop, trust_disposition, closure_criterion, certificate_type)
VALUES ('frontier-witness-normal-form', 'Cycle witness normal form', 'INFERENCE_OBLIGATION', 'CLOSED', 'tsp-rule-witness-normal-form', 'tsp-loop-579', 'tsp-loop-605', 'INTERNALIZED_FOR_DECLARED_FINITE_SCOPE', 'Supplied and reconstructed valid cycles project to one semantic shape while retaining distinct provenance.', 'witness-normal-form-certificate') ON CONFLICT (tsp_frontier_obligation_id) DO UPDATE SET display_name = EXCLUDED.display_name, obligation_kind = EXCLUDED.obligation_kind, status = EXCLUDED.status, inference_rule = EXCLUDED.inference_rule, opened_by_loop = EXCLUDED.opened_by_loop, closed_by_loop = EXCLUDED.closed_by_loop, trust_disposition = EXCLUDED.trust_disposition, closure_criterion = EXCLUDED.closure_criterion, certificate_type = EXCLUDED.certificate_type;

INSERT INTO tsp_frontier_obligations (tsp_frontier_obligation_id, display_name, obligation_kind, status, inference_rule, opened_by_loop, closed_by_loop, trust_disposition, closure_criterion, certificate_type)
VALUES ('frontier-component-quotient', 'Neighborhood/component quotient interface', 'INFERENCE_OBLIGATION', 'CLOSED', 'tsp-rule-semantic-quotient', 'tsp-loop-596', 'tsp-loop-608', 'INTERNALIZED_FOR_DECLARED_FINITE_SCOPE', 'Both twin components are represented as boundary-degree-two quotient nodes with expansion witnesses.', 'component-quotient-certificate') ON CONFLICT (tsp_frontier_obligation_id) DO UPDATE SET display_name = EXCLUDED.display_name, obligation_kind = EXCLUDED.obligation_kind, status = EXCLUDED.status, inference_rule = EXCLUDED.inference_rule, opened_by_loop = EXCLUDED.opened_by_loop, closed_by_loop = EXCLUDED.closed_by_loop, trust_disposition = EXCLUDED.trust_disposition, closure_criterion = EXCLUDED.closure_criterion, certificate_type = EXCLUDED.certificate_type;

INSERT INTO tsp_frontier_obligations (tsp_frontier_obligation_id, display_name, obligation_kind, status, inference_rule, opened_by_loop, closed_by_loop, trust_disposition, closure_criterion, certificate_type)
VALUES ('frontier-closure-event-normalization', 'Closure-event execution normal form', 'INFERENCE_OBLIGATION', 'CLOSED', 'tsp-rule-closure-event', 'tsp-loop-588', 'tsp-loop-609', 'INTERNALIZED_FOR_DECLARED_FINITE_SCOPE', 'Representative inference and constraint steps project to one event schema without losing provenance.', 'closure-event-certificate') ON CONFLICT (tsp_frontier_obligation_id) DO UPDATE SET display_name = EXCLUDED.display_name, obligation_kind = EXCLUDED.obligation_kind, status = EXCLUDED.status, inference_rule = EXCLUDED.inference_rule, opened_by_loop = EXCLUDED.opened_by_loop, closed_by_loop = EXCLUDED.closed_by_loop, trust_disposition = EXCLUDED.trust_disposition, closure_criterion = EXCLUDED.closure_criterion, certificate_type = EXCLUDED.certificate_type;

INSERT INTO tsp_frontier_obligations (tsp_frontier_obligation_id, display_name, obligation_kind, status, inference_rule, opened_by_loop, closed_by_loop, trust_disposition, closure_criterion, certificate_type)
VALUES ('frontier-convergence-event', 'Predicate convergence measurement', 'INFERENCE_OBLIGATION', 'CLOSED', 'tsp-rule-predicate-invention', 'tsp-loop-597', 'tsp-loop-610', 'INTERNALIZED_FOR_DECLARED_FINITE_SCOPE', 'The basis remains eight while fourteen useful derived terms are coined and all baseline surface predicates retain explicit definitions.', 'convergence-event-certificate') ON CONFLICT (tsp_frontier_obligation_id) DO UPDATE SET display_name = EXCLUDED.display_name, obligation_kind = EXCLUDED.obligation_kind, status = EXCLUDED.status, inference_rule = EXCLUDED.inference_rule, opened_by_loop = EXCLUDED.opened_by_loop, closed_by_loop = EXCLUDED.closed_by_loop, trust_disposition = EXCLUDED.trust_disposition, closure_criterion = EXCLUDED.closure_criterion, certificate_type = EXCLUDED.certificate_type;

-- ----------------------------------------------------------------------------
-- TSPLoops: Named semantic loops that establish the initial Traveling Salesman architecture.
-- ----------------------------------------------------------------------------
INSERT INTO tsp_loops (tsp_loop_id, loop_order, display_name, status, primary_inference_rule, new_concept, witness_summary, next_frontier, planned_closure_criterion, before_state, after_state, completion_disposition)
VALUES ('tsp-loop-577', 577, 'Spatial hierarchy', 'CLOSED', 'tsp-rule-geographic-normalization', 'City -> Neighborhood -> Address', 'One city, three neighborhoods, and five addresses form an acyclic spatial hierarchy.', 'Select addresses into a finite optimization instance.', NULL, NULL, NULL, NULL) ON CONFLICT (tsp_loop_id) DO UPDATE SET loop_order = EXCLUDED.loop_order, display_name = EXCLUDED.display_name, status = EXCLUDED.status, primary_inference_rule = EXCLUDED.primary_inference_rule, new_concept = EXCLUDED.new_concept, witness_summary = EXCLUDED.witness_summary, next_frontier = EXCLUDED.next_frontier, planned_closure_criterion = EXCLUDED.planned_closure_criterion, before_state = EXCLUDED.before_state, after_state = EXCLUDED.after_state, completion_disposition = EXCLUDED.completion_disposition;

INSERT INTO tsp_loops (tsp_loop_id, loop_order, display_name, status, primary_inference_rule, new_concept, witness_summary, next_frontier, planned_closure_criterion, before_state, after_state, completion_disposition)
VALUES ('tsp-loop-578', 578, 'Weighted graph normalization', 'CLOSED', 'tsp-rule-weighted-edge-normalization', 'TSP instance, instance stops, and canonical undirected edges', 'Five required stops and ten canonical edges satisfy n(n-1)/2 for a complete symmetric graph.', 'Represent a route as an auditable ordered witness.', NULL, NULL, NULL, NULL) ON CONFLICT (tsp_loop_id) DO UPDATE SET loop_order = EXCLUDED.loop_order, display_name = EXCLUDED.display_name, status = EXCLUDED.status, primary_inference_rule = EXCLUDED.primary_inference_rule, new_concept = EXCLUDED.new_concept, witness_summary = EXCLUDED.witness_summary, next_frontier = EXCLUDED.next_frontier, planned_closure_criterion = EXCLUDED.planned_closure_criterion, before_state = EXCLUDED.before_state, after_state = EXCLUDED.after_state, completion_disposition = EXCLUDED.completion_disposition;

INSERT INTO tsp_loops (tsp_loop_id, loop_order, display_name, status, primary_inference_rule, new_concept, witness_summary, next_frontier, planned_closure_criterion, before_state, after_state, completion_disposition)
VALUES ('tsp-loop-579', 579, 'Ordered route witness', 'CLOSED', 'tsp-rule-tour-witness-validation', 'Candidate tour, ordered stops, and edge-bound legs', 'The route A-B-C-D-E-A is represented entirely by rows and relationships.', 'Derive route validity and reject a structurally deceptive counterexample.', NULL, NULL, NULL, NULL) ON CONFLICT (tsp_loop_id) DO UPDATE SET loop_order = EXCLUDED.loop_order, display_name = EXCLUDED.display_name, status = EXCLUDED.status, primary_inference_rule = EXCLUDED.primary_inference_rule, new_concept = EXCLUDED.new_concept, witness_summary = EXCLUDED.witness_summary, next_frontier = EXCLUDED.next_frontier, planned_closure_criterion = EXCLUDED.planned_closure_criterion, before_state = EXCLUDED.before_state, after_state = EXCLUDED.after_state, completion_disposition = EXCLUDED.completion_disposition;

INSERT INTO tsp_loops (tsp_loop_id, loop_order, display_name, status, primary_inference_rule, new_concept, witness_summary, next_frontier, planned_closure_criterion, before_state, after_state, completion_disposition)
VALUES ('tsp-loop-580', 580, 'Postgres tour certificate', 'CLOSED', 'tsp-rule-tour-witness-validation', 'Derived Hamiltonian-cycle validity with explicit optimality boundary', 'The reference route validates; A-B-C-B-E-A is rejected for duplicate visitation; both retain IsOptimalityProved=false.', 'Measure how much search remains before adding inference closure.', NULL, NULL, NULL, NULL) ON CONFLICT (tsp_loop_id) DO UPDATE SET loop_order = EXCLUDED.loop_order, display_name = EXCLUDED.display_name, status = EXCLUDED.status, primary_inference_rule = EXCLUDED.primary_inference_rule, new_concept = EXCLUDED.new_concept, witness_summary = EXCLUDED.witness_summary, next_frontier = EXCLUDED.next_frontier, planned_closure_criterion = EXCLUDED.planned_closure_criterion, before_state = EXCLUDED.before_state, after_state = EXCLUDED.after_state, completion_disposition = EXCLUDED.completion_disposition;

INSERT INTO tsp_loops (tsp_loop_id, loop_order, display_name, status, primary_inference_rule, new_concept, witness_summary, next_frontier, planned_closure_criterion, before_state, after_state, completion_disposition)
VALUES ('tsp-loop-581', 581, 'Search baseline', 'CLOSED', 'tsp-rule-degree-two-forcing', 'Search-elimination metrics', 'For five stops with depot and reversal symmetry fixed, twelve route classes remain and zero have yet been eliminated.', 'Implement degree-two forced-edge closure and compare BranchCountAfter against twelve.', NULL, NULL, NULL, NULL) ON CONFLICT (tsp_loop_id) DO UPDATE SET loop_order = EXCLUDED.loop_order, display_name = EXCLUDED.display_name, status = EXCLUDED.status, primary_inference_rule = EXCLUDED.primary_inference_rule, new_concept = EXCLUDED.new_concept, witness_summary = EXCLUDED.witness_summary, next_frontier = EXCLUDED.next_frontier, planned_closure_criterion = EXCLUDED.planned_closure_criterion, before_state = EXCLUDED.before_state, after_state = EXCLUDED.after_state, completion_disposition = EXCLUDED.completion_disposition;

INSERT INTO tsp_loops (tsp_loop_id, loop_order, display_name, status, primary_inference_rule, new_concept, witness_summary, next_frontier, planned_closure_criterion, before_state, after_state, completion_disposition)
VALUES ('tsp-loop-582', 582, 'Frontier obligation vocabulary', 'CLOSED', 'tsp-rule-frontier-obligation-ledger', 'Typed frontier obligations distinct from imported dependencies and residual search', 'Eight current frontier rows classify internal inference, certificates, substrate commissioning, generalization, and residual search; active imported dependencies remain zero.', 'Harden supplied-cycle validity from local leg checks to global transition coverage.', NULL, NULL, NULL, NULL) ON CONFLICT (tsp_loop_id) DO UPDATE SET loop_order = EXCLUDED.loop_order, display_name = EXCLUDED.display_name, status = EXCLUDED.status, primary_inference_rule = EXCLUDED.primary_inference_rule, new_concept = EXCLUDED.new_concept, witness_summary = EXCLUDED.witness_summary, next_frontier = EXCLUDED.next_frontier, planned_closure_criterion = EXCLUDED.planned_closure_criterion, before_state = EXCLUDED.before_state, after_state = EXCLUDED.after_state, completion_disposition = EXCLUDED.completion_disposition;

INSERT INTO tsp_loops (tsp_loop_id, loop_order, display_name, status, primary_inference_rule, new_concept, witness_summary, next_frontier, planned_closure_criterion, before_state, after_state, completion_disposition)
VALUES ('tsp-loop-583', 583, 'Global cycle coverage', 'CLOSED', 'tsp-rule-global-cycle-coverage', 'Exactly one incoming and outgoing transition per ordered visit', 'A candidate with five unique visits and five locally legal legs is rejected because A-B is duplicated and E-A is missing.', 'Prove graph completeness by unordered pair identity, not edge count alone.', NULL, NULL, NULL, NULL) ON CONFLICT (tsp_loop_id) DO UPDATE SET loop_order = EXCLUDED.loop_order, display_name = EXCLUDED.display_name, status = EXCLUDED.status, primary_inference_rule = EXCLUDED.primary_inference_rule, new_concept = EXCLUDED.new_concept, witness_summary = EXCLUDED.witness_summary, next_frontier = EXCLUDED.next_frontier, planned_closure_criterion = EXCLUDED.planned_closure_criterion, before_state = EXCLUDED.before_state, after_state = EXCLUDED.after_state, completion_disposition = EXCLUDED.completion_disposition;

INSERT INTO tsp_loops (tsp_loop_id, loop_order, display_name, status, primary_inference_rule, new_concept, witness_summary, next_frontier, planned_closure_criterion, before_state, after_state, completion_disposition)
VALUES ('tsp-loop-584', 584, 'Canonical edge-pair completeness', 'CLOSED', 'tsp-rule-weighted-edge-normalization', 'Canonical pair key, pair multiplicity, and duplicate-pair negative graph', 'A three-stop graph with the expected three rows is rejected because AB occurs twice and BC is absent.', 'Construct a reusable lower bound from the Hamiltonian degree-two requirement.', NULL, NULL, NULL, NULL) ON CONFLICT (tsp_loop_id) DO UPDATE SET loop_order = EXCLUDED.loop_order, display_name = EXCLUDED.display_name, status = EXCLUDED.status, primary_inference_rule = EXCLUDED.primary_inference_rule, new_concept = EXCLUDED.new_concept, witness_summary = EXCLUDED.witness_summary, next_frontier = EXCLUDED.next_frontier, planned_closure_criterion = EXCLUDED.planned_closure_criterion, before_state = EXCLUDED.before_state, after_state = EXCLUDED.after_state, completion_disposition = EXCLUDED.completion_disposition;

INSERT INTO tsp_loops (tsp_loop_id, loop_order, display_name, status, primary_inference_rule, new_concept, witness_summary, next_frontier, planned_closure_criterion, before_state, after_state, completion_disposition)
VALUES ('tsp-loop-585', 585, 'Degree-two lower bound', 'CLOSED', 'tsp-rule-degree-two-lower-bound', 'Local two-cheapest incident-edge witnesses and global double-counting bound', 'Local bounds 5,5,6,6,6 sum to 28; dividing by two certifies every Gridville tour costs at least 14.', 'Compare the certified lower bound with a valid candidate upper bound.', NULL, NULL, NULL, NULL) ON CONFLICT (tsp_loop_id) DO UPDATE SET loop_order = EXCLUDED.loop_order, display_name = EXCLUDED.display_name, status = EXCLUDED.status, primary_inference_rule = EXCLUDED.primary_inference_rule, new_concept = EXCLUDED.new_concept, witness_summary = EXCLUDED.witness_summary, next_frontier = EXCLUDED.next_frontier, planned_closure_criterion = EXCLUDED.planned_closure_criterion, before_state = EXCLUDED.before_state, after_state = EXCLUDED.after_state, completion_disposition = EXCLUDED.completion_disposition;

INSERT INTO tsp_loops (tsp_loop_id, loop_order, display_name, status, primary_inference_rule, new_concept, witness_summary, next_frontier, planned_closure_criterion, before_state, after_state, completion_disposition)
VALUES ('tsp-loop-586', 586, 'Gridville finite optimality', 'CLOSED', 'tsp-rule-bound-equality-optimality', 'Finite-instance optimality by lower-bound equality', 'The valid reference tour costs 14 and the certified lower bound is 14, so it is optimal for tsp-gridville-5 without route enumeration.', 'Reconstruct the cycle from inferred structural edges rather than a supplied route.', NULL, NULL, NULL, NULL) ON CONFLICT (tsp_loop_id) DO UPDATE SET loop_order = EXCLUDED.loop_order, display_name = EXCLUDED.display_name, status = EXCLUDED.status, primary_inference_rule = EXCLUDED.primary_inference_rule, new_concept = EXCLUDED.new_concept, witness_summary = EXCLUDED.witness_summary, next_frontier = EXCLUDED.next_frontier, planned_closure_criterion = EXCLUDED.planned_closure_criterion, before_state = EXCLUDED.before_state, after_state = EXCLUDED.after_state, completion_disposition = EXCLUDED.completion_disposition;

INSERT INTO tsp_loops (tsp_loop_id, loop_order, display_name, status, primary_inference_rule, new_concept, witness_summary, next_frontier, planned_closure_criterion, before_state, after_state, completion_disposition)
VALUES ('tsp-loop-587', 587, 'Postgres commissioning attempt', 'CLOSED', 'tsp-rule-substrate-commissioning', 'Postgres commissioning attempt', 'Generated Postgres and Python agree on all declared semantics; Decimal-normalized live checks and append-only attempt history close the substrate obligation.', 'Create a first-class inference application spine independent of substrate availability.', 'Run the generated Postgres projection, recreate erb_traveling_salesman, compare vw_* results with Python, and record artifact hashes; otherwise record the exact blocking substrate condition.', 'frontier-postgres-commissioning is OPEN; no execution-run certificate exists', 'Attempts 1-9 preserve missing-CLI, npm, workflow, stale-oracle, chained-finalizer, and numeric-presentation failures. Retry 10 installed the pinned CLI archive, generated the complete vw_* projection, initialized erb_traveling_salesman, passed rulebook-derived Python/Postgres conformance, normalized NUMERIC text through Decimal, and durably sealed the substrate certificate.', 'CLOSED_ON_RETRY_10') ON CONFLICT (tsp_loop_id) DO UPDATE SET loop_order = EXCLUDED.loop_order, display_name = EXCLUDED.display_name, status = EXCLUDED.status, primary_inference_rule = EXCLUDED.primary_inference_rule, new_concept = EXCLUDED.new_concept, witness_summary = EXCLUDED.witness_summary, next_frontier = EXCLUDED.next_frontier, planned_closure_criterion = EXCLUDED.planned_closure_criterion, before_state = EXCLUDED.before_state, after_state = EXCLUDED.after_state, completion_disposition = EXCLUDED.completion_disposition;

INSERT INTO tsp_loops (tsp_loop_id, loop_order, display_name, status, primary_inference_rule, new_concept, witness_summary, next_frontier, planned_closure_criterion, before_state, after_state, completion_disposition)
VALUES ('tsp-loop-588', 588, 'Inference application spine', 'CLOSED', 'tsp-rule-inference-application-spine', 'Inference application spine', 'Represented 5 applications, 5 antecedents, 5 selected edge states, and 10 supports; no edge was labeled FORCED.', 'Union supported edge selections into a derived structural edge set.', 'Represent local-bound applications, antecedents, selected edge states, and support rows without upgrading selected edges to forced edges.', 'Inference rules exist, but individual applications, antecedents, edge decisions, and supports are not first-class rows.', 'Represented 5 applications, 5 antecedents, 5 selected edge states, and 10 supports; no edge was labeled FORCED.', 'CLOSED') ON CONFLICT (tsp_loop_id) DO UPDATE SET loop_order = EXCLUDED.loop_order, display_name = EXCLUDED.display_name, status = EXCLUDED.status, primary_inference_rule = EXCLUDED.primary_inference_rule, new_concept = EXCLUDED.new_concept, witness_summary = EXCLUDED.witness_summary, next_frontier = EXCLUDED.next_frontier, planned_closure_criterion = EXCLUDED.planned_closure_criterion, before_state = EXCLUDED.before_state, after_state = EXCLUDED.after_state, completion_disposition = EXCLUDED.completion_disposition;

INSERT INTO tsp_loops (tsp_loop_id, loop_order, display_name, status, primary_inference_rule, new_concept, witness_summary, next_frontier, planned_closure_criterion, before_state, after_state, completion_disposition)
VALUES ('tsp-loop-589', 589, 'Gridville inferred edge set', 'CLOSED', 'tsp-rule-local-bound-edge-union', 'Gridville inferred edge set', 'Derived 5 unique edges [''edge-a-b'', ''edge-a-e'', ''edge-b-c'', ''edge-c-d'', ''edge-d-e''] at total cost 14; no CandidateTour/TourStop/TourLeg row was an antecedent.', 'Prove the derived edge set is connected and degree two at every required stop.', 'Derive exactly five unique Gridville edges from LocalDegreeBounds and support rows, without using CandidateTour, TourStop, or TourLeg as antecedents.', 'Local degree bounds identify edges independently at stops, but their deduplicated union is not a first-class object.', 'Derived 5 unique edges [''edge-a-b'', ''edge-a-e'', ''edge-b-c'', ''edge-c-d'', ''edge-d-e''] at total cost 14; no CandidateTour/TourStop/TourLeg row was an antecedent.', 'CLOSED') ON CONFLICT (tsp_loop_id) DO UPDATE SET loop_order = EXCLUDED.loop_order, display_name = EXCLUDED.display_name, status = EXCLUDED.status, primary_inference_rule = EXCLUDED.primary_inference_rule, new_concept = EXCLUDED.new_concept, witness_summary = EXCLUDED.witness_summary, next_frontier = EXCLUDED.next_frontier, planned_closure_criterion = EXCLUDED.planned_closure_criterion, before_state = EXCLUDED.before_state, after_state = EXCLUDED.after_state, completion_disposition = EXCLUDED.completion_disposition;

INSERT INTO tsp_loops (tsp_loop_id, loop_order, display_name, status, primary_inference_rule, new_concept, witness_summary, next_frontier, planned_closure_criterion, before_state, after_state, completion_disposition)
VALUES ('tsp-loop-590', 590, 'Connected degree-two certificate', 'CLOSED', 'tsp-rule-connected-degree-two-certificate', 'Connected degree-two certificate', 'All five stops have selected degree two; component count=1, spanning-tree edges=4, proper subtours=0.', 'Reconstruct an ordered cycle from the certified edge set.', 'Witness selected degree two at all five stops, one connected component, a four-edge spanning tree, and zero proper subtours.', 'The inferred Gridville edge union has no represented degree, component, spanning-tree, or subtour certificate.', 'All five stops have selected degree two; component count=1, spanning-tree edges=4, proper subtours=0.', 'CLOSED') ON CONFLICT (tsp_loop_id) DO UPDATE SET loop_order = EXCLUDED.loop_order, display_name = EXCLUDED.display_name, status = EXCLUDED.status, primary_inference_rule = EXCLUDED.primary_inference_rule, new_concept = EXCLUDED.new_concept, witness_summary = EXCLUDED.witness_summary, next_frontier = EXCLUDED.next_frontier, planned_closure_criterion = EXCLUDED.planned_closure_criterion, before_state = EXCLUDED.before_state, after_state = EXCLUDED.after_state, completion_disposition = EXCLUDED.completion_disposition;

INSERT INTO tsp_loops (tsp_loop_id, loop_order, display_name, status, primary_inference_rule, new_concept, witness_summary, next_frontier, planned_closure_criterion, before_state, after_state, completion_disposition)
VALUES ('tsp-loop-591', 591, 'Route reconstruction', 'CLOSED', 'tsp-rule-route-reconstruction', 'Route reconstruction', 'Reconstructed stop-a -> stop-b -> stop-c -> stop-d -> stop-e -> stop-a at cost 14; CandidateUsedAsAntecedent=false and the supplied route is comparison-only.', 'Derive route-class and branch-elimination metrics from the reconstructed result.', 'Starting at the depot with deterministic orientation, project five ordered reconstruction steps from the inferred edge set with CandidateUsedAsAntecedent=false.', 'Gridville has a certified cycle edge set, but the only ordered route rows are supplied candidates.', 'Reconstructed stop-a -> stop-b -> stop-c -> stop-d -> stop-e -> stop-a at cost 14; CandidateUsedAsAntecedent=false and the supplied route is comparison-only.', 'CLOSED') ON CONFLICT (tsp_loop_id) DO UPDATE SET loop_order = EXCLUDED.loop_order, display_name = EXCLUDED.display_name, status = EXCLUDED.status, primary_inference_rule = EXCLUDED.primary_inference_rule, new_concept = EXCLUDED.new_concept, witness_summary = EXCLUDED.witness_summary, next_frontier = EXCLUDED.next_frontier, planned_closure_criterion = EXCLUDED.planned_closure_criterion, before_state = EXCLUDED.before_state, after_state = EXCLUDED.after_state, completion_disposition = EXCLUDED.completion_disposition;

INSERT INTO tsp_loops (tsp_loop_id, loop_order, display_name, status, primary_inference_rule, new_concept, witness_summary, next_frontier, planned_closure_criterion, before_state, after_state, completion_disposition)
VALUES ('tsp-loop-592', 592, 'Derived search accounting', 'CLOSED', 'tsp-rule-derived-search-accounting', 'Derived search accounting', 'Derived 12 initial route classes, one surviving reconstructed class, zero branch decisions, zero backtracks, and zero residual ambiguity.', 'Add a fixture where the degree-two lower bound is sound but non-tight.', 'Derive 12 initial symmetry-reduced classes, one surviving reconstructed class, zero branch decisions, zero backtracks, and zero residual ambiguity for Gridville.', 'Route-discovery counts are recorded as baseline data and are not tied to a structural reconstruction certificate.', 'Derived 12 initial route classes, one surviving reconstructed class, zero branch decisions, zero backtracks, and zero residual ambiguity.', 'CLOSED') ON CONFLICT (tsp_loop_id) DO UPDATE SET loop_order = EXCLUDED.loop_order, display_name = EXCLUDED.display_name, status = EXCLUDED.status, primary_inference_rule = EXCLUDED.primary_inference_rule, new_concept = EXCLUDED.new_concept, witness_summary = EXCLUDED.witness_summary, next_frontier = EXCLUDED.next_frontier, planned_closure_criterion = EXCLUDED.planned_closure_criterion, before_state = EXCLUDED.before_state, after_state = EXCLUDED.after_state, completion_disposition = EXCLUDED.completion_disposition;

INSERT INTO tsp_loops (tsp_loop_id, loop_order, display_name, status, primary_inference_rule, new_concept, witness_summary, next_frontier, planned_closure_criterion, before_state, after_state, completion_disposition)
VALUES ('tsp-loop-593', 593, 'Non-tight twin-triangles fixture', 'CLOSED', 'tsp-rule-non-tight-lower-bound-counterexample', 'Non-tight twin-triangles fixture', 'Twin triangles: certified degree-two lower bound 6, feasible candidate cost 24, selected component count 2, proper subtours 2; no optimality or reconstruction certificate emitted.', 'Implement generic degree-two forcing on a sparse availability fixture.', 'Represent six stops in two cheap triangles with expensive crossings; certify lower bound 6, candidate cost 24, two selected components, and no optimality or route-reconstruction certificate.', 'The only positive fixture has a tight degree-two lower bound, so failure behavior is not represented.', 'Twin triangles: certified degree-two lower bound 6, feasible candidate cost 24, selected component count 2, proper subtours 2; no optimality or reconstruction certificate emitted.', 'CLOSED') ON CONFLICT (tsp_loop_id) DO UPDATE SET loop_order = EXCLUDED.loop_order, display_name = EXCLUDED.display_name, status = EXCLUDED.status, primary_inference_rule = EXCLUDED.primary_inference_rule, new_concept = EXCLUDED.new_concept, witness_summary = EXCLUDED.witness_summary, next_frontier = EXCLUDED.next_frontier, planned_closure_criterion = EXCLUDED.planned_closure_criterion, before_state = EXCLUDED.before_state, after_state = EXCLUDED.after_state, completion_disposition = EXCLUDED.completion_disposition;

INSERT INTO tsp_loops (tsp_loop_id, loop_order, display_name, status, primary_inference_rule, new_concept, witness_summary, next_frontier, planned_closure_criterion, before_state, after_state, completion_disposition)
VALUES ('tsp-loop-594', 594, 'Degree-two forced-edge closure', 'CLOSED', 'tsp-rule-degree-two-forcing', 'Degree-two forced-edge closure', 'Sparse fixture forced five ring edges from degree-two stops with zero branch decisions; B-D remains for saturation propagation.', 'Propagate degree saturation and proper-subtour forbidden-edge consequences.', 'On a sparse five-stop fixture, stops with exactly two available incident edges force the five cycle edges with zero branching.', 'Degree-two forcing is declared but has no executable state, round, or decision certificates.', 'Sparse fixture forced five ring edges from degree-two stops with zero branch decisions; B-D remains for saturation propagation.', 'CLOSED') ON CONFLICT (tsp_loop_id) DO UPDATE SET loop_order = EXCLUDED.loop_order, display_name = EXCLUDED.display_name, status = EXCLUDED.status, primary_inference_rule = EXCLUDED.primary_inference_rule, new_concept = EXCLUDED.new_concept, witness_summary = EXCLUDED.witness_summary, next_frontier = EXCLUDED.next_frontier, planned_closure_criterion = EXCLUDED.planned_closure_criterion, before_state = EXCLUDED.before_state, after_state = EXCLUDED.after_state, completion_disposition = EXCLUDED.completion_disposition;

INSERT INTO tsp_loops (tsp_loop_id, loop_order, display_name, status, primary_inference_rule, new_concept, witness_summary, next_frontier, planned_closure_criterion, before_state, after_state, completion_disposition)
VALUES ('tsp-loop-595', 595, 'Forbidden-edge propagation', 'CLOSED', 'tsp-rule-forbidden-edge-propagation', 'Forbidden-edge propagation', 'Forbade sparse B-D by degree saturation and twin WA-WC by proper-subtour prevention; both decisions are deterministic and branch-free.', 'Contract neighborhood internals into finite boundary states.', 'Forbid the sparse B-D chord by degree saturation and forbid a twin-triangle closing edge because it would close a proper subtour, with replayable reason codes.', 'Forced edges do not yet emit deterministic forbidden-edge consequences or premature-subtour exclusions.', 'Forbade sparse B-D by degree saturation and twin WA-WC by proper-subtour prevention; both decisions are deterministic and branch-free.', 'CLOSED') ON CONFLICT (tsp_loop_id) DO UPDATE SET loop_order = EXCLUDED.loop_order, display_name = EXCLUDED.display_name, status = EXCLUDED.status, primary_inference_rule = EXCLUDED.primary_inference_rule, new_concept = EXCLUDED.new_concept, witness_summary = EXCLUDED.witness_summary, next_frontier = EXCLUDED.next_frontier, planned_closure_criterion = EXCLUDED.planned_closure_criterion, before_state = EXCLUDED.before_state, after_state = EXCLUDED.after_state, completion_disposition = EXCLUDED.completion_disposition;

INSERT INTO tsp_loops (tsp_loop_id, loop_order, display_name, status, primary_inference_rule, new_concept, witness_summary, next_frontier, planned_closure_criterion, before_state, after_state, completion_disposition)
VALUES ('tsp-loop-596', 596, 'Neighborhood boundary-state contraction v0', 'CLOSED', 'tsp-rule-neighborhood-boundary-state', 'Neighborhood boundary-state contraction v0', 'Each twin-triangle neighborhood contracts six raw internal orders to three undirected boundary states (50%); paired composition contracts 36 combinations to nine (75%) with cost-preserving path witnesses.', 'Generalize boundary-state soundness across non-triangular clusters and then branch only on residual city-level ambiguity.', 'For each three-stop twin-triangle neighborhood, derive three undirected entry/exit Hamiltonian-path states, reduce six internal orders to three states, and reduce 36 paired internal orders to nine paired boundary-state combinations.', 'Neighborhood rows are geographic labels only; no executable entry/exit path states or contraction certificate exists.', 'Each twin-triangle neighborhood contracts six raw internal orders to three undirected boundary states (50%); paired composition contracts 36 combinations to nine (75%) with cost-preserving path witnesses.', 'CLOSED') ON CONFLICT (tsp_loop_id) DO UPDATE SET loop_order = EXCLUDED.loop_order, display_name = EXCLUDED.display_name, status = EXCLUDED.status, primary_inference_rule = EXCLUDED.primary_inference_rule, new_concept = EXCLUDED.new_concept, witness_summary = EXCLUDED.witness_summary, next_frontier = EXCLUDED.next_frontier, planned_closure_criterion = EXCLUDED.planned_closure_criterion, before_state = EXCLUDED.before_state, after_state = EXCLUDED.after_state, completion_disposition = EXCLUDED.completion_disposition;

INSERT INTO tsp_loops (tsp_loop_id, loop_order, display_name, status, primary_inference_rule, new_concept, witness_summary, next_frontier, planned_closure_criterion, before_state, after_state, completion_disposition)
VALUES ('tsp-loop-597', 597, 'Convergence prediction', 'CLOSED', 'tsp-rule-predicate-invention', 'Convergence Prediction', 'The convergence hypothesis is now versioned data, explicitly exploratory and not a theorem.', 'Derive the explicit predicate basis and map the surface vocabulary onto it.', 'Record the working prediction, baseline thirty-two surface predicates, target eight-predicate basis, and DAG-based predicate-invention method without claiming a theorem.', 'Forty physical tables expose at least thirty-two recurring surface predicates, but no explicit convergence hypothesis or semantic compression baseline is recorded.', 'Recorded a thirty-two-surface-predicate baseline, an eight-predicate target, and the prediction that DAG inference will invent derived predicates while the primitive basis stabilizes.', 'CLOSED') ON CONFLICT (tsp_loop_id) DO UPDATE SET loop_order = EXCLUDED.loop_order, display_name = EXCLUDED.display_name, status = EXCLUDED.status, primary_inference_rule = EXCLUDED.primary_inference_rule, new_concept = EXCLUDED.new_concept, witness_summary = EXCLUDED.witness_summary, next_frontier = EXCLUDED.next_frontier, planned_closure_criterion = EXCLUDED.planned_closure_criterion, before_state = EXCLUDED.before_state, after_state = EXCLUDED.after_state, completion_disposition = EXCLUDED.completion_disposition;

INSERT INTO tsp_loops (tsp_loop_id, loop_order, display_name, status, primary_inference_rule, new_concept, witness_summary, next_frontier, planned_closure_criterion, before_state, after_state, completion_disposition)
VALUES ('tsp-loop-598', 598, 'Eight-predicate basis', 'CLOSED', 'tsp-rule-predicate-invention', 'Predicate Basis', 'Predicate basis = {MEMBERSHIP, INCIDENCE, CARDINALITY, ORDER, WEIGHT, COMMITMENT, CONNECTIVITY, PROVENANCE}; measured semantic compression is 75%.', 'Collapse edge-decision vocabulary into one ordered commitment concept.', 'Represent exactly eight canonical primitives and map all thirty-two baseline surface predicates to finite basis expressions.', 'The convergence prediction is recorded, but the candidate primitive vocabulary and surface-to-basis map do not exist.', 'Mapped thirty-two recurring surface predicates to eight canonical primitives; historical names remain queryable projections rather than independent primitives.', 'CLOSED') ON CONFLICT (tsp_loop_id) DO UPDATE SET loop_order = EXCLUDED.loop_order, display_name = EXCLUDED.display_name, status = EXCLUDED.status, primary_inference_rule = EXCLUDED.primary_inference_rule, new_concept = EXCLUDED.new_concept, witness_summary = EXCLUDED.witness_summary, next_frontier = EXCLUDED.next_frontier, planned_closure_criterion = EXCLUDED.planned_closure_criterion, before_state = EXCLUDED.before_state, after_state = EXCLUDED.after_state, completion_disposition = EXCLUDED.completion_disposition;

INSERT INTO tsp_loops (tsp_loop_id, loop_order, display_name, status, primary_inference_rule, new_concept, witness_summary, next_frontier, planned_closure_criterion, before_state, after_state, completion_disposition)
VALUES ('tsp-loop-599', 599, 'Edge commitment lattice', 'CLOSED', 'tsp-rule-predicate-invention', 'Commitment Lattice', 'Gridville selections have rank 1 and CURRENT_WITNESS scope; sparse forced edges have rank 2 and ALL_FEASIBLE_TOURS scope; no epistemic upgrade was hidden.', 'Collapse degree checks, local bounds, and forcing into one incidence budget.', 'Project all edge statuses onto one commitment rank, polarity, necessity scope, and provenance representation without conflating selected with forced.', 'UNKNOWN, SELECTED, FORCED, FORBIDDEN, CONTRADICTED, and SUPERSEDED are separate surface statuses split across edge-state and constraint-decision projections.', 'Collapsed edge-state and constraint-decision vocabulary into a commitment lattice with rank, polarity, necessity scope, and provenance.', 'CLOSED') ON CONFLICT (tsp_loop_id) DO UPDATE SET loop_order = EXCLUDED.loop_order, display_name = EXCLUDED.display_name, status = EXCLUDED.status, primary_inference_rule = EXCLUDED.primary_inference_rule, new_concept = EXCLUDED.new_concept, witness_summary = EXCLUDED.witness_summary, next_frontier = EXCLUDED.next_frontier, planned_closure_criterion = EXCLUDED.planned_closure_criterion, before_state = EXCLUDED.before_state, after_state = EXCLUDED.after_state, completion_disposition = EXCLUDED.completion_disposition;

INSERT INTO tsp_loops (tsp_loop_id, loop_order, display_name, status, primary_inference_rule, new_concept, witness_summary, next_frontier, planned_closure_criterion, before_state, after_state, completion_disposition)
VALUES ('tsp-loop-600', 600, 'Incidence budget', 'CLOSED', 'tsp-rule-predicate-invention', 'Incidence Budget', 'All five Gridville and all six twin-triangle stops have required incidence 2, observed incidence 2, and incidence defect 0; connectivity remains a separate coordinate.', 'Lift local incidence defects into a global multi-coordinate defect vector.', 'Represent required incidence, observed incidence, and incidence defect uniformly for every Gridville and twin-triangle stop.', 'Cycle degree, selected degree, remaining degree, local lower-bound incidence, and forcing applicability are represented as separate concepts.', 'Projected local degree bounds, cycle degree, selected degree, and forcing applicability onto one incidence budget.', 'CLOSED') ON CONFLICT (tsp_loop_id) DO UPDATE SET loop_order = EXCLUDED.loop_order, display_name = EXCLUDED.display_name, status = EXCLUDED.status, primary_inference_rule = EXCLUDED.primary_inference_rule, new_concept = EXCLUDED.new_concept, witness_summary = EXCLUDED.witness_summary, next_frontier = EXCLUDED.next_frontier, planned_closure_criterion = EXCLUDED.planned_closure_criterion, before_state = EXCLUDED.before_state, after_state = EXCLUDED.after_state, completion_disposition = EXCLUDED.completion_disposition;

INSERT INTO tsp_loops (tsp_loop_id, loop_order, display_name, status, primary_inference_rule, new_concept, witness_summary, next_frontier, planned_closure_criterion, before_state, after_state, completion_disposition)
VALUES ('tsp-loop-601', 601, 'Defect vector', 'CLOSED', 'tsp-rule-predicate-invention', 'Defect Vector', 'Gridville vector = 0|0|0|0; twin local two-factor vector = 0|1|2|18, locating the exact unresolved geometry without inventing a new primitive.', 'Derive the minimum crossing demand exposed by the twin component defect.', 'Represent incidence, connectivity, boundary, and cost defects as one vector and distinguish zero-defect Gridville from twin triangles.', 'Degree violations, connected-component count, boundary crossings, and cost gaps are separate acceptance surfaces.', 'Collapsed incidence violations, component excess, missing boundary crossings, and bound gap into one defect vector.', 'CLOSED') ON CONFLICT (tsp_loop_id) DO UPDATE SET loop_order = EXCLUDED.loop_order, display_name = EXCLUDED.display_name, status = EXCLUDED.status, primary_inference_rule = EXCLUDED.primary_inference_rule, new_concept = EXCLUDED.new_concept, witness_summary = EXCLUDED.witness_summary, next_frontier = EXCLUDED.next_frontier, planned_closure_criterion = EXCLUDED.planned_closure_criterion, before_state = EXCLUDED.before_state, after_state = EXCLUDED.after_state, completion_disposition = EXCLUDED.completion_disposition;

INSERT INTO tsp_loops (tsp_loop_id, loop_order, display_name, status, primary_inference_rule, new_concept, witness_summary, next_frontier, planned_closure_criterion, before_state, after_state, completion_disposition)
VALUES ('tsp-loop-602', 602, 'Cut parity', 'CLOSED', 'tsp-rule-cut-parity', 'Cut Parity', 'Twin component cut: crossing count is even for every cycle and nonzero for connected coverage; therefore crossing count >= 2.', 'Turn mandatory crossings into an additive component-repair lower bound.', 'Derive that a Hamiltonian cycle crosses a nontrivial component cut a positive even number of times, hence at least twice.', 'Twin triangles exposes two selected components, but the mandatory number of crossings between them is not represented.', 'Derived a positive-even cut-crossing certificate for the two twin components, with minimum crossing demand two.', 'CLOSED') ON CONFLICT (tsp_loop_id) DO UPDATE SET loop_order = EXCLUDED.loop_order, display_name = EXCLUDED.display_name, status = EXCLUDED.status, primary_inference_rule = EXCLUDED.primary_inference_rule, new_concept = EXCLUDED.new_concept, witness_summary = EXCLUDED.witness_summary, next_frontier = EXCLUDED.next_frontier, planned_closure_criterion = EXCLUDED.planned_closure_criterion, before_state = EXCLUDED.before_state, after_state = EXCLUDED.after_state, completion_disposition = EXCLUDED.completion_disposition;

INSERT INTO tsp_loops (tsp_loop_id, loop_order, display_name, status, primary_inference_rule, new_concept, witness_summary, next_frontier, planned_closure_criterion, before_state, after_state, completion_disposition)
VALUES ('tsp-loop-603', 603, 'Component repair bound', 'CLOSED', 'tsp-rule-component-repair-bound', 'Component Repair Bound', 'Twin component repair adjustment is +18; the strengthened finite-instance lower bound is 24.', 'Compare the repaired lower bound with the feasible candidate upper bound.', 'Add two cost-ten crossings, release two cost-one internal edges, and certify an eighteen-unit repair adjustment and lower bound twenty-four.', 'Twin triangles has a certified local degree bound of six and a two-crossing requirement, but no composed global repair cost.', 'Composed the local degree bound with cut repair: 6 + (2 x 10) - (2 x 1) = 24.', 'CLOSED') ON CONFLICT (tsp_loop_id) DO UPDATE SET loop_order = EXCLUDED.loop_order, display_name = EXCLUDED.display_name, status = EXCLUDED.status, primary_inference_rule = EXCLUDED.primary_inference_rule, new_concept = EXCLUDED.new_concept, witness_summary = EXCLUDED.witness_summary, next_frontier = EXCLUDED.next_frontier, planned_closure_criterion = EXCLUDED.planned_closure_criterion, before_state = EXCLUDED.before_state, after_state = EXCLUDED.after_state, completion_disposition = EXCLUDED.completion_disposition;

INSERT INTO tsp_loops (tsp_loop_id, loop_order, display_name, status, primary_inference_rule, new_concept, witness_summary, next_frontier, planned_closure_criterion, before_state, after_state, completion_disposition)
VALUES ('tsp-loop-604', 604, 'Bound sandwich', 'CLOSED', 'tsp-rule-bound-equality-optimality', 'Bound Sandwich', 'The original degree-only bound remains recorded as non-tight; the composed component-repair bound equals the valid candidate and proves optimality only for tsp-twin-triangles-6.', 'Normalize supplied and reconstructed routes into one witness shape.', 'Close twin-triangle finite optimality by lower-bound/upper-bound equality while retaining the original non-tight local-bound counterexample.', 'Twin triangles has a repaired lower bound of twenty-four and a feasible candidate of cost twenty-four, but no finite optimality certificate.', 'Closed twin-triangle optimality by the sandwich 24 <= candidate cost 24 <= 24.', 'CLOSED') ON CONFLICT (tsp_loop_id) DO UPDATE SET loop_order = EXCLUDED.loop_order, display_name = EXCLUDED.display_name, status = EXCLUDED.status, primary_inference_rule = EXCLUDED.primary_inference_rule, new_concept = EXCLUDED.new_concept, witness_summary = EXCLUDED.witness_summary, next_frontier = EXCLUDED.next_frontier, planned_closure_criterion = EXCLUDED.planned_closure_criterion, before_state = EXCLUDED.before_state, after_state = EXCLUDED.after_state, completion_disposition = EXCLUDED.completion_disposition;

INSERT INTO tsp_loops (tsp_loop_id, loop_order, display_name, status, primary_inference_rule, new_concept, witness_summary, next_frontier, planned_closure_criterion, before_state, after_state, completion_disposition)
VALUES ('tsp-loop-605', 605, 'Witness normal form', 'CLOSED', 'tsp-rule-witness-normal-form', 'Witness Normal Form', 'The supplied and reconstructed Gridville cycles share coverage, edge count, cost, and zero-defect semantic key; only provenance differs.', 'Extend the same normal form to neighborhood entry/exit paths.', 'Project supplied and reconstructed cycles into one normal form whose semantic key differs only by provenance where the underlying cycle is identical.', 'Candidate tours, reconstructed tours, and cluster paths use separate object vocabularies despite sharing coverage, incidence, order, connectivity, cost, and provenance.', 'Normalized supplied and reconstructed cycles into one semantic witness shape.', 'CLOSED') ON CONFLICT (tsp_loop_id) DO UPDATE SET loop_order = EXCLUDED.loop_order, display_name = EXCLUDED.display_name, status = EXCLUDED.status, primary_inference_rule = EXCLUDED.primary_inference_rule, new_concept = EXCLUDED.new_concept, witness_summary = EXCLUDED.witness_summary, next_frontier = EXCLUDED.next_frontier, planned_closure_criterion = EXCLUDED.planned_closure_criterion, before_state = EXCLUDED.before_state, after_state = EXCLUDED.after_state, completion_disposition = EXCLUDED.completion_disposition;

INSERT INTO tsp_loops (tsp_loop_id, loop_order, display_name, status, primary_inference_rule, new_concept, witness_summary, next_frontier, planned_closure_criterion, before_state, after_state, completion_disposition)
VALUES ('tsp-loop-606', 606, 'Boundary signature', 'CLOSED', 'tsp-rule-witness-normal-form', 'Boundary Signature', 'Each path normal form records scope, canonical entry/exit, three-stop coverage, two edges, cost two, zero defects, and expansion provenance.', 'Quotient boundary witnesses by semantic equivalence rather than raw orientation.', 'Project all six cluster boundary states into valid path normal forms keyed by scope, entry, exit, coverage, and cost.', 'Neighborhood boundary states are special-purpose rows rather than path witnesses in the common normal form.', 'Projected all six neighborhood boundary states into valid path witness normal forms.', 'CLOSED') ON CONFLICT (tsp_loop_id) DO UPDATE SET loop_order = EXCLUDED.loop_order, display_name = EXCLUDED.display_name, status = EXCLUDED.status, primary_inference_rule = EXCLUDED.primary_inference_rule, new_concept = EXCLUDED.new_concept, witness_summary = EXCLUDED.witness_summary, next_frontier = EXCLUDED.next_frontier, planned_closure_criterion = EXCLUDED.planned_closure_criterion, before_state = EXCLUDED.before_state, after_state = EXCLUDED.after_state, completion_disposition = EXCLUDED.completion_disposition;

INSERT INTO tsp_loops (tsp_loop_id, loop_order, display_name, status, primary_inference_rule, new_concept, witness_summary, next_frontier, planned_closure_criterion, before_state, after_state, completion_disposition)
VALUES ('tsp-loop-607', 607, 'Semantic quotient', 'CLOSED', 'tsp-rule-semantic-quotient', 'Semantic Quotient', 'Each neighborhood has six directed orders / orientation multiplicity two = three quotient classes; the product quotient has 3 x 3 = 9 classes.', 'Collapse neighborhoods and disconnected components into one boundary object.', 'Represent reversal-equivalent internal orders as quotient classes and derive three classes per neighborhood and nine product classes.', 'The measured six-to-three neighborhood contraction is stored as a count reduction without an explicit equivalence relation.', 'Recast neighborhood contraction as a semantic quotient by path reversal with fixed unordered boundary, coverage, and cost.', 'CLOSED') ON CONFLICT (tsp_loop_id) DO UPDATE SET loop_order = EXCLUDED.loop_order, display_name = EXCLUDED.display_name, status = EXCLUDED.status, primary_inference_rule = EXCLUDED.primary_inference_rule, new_concept = EXCLUDED.new_concept, witness_summary = EXCLUDED.witness_summary, next_frontier = EXCLUDED.next_frontier, planned_closure_criterion = EXCLUDED.planned_closure_criterion, before_state = EXCLUDED.before_state, after_state = EXCLUDED.after_state, completion_disposition = EXCLUDED.completion_disposition;

INSERT INTO tsp_loops (tsp_loop_id, loop_order, display_name, status, primary_inference_rule, new_concept, witness_summary, next_frontier, planned_closure_criterion, before_state, after_state, completion_disposition)
VALUES ('tsp-loop-608', 608, 'Component quotient', 'CLOSED', 'tsp-rule-semantic-quotient', 'Component Quotient', 'The city-level object is now a two-node quotient graph; cluster versus component is provenance, while boundary degree and expansion signature carry the semantics.', 'Collapse applications, rounds, supports, antecedents, and decisions into closure events.', 'Represent the two twin neighborhoods as quotient nodes with boundary degree two, unifying cluster and component interfaces.', 'Neighborhood clusters and selected connected components are treated as different kinds of objects despite exposing the same boundary-degree contract.', 'Unified the two neighborhoods and the two selected connected components as quotient nodes with required boundary degree two.', 'CLOSED') ON CONFLICT (tsp_loop_id) DO UPDATE SET loop_order = EXCLUDED.loop_order, display_name = EXCLUDED.display_name, status = EXCLUDED.status, primary_inference_rule = EXCLUDED.primary_inference_rule, new_concept = EXCLUDED.new_concept, witness_summary = EXCLUDED.witness_summary, next_frontier = EXCLUDED.next_frontier, planned_closure_criterion = EXCLUDED.planned_closure_criterion, before_state = EXCLUDED.before_state, after_state = EXCLUDED.after_state, completion_disposition = EXCLUDED.completion_disposition;

INSERT INTO tsp_loops (tsp_loop_id, loop_order, display_name, status, primary_inference_rule, new_concept, witness_summary, next_frontier, planned_closure_criterion, before_state, after_state, completion_disposition)
VALUES ('tsp-loop-609', 609, 'Closure event', 'CLOSED', 'tsp-rule-closure-event', 'Closure Event', '14 closure events cover selection, union, rigidity, reconstruction, forcing, forbidding, cut parity, repair, optimality, and quotienting.', 'Measure whether new derived vocabulary has stopped increasing the primitive basis.', 'Project representative selection, union, rigidity, reconstruction, forcing, forbidding, cut, repair, optimality, and quotient steps into one closure-event schema.', 'Inference applications, antecedents, supports, states, constraint rounds, and decisions are separate execution concepts.', 'Collapsed applications, states, antecedents, supports, rounds, and decisions into a common closure-event projection.', 'CLOSED') ON CONFLICT (tsp_loop_id) DO UPDATE SET loop_order = EXCLUDED.loop_order, display_name = EXCLUDED.display_name, status = EXCLUDED.status, primary_inference_rule = EXCLUDED.primary_inference_rule, new_concept = EXCLUDED.new_concept, witness_summary = EXCLUDED.witness_summary, next_frontier = EXCLUDED.next_frontier, planned_closure_criterion = EXCLUDED.planned_closure_criterion, before_state = EXCLUDED.before_state, after_state = EXCLUDED.after_state, completion_disposition = EXCLUDED.completion_disposition;

INSERT INTO tsp_loops (tsp_loop_id, loop_order, display_name, status, primary_inference_rule, new_concept, witness_summary, next_frontier, planned_closure_criterion, before_state, after_state, completion_disposition)
VALUES ('tsp-loop-610', 610, 'Convergence event', 'CLOSED', 'tsp-rule-predicate-invention', 'Convergence Event', 'Convergence event: semantic compression 75%, physical tables 40 to 45, coined terms 14, new primitives after basis discovery 0; status is early empirical support for this finite TSP domain.', 'Stress the eight-predicate basis on larger clusters and branch only after closure leaves a witnessed residual kernel.', 'Certify thirty-two-to-eight semantic compression, fourteen coined terms, zero new primitives after the basis loop, bounded physical schema growth, and an explicit residual kernel.', 'Thirteen reduction loops have coined derived predicates, but their cumulative compression and primitive-basis stability are not certified.', 'Certified a stable eight-predicate basis across fourteen reduction loops: thirty-two baseline surface predicates compress to eight primitives, fourteen useful terms were coined, and no new primitive appeared after loop 598.', 'CLOSED') ON CONFLICT (tsp_loop_id) DO UPDATE SET loop_order = EXCLUDED.loop_order, display_name = EXCLUDED.display_name, status = EXCLUDED.status, primary_inference_rule = EXCLUDED.primary_inference_rule, new_concept = EXCLUDED.new_concept, witness_summary = EXCLUDED.witness_summary, next_frontier = EXCLUDED.next_frontier, planned_closure_criterion = EXCLUDED.planned_closure_criterion, before_state = EXCLUDED.before_state, after_state = EXCLUDED.after_state, completion_disposition = EXCLUDED.completion_disposition;

-- ----------------------------------------------------------------------------
-- TSPConvergenceMeasurements: Measurements testing whether surface concepts compress onto a stable predicate basis.
-- ----------------------------------------------------------------------------
INSERT INTO tsp_convergence_measurements (tsp_convergence_measurement_id, tsp_loop, measurement_kind, surface_concept_count_before, primitive_count_after, new_primitive_count, derived_alias_count, physical_table_count, novel_term, prediction_status, notes)
VALUES ('convergence-loop-597', 'tsp-loop-597', 'PREDICTION_BASELINE', 32, 32, 0, 0, 41, 'Convergence Prediction', 'NOT_TESTED', 'Working prediction only: concepts will begin to collapse, useful terms will continue to be coined, and convergence will be measured rather than assumed.') ON CONFLICT (tsp_convergence_measurement_id) DO UPDATE SET tsp_loop = EXCLUDED.tsp_loop, measurement_kind = EXCLUDED.measurement_kind, surface_concept_count_before = EXCLUDED.surface_concept_count_before, primitive_count_after = EXCLUDED.primitive_count_after, new_primitive_count = EXCLUDED.new_primitive_count, derived_alias_count = EXCLUDED.derived_alias_count, physical_table_count = EXCLUDED.physical_table_count, novel_term = EXCLUDED.novel_term, prediction_status = EXCLUDED.prediction_status, notes = EXCLUDED.notes;

INSERT INTO tsp_convergence_measurements (tsp_convergence_measurement_id, tsp_loop, measurement_kind, surface_concept_count_before, primitive_count_after, new_primitive_count, derived_alias_count, physical_table_count, novel_term, prediction_status, notes)
VALUES ('convergence-loop-598', 'tsp-loop-598', 'SEMANTIC_REDUCTION', 32, 8, 8, 32, 42, 'Predicate Basis', 'EARLY_SUPPORT', 'All thirty-two baseline surface predicates have explicit definitions over MEMBERSHIP, INCIDENCE, CARDINALITY, ORDER, WEIGHT, COMMITMENT, CONNECTIVITY, and PROVENANCE.') ON CONFLICT (tsp_convergence_measurement_id) DO UPDATE SET tsp_loop = EXCLUDED.tsp_loop, measurement_kind = EXCLUDED.measurement_kind, surface_concept_count_before = EXCLUDED.surface_concept_count_before, primitive_count_after = EXCLUDED.primitive_count_after, new_primitive_count = EXCLUDED.new_primitive_count, derived_alias_count = EXCLUDED.derived_alias_count, physical_table_count = EXCLUDED.physical_table_count, novel_term = EXCLUDED.novel_term, prediction_status = EXCLUDED.prediction_status, notes = EXCLUDED.notes;

INSERT INTO tsp_convergence_measurements (tsp_convergence_measurement_id, tsp_loop, measurement_kind, surface_concept_count_before, primitive_count_after, new_primitive_count, derived_alias_count, physical_table_count, novel_term, prediction_status, notes)
VALUES ('convergence-loop-599', 'tsp-loop-599', 'SEMANTIC_REDUCTION', 32, 8, 0, 34, 42, 'Commitment Lattice', 'EARLY_SUPPORT', 'Six edge statuses now project through one commitment rank/polarity/scope concept; selected remains weaker than forced.') ON CONFLICT (tsp_convergence_measurement_id) DO UPDATE SET tsp_loop = EXCLUDED.tsp_loop, measurement_kind = EXCLUDED.measurement_kind, surface_concept_count_before = EXCLUDED.surface_concept_count_before, primitive_count_after = EXCLUDED.primitive_count_after, new_primitive_count = EXCLUDED.new_primitive_count, derived_alias_count = EXCLUDED.derived_alias_count, physical_table_count = EXCLUDED.physical_table_count, novel_term = EXCLUDED.novel_term, prediction_status = EXCLUDED.prediction_status, notes = EXCLUDED.notes;

INSERT INTO tsp_convergence_measurements (tsp_convergence_measurement_id, tsp_loop, measurement_kind, surface_concept_count_before, primitive_count_after, new_primitive_count, derived_alias_count, physical_table_count, novel_term, prediction_status, notes)
VALUES ('convergence-loop-600', 'tsp-loop-600', 'SEMANTIC_REDUCTION', 32, 8, 0, 35, 43, 'Incidence Budget', 'EARLY_SUPPORT', 'Eleven stop-level degree surfaces share required incidence, observed incidence, and one defect formula.') ON CONFLICT (tsp_convergence_measurement_id) DO UPDATE SET tsp_loop = EXCLUDED.tsp_loop, measurement_kind = EXCLUDED.measurement_kind, surface_concept_count_before = EXCLUDED.surface_concept_count_before, primitive_count_after = EXCLUDED.primitive_count_after, new_primitive_count = EXCLUDED.new_primitive_count, derived_alias_count = EXCLUDED.derived_alias_count, physical_table_count = EXCLUDED.physical_table_count, novel_term = EXCLUDED.novel_term, prediction_status = EXCLUDED.prediction_status, notes = EXCLUDED.notes;

INSERT INTO tsp_convergence_measurements (tsp_convergence_measurement_id, tsp_loop, measurement_kind, surface_concept_count_before, primitive_count_after, new_primitive_count, derived_alias_count, physical_table_count, novel_term, prediction_status, notes)
VALUES ('convergence-loop-601', 'tsp-loop-601', 'SEMANTIC_REDUCTION', 32, 8, 0, 36, 43, 'Defect Vector', 'EARLY_SUPPORT', 'Four previously separate acceptance surfaces become coordinates of one defect vector.') ON CONFLICT (tsp_convergence_measurement_id) DO UPDATE SET tsp_loop = EXCLUDED.tsp_loop, measurement_kind = EXCLUDED.measurement_kind, surface_concept_count_before = EXCLUDED.surface_concept_count_before, primitive_count_after = EXCLUDED.primitive_count_after, new_primitive_count = EXCLUDED.new_primitive_count, derived_alias_count = EXCLUDED.derived_alias_count, physical_table_count = EXCLUDED.physical_table_count, novel_term = EXCLUDED.novel_term, prediction_status = EXCLUDED.prediction_status, notes = EXCLUDED.notes;

INSERT INTO tsp_convergence_measurements (tsp_convergence_measurement_id, tsp_loop, measurement_kind, surface_concept_count_before, primitive_count_after, new_primitive_count, derived_alias_count, physical_table_count, novel_term, prediction_status, notes)
VALUES ('convergence-loop-602', 'tsp-loop-602', 'SEMANTIC_REDUCTION', 32, 8, 0, 37, 44, 'Cut Parity', 'EARLY_SUPPORT', 'The crossing obligation is a composition of connectivity, incidence, and cardinality, not a ninth primitive.') ON CONFLICT (tsp_convergence_measurement_id) DO UPDATE SET tsp_loop = EXCLUDED.tsp_loop, measurement_kind = EXCLUDED.measurement_kind, surface_concept_count_before = EXCLUDED.surface_concept_count_before, primitive_count_after = EXCLUDED.primitive_count_after, new_primitive_count = EXCLUDED.new_primitive_count, derived_alias_count = EXCLUDED.derived_alias_count, physical_table_count = EXCLUDED.physical_table_count, novel_term = EXCLUDED.novel_term, prediction_status = EXCLUDED.prediction_status, notes = EXCLUDED.notes;

INSERT INTO tsp_convergence_measurements (tsp_convergence_measurement_id, tsp_loop, measurement_kind, surface_concept_count_before, primitive_count_after, new_primitive_count, derived_alias_count, physical_table_count, novel_term, prediction_status, notes)
VALUES ('convergence-loop-603', 'tsp-loop-603', 'SEMANTIC_REDUCTION', 32, 8, 0, 38, 44, 'Component Repair Bound', 'EARLY_SUPPORT', 'Local degree and global component repair compose additively without extending the predicate basis.') ON CONFLICT (tsp_convergence_measurement_id) DO UPDATE SET tsp_loop = EXCLUDED.tsp_loop, measurement_kind = EXCLUDED.measurement_kind, surface_concept_count_before = EXCLUDED.surface_concept_count_before, primitive_count_after = EXCLUDED.primitive_count_after, new_primitive_count = EXCLUDED.new_primitive_count, derived_alias_count = EXCLUDED.derived_alias_count, physical_table_count = EXCLUDED.physical_table_count, novel_term = EXCLUDED.novel_term, prediction_status = EXCLUDED.prediction_status, notes = EXCLUDED.notes;

INSERT INTO tsp_convergence_measurements (tsp_convergence_measurement_id, tsp_loop, measurement_kind, surface_concept_count_before, primitive_count_after, new_primitive_count, derived_alias_count, physical_table_count, novel_term, prediction_status, notes)
VALUES ('convergence-loop-604', 'tsp-loop-604', 'SEMANTIC_REDUCTION', 32, 8, 0, 39, 44, 'Bound Sandwich', 'EARLY_SUPPORT', 'Lower bound, feasible upper witness, and equality rigidity collapse into one interval certificate.') ON CONFLICT (tsp_convergence_measurement_id) DO UPDATE SET tsp_loop = EXCLUDED.tsp_loop, measurement_kind = EXCLUDED.measurement_kind, surface_concept_count_before = EXCLUDED.surface_concept_count_before, primitive_count_after = EXCLUDED.primitive_count_after, new_primitive_count = EXCLUDED.new_primitive_count, derived_alias_count = EXCLUDED.derived_alias_count, physical_table_count = EXCLUDED.physical_table_count, novel_term = EXCLUDED.novel_term, prediction_status = EXCLUDED.prediction_status, notes = EXCLUDED.notes;

INSERT INTO tsp_convergence_measurements (tsp_convergence_measurement_id, tsp_loop, measurement_kind, surface_concept_count_before, primitive_count_after, new_primitive_count, derived_alias_count, physical_table_count, novel_term, prediction_status, notes)
VALUES ('convergence-loop-605', 'tsp-loop-605', 'SEMANTIC_REDUCTION', 32, 8, 0, 40, 45, 'Witness Normal Form', 'EARLY_SUPPORT', 'Supplied and reconstructed Gridville cycles have the same semantic key; origin is provenance only.') ON CONFLICT (tsp_convergence_measurement_id) DO UPDATE SET tsp_loop = EXCLUDED.tsp_loop, measurement_kind = EXCLUDED.measurement_kind, surface_concept_count_before = EXCLUDED.surface_concept_count_before, primitive_count_after = EXCLUDED.primitive_count_after, new_primitive_count = EXCLUDED.new_primitive_count, derived_alias_count = EXCLUDED.derived_alias_count, physical_table_count = EXCLUDED.physical_table_count, novel_term = EXCLUDED.novel_term, prediction_status = EXCLUDED.prediction_status, notes = EXCLUDED.notes;

INSERT INTO tsp_convergence_measurements (tsp_convergence_measurement_id, tsp_loop, measurement_kind, surface_concept_count_before, primitive_count_after, new_primitive_count, derived_alias_count, physical_table_count, novel_term, prediction_status, notes)
VALUES ('convergence-loop-606', 'tsp-loop-606', 'SEMANTIC_REDUCTION', 32, 8, 0, 41, 45, 'Boundary Signature', 'EARLY_SUPPORT', 'Cycle and path witnesses now share one normal form; boundary-specific meaning is a signature, not an object type.') ON CONFLICT (tsp_convergence_measurement_id) DO UPDATE SET tsp_loop = EXCLUDED.tsp_loop, measurement_kind = EXCLUDED.measurement_kind, surface_concept_count_before = EXCLUDED.surface_concept_count_before, primitive_count_after = EXCLUDED.primitive_count_after, new_primitive_count = EXCLUDED.new_primitive_count, derived_alias_count = EXCLUDED.derived_alias_count, physical_table_count = EXCLUDED.physical_table_count, novel_term = EXCLUDED.novel_term, prediction_status = EXCLUDED.prediction_status, notes = EXCLUDED.notes;

INSERT INTO tsp_convergence_measurements (tsp_convergence_measurement_id, tsp_loop, measurement_kind, surface_concept_count_before, primitive_count_after, new_primitive_count, derived_alias_count, physical_table_count, novel_term, prediction_status, notes)
VALUES ('convergence-loop-607', 'tsp-loop-607', 'SEMANTIC_REDUCTION', 32, 8, 0, 42, 45, 'Semantic Quotient', 'EARLY_SUPPORT', 'The previous count reduction now has an explicit equivalence relation and representative contract.') ON CONFLICT (tsp_convergence_measurement_id) DO UPDATE SET tsp_loop = EXCLUDED.tsp_loop, measurement_kind = EXCLUDED.measurement_kind, surface_concept_count_before = EXCLUDED.surface_concept_count_before, primitive_count_after = EXCLUDED.primitive_count_after, new_primitive_count = EXCLUDED.new_primitive_count, derived_alias_count = EXCLUDED.derived_alias_count, physical_table_count = EXCLUDED.physical_table_count, novel_term = EXCLUDED.novel_term, prediction_status = EXCLUDED.prediction_status, notes = EXCLUDED.notes;

INSERT INTO tsp_convergence_measurements (tsp_convergence_measurement_id, tsp_loop, measurement_kind, surface_concept_count_before, primitive_count_after, new_primitive_count, derived_alias_count, physical_table_count, novel_term, prediction_status, notes)
VALUES ('convergence-loop-608', 'tsp-loop-608', 'SEMANTIC_REDUCTION', 32, 8, 0, 43, 45, 'Component Quotient', 'EARLY_SUPPORT', 'Geographic clusters and selected graph components now expose the same quotient-node boundary contract.') ON CONFLICT (tsp_convergence_measurement_id) DO UPDATE SET tsp_loop = EXCLUDED.tsp_loop, measurement_kind = EXCLUDED.measurement_kind, surface_concept_count_before = EXCLUDED.surface_concept_count_before, primitive_count_after = EXCLUDED.primitive_count_after, new_primitive_count = EXCLUDED.new_primitive_count, derived_alias_count = EXCLUDED.derived_alias_count, physical_table_count = EXCLUDED.physical_table_count, novel_term = EXCLUDED.novel_term, prediction_status = EXCLUDED.prediction_status, notes = EXCLUDED.notes;

INSERT INTO tsp_convergence_measurements (tsp_convergence_measurement_id, tsp_loop, measurement_kind, surface_concept_count_before, primitive_count_after, new_primitive_count, derived_alias_count, physical_table_count, novel_term, prediction_status, notes)
VALUES ('convergence-loop-609', 'tsp-loop-609', 'SEMANTIC_REDUCTION', 32, 8, 0, 44, 45, 'Closure Event', 'EARLY_SUPPORT', 'Six execution projections now share one event schema with explicit input, output, rule, antecedent count, decision count, and certificate.') ON CONFLICT (tsp_convergence_measurement_id) DO UPDATE SET tsp_loop = EXCLUDED.tsp_loop, measurement_kind = EXCLUDED.measurement_kind, surface_concept_count_before = EXCLUDED.surface_concept_count_before, primitive_count_after = EXCLUDED.primitive_count_after, new_primitive_count = EXCLUDED.new_primitive_count, derived_alias_count = EXCLUDED.derived_alias_count, physical_table_count = EXCLUDED.physical_table_count, novel_term = EXCLUDED.novel_term, prediction_status = EXCLUDED.prediction_status, notes = EXCLUDED.notes;

INSERT INTO tsp_convergence_measurements (tsp_convergence_measurement_id, tsp_loop, measurement_kind, surface_concept_count_before, primitive_count_after, new_primitive_count, derived_alias_count, physical_table_count, novel_term, prediction_status, notes)
VALUES ('convergence-loop-610', 'tsp-loop-610', 'FINAL_CONVERGENCE_EVENT', 32, 8, 0, 46, 45, 'Convergence Event', 'SUPPORTED_FOR_CURRENT_DOMAIN', 'Fourteen named predicates were coined, but no primitive was added after loop 598. Five generic tables preserve replay while semantic compression remains 75%.') ON CONFLICT (tsp_convergence_measurement_id) DO UPDATE SET tsp_loop = EXCLUDED.tsp_loop, measurement_kind = EXCLUDED.measurement_kind, surface_concept_count_before = EXCLUDED.surface_concept_count_before, primitive_count_after = EXCLUDED.primitive_count_after, new_primitive_count = EXCLUDED.new_primitive_count, derived_alias_count = EXCLUDED.derived_alias_count, physical_table_count = EXCLUDED.physical_table_count, novel_term = EXCLUDED.novel_term, prediction_status = EXCLUDED.prediction_status, notes = EXCLUDED.notes;

-- ----------------------------------------------------------------------------
-- TSPConceptRegistry: Registry of primitive, derived, coined, and historical concepts with explicit basis expressions.
-- ----------------------------------------------------------------------------
INSERT INTO tsp_concept_registry (tsp_concept_id, display_name, concept_kind, basis_expression, arity, source_tables, introduced_by_loop, superseded_by_concept, status)
VALUES ('concept-membership', 'Membership', 'PRIMITIVE', 'MEMBERSHIP', 2, 'canonical predicate basis', 'tsp-loop-598', NULL, 'ACTIVE_PRIMITIVE') ON CONFLICT (tsp_concept_id) DO UPDATE SET display_name = EXCLUDED.display_name, concept_kind = EXCLUDED.concept_kind, basis_expression = EXCLUDED.basis_expression, arity = EXCLUDED.arity, source_tables = EXCLUDED.source_tables, introduced_by_loop = EXCLUDED.introduced_by_loop, superseded_by_concept = EXCLUDED.superseded_by_concept, status = EXCLUDED.status;

INSERT INTO tsp_concept_registry (tsp_concept_id, display_name, concept_kind, basis_expression, arity, source_tables, introduced_by_loop, superseded_by_concept, status)
VALUES ('concept-incidence', 'Incidence', 'PRIMITIVE', 'INCIDENCE', 2, 'canonical predicate basis', 'tsp-loop-598', NULL, 'ACTIVE_PRIMITIVE') ON CONFLICT (tsp_concept_id) DO UPDATE SET display_name = EXCLUDED.display_name, concept_kind = EXCLUDED.concept_kind, basis_expression = EXCLUDED.basis_expression, arity = EXCLUDED.arity, source_tables = EXCLUDED.source_tables, introduced_by_loop = EXCLUDED.introduced_by_loop, superseded_by_concept = EXCLUDED.superseded_by_concept, status = EXCLUDED.status;

INSERT INTO tsp_concept_registry (tsp_concept_id, display_name, concept_kind, basis_expression, arity, source_tables, introduced_by_loop, superseded_by_concept, status)
VALUES ('concept-cardinality', 'Cardinality', 'PRIMITIVE', 'CARDINALITY', 1, 'canonical predicate basis', 'tsp-loop-598', NULL, 'ACTIVE_PRIMITIVE') ON CONFLICT (tsp_concept_id) DO UPDATE SET display_name = EXCLUDED.display_name, concept_kind = EXCLUDED.concept_kind, basis_expression = EXCLUDED.basis_expression, arity = EXCLUDED.arity, source_tables = EXCLUDED.source_tables, introduced_by_loop = EXCLUDED.introduced_by_loop, superseded_by_concept = EXCLUDED.superseded_by_concept, status = EXCLUDED.status;

INSERT INTO tsp_concept_registry (tsp_concept_id, display_name, concept_kind, basis_expression, arity, source_tables, introduced_by_loop, superseded_by_concept, status)
VALUES ('concept-order', 'Order', 'PRIMITIVE', 'ORDER', 2, 'canonical predicate basis', 'tsp-loop-598', NULL, 'ACTIVE_PRIMITIVE') ON CONFLICT (tsp_concept_id) DO UPDATE SET display_name = EXCLUDED.display_name, concept_kind = EXCLUDED.concept_kind, basis_expression = EXCLUDED.basis_expression, arity = EXCLUDED.arity, source_tables = EXCLUDED.source_tables, introduced_by_loop = EXCLUDED.introduced_by_loop, superseded_by_concept = EXCLUDED.superseded_by_concept, status = EXCLUDED.status;

INSERT INTO tsp_concept_registry (tsp_concept_id, display_name, concept_kind, basis_expression, arity, source_tables, introduced_by_loop, superseded_by_concept, status)
VALUES ('concept-weight', 'Weight', 'PRIMITIVE', 'WEIGHT', 1, 'canonical predicate basis', 'tsp-loop-598', NULL, 'ACTIVE_PRIMITIVE') ON CONFLICT (tsp_concept_id) DO UPDATE SET display_name = EXCLUDED.display_name, concept_kind = EXCLUDED.concept_kind, basis_expression = EXCLUDED.basis_expression, arity = EXCLUDED.arity, source_tables = EXCLUDED.source_tables, introduced_by_loop = EXCLUDED.introduced_by_loop, superseded_by_concept = EXCLUDED.superseded_by_concept, status = EXCLUDED.status;

INSERT INTO tsp_concept_registry (tsp_concept_id, display_name, concept_kind, basis_expression, arity, source_tables, introduced_by_loop, superseded_by_concept, status)
VALUES ('concept-commitment', 'Commitment', 'PRIMITIVE', 'COMMITMENT', 2, 'canonical predicate basis', 'tsp-loop-598', NULL, 'ACTIVE_PRIMITIVE') ON CONFLICT (tsp_concept_id) DO UPDATE SET display_name = EXCLUDED.display_name, concept_kind = EXCLUDED.concept_kind, basis_expression = EXCLUDED.basis_expression, arity = EXCLUDED.arity, source_tables = EXCLUDED.source_tables, introduced_by_loop = EXCLUDED.introduced_by_loop, superseded_by_concept = EXCLUDED.superseded_by_concept, status = EXCLUDED.status;

INSERT INTO tsp_concept_registry (tsp_concept_id, display_name, concept_kind, basis_expression, arity, source_tables, introduced_by_loop, superseded_by_concept, status)
VALUES ('concept-connectivity', 'Connectivity', 'PRIMITIVE', 'CONNECTIVITY', 2, 'canonical predicate basis', 'tsp-loop-598', NULL, 'ACTIVE_PRIMITIVE') ON CONFLICT (tsp_concept_id) DO UPDATE SET display_name = EXCLUDED.display_name, concept_kind = EXCLUDED.concept_kind, basis_expression = EXCLUDED.basis_expression, arity = EXCLUDED.arity, source_tables = EXCLUDED.source_tables, introduced_by_loop = EXCLUDED.introduced_by_loop, superseded_by_concept = EXCLUDED.superseded_by_concept, status = EXCLUDED.status;

INSERT INTO tsp_concept_registry (tsp_concept_id, display_name, concept_kind, basis_expression, arity, source_tables, introduced_by_loop, superseded_by_concept, status)
VALUES ('concept-provenance', 'Provenance', 'PRIMITIVE', 'PROVENANCE', 2, 'canonical predicate basis', 'tsp-loop-598', NULL, 'ACTIVE_PRIMITIVE') ON CONFLICT (tsp_concept_id) DO UPDATE SET display_name = EXCLUDED.display_name, concept_kind = EXCLUDED.concept_kind, basis_expression = EXCLUDED.basis_expression, arity = EXCLUDED.arity, source_tables = EXCLUDED.source_tables, introduced_by_loop = EXCLUDED.introduced_by_loop, superseded_by_concept = EXCLUDED.superseded_by_concept, status = EXCLUDED.status;

INSERT INTO tsp_concept_registry (tsp_concept_id, display_name, concept_kind, basis_expression, arity, source_tables, introduced_by_loop, superseded_by_concept, status)
VALUES ('surface-city-membership', 'City membership', 'DERIVED_ALIAS', 'MEMBERSHIP(Neighborhood,City)', 2, 'Neighborhoods', 'tsp-loop-598', 'coined-component-quotient', 'HISTORICAL_PROJECTION') ON CONFLICT (tsp_concept_id) DO UPDATE SET display_name = EXCLUDED.display_name, concept_kind = EXCLUDED.concept_kind, basis_expression = EXCLUDED.basis_expression, arity = EXCLUDED.arity, source_tables = EXCLUDED.source_tables, introduced_by_loop = EXCLUDED.introduced_by_loop, superseded_by_concept = EXCLUDED.superseded_by_concept, status = EXCLUDED.status;

INSERT INTO tsp_concept_registry (tsp_concept_id, display_name, concept_kind, basis_expression, arity, source_tables, introduced_by_loop, superseded_by_concept, status)
VALUES ('surface-neighborhood-membership', 'Neighborhood membership', 'DERIVED_ALIAS', 'MEMBERSHIP(Address,Neighborhood)', 2, 'Addresses', 'tsp-loop-598', 'coined-component-quotient', 'HISTORICAL_PROJECTION') ON CONFLICT (tsp_concept_id) DO UPDATE SET display_name = EXCLUDED.display_name, concept_kind = EXCLUDED.concept_kind, basis_expression = EXCLUDED.basis_expression, arity = EXCLUDED.arity, source_tables = EXCLUDED.source_tables, introduced_by_loop = EXCLUDED.introduced_by_loop, superseded_by_concept = EXCLUDED.superseded_by_concept, status = EXCLUDED.status;

INSERT INTO tsp_concept_registry (tsp_concept_id, display_name, concept_kind, basis_expression, arity, source_tables, introduced_by_loop, superseded_by_concept, status)
VALUES ('surface-instance-membership', 'Instance membership', 'DERIVED_ALIAS', 'MEMBERSHIP(Stop,Instance)', 2, 'InstanceStops', 'tsp-loop-598', NULL, 'HISTORICAL_PROJECTION') ON CONFLICT (tsp_concept_id) DO UPDATE SET display_name = EXCLUDED.display_name, concept_kind = EXCLUDED.concept_kind, basis_expression = EXCLUDED.basis_expression, arity = EXCLUDED.arity, source_tables = EXCLUDED.source_tables, introduced_by_loop = EXCLUDED.introduced_by_loop, superseded_by_concept = EXCLUDED.superseded_by_concept, status = EXCLUDED.status;

INSERT INTO tsp_concept_registry (tsp_concept_id, display_name, concept_kind, basis_expression, arity, source_tables, introduced_by_loop, superseded_by_concept, status)
VALUES ('surface-required-stop-membership', 'Required-stop membership', 'DERIVED_ALIAS', 'MEMBERSHIP(Stop,RequiredSet)', 2, 'InstanceStops', 'tsp-loop-598', NULL, 'HISTORICAL_PROJECTION') ON CONFLICT (tsp_concept_id) DO UPDATE SET display_name = EXCLUDED.display_name, concept_kind = EXCLUDED.concept_kind, basis_expression = EXCLUDED.basis_expression, arity = EXCLUDED.arity, source_tables = EXCLUDED.source_tables, introduced_by_loop = EXCLUDED.introduced_by_loop, superseded_by_concept = EXCLUDED.superseded_by_concept, status = EXCLUDED.status;

INSERT INTO tsp_concept_registry (tsp_concept_id, display_name, concept_kind, basis_expression, arity, source_tables, introduced_by_loop, superseded_by_concept, status)
VALUES ('surface-edge-endpoint', 'Edge endpoint', 'DERIVED_ALIAS', 'INCIDENCE(Edge,Stop)', 2, 'TravelEdges', 'tsp-loop-598', NULL, 'HISTORICAL_PROJECTION') ON CONFLICT (tsp_concept_id) DO UPDATE SET display_name = EXCLUDED.display_name, concept_kind = EXCLUDED.concept_kind, basis_expression = EXCLUDED.basis_expression, arity = EXCLUDED.arity, source_tables = EXCLUDED.source_tables, introduced_by_loop = EXCLUDED.introduced_by_loop, superseded_by_concept = EXCLUDED.superseded_by_concept, status = EXCLUDED.status;

INSERT INTO tsp_concept_registry (tsp_concept_id, display_name, concept_kind, basis_expression, arity, source_tables, introduced_by_loop, superseded_by_concept, status)
VALUES ('surface-tour-leg-endpoint', 'Tour-leg endpoint', 'DERIVED_ALIAS', 'INCIDENCE(Leg,Visit)+ORDER(Visit)', 2, 'TourLegs', 'tsp-loop-598', NULL, 'HISTORICAL_PROJECTION') ON CONFLICT (tsp_concept_id) DO UPDATE SET display_name = EXCLUDED.display_name, concept_kind = EXCLUDED.concept_kind, basis_expression = EXCLUDED.basis_expression, arity = EXCLUDED.arity, source_tables = EXCLUDED.source_tables, introduced_by_loop = EXCLUDED.introduced_by_loop, superseded_by_concept = EXCLUDED.superseded_by_concept, status = EXCLUDED.status;

INSERT INTO tsp_concept_registry (tsp_concept_id, display_name, concept_kind, basis_expression, arity, source_tables, introduced_by_loop, superseded_by_concept, status)
VALUES ('surface-cluster-boundary-endpoint', 'Cluster boundary endpoint', 'DERIVED_ALIAS', 'INCIDENCE(Path,Boundary)+MEMBERSHIP(Boundary,Cluster)', 2, 'TSPClusterBoundaryStates', 'tsp-loop-598', 'coined-boundary-signature', 'HISTORICAL_PROJECTION') ON CONFLICT (tsp_concept_id) DO UPDATE SET display_name = EXCLUDED.display_name, concept_kind = EXCLUDED.concept_kind, basis_expression = EXCLUDED.basis_expression, arity = EXCLUDED.arity, source_tables = EXCLUDED.source_tables, introduced_by_loop = EXCLUDED.introduced_by_loop, superseded_by_concept = EXCLUDED.superseded_by_concept, status = EXCLUDED.status;

INSERT INTO tsp_concept_registry (tsp_concept_id, display_name, concept_kind, basis_expression, arity, source_tables, introduced_by_loop, superseded_by_concept, status)
VALUES ('surface-visit-multiplicity', 'Visit multiplicity', 'DERIVED_ALIAS', 'CARDINALITY(MEMBERSHIP(Visit,Stop))', 2, 'TourStops', 'tsp-loop-598', NULL, 'HISTORICAL_PROJECTION') ON CONFLICT (tsp_concept_id) DO UPDATE SET display_name = EXCLUDED.display_name, concept_kind = EXCLUDED.concept_kind, basis_expression = EXCLUDED.basis_expression, arity = EXCLUDED.arity, source_tables = EXCLUDED.source_tables, introduced_by_loop = EXCLUDED.introduced_by_loop, superseded_by_concept = EXCLUDED.superseded_by_concept, status = EXCLUDED.status;

INSERT INTO tsp_concept_registry (tsp_concept_id, display_name, concept_kind, basis_expression, arity, source_tables, introduced_by_loop, superseded_by_concept, status)
VALUES ('surface-sequence-multiplicity', 'Sequence multiplicity', 'DERIVED_ALIAS', 'CARDINALITY(ORDER(Visit))', 2, 'TourStops', 'tsp-loop-598', NULL, 'HISTORICAL_PROJECTION') ON CONFLICT (tsp_concept_id) DO UPDATE SET display_name = EXCLUDED.display_name, concept_kind = EXCLUDED.concept_kind, basis_expression = EXCLUDED.basis_expression, arity = EXCLUDED.arity, source_tables = EXCLUDED.source_tables, introduced_by_loop = EXCLUDED.introduced_by_loop, superseded_by_concept = EXCLUDED.superseded_by_concept, status = EXCLUDED.status;

INSERT INTO tsp_concept_registry (tsp_concept_id, display_name, concept_kind, basis_expression, arity, source_tables, introduced_by_loop, superseded_by_concept, status)
VALUES ('surface-pair-multiplicity', 'Pair multiplicity', 'DERIVED_ALIAS', 'CARDINALITY(INCIDENCE(Edge,EndpointPair))', 2, 'TravelEdges', 'tsp-loop-598', NULL, 'HISTORICAL_PROJECTION') ON CONFLICT (tsp_concept_id) DO UPDATE SET display_name = EXCLUDED.display_name, concept_kind = EXCLUDED.concept_kind, basis_expression = EXCLUDED.basis_expression, arity = EXCLUDED.arity, source_tables = EXCLUDED.source_tables, introduced_by_loop = EXCLUDED.introduced_by_loop, superseded_by_concept = EXCLUDED.superseded_by_concept, status = EXCLUDED.status;

INSERT INTO tsp_concept_registry (tsp_concept_id, display_name, concept_kind, basis_expression, arity, source_tables, introduced_by_loop, superseded_by_concept, status)
VALUES ('surface-cycle-degree', 'Cycle degree', 'DERIVED_ALIAS', 'CARDINALITY(INCIDENCE(Edge,Stop))', 2, 'TourStops', 'tsp-loop-598', 'coined-incidence-budget', 'HISTORICAL_PROJECTION') ON CONFLICT (tsp_concept_id) DO UPDATE SET display_name = EXCLUDED.display_name, concept_kind = EXCLUDED.concept_kind, basis_expression = EXCLUDED.basis_expression, arity = EXCLUDED.arity, source_tables = EXCLUDED.source_tables, introduced_by_loop = EXCLUDED.introduced_by_loop, superseded_by_concept = EXCLUDED.superseded_by_concept, status = EXCLUDED.status;

INSERT INTO tsp_concept_registry (tsp_concept_id, display_name, concept_kind, basis_expression, arity, source_tables, introduced_by_loop, superseded_by_concept, status)
VALUES ('surface-remaining-incident-count', 'Remaining incident count', 'DERIVED_ALIAS', 'CARDINALITY(INCIDENCE(AvailableEdge,Stop)+COMMITMENT)', 2, 'TSPConstraintRounds', 'tsp-loop-598', 'coined-incidence-budget', 'HISTORICAL_PROJECTION') ON CONFLICT (tsp_concept_id) DO UPDATE SET display_name = EXCLUDED.display_name, concept_kind = EXCLUDED.concept_kind, basis_expression = EXCLUDED.basis_expression, arity = EXCLUDED.arity, source_tables = EXCLUDED.source_tables, introduced_by_loop = EXCLUDED.introduced_by_loop, superseded_by_concept = EXCLUDED.superseded_by_concept, status = EXCLUDED.status;

INSERT INTO tsp_concept_registry (tsp_concept_id, display_name, concept_kind, basis_expression, arity, source_tables, introduced_by_loop, superseded_by_concept, status)
VALUES ('surface-canonical-order', 'Canonical endpoint order', 'DERIVED_ALIAS', 'ORDER(EndpointPair)', 2, 'TravelEdges', 'tsp-loop-598', NULL, 'HISTORICAL_PROJECTION') ON CONFLICT (tsp_concept_id) DO UPDATE SET display_name = EXCLUDED.display_name, concept_kind = EXCLUDED.concept_kind, basis_expression = EXCLUDED.basis_expression, arity = EXCLUDED.arity, source_tables = EXCLUDED.source_tables, introduced_by_loop = EXCLUDED.introduced_by_loop, superseded_by_concept = EXCLUDED.superseded_by_concept, status = EXCLUDED.status;

INSERT INTO tsp_concept_registry (tsp_concept_id, display_name, concept_kind, basis_expression, arity, source_tables, introduced_by_loop, superseded_by_concept, status)
VALUES ('surface-tour-order', 'Tour order', 'DERIVED_ALIAS', 'ORDER(Visit)', 2, 'TourStops', 'tsp-loop-598', 'coined-witness-normal-form', 'HISTORICAL_PROJECTION') ON CONFLICT (tsp_concept_id) DO UPDATE SET display_name = EXCLUDED.display_name, concept_kind = EXCLUDED.concept_kind, basis_expression = EXCLUDED.basis_expression, arity = EXCLUDED.arity, source_tables = EXCLUDED.source_tables, introduced_by_loop = EXCLUDED.introduced_by_loop, superseded_by_concept = EXCLUDED.superseded_by_concept, status = EXCLUDED.status;

INSERT INTO tsp_concept_registry (tsp_concept_id, display_name, concept_kind, basis_expression, arity, source_tables, introduced_by_loop, superseded_by_concept, status)
VALUES ('surface-leg-order', 'Leg order', 'DERIVED_ALIAS', 'ORDER(Leg)', 2, 'TourLegs', 'tsp-loop-598', 'coined-witness-normal-form', 'HISTORICAL_PROJECTION') ON CONFLICT (tsp_concept_id) DO UPDATE SET display_name = EXCLUDED.display_name, concept_kind = EXCLUDED.concept_kind, basis_expression = EXCLUDED.basis_expression, arity = EXCLUDED.arity, source_tables = EXCLUDED.source_tables, introduced_by_loop = EXCLUDED.introduced_by_loop, superseded_by_concept = EXCLUDED.superseded_by_concept, status = EXCLUDED.status;

INSERT INTO tsp_concept_registry (tsp_concept_id, display_name, concept_kind, basis_expression, arity, source_tables, introduced_by_loop, superseded_by_concept, status)
VALUES ('surface-boundary-order', 'Boundary order', 'DERIVED_ALIAS', 'ORDER(Entry,Exit)', 2, 'TSPClusterBoundaryStates', 'tsp-loop-598', 'coined-boundary-signature', 'HISTORICAL_PROJECTION') ON CONFLICT (tsp_concept_id) DO UPDATE SET display_name = EXCLUDED.display_name, concept_kind = EXCLUDED.concept_kind, basis_expression = EXCLUDED.basis_expression, arity = EXCLUDED.arity, source_tables = EXCLUDED.source_tables, introduced_by_loop = EXCLUDED.introduced_by_loop, superseded_by_concept = EXCLUDED.superseded_by_concept, status = EXCLUDED.status;

INSERT INTO tsp_concept_registry (tsp_concept_id, display_name, concept_kind, basis_expression, arity, source_tables, introduced_by_loop, superseded_by_concept, status)
VALUES ('surface-travel-cost', 'Travel cost', 'DERIVED_ALIAS', 'WEIGHT(Edge)', 2, 'TravelEdges', 'tsp-loop-598', NULL, 'HISTORICAL_PROJECTION') ON CONFLICT (tsp_concept_id) DO UPDATE SET display_name = EXCLUDED.display_name, concept_kind = EXCLUDED.concept_kind, basis_expression = EXCLUDED.basis_expression, arity = EXCLUDED.arity, source_tables = EXCLUDED.source_tables, introduced_by_loop = EXCLUDED.introduced_by_loop, superseded_by_concept = EXCLUDED.superseded_by_concept, status = EXCLUDED.status;

INSERT INTO tsp_concept_registry (tsp_concept_id, display_name, concept_kind, basis_expression, arity, source_tables, introduced_by_loop, superseded_by_concept, status)
VALUES ('surface-path-cost', 'Path cost', 'DERIVED_ALIAS', 'WEIGHT(Path)+CARDINALITY(PathEdges)', 2, 'TSPClusterBoundaryStates', 'tsp-loop-598', 'coined-boundary-signature', 'HISTORICAL_PROJECTION') ON CONFLICT (tsp_concept_id) DO UPDATE SET display_name = EXCLUDED.display_name, concept_kind = EXCLUDED.concept_kind, basis_expression = EXCLUDED.basis_expression, arity = EXCLUDED.arity, source_tables = EXCLUDED.source_tables, introduced_by_loop = EXCLUDED.introduced_by_loop, superseded_by_concept = EXCLUDED.superseded_by_concept, status = EXCLUDED.status;

INSERT INTO tsp_concept_registry (tsp_concept_id, display_name, concept_kind, basis_expression, arity, source_tables, introduced_by_loop, superseded_by_concept, status)
VALUES ('surface-lower-bound', 'Lower bound', 'DERIVED_ALIAS', 'WEIGHT+CARDINALITY+PROVENANCE', 2, 'InstanceLowerBounds', 'tsp-loop-598', 'coined-bound-sandwich', 'HISTORICAL_PROJECTION') ON CONFLICT (tsp_concept_id) DO UPDATE SET display_name = EXCLUDED.display_name, concept_kind = EXCLUDED.concept_kind, basis_expression = EXCLUDED.basis_expression, arity = EXCLUDED.arity, source_tables = EXCLUDED.source_tables, introduced_by_loop = EXCLUDED.introduced_by_loop, superseded_by_concept = EXCLUDED.superseded_by_concept, status = EXCLUDED.status;

INSERT INTO tsp_concept_registry (tsp_concept_id, display_name, concept_kind, basis_expression, arity, source_tables, introduced_by_loop, superseded_by_concept, status)
VALUES ('surface-upper-bound', 'Upper bound', 'DERIVED_ALIAS', 'WEIGHT(Witness)+PROVENANCE', 2, 'CandidateTours', 'tsp-loop-598', 'coined-bound-sandwich', 'HISTORICAL_PROJECTION') ON CONFLICT (tsp_concept_id) DO UPDATE SET display_name = EXCLUDED.display_name, concept_kind = EXCLUDED.concept_kind, basis_expression = EXCLUDED.basis_expression, arity = EXCLUDED.arity, source_tables = EXCLUDED.source_tables, introduced_by_loop = EXCLUDED.introduced_by_loop, superseded_by_concept = EXCLUDED.superseded_by_concept, status = EXCLUDED.status;

INSERT INTO tsp_concept_registry (tsp_concept_id, display_name, concept_kind, basis_expression, arity, source_tables, introduced_by_loop, superseded_by_concept, status)
VALUES ('surface-selected', 'Selected edge', 'DERIVED_ALIAS', 'COMMITMENT(Edge,Selected)+PROVENANCE', 2, 'TSPEdgeStates', 'tsp-loop-598', 'coined-commitment-lattice', 'HISTORICAL_PROJECTION') ON CONFLICT (tsp_concept_id) DO UPDATE SET display_name = EXCLUDED.display_name, concept_kind = EXCLUDED.concept_kind, basis_expression = EXCLUDED.basis_expression, arity = EXCLUDED.arity, source_tables = EXCLUDED.source_tables, introduced_by_loop = EXCLUDED.introduced_by_loop, superseded_by_concept = EXCLUDED.superseded_by_concept, status = EXCLUDED.status;

INSERT INTO tsp_concept_registry (tsp_concept_id, display_name, concept_kind, basis_expression, arity, source_tables, introduced_by_loop, superseded_by_concept, status)
VALUES ('surface-forced', 'Forced edge', 'DERIVED_ALIAS', 'COMMITMENT(Edge,Necessary)+PROVENANCE', 2, 'TSPConstraintDecisions', 'tsp-loop-598', 'coined-commitment-lattice', 'HISTORICAL_PROJECTION') ON CONFLICT (tsp_concept_id) DO UPDATE SET display_name = EXCLUDED.display_name, concept_kind = EXCLUDED.concept_kind, basis_expression = EXCLUDED.basis_expression, arity = EXCLUDED.arity, source_tables = EXCLUDED.source_tables, introduced_by_loop = EXCLUDED.introduced_by_loop, superseded_by_concept = EXCLUDED.superseded_by_concept, status = EXCLUDED.status;

INSERT INTO tsp_concept_registry (tsp_concept_id, display_name, concept_kind, basis_expression, arity, source_tables, introduced_by_loop, superseded_by_concept, status)
VALUES ('surface-forbidden', 'Forbidden edge', 'DERIVED_ALIAS', 'COMMITMENT(Edge,Excluded)+PROVENANCE', 2, 'TSPConstraintDecisions', 'tsp-loop-598', 'coined-commitment-lattice', 'HISTORICAL_PROJECTION') ON CONFLICT (tsp_concept_id) DO UPDATE SET display_name = EXCLUDED.display_name, concept_kind = EXCLUDED.concept_kind, basis_expression = EXCLUDED.basis_expression, arity = EXCLUDED.arity, source_tables = EXCLUDED.source_tables, introduced_by_loop = EXCLUDED.introduced_by_loop, superseded_by_concept = EXCLUDED.superseded_by_concept, status = EXCLUDED.status;

INSERT INTO tsp_concept_registry (tsp_concept_id, display_name, concept_kind, basis_expression, arity, source_tables, introduced_by_loop, superseded_by_concept, status)
VALUES ('surface-dominated', 'Dominated state', 'DERIVED_ALIAS', 'COMMITMENT(State,Superseded)+WEIGHT', 2, 'TSPClusterBoundaryStates', 'tsp-loop-598', 'coined-commitment-lattice', 'HISTORICAL_PROJECTION') ON CONFLICT (tsp_concept_id) DO UPDATE SET display_name = EXCLUDED.display_name, concept_kind = EXCLUDED.concept_kind, basis_expression = EXCLUDED.basis_expression, arity = EXCLUDED.arity, source_tables = EXCLUDED.source_tables, introduced_by_loop = EXCLUDED.introduced_by_loop, superseded_by_concept = EXCLUDED.superseded_by_concept, status = EXCLUDED.status;

INSERT INTO tsp_concept_registry (tsp_concept_id, display_name, concept_kind, basis_expression, arity, source_tables, introduced_by_loop, superseded_by_concept, status)
VALUES ('surface-connected-component', 'Connected component', 'DERIVED_ALIAS', 'CONNECTIVITY(VertexSet,EdgeSet)', 2, 'TSPDerivedEdgeSets', 'tsp-loop-598', 'coined-component-quotient', 'HISTORICAL_PROJECTION') ON CONFLICT (tsp_concept_id) DO UPDATE SET display_name = EXCLUDED.display_name, concept_kind = EXCLUDED.concept_kind, basis_expression = EXCLUDED.basis_expression, arity = EXCLUDED.arity, source_tables = EXCLUDED.source_tables, introduced_by_loop = EXCLUDED.introduced_by_loop, superseded_by_concept = EXCLUDED.superseded_by_concept, status = EXCLUDED.status;

INSERT INTO tsp_concept_registry (tsp_concept_id, display_name, concept_kind, basis_expression, arity, source_tables, introduced_by_loop, superseded_by_concept, status)
VALUES ('surface-proper-subtour', 'Proper subtour', 'DERIVED_ALIAS', 'CONNECTIVITY+CARDINALITY+MEMBERSHIP', 2, 'TSPDerivedEdgeSets', 'tsp-loop-598', 'coined-defect-vector', 'HISTORICAL_PROJECTION') ON CONFLICT (tsp_concept_id) DO UPDATE SET display_name = EXCLUDED.display_name, concept_kind = EXCLUDED.concept_kind, basis_expression = EXCLUDED.basis_expression, arity = EXCLUDED.arity, source_tables = EXCLUDED.source_tables, introduced_by_loop = EXCLUDED.introduced_by_loop, superseded_by_concept = EXCLUDED.superseded_by_concept, status = EXCLUDED.status;

INSERT INTO tsp_concept_registry (tsp_concept_id, display_name, concept_kind, basis_expression, arity, source_tables, introduced_by_loop, superseded_by_concept, status)
VALUES ('surface-cut-crossing', 'Cut crossing', 'DERIVED_ALIAS', 'CONNECTIVITY+INCIDENCE+CARDINALITY', 2, 'TravelEdges', 'tsp-loop-598', 'coined-defect-vector', 'HISTORICAL_PROJECTION') ON CONFLICT (tsp_concept_id) DO UPDATE SET display_name = EXCLUDED.display_name, concept_kind = EXCLUDED.concept_kind, basis_expression = EXCLUDED.basis_expression, arity = EXCLUDED.arity, source_tables = EXCLUDED.source_tables, introduced_by_loop = EXCLUDED.introduced_by_loop, superseded_by_concept = EXCLUDED.superseded_by_concept, status = EXCLUDED.status;

INSERT INTO tsp_concept_registry (tsp_concept_id, display_name, concept_kind, basis_expression, arity, source_tables, introduced_by_loop, superseded_by_concept, status)
VALUES ('surface-spanning-tree', 'Spanning tree', 'DERIVED_ALIAS', 'CONNECTIVITY+CARDINALITY+PROVENANCE', 2, 'TSPSpanningTreeEdges', 'tsp-loop-598', NULL, 'HISTORICAL_PROJECTION') ON CONFLICT (tsp_concept_id) DO UPDATE SET display_name = EXCLUDED.display_name, concept_kind = EXCLUDED.concept_kind, basis_expression = EXCLUDED.basis_expression, arity = EXCLUDED.arity, source_tables = EXCLUDED.source_tables, introduced_by_loop = EXCLUDED.introduced_by_loop, superseded_by_concept = EXCLUDED.superseded_by_concept, status = EXCLUDED.status;

INSERT INTO tsp_concept_registry (tsp_concept_id, display_name, concept_kind, basis_expression, arity, source_tables, introduced_by_loop, superseded_by_concept, status)
VALUES ('surface-inference-antecedent', 'Inference antecedent', 'DERIVED_ALIAS', 'PROVENANCE(Fact,Event)', 2, 'TSPInferenceAntecedents', 'tsp-loop-598', 'coined-closure-event', 'HISTORICAL_PROJECTION') ON CONFLICT (tsp_concept_id) DO UPDATE SET display_name = EXCLUDED.display_name, concept_kind = EXCLUDED.concept_kind, basis_expression = EXCLUDED.basis_expression, arity = EXCLUDED.arity, source_tables = EXCLUDED.source_tables, introduced_by_loop = EXCLUDED.introduced_by_loop, superseded_by_concept = EXCLUDED.superseded_by_concept, status = EXCLUDED.status;

INSERT INTO tsp_concept_registry (tsp_concept_id, display_name, concept_kind, basis_expression, arity, source_tables, introduced_by_loop, superseded_by_concept, status)
VALUES ('surface-inference-application', 'Inference application', 'DERIVED_ALIAS', 'PROVENANCE(Rule,Input,Output)', 2, 'TSPInferenceApplications', 'tsp-loop-598', 'coined-closure-event', 'HISTORICAL_PROJECTION') ON CONFLICT (tsp_concept_id) DO UPDATE SET display_name = EXCLUDED.display_name, concept_kind = EXCLUDED.concept_kind, basis_expression = EXCLUDED.basis_expression, arity = EXCLUDED.arity, source_tables = EXCLUDED.source_tables, introduced_by_loop = EXCLUDED.introduced_by_loop, superseded_by_concept = EXCLUDED.superseded_by_concept, status = EXCLUDED.status;

INSERT INTO tsp_concept_registry (tsp_concept_id, display_name, concept_kind, basis_expression, arity, source_tables, introduced_by_loop, superseded_by_concept, status)
VALUES ('surface-certificate', 'Certificate', 'DERIVED_ALIAS', 'PROVENANCE(Conclusion,Witness,Scope)', 2, 'TSPInferenceRules', 'tsp-loop-598', 'coined-closure-event', 'HISTORICAL_PROJECTION') ON CONFLICT (tsp_concept_id) DO UPDATE SET display_name = EXCLUDED.display_name, concept_kind = EXCLUDED.concept_kind, basis_expression = EXCLUDED.basis_expression, arity = EXCLUDED.arity, source_tables = EXCLUDED.source_tables, introduced_by_loop = EXCLUDED.introduced_by_loop, superseded_by_concept = EXCLUDED.superseded_by_concept, status = EXCLUDED.status;

INSERT INTO tsp_concept_registry (tsp_concept_id, display_name, concept_kind, basis_expression, arity, source_tables, introduced_by_loop, superseded_by_concept, status)
VALUES ('surface-trust-status', 'Trust status', 'DERIVED_ALIAS', 'PROVENANCE(Conclusion,TrustBoundary)', 2, 'TSPFrontierObligations', 'tsp-loop-598', 'coined-closure-event', 'HISTORICAL_PROJECTION') ON CONFLICT (tsp_concept_id) DO UPDATE SET display_name = EXCLUDED.display_name, concept_kind = EXCLUDED.concept_kind, basis_expression = EXCLUDED.basis_expression, arity = EXCLUDED.arity, source_tables = EXCLUDED.source_tables, introduced_by_loop = EXCLUDED.introduced_by_loop, superseded_by_concept = EXCLUDED.superseded_by_concept, status = EXCLUDED.status;

INSERT INTO tsp_concept_registry (tsp_concept_id, display_name, concept_kind, basis_expression, arity, source_tables, introduced_by_loop, superseded_by_concept, status)
VALUES ('coined-convergence-prediction', 'Convergence Prediction', 'COINED_PREDICATE', 'PROVENANCE+CARDINALITY', 1, 'TSPConvergenceMeasurements', 'tsp-loop-597', NULL, 'ACTIVE_DERIVED') ON CONFLICT (tsp_concept_id) DO UPDATE SET display_name = EXCLUDED.display_name, concept_kind = EXCLUDED.concept_kind, basis_expression = EXCLUDED.basis_expression, arity = EXCLUDED.arity, source_tables = EXCLUDED.source_tables, introduced_by_loop = EXCLUDED.introduced_by_loop, superseded_by_concept = EXCLUDED.superseded_by_concept, status = EXCLUDED.status;

INSERT INTO tsp_concept_registry (tsp_concept_id, display_name, concept_kind, basis_expression, arity, source_tables, introduced_by_loop, superseded_by_concept, status)
VALUES ('coined-predicate-basis', 'Predicate Basis', 'COINED_PREDICATE', 'CARDINALITY(PRIMITIVE_CONCEPTS)+PROVENANCE(DEFINITIONS)', 1, 'TSPConceptRegistry', 'tsp-loop-598', NULL, 'ACTIVE_DERIVED') ON CONFLICT (tsp_concept_id) DO UPDATE SET display_name = EXCLUDED.display_name, concept_kind = EXCLUDED.concept_kind, basis_expression = EXCLUDED.basis_expression, arity = EXCLUDED.arity, source_tables = EXCLUDED.source_tables, introduced_by_loop = EXCLUDED.introduced_by_loop, superseded_by_concept = EXCLUDED.superseded_by_concept, status = EXCLUDED.status;

INSERT INTO tsp_concept_registry (tsp_concept_id, display_name, concept_kind, basis_expression, arity, source_tables, introduced_by_loop, superseded_by_concept, status)
VALUES ('coined-commitment-lattice', 'Commitment Lattice', 'COINED_PREDICATE', 'COMMITMENT(Edge,Rank,Polarity,Scope)+PROVENANCE', 2, 'TSPEdgeStates,TSPConstraintDecisions', 'tsp-loop-599', NULL, 'ACTIVE_DERIVED') ON CONFLICT (tsp_concept_id) DO UPDATE SET display_name = EXCLUDED.display_name, concept_kind = EXCLUDED.concept_kind, basis_expression = EXCLUDED.basis_expression, arity = EXCLUDED.arity, source_tables = EXCLUDED.source_tables, introduced_by_loop = EXCLUDED.introduced_by_loop, superseded_by_concept = EXCLUDED.superseded_by_concept, status = EXCLUDED.status;

INSERT INTO tsp_concept_registry (tsp_concept_id, display_name, concept_kind, basis_expression, arity, source_tables, introduced_by_loop, superseded_by_concept, status)
VALUES ('coined-incidence-budget', 'Incidence Budget', 'COINED_PREDICATE', 'CARDINALITY(INCIDENCE(CommittedEdge,Stop))', 2, 'LocalDegreeBounds,TourStops,TSPEdgeSetStopDegrees,TSPConstraintDecisions', 'tsp-loop-600', NULL, 'ACTIVE_DERIVED') ON CONFLICT (tsp_concept_id) DO UPDATE SET display_name = EXCLUDED.display_name, concept_kind = EXCLUDED.concept_kind, basis_expression = EXCLUDED.basis_expression, arity = EXCLUDED.arity, source_tables = EXCLUDED.source_tables, introduced_by_loop = EXCLUDED.introduced_by_loop, superseded_by_concept = EXCLUDED.superseded_by_concept, status = EXCLUDED.status;

INSERT INTO tsp_concept_registry (tsp_concept_id, display_name, concept_kind, basis_expression, arity, source_tables, introduced_by_loop, superseded_by_concept, status)
VALUES ('coined-defect-vector', 'Defect Vector', 'COINED_PREDICATE', 'CARDINALITY(INCIDENCE_DEFECT,CONNECTIVITY_DEFECT,BOUNDARY_DEFECT)+WEIGHT(COST_GAP)', 1, 'TSPDefectProfiles', 'tsp-loop-601', NULL, 'ACTIVE_DERIVED') ON CONFLICT (tsp_concept_id) DO UPDATE SET display_name = EXCLUDED.display_name, concept_kind = EXCLUDED.concept_kind, basis_expression = EXCLUDED.basis_expression, arity = EXCLUDED.arity, source_tables = EXCLUDED.source_tables, introduced_by_loop = EXCLUDED.introduced_by_loop, superseded_by_concept = EXCLUDED.superseded_by_concept, status = EXCLUDED.status;

INSERT INTO tsp_concept_registry (tsp_concept_id, display_name, concept_kind, basis_expression, arity, source_tables, introduced_by_loop, superseded_by_concept, status)
VALUES ('coined-cut-parity', 'Cut Parity', 'COINED_PREDICATE', 'CARDINALITY(INCIDENCE(CycleEdge,Cut)) + CONNECTIVITY', 2, 'TSPBoundTerms,TSPDefectProfiles', 'tsp-loop-602', NULL, 'ACTIVE_DERIVED') ON CONFLICT (tsp_concept_id) DO UPDATE SET display_name = EXCLUDED.display_name, concept_kind = EXCLUDED.concept_kind, basis_expression = EXCLUDED.basis_expression, arity = EXCLUDED.arity, source_tables = EXCLUDED.source_tables, introduced_by_loop = EXCLUDED.introduced_by_loop, superseded_by_concept = EXCLUDED.superseded_by_concept, status = EXCLUDED.status;

INSERT INTO tsp_concept_registry (tsp_concept_id, display_name, concept_kind, basis_expression, arity, source_tables, introduced_by_loop, superseded_by_concept, status)
VALUES ('coined-component-repair-bound', 'Component Repair Bound', 'COINED_PREDICATE', 'WEIGHT(Base)+WEIGHT(MandatoryInsertions)-WEIGHT(NecessaryReleases)+CONNECTIVITY', 1, 'TSPBoundTerms,InstanceLowerBounds,TSPDefectProfiles', 'tsp-loop-603', NULL, 'ACTIVE_DERIVED') ON CONFLICT (tsp_concept_id) DO UPDATE SET display_name = EXCLUDED.display_name, concept_kind = EXCLUDED.concept_kind, basis_expression = EXCLUDED.basis_expression, arity = EXCLUDED.arity, source_tables = EXCLUDED.source_tables, introduced_by_loop = EXCLUDED.introduced_by_loop, superseded_by_concept = EXCLUDED.superseded_by_concept, status = EXCLUDED.status;

INSERT INTO tsp_concept_registry (tsp_concept_id, display_name, concept_kind, basis_expression, arity, source_tables, introduced_by_loop, superseded_by_concept, status)
VALUES ('coined-bound-sandwich', 'Bound Sandwich', 'COINED_PREDICATE', 'WEIGHT(Lower)<=WEIGHT(Witness)<=WEIGHT(Upper)+PROVENANCE', 1, 'InstanceLowerBounds,CandidateTours,OptimalityCertificates', 'tsp-loop-604', NULL, 'ACTIVE_DERIVED') ON CONFLICT (tsp_concept_id) DO UPDATE SET display_name = EXCLUDED.display_name, concept_kind = EXCLUDED.concept_kind, basis_expression = EXCLUDED.basis_expression, arity = EXCLUDED.arity, source_tables = EXCLUDED.source_tables, introduced_by_loop = EXCLUDED.introduced_by_loop, superseded_by_concept = EXCLUDED.superseded_by_concept, status = EXCLUDED.status;

INSERT INTO tsp_concept_registry (tsp_concept_id, display_name, concept_kind, basis_expression, arity, source_tables, introduced_by_loop, superseded_by_concept, status)
VALUES ('coined-witness-normal-form', 'Witness Normal Form', 'COINED_PREDICATE', 'MEMBERSHIP+INCIDENCE+CARDINALITY+ORDER+WEIGHT+CONNECTIVITY+PROVENANCE', 1, 'CandidateTours,TSPRouteReconstructions,TSPClusterBoundaryStates,TSPWitnessNormalForms', 'tsp-loop-605', NULL, 'ACTIVE_DERIVED') ON CONFLICT (tsp_concept_id) DO UPDATE SET display_name = EXCLUDED.display_name, concept_kind = EXCLUDED.concept_kind, basis_expression = EXCLUDED.basis_expression, arity = EXCLUDED.arity, source_tables = EXCLUDED.source_tables, introduced_by_loop = EXCLUDED.introduced_by_loop, superseded_by_concept = EXCLUDED.superseded_by_concept, status = EXCLUDED.status;

INSERT INTO tsp_concept_registry (tsp_concept_id, display_name, concept_kind, basis_expression, arity, source_tables, introduced_by_loop, superseded_by_concept, status)
VALUES ('coined-boundary-signature', 'Boundary Signature', 'COINED_PREDICATE', 'MEMBERSHIP(Scope)+ORDER(Entry,Exit)+CARDINALITY(Coverage)+WEIGHT(Path)', 1, 'TSPClusterBoundaryStates,TSPWitnessNormalForms', 'tsp-loop-606', NULL, 'ACTIVE_DERIVED') ON CONFLICT (tsp_concept_id) DO UPDATE SET display_name = EXCLUDED.display_name, concept_kind = EXCLUDED.concept_kind, basis_expression = EXCLUDED.basis_expression, arity = EXCLUDED.arity, source_tables = EXCLUDED.source_tables, introduced_by_loop = EXCLUDED.introduced_by_loop, superseded_by_concept = EXCLUDED.superseded_by_concept, status = EXCLUDED.status;

INSERT INTO tsp_concept_registry (tsp_concept_id, display_name, concept_kind, basis_expression, arity, source_tables, introduced_by_loop, superseded_by_concept, status)
VALUES ('coined-semantic-quotient', 'Semantic Quotient', 'COINED_PREDICATE', 'PROVENANCE(Equivalence)+CARDINALITY(Classes)+BOUNDARY_SIGNATURE', 1, 'TSPClusterBoundaryStates,TSPClusterContractionCertificates', 'tsp-loop-607', NULL, 'ACTIVE_DERIVED') ON CONFLICT (tsp_concept_id) DO UPDATE SET display_name = EXCLUDED.display_name, concept_kind = EXCLUDED.concept_kind, basis_expression = EXCLUDED.basis_expression, arity = EXCLUDED.arity, source_tables = EXCLUDED.source_tables, introduced_by_loop = EXCLUDED.introduced_by_loop, superseded_by_concept = EXCLUDED.superseded_by_concept, status = EXCLUDED.status;

INSERT INTO tsp_concept_registry (tsp_concept_id, display_name, concept_kind, basis_expression, arity, source_tables, introduced_by_loop, superseded_by_concept, status)
VALUES ('coined-component-quotient', 'Component Quotient', 'COINED_PREDICATE', 'CONNECTIVITY(Component)+BOUNDARY_SIGNATURE+CARDINALITY(BoundaryDegree)', 1, 'Neighborhoods,TSPDefectProfiles,TSPClusterBoundaryStates', 'tsp-loop-608', NULL, 'ACTIVE_DERIVED') ON CONFLICT (tsp_concept_id) DO UPDATE SET display_name = EXCLUDED.display_name, concept_kind = EXCLUDED.concept_kind, basis_expression = EXCLUDED.basis_expression, arity = EXCLUDED.arity, source_tables = EXCLUDED.source_tables, introduced_by_loop = EXCLUDED.introduced_by_loop, superseded_by_concept = EXCLUDED.superseded_by_concept, status = EXCLUDED.status;

INSERT INTO tsp_concept_registry (tsp_concept_id, display_name, concept_kind, basis_expression, arity, source_tables, introduced_by_loop, superseded_by_concept, status)
VALUES ('coined-closure-event', 'Closure Event', 'COINED_PREDICATE', 'PROVENANCE(Rule,Input,Output)+COMMITMENT(Decisions)+CARDINALITY(Antecedents)', 1, 'TSPInferenceApplications,TSPInferenceStates,TSPInferenceAntecedents,TSPEdgeSupports,TSPConstraintRounds,TSPConstraintDecisions', 'tsp-loop-609', NULL, 'ACTIVE_DERIVED') ON CONFLICT (tsp_concept_id) DO UPDATE SET display_name = EXCLUDED.display_name, concept_kind = EXCLUDED.concept_kind, basis_expression = EXCLUDED.basis_expression, arity = EXCLUDED.arity, source_tables = EXCLUDED.source_tables, introduced_by_loop = EXCLUDED.introduced_by_loop, superseded_by_concept = EXCLUDED.superseded_by_concept, status = EXCLUDED.status;

INSERT INTO tsp_concept_registry (tsp_concept_id, display_name, concept_kind, basis_expression, arity, source_tables, introduced_by_loop, superseded_by_concept, status)
VALUES ('coined-convergence-event', 'Convergence Event', 'COINED_PREDICATE', 'PROVENANCE(BasisStability)+CARDINALITY(Compression,CoinedTerms,PhysicalGrowth)', 1, 'TSPConvergenceMeasurements,TSPConceptRegistry', 'tsp-loop-610', NULL, 'ACTIVE_DERIVED') ON CONFLICT (tsp_concept_id) DO UPDATE SET display_name = EXCLUDED.display_name, concept_kind = EXCLUDED.concept_kind, basis_expression = EXCLUDED.basis_expression, arity = EXCLUDED.arity, source_tables = EXCLUDED.source_tables, introduced_by_loop = EXCLUDED.introduced_by_loop, superseded_by_concept = EXCLUDED.superseded_by_concept, status = EXCLUDED.status;

-- ----------------------------------------------------------------------------
-- SearchMetrics: Quantitative record of how much combinatorial search remains after each represented inference stage.
-- ----------------------------------------------------------------------------
INSERT INTO search_metrics (search_metric_id, tsp_instance, tsp_loop, search_question, candidate_tour, raw_node_count, raw_edge_count, forced_edge_count, forbidden_edge_count, symmetry_class_count, component_contraction_count, branch_count_before, branch_count_after, backtrack_count, residual_ambiguity_count, status)
VALUES ('search-baseline-gridville-5', 'tsp-gridville-5', 'tsp-loop-581', 'DISCOVER_ROUTE_WITHOUT_SUPPLIED_CANDIDATE', NULL, 5, 10, 0, 0, 12, 0, 12, 12, 0, 12, 'ROUTE_DISCOVERY_BASELINE_NO_CLOSURE') ON CONFLICT (search_metric_id) DO UPDATE SET tsp_instance = EXCLUDED.tsp_instance, tsp_loop = EXCLUDED.tsp_loop, search_question = EXCLUDED.search_question, candidate_tour = EXCLUDED.candidate_tour, raw_node_count = EXCLUDED.raw_node_count, raw_edge_count = EXCLUDED.raw_edge_count, forced_edge_count = EXCLUDED.forced_edge_count, forbidden_edge_count = EXCLUDED.forbidden_edge_count, symmetry_class_count = EXCLUDED.symmetry_class_count, component_contraction_count = EXCLUDED.component_contraction_count, branch_count_before = EXCLUDED.branch_count_before, branch_count_after = EXCLUDED.branch_count_after, backtrack_count = EXCLUDED.backtrack_count, residual_ambiguity_count = EXCLUDED.residual_ambiguity_count, status = EXCLUDED.status;

INSERT INTO search_metrics (search_metric_id, tsp_instance, tsp_loop, search_question, candidate_tour, raw_node_count, raw_edge_count, forced_edge_count, forbidden_edge_count, symmetry_class_count, component_contraction_count, branch_count_before, branch_count_after, backtrack_count, residual_ambiguity_count, status)
VALUES ('search-optimality-verification-gridville-5', 'tsp-gridville-5', 'tsp-loop-586', 'VERIFY_OPTIMALITY_OF_SUPPLIED_CANDIDATE', 'tour-reference-ring', 5, 10, 0, 0, 12, 0, 12, 0, 0, 0, 'OPTIMALITY_VERIFICATION_CLOSED_BY_BOUND_EQUALITY') ON CONFLICT (search_metric_id) DO UPDATE SET tsp_instance = EXCLUDED.tsp_instance, tsp_loop = EXCLUDED.tsp_loop, search_question = EXCLUDED.search_question, candidate_tour = EXCLUDED.candidate_tour, raw_node_count = EXCLUDED.raw_node_count, raw_edge_count = EXCLUDED.raw_edge_count, forced_edge_count = EXCLUDED.forced_edge_count, forbidden_edge_count = EXCLUDED.forbidden_edge_count, symmetry_class_count = EXCLUDED.symmetry_class_count, component_contraction_count = EXCLUDED.component_contraction_count, branch_count_before = EXCLUDED.branch_count_before, branch_count_after = EXCLUDED.branch_count_after, backtrack_count = EXCLUDED.backtrack_count, residual_ambiguity_count = EXCLUDED.residual_ambiguity_count, status = EXCLUDED.status;

-- ----------------------------------------------------------------------------
-- TSPInvariantChecks: Rulebook-native acceptance checks comparing expected raw outcomes to derived candidate-tour fields.
-- ----------------------------------------------------------------------------
INSERT INTO tsp_invariant_checks (tsp_invariant_check_id, display_name, candidate_tour, expected_hamiltonian_cycle_witness, expected_optimality_proved, expected_total_travel_cost)
VALUES ('check-reference-route', 'Reference route validates and matches the certified finite-instance lower bound', 'tour-reference-ring', TRUE, TRUE, 14) ON CONFLICT (tsp_invariant_check_id) DO UPDATE SET display_name = EXCLUDED.display_name, candidate_tour = EXCLUDED.candidate_tour, expected_hamiltonian_cycle_witness = EXCLUDED.expected_hamiltonian_cycle_witness, expected_optimality_proved = EXCLUDED.expected_optimality_proved, expected_total_travel_cost = EXCLUDED.expected_total_travel_cost;

INSERT INTO tsp_invariant_checks (tsp_invariant_check_id, display_name, candidate_tour, expected_hamiltonian_cycle_witness, expected_optimality_proved, expected_total_travel_cost)
VALUES ('check-duplicate-route', 'Duplicate-stop route is rejected', 'tour-duplicate-b', FALSE, FALSE, 17) ON CONFLICT (tsp_invariant_check_id) DO UPDATE SET display_name = EXCLUDED.display_name, candidate_tour = EXCLUDED.candidate_tour, expected_hamiltonian_cycle_witness = EXCLUDED.expected_hamiltonian_cycle_witness, expected_optimality_proved = EXCLUDED.expected_optimality_proved, expected_total_travel_cost = EXCLUDED.expected_total_travel_cost;

INSERT INTO tsp_invariant_checks (tsp_invariant_check_id, display_name, candidate_tour, expected_hamiltonian_cycle_witness, expected_optimality_proved, expected_total_travel_cost)
VALUES ('check-missing-close-duplicate-transition', 'Locally legal legs cannot hide duplicated and missing global transitions', 'tour-missing-close-duplicate-ab', FALSE, FALSE, 13) ON CONFLICT (tsp_invariant_check_id) DO UPDATE SET display_name = EXCLUDED.display_name, candidate_tour = EXCLUDED.candidate_tour, expected_hamiltonian_cycle_witness = EXCLUDED.expected_hamiltonian_cycle_witness, expected_optimality_proved = EXCLUDED.expected_optimality_proved, expected_total_travel_cost = EXCLUDED.expected_total_travel_cost;

INSERT INTO tsp_invariant_checks (tsp_invariant_check_id, display_name, candidate_tour, expected_hamiltonian_cycle_witness, expected_optimality_proved, expected_total_travel_cost)
VALUES ('check-twin-component-repair-optimality', 'Twin candidate matches the component-repair lower bound', 'tour-twin-triangles-feasible-24', TRUE, TRUE, 24) ON CONFLICT (tsp_invariant_check_id) DO UPDATE SET display_name = EXCLUDED.display_name, candidate_tour = EXCLUDED.candidate_tour, expected_hamiltonian_cycle_witness = EXCLUDED.expected_hamiltonian_cycle_witness, expected_optimality_proved = EXCLUDED.expected_optimality_proved, expected_total_travel_cost = EXCLUDED.expected_total_travel_cost;

