-- ============================================================================
-- INSERT DATA - Load data from rulebook
-- ============================================================================
-- Generated by rulebook-to-postgres tool
-- Mode: check-add    Stage: dev
-- ============================================================================

-- ----------------------------------------------------------------------------
-- TransactionTypes: Table: TransactionTypes
-- ----------------------------------------------------------------------------
INSERT INTO transaction_types (transaction_type_id, description)
VALUES ('PURCHASE', 'Stock received from supplier') ON CONFLICT (transaction_type_id) DO NOTHING;

INSERT INTO transaction_types (transaction_type_id, description)
VALUES ('SALE', 'Stock sold to customer') ON CONFLICT (transaction_type_id) DO NOTHING;

INSERT INTO transaction_types (transaction_type_id, description)
VALUES ('ADJUSTMENT', 'Inventory correction or damage write-off') ON CONFLICT (transaction_type_id) DO NOTHING;

-- ----------------------------------------------------------------------------
-- Products: Table: Products
-- ----------------------------------------------------------------------------
INSERT INTO products (product_id, unit_price, reorder_level)
VALUES ('WIDGET-A', 12.99, 50) ON CONFLICT (product_id) DO NOTHING;

INSERT INTO products (product_id, unit_price, reorder_level)
VALUES ('GADGET-B', 24.5, 30) ON CONFLICT (product_id) DO NOTHING;

INSERT INTO products (product_id, unit_price, reorder_level)
VALUES ('PART-C', 5.0, 100) ON CONFLICT (product_id) DO NOTHING;

INSERT INTO products (product_id, unit_price, reorder_level)
VALUES ('TOOL-D', 99.99, 10) ON CONFLICT (product_id) DO NOTHING;

-- ----------------------------------------------------------------------------
-- Transactions: Table: Transactions
-- ----------------------------------------------------------------------------
INSERT INTO transactions (transaction_id, product, transaction_type, quantity, transaction_date, notes)
VALUES ('TXN-001', 'WIDGET-A', 'PURCHASE', 100, '2026-05-01T10:00:00Z', 'Initial stock delivery') ON CONFLICT (transaction_id) DO NOTHING;

INSERT INTO transactions (transaction_id, product, transaction_type, quantity, transaction_date, notes)
VALUES ('TXN-002', 'WIDGET-A', 'SALE', -25, '2026-05-05T14:30:00Z', 'Bulk order') ON CONFLICT (transaction_id) DO NOTHING;

INSERT INTO transactions (transaction_id, product, transaction_type, quantity, transaction_date, notes)
VALUES ('TXN-003', 'WIDGET-A', 'SALE', -30, '2026-05-10T09:00:00Z', 'Customer purchase') ON CONFLICT (transaction_id) DO NOTHING;

INSERT INTO transactions (transaction_id, product, transaction_type, quantity, transaction_date, notes)
VALUES ('TXN-004', 'GADGET-B', 'PURCHASE', 50, '2026-05-02T11:00:00Z', NULL) ON CONFLICT (transaction_id) DO NOTHING;

INSERT INTO transactions (transaction_id, product, transaction_type, quantity, transaction_date, notes)
VALUES ('TXN-005', 'GADGET-B', 'SALE', -35, '2026-05-08T13:15:00Z', 'Order fulfillment') ON CONFLICT (transaction_id) DO NOTHING;

INSERT INTO transactions (transaction_id, product, transaction_type, quantity, transaction_date, notes)
VALUES ('TXN-006', 'PART-C', 'PURCHASE', 200, '2026-05-01T08:00:00Z', 'Bulk purchase from supplier') ON CONFLICT (transaction_id) DO NOTHING;

INSERT INTO transactions (transaction_id, product, transaction_type, quantity, transaction_date, notes)
VALUES ('TXN-007', 'PART-C', 'SALE', -80, '2026-05-06T10:30:00Z', NULL) ON CONFLICT (transaction_id) DO NOTHING;

INSERT INTO transactions (transaction_id, product, transaction_type, quantity, transaction_date, notes)
VALUES ('TXN-008', 'PART-C', 'SALE', -50, '2026-05-12T15:45:00Z', 'Retail sale') ON CONFLICT (transaction_id) DO NOTHING;

INSERT INTO transactions (transaction_id, product, transaction_type, quantity, transaction_date, notes)
VALUES ('TXN-009', 'TOOL-D', 'PURCHASE', 8, '2026-05-03T09:30:00Z', 'Premium tool restock') ON CONFLICT (transaction_id) DO NOTHING;

INSERT INTO transactions (transaction_id, product, transaction_type, quantity, transaction_date, notes)
VALUES ('TXN-010', 'TOOL-D', 'SALE', -3, '2026-05-09T16:00:00Z', 'Professional customer order') ON CONFLICT (transaction_id) DO NOTHING;

