-- ============================================================================
-- INSERT DATA - Load data from rulebook
-- ============================================================================
-- Generated by rulebook-to-postgres tool
-- Mode: check-add    Stage: dev
-- ============================================================================

-- ----------------------------------------------------------------------------
-- Users: Dev-login identities for the demo app. Email is the PK.
-- ----------------------------------------------------------------------------
INSERT INTO users (users_id, email, first_name, last_name, role)
VALUES ('alice@example.com', 'alice@example.com', 'Alice', 'Anderson', 'admin') ON CONFLICT (users_id) DO NOTHING;

INSERT INTO users (users_id, email, first_name, last_name, role)
VALUES ('bob@example.com', 'bob@example.com', 'Bob', 'Baker', 'viewer') ON CONFLICT (users_id) DO NOTHING;

-- ----------------------------------------------------------------------------
-- Customers: A CRM contact. Email is the PK.
-- ----------------------------------------------------------------------------
INSERT INTO customers (customers_id, email, first_name, last_name)
VALUES ('ada.lovelace@analytical.engine', 'ada.lovelace@analytical.engine', 'Ada', 'Lovelace') ON CONFLICT (customers_id) DO NOTHING;

INSERT INTO customers (customers_id, email, first_name, last_name)
VALUES ('grace.hopper@nautical.mil', 'grace.hopper@nautical.mil', 'Grace', 'Hopper') ON CONFLICT (customers_id) DO NOTHING;

INSERT INTO customers (customers_id, email, first_name, last_name)
VALUES ('alan.turing@bletchley.uk', 'alan.turing@bletchley.uk', 'Alan', 'Turing') ON CONFLICT (customers_id) DO NOTHING;

INSERT INTO customers (customers_id, email, first_name, last_name)
VALUES ('katherine.johnson@nasa.gov', 'katherine.johnson@nasa.gov', 'Katherine', 'Johnson') ON CONFLICT (customers_id) DO NOTHING;

INSERT INTO customers (customers_id, email, first_name, last_name)
VALUES ('linus.torvalds@kernel.org', 'linus.torvalds@kernel.org', 'Linus', 'Torvalds') ON CONFLICT (customers_id) DO NOTHING;

-- ----------------------------------------------------------------------------
-- Orders: A customer order. OrderNumber is the PK.
-- ----------------------------------------------------------------------------
INSERT INTO orders (orders_id, order_number, order_date, customer, total)
VALUES ('ORD-1001', 'ORD-1001', '2026-01-15', 'ada.lovelace@analytical.engine', 250.00) ON CONFLICT (orders_id) DO NOTHING;

INSERT INTO orders (orders_id, order_number, order_date, customer, total)
VALUES ('ORD-1002', 'ORD-1002', '2026-02-03', 'ada.lovelace@analytical.engine', 875.00) ON CONFLICT (orders_id) DO NOTHING;

INSERT INTO orders (orders_id, order_number, order_date, customer, total)
VALUES ('ORD-1003', 'ORD-1003', '2026-02-20', 'grace.hopper@nautical.mil', 1499.99) ON CONFLICT (orders_id) DO NOTHING;

INSERT INTO orders (orders_id, order_number, order_date, customer, total)
VALUES ('ORD-1004', 'ORD-1004', '2026-03-10', 'grace.hopper@nautical.mil', 320.50) ON CONFLICT (orders_id) DO NOTHING;

INSERT INTO orders (orders_id, order_number, order_date, customer, total)
VALUES ('ORD-1005', 'ORD-1005', '2026-03-22', 'alan.turing@bletchley.uk', 99.00) ON CONFLICT (orders_id) DO NOTHING;

INSERT INTO orders (orders_id, order_number, order_date, customer, total)
VALUES ('ORD-1006', 'ORD-1006', '2026-04-01', 'katherine.johnson@nasa.gov', 540.00) ON CONFLICT (orders_id) DO NOTHING;

INSERT INTO orders (orders_id, order_number, order_date, customer, total)
VALUES ('ORD-1007', 'ORD-1007', '2026-04-12', 'katherine.johnson@nasa.gov', 612.00) ON CONFLICT (orders_id) DO NOTHING;

INSERT INTO orders (orders_id, order_number, order_date, customer, total)
VALUES ('ORD-1008', 'ORD-1008', '2026-04-28', 'linus.torvalds@kernel.org', 2400.00) ON CONFLICT (orders_id) DO NOTHING;

INSERT INTO orders (orders_id, order_number, order_date, customer, total)
VALUES ('ORD-1009', 'ORD-1009', '2026-05-05', 'linus.torvalds@kernel.org', 180.00) ON CONFLICT (orders_id) DO NOTHING;

INSERT INTO orders (orders_id, order_number, order_date, customer, total)
VALUES ('ORD-1010', 'ORD-1010', '2026-05-15', 'ada.lovelace@analytical.engine', 50.00) ON CONFLICT (orders_id) DO NOTHING;

-- ----------------------------------------------------------------------------
-- Payments: A payment recorded against an order. PaymentNumber is the PK.
-- ----------------------------------------------------------------------------
INSERT INTO payments (payments_id, payment_number, order_id, payment_date, amount, method)
VALUES ('PMT-2001', 'PMT-2001', 'ORD-1001', '2026-01-16', 250.00, 'card') ON CONFLICT (payments_id) DO NOTHING;

INSERT INTO payments (payments_id, payment_number, order_id, payment_date, amount, method)
VALUES ('PMT-2002', 'PMT-2002', 'ORD-1002', '2026-02-04', 500.00, 'card') ON CONFLICT (payments_id) DO NOTHING;

INSERT INTO payments (payments_id, payment_number, order_id, payment_date, amount, method)
VALUES ('PMT-2003', 'PMT-2003', 'ORD-1002', '2026-02-18', 375.00, 'ach') ON CONFLICT (payments_id) DO NOTHING;

INSERT INTO payments (payments_id, payment_number, order_id, payment_date, amount, method)
VALUES ('PMT-2004', 'PMT-2004', 'ORD-1003', '2026-02-21', 1000.00, 'wire') ON CONFLICT (payments_id) DO NOTHING;

INSERT INTO payments (payments_id, payment_number, order_id, payment_date, amount, method)
VALUES ('PMT-2005', 'PMT-2005', 'ORD-1005', '2026-03-23', 99.00, 'cash') ON CONFLICT (payments_id) DO NOTHING;

INSERT INTO payments (payments_id, payment_number, order_id, payment_date, amount, method)
VALUES ('PMT-2006', 'PMT-2006', 'ORD-1006', '2026-04-02', 540.00, 'check') ON CONFLICT (payments_id) DO NOTHING;

INSERT INTO payments (payments_id, payment_number, order_id, payment_date, amount, method)
VALUES ('PMT-2007', 'PMT-2007', 'ORD-1008', '2026-04-29', 1200.00, 'wire') ON CONFLICT (payments_id) DO NOTHING;

INSERT INTO payments (payments_id, payment_number, order_id, payment_date, amount, method)
VALUES ('PMT-2008', 'PMT-2008', 'ORD-1008', '2026-05-10', 1200.00, 'wire') ON CONFLICT (payments_id) DO NOTHING;

INSERT INTO payments (payments_id, payment_number, order_id, payment_date, amount, method)
VALUES ('PMT-2009', 'PMT-2009', 'ORD-1010', '2026-05-16', 50.00, 'card') ON CONFLICT (payments_id) DO NOTHING;

-- ----------------------------------------------------------------------------
-- JetModels: Catalog of fighter-jet airframes that flight-control systems are built for. ModelCode is the PK.
-- ----------------------------------------------------------------------------
INSERT INTO jet_models (jet_models_id, model_code, manufacturer, generation)
VALUES ('F-16C', 'F-16C', 'Lockheed Martin', 4) ON CONFLICT (jet_models_id) DO NOTHING;

INSERT INTO jet_models (jet_models_id, model_code, manufacturer, generation)
VALUES ('F-22A', 'F-22A', 'Lockheed Martin', 5) ON CONFLICT (jet_models_id) DO NOTHING;

INSERT INTO jet_models (jet_models_id, model_code, manufacturer, generation)
VALUES ('F-35A', 'F-35A', 'Lockheed Martin', 5) ON CONFLICT (jet_models_id) DO NOTHING;

INSERT INTO jet_models (jet_models_id, model_code, manufacturer, generation)
VALUES ('F-18E', 'F-18E', 'Boeing', 4) ON CONFLICT (jet_models_id) DO NOTHING;

INSERT INTO jet_models (jet_models_id, model_code, manufacturer, generation)
VALUES ('EF-2000', 'EF-2000', 'Eurofighter', 4) ON CONFLICT (jet_models_id) DO NOTHING;

-- ----------------------------------------------------------------------------
-- FlightControlSystems: Flight-control-system product variants. Each variant targets one jet model with a specific control architecture and redundancy level. FCSCode is the PK.
-- ----------------------------------------------------------------------------
INSERT INTO flight_control_systems (flight_control_systems_id, fcs_code, jet_model_id, architecture, redundancy_channels, unit_price)
VALUES ('FCS-F16-FBW3', 'FCS-F16-FBW3', 'F-16C', 'fly-by-wire', 3, 4.2) ON CONFLICT (flight_control_systems_id) DO NOTHING;

INSERT INTO flight_control_systems (flight_control_systems_id, fcs_code, jet_model_id, architecture, redundancy_channels, unit_price)
VALUES ('FCS-F16-HYB2', 'FCS-F16-HYB2', 'F-16C', 'analog-hybrid', 2, 2.1) ON CONFLICT (flight_control_systems_id) DO NOTHING;

INSERT INTO flight_control_systems (flight_control_systems_id, fcs_code, jet_model_id, architecture, redundancy_channels, unit_price)
VALUES ('FCS-F22-FBL4', 'FCS-F22-FBL4', 'F-22A', 'fly-by-light', 4, 18.5) ON CONFLICT (flight_control_systems_id) DO NOTHING;

INSERT INTO flight_control_systems (flight_control_systems_id, fcs_code, jet_model_id, architecture, redundancy_channels, unit_price)
VALUES ('FCS-F35-FBW4', 'FCS-F35-FBW4', 'F-35A', 'fly-by-wire', 4, 12.0) ON CONFLICT (flight_control_systems_id) DO NOTHING;

INSERT INTO flight_control_systems (flight_control_systems_id, fcs_code, jet_model_id, architecture, redundancy_channels, unit_price)
VALUES ('FCS-F18-FBW3', 'FCS-F18-FBW3', 'F-18E', 'fly-by-wire', 3, 5.8) ON CONFLICT (flight_control_systems_id) DO NOTHING;

INSERT INTO flight_control_systems (flight_control_systems_id, fcs_code, jet_model_id, architecture, redundancy_channels, unit_price)
VALUES ('FCS-EF2K-FBW4', 'FCS-EF2K-FBW4', 'EF-2000', 'fly-by-wire', 4, 9.3) ON CONFLICT (flight_control_systems_id) DO NOTHING;

-- ----------------------------------------------------------------------------
-- OrderLines: FCS line items on an order — links Orders to FlightControlSystems with a quantity. LineNumber is the PK.
-- ----------------------------------------------------------------------------
INSERT INTO order_lines (order_lines_id, line_number, order_id, fcs_id, quantity)
VALUES ('OL-3001', 'OL-3001', 'ORD-1003', 'FCS-F16-FBW3', 6) ON CONFLICT (order_lines_id) DO NOTHING;

INSERT INTO order_lines (order_lines_id, line_number, order_id, fcs_id, quantity)
VALUES ('OL-3002', 'OL-3002', 'ORD-1003', 'FCS-F16-HYB2', 2) ON CONFLICT (order_lines_id) DO NOTHING;

INSERT INTO order_lines (order_lines_id, line_number, order_id, fcs_id, quantity)
VALUES ('OL-3003', 'OL-3003', 'ORD-1006', 'FCS-F35-FBW4', 4) ON CONFLICT (order_lines_id) DO NOTHING;

INSERT INTO order_lines (order_lines_id, line_number, order_id, fcs_id, quantity)
VALUES ('OL-3004', 'OL-3004', 'ORD-1007', 'FCS-F22-FBL4', 2) ON CONFLICT (order_lines_id) DO NOTHING;

INSERT INTO order_lines (order_lines_id, line_number, order_id, fcs_id, quantity)
VALUES ('OL-3005', 'OL-3005', 'ORD-1007', 'FCS-F35-FBW4', 3) ON CONFLICT (order_lines_id) DO NOTHING;

INSERT INTO order_lines (order_lines_id, line_number, order_id, fcs_id, quantity)
VALUES ('OL-3006', 'OL-3006', 'ORD-1008', 'FCS-F18-FBW3', 8) ON CONFLICT (order_lines_id) DO NOTHING;

INSERT INTO order_lines (order_lines_id, line_number, order_id, fcs_id, quantity)
VALUES ('OL-3007', 'OL-3007', 'ORD-1008', 'FCS-EF2K-FBW4', 5) ON CONFLICT (order_lines_id) DO NOTHING;

INSERT INTO order_lines (order_lines_id, line_number, order_id, fcs_id, quantity)
VALUES ('OL-3008', 'OL-3008', 'ORD-1004', 'FCS-F16-FBW3', 1) ON CONFLICT (order_lines_id) DO NOTHING;

