-- ============================================================================
-- INSERT DATA - Load data from rulebook
-- ============================================================================
-- Generated by rulebook-to-postgres tool
-- Mode: drop-all    Stage: dev
-- PK strategy: string (FK values are rewritten to match each PK)
-- ============================================================================

-- ----------------------------------------------------------------------------
-- Workflows: Table: Workflows. The NTWF Workflow class — prov:Plan + schema:CreativeWork. Each workflow has Dublin Core metadata (title, description, identifier, created, modified), a lifecycle status from the SKOS scheme, and a collection of WorkflowSteps (ntwf:hasStep).
-- ----------------------------------------------------------------------------
INSERT INTO workflows (workflow_id, display_name, title, description, identifier, modified, created, staleness_threshold_months, workflow_status, workflow_steps)
VALUES ('production-deployment', 'Production Deployment', 'Production Deployment Workflow', 'The primary NTWF ABox example. A 5-step workflow for deploying software to production at Talisman''s Special Solutions. Steps involve a human Release Manager (step 1), an AI Risk Analysis Agent (step 2), a human Legal Compliance Reviewer at an Approval Gate (step 3), an automated CI/CD pipeline (step 4), and the Release Manager again for the post-deployment report (step 5). Demonstrates all three agent types, the delegation chain, artifact provenance, and DCAT dataset consumption.', 'WF-PROD-DEPLOY-001', '2026-04-03T00:00:00-05:00', '2026-01-10T00:00:00-06:00', 12, 'status-active', '') ON CONFLICT (workflow_id) DO NOTHING;

-- ----------------------------------------------------------------------------
-- WorkflowSteps: Table: WorkflowSteps. The NTWF WorkflowStep class — prov:Activity. Each step is first-class and individually addressable, belongs to one Workflow (ntwf:isStepOf), and is assigned to exactly one Role (ntwf:assignedRole). Step-to-step ordering is modeled in the StepPrecedence junction; the ApprovalGate subtype specializes a step via a 1:1 FK.
-- ----------------------------------------------------------------------------
INSERT INTO workflow_steps (workflow_step_id, display_name, workflow, sequence_position, assigned_role, requires_human_approval, step_duration_minutes, consumes_dataset, produces_artifacts, requires_artifacts, approval_gate, precedes, preceded_by)
VALUES ('prod-deploy-step-3', 'Release Approval Gate', 'production-deployment', 3, 'ntwf-release-manager-role', TRUE, 30, '', 'artifact-release-authorization', 'artifact-legal-clearance', 'ntwf-release-approval-gate', 'prec-3-4', 'prec-2-3') ON CONFLICT (workflow_step_id) DO NOTHING;

INSERT INTO workflow_steps (workflow_step_id, display_name, workflow, sequence_position, assigned_role, requires_human_approval, step_duration_minutes, consumes_dataset, produces_artifacts, requires_artifacts, approval_gate, precedes, preceded_by)
VALUES ('prod-deploy-step-2', 'Legal Compliance Review', 'production-deployment', 2, 'ntwf-legal-compliance-role', TRUE, 120, '', 'artifact-legal-clearance', 'artifact-risk-report', '', 'prec-2-3', 'prec-1-2') ON CONFLICT (workflow_step_id) DO NOTHING;

INSERT INTO workflow_steps (workflow_step_id, display_name, workflow, sequence_position, assigned_role, requires_human_approval, step_duration_minutes, consumes_dataset, produces_artifacts, requires_artifacts, approval_gate, precedes, preceded_by)
VALUES ('prod-deploy-step-5', 'Post-Deployment Health Check & Report', 'production-deployment', 5, 'ntwf-deployment-health-role', FALSE, 60, '', 'artifact-post-deploy-report', '', '', '', 'prec-4-5') ON CONFLICT (workflow_step_id) DO NOTHING;

INSERT INTO workflow_steps (workflow_step_id, display_name, workflow, sequence_position, assigned_role, requires_human_approval, step_duration_minutes, consumes_dataset, produces_artifacts, requires_artifacts, approval_gate, precedes, preceded_by)
VALUES ('prod-deploy-step-1', 'AI Risk Assessment', 'production-deployment', 1, 'ntwf-risk-analysis-role', FALSE, 15, 'ds-q1-2026-risk-metrics', 'artifact-risk-report', '', '', 'prec-1-2', '') ON CONFLICT (workflow_step_id) DO NOTHING;

INSERT INTO workflow_steps (workflow_step_id, display_name, workflow, sequence_position, assigned_role, requires_human_approval, step_duration_minutes, consumes_dataset, produces_artifacts, requires_artifacts, approval_gate, precedes, preceded_by)
VALUES ('prod-deploy-step-4', 'Automated Deployment Execution', 'production-deployment', 4, 'ntwf-ci-executor-role', FALSE, 45, '', 'artifact-deployment-log', 'artifact-release-authorization', '', 'prec-4-5', 'prec-3-4') ON CONFLICT (workflow_step_id) DO NOTHING;

-- ----------------------------------------------------------------------------
-- ApprovalGates: Table: ApprovalGates. The NTWF ApprovalGate class — rdfs:subClassOf WorkflowStep. Modeled as a class-table-inheritance subtype: each gate row shares identity with exactly one WorkflowStep (via the WorkflowStep 1:1 FK) and carries only the gate-specific attribute, escalationThresholdHours. The step it specializes keeps the common attributes (requiresHumanApproval, assigned role, etc.). This preserves the article's double-typing — a gate IS a step — without collapsing two DAG nodes into one.
-- ----------------------------------------------------------------------------
INSERT INTO approval_gates (approval_gate_id, display_name, workflow_step, escalation_threshold_hours)
VALUES ('ntwf-release-approval-gate', 'Release Approval Gate', 'prod-deploy-step-3', 4) ON CONFLICT (approval_gate_id) DO NOTHING;

-- ----------------------------------------------------------------------------
-- StepPrecedence: Table: StepPrecedence. The NTWF ntwf:precedesStep ordering relationship, modeled as a first-class step-to-step junction. Each row is one directed edge: FromStep precedes ToStep. ntwf:precedesStep is an owl:TransitiveProperty — the four asserted edges (1->2, 2->3, 3->4, 4->5) imply the full closure of ten ordering pairs (including 1->5, which is never asserted). Each edge is a first-class node in the DAG, never a 'helper' integer.
-- ----------------------------------------------------------------------------
INSERT INTO step_precedence (step_precedence_id, from_step, to_step)
VALUES ('prec-1-2', 'prod-deploy-step-1', 'prod-deploy-step-2') ON CONFLICT (step_precedence_id) DO NOTHING;

INSERT INTO step_precedence (step_precedence_id, from_step, to_step)
VALUES ('prec-2-3', 'prod-deploy-step-2', 'prod-deploy-step-3') ON CONFLICT (step_precedence_id) DO NOTHING;

INSERT INTO step_precedence (step_precedence_id, from_step, to_step)
VALUES ('prec-3-4', 'prod-deploy-step-3', 'prod-deploy-step-4') ON CONFLICT (step_precedence_id) DO NOTHING;

INSERT INTO step_precedence (step_precedence_id, from_step, to_step)
VALUES ('prec-4-5', 'prod-deploy-step-4', 'prod-deploy-step-5') ON CONFLICT (step_precedence_id) DO NOTHING;

-- ----------------------------------------------------------------------------
-- Roles: Table: Roles. The NTWF Role class — a custom root with no adequate standard match, declared disjoint with WorkflowStep and WorkflowArtifact. Roles are the heart of Heuristic 2 (role-agent separation): WorkflowSteps point to Roles; Roles point to exactly one agent (human, AI, or pipeline) via the polymorphic filledBy relationship. When personnel or models change, one filledBy triple changes and the workflow structure is untouched.
-- ----------------------------------------------------------------------------
INSERT INTO roles (role_id, display_name, label, comment, has_capability, filled_by_human_agent, filled_by_ai_agent, filled_by_automated_pipeline, owned_by, delegates_to, workflow_steps, from_delegates_to, role_assignments)
VALUES ('ntwf-ci-executor-role', 'CI/CD Executor', 'CI/CD Executor', 'Executes the automated build, test, and deployment sequence. Filled by an AutomatedPipeline. Demonstrates CQ3: this step does NOT require human approval.', 'cap-ci-execution', '', '', 'ntwf-ci-pipeline', 'ntwf-engineering', '', 'prod-deploy-step-4', '', NULL) ON CONFLICT (role_id) DO NOTHING;

INSERT INTO roles (role_id, display_name, label, comment, has_capability, filled_by_human_agent, filled_by_ai_agent, filled_by_automated_pipeline, owned_by, delegates_to, workflow_steps, from_delegates_to, role_assignments)
VALUES ('ntwf-cto-role', 'Chief Technology Officer', 'Chief Technology Officer', 'Top of the delegation chain. Has cap-executive-authorization. When both Release Manager and VP Engineering are unavailable, the CTO is the final escalation target.', 'cap-executive-authorization', 'ntwf-sarah-kim', '', '', 'ntwf-engineering', '', '', 'ntwf-vp-engineering-role', NULL) ON CONFLICT (role_id) DO NOTHING;

INSERT INTO roles (role_id, display_name, label, comment, has_capability, filled_by_human_agent, filled_by_ai_agent, filled_by_automated_pipeline, owned_by, delegates_to, workflow_steps, from_delegates_to, role_assignments)
VALUES ('ntwf-deployment-health-role', 'Deployment Health Agent', 'Deployment Health Agent', 'Generates the post-deployment health report by summarizing telemetry after a release. A role, not an identity — currently filled by the DeploymentHealth-AI agent (health-summarizer-v1.2.0), it could be reassigned to a human or a newer model without changing the workflow structure. Its RoleAssignments history records an earlier human-reviewer period and the agent-type transitions.', 'cap-risk-analysis', '', 'ntwf-health-ai', '', 'ntwf-engineering', '', 'prod-deploy-step-5', '', NULL) ON CONFLICT (role_id) DO NOTHING;

INSERT INTO roles (role_id, display_name, label, comment, has_capability, filled_by_human_agent, filled_by_ai_agent, filled_by_automated_pipeline, owned_by, delegates_to, workflow_steps, from_delegates_to, role_assignments)
VALUES ('ntwf-vp-engineering-role', 'VP of Engineering', 'VP of Engineering', 'First escalation target when Release Manager is unavailable. Demonstrates ntwf:delegatesTo chain: Release Manager → VP Engineering → CTO.', 'cap-human-judgment', 'ntwf-david-chen', '', '', 'ntwf-engineering', 'ntwf-cto-role', '', 'ntwf-release-manager-role', NULL) ON CONFLICT (role_id) DO NOTHING;

INSERT INTO roles (role_id, display_name, label, comment, has_capability, filled_by_human_agent, filled_by_ai_agent, filled_by_automated_pipeline, owned_by, delegates_to, workflow_steps, from_delegates_to, role_assignments)
VALUES ('ntwf-risk-analysis-role', 'Risk Analysis Agent', 'Risk Analysis Agent', 'Performs probabilistic risk scoring over the Q1 risk metrics dataset. This is a role, not an identity — filled by RiskAnalysis-AI today but could be replaced by a newer model version without changing the workflow structure.', 'cap-risk-analysis', '', 'ntwf-risk-ai', '', 'ntwf-engineering', '', 'prod-deploy-step-1', '', NULL) ON CONFLICT (role_id) DO NOTHING;

INSERT INTO roles (role_id, display_name, label, comment, has_capability, filled_by_human_agent, filled_by_ai_agent, filled_by_automated_pipeline, owned_by, delegates_to, workflow_steps, from_delegates_to, role_assignments)
VALUES ('ntwf-legal-compliance-role', 'Legal Compliance Reviewer', 'Legal Compliance Reviewer', 'Certifies that the deployment plan meets regulatory and contractual requirements. Must be a human agent — AI agents may not fill this role (requiresHumanApproval).', 'cap-legal-review', 'ntwf-james-okafor', '', '', 'ntwf-legal-dept', '', 'prod-deploy-step-2', '', NULL) ON CONFLICT (role_id) DO NOTHING;

INSERT INTO roles (role_id, display_name, label, comment, has_capability, filled_by_human_agent, filled_by_ai_agent, filled_by_automated_pipeline, owned_by, delegates_to, workflow_steps, from_delegates_to, role_assignments)
VALUES ('ntwf-release-manager-role', 'Release Manager', 'Release Manager', 'Owns the production deployment process. Fills the Release Approval Gate (step 3): the human authority who explicitly authorizes the release before the automated deployment runs. This is the CQ2 answer — gate -> Release Manager -> Maria Gonzalez. Top of the delegation chain (Release Manager -> VP Engineering -> CTO).', 'cap-human-judgment', 'ntwf-maria-gonzalez', '', '', 'ntwf-engineering', 'ntwf-vp-engineering-role', 'prod-deploy-step-3', '', NULL) ON CONFLICT (role_id) DO NOTHING;

-- ----------------------------------------------------------------------------
-- RoleAssignments: Table: RoleAssignments. The temporal history of ntwf:filledBy. Part IV (Change Management) requires that when a filledBy triple is updated the old triple is NOT deleted — it is timestamped and retained, or replaced with a versioned triple carrying a validity period. Each row is one filledBy binding with a ValidFrom / ValidTo validity period and the reason for the change, so that 'which agent was executing this step on March 1, 2026?' is answerable from the graph. The current binding on Roles.FilledBy* is the row whose ValidTo is blank (IsCurrent = TRUE); closed rows preserve provenance and chain of custody. This is the relational equivalent of Part IV's named-graph / versioned-triple retention practice.
-- ----------------------------------------------------------------------------
INSERT INTO role_assignments (role_assignment_id, role, filled_by_human_agent, filled_by_ai_agent, filled_by_automated_pipeline, valid_from, valid_to, reason, prior_filler_type)
VALUES ('asn-release-manager-maria', 'ntwf-release-manager-role', 'ntwf-maria-gonzalez', '', '', '2026-01-10', NULL, 'initial assignment', '') ON CONFLICT (role_assignment_id) DO NOTHING;

INSERT INTO role_assignments (role_assignment_id, role, filled_by_human_agent, filled_by_ai_agent, filled_by_automated_pipeline, valid_from, valid_to, reason, prior_filler_type)
VALUES ('asn-vp-eng-priya', 'ntwf-vp-engineering-role', 'ntwf-priya-nair', '', '', '2026-01-10', '2026-03-15', 'initial assignment', '') ON CONFLICT (role_assignment_id) DO NOTHING;

INSERT INTO role_assignments (role_assignment_id, role, filled_by_human_agent, filled_by_ai_agent, filled_by_automated_pipeline, valid_from, valid_to, reason, prior_filler_type)
VALUES ('asn-vp-eng-david', 'ntwf-vp-engineering-role', 'ntwf-david-chen', '', '', '2026-03-15', NULL, 'departure of prior holder / backfill', 'HumanAgent') ON CONFLICT (role_assignment_id) DO NOTHING;

INSERT INTO role_assignments (role_assignment_id, role, filled_by_human_agent, filled_by_ai_agent, filled_by_automated_pipeline, valid_from, valid_to, reason, prior_filler_type)
VALUES ('asn-deploy-health-ai-initial', 'ntwf-deployment-health-role', '', 'ntwf-health-ai', '', '2026-01-10', '2026-02-05', 'initial assignment (automated summarization)', '') ON CONFLICT (role_assignment_id) DO NOTHING;

INSERT INTO role_assignments (role_assignment_id, role, filled_by_human_agent, filled_by_ai_agent, filled_by_automated_pipeline, valid_from, valid_to, reason, prior_filler_type)
VALUES ('asn-deploy-health-human-audit', 'ntwf-deployment-health-role', 'ntwf-james-okafor', '', '', '2026-02-05', '2026-02-20', 'compliance reassignment: automated task assigned to a human for execution', 'AIAgent') ON CONFLICT (role_assignment_id) DO NOTHING;

INSERT INTO role_assignments (role_assignment_id, role, filled_by_human_agent, filled_by_ai_agent, filled_by_automated_pipeline, valid_from, valid_to, reason, prior_filler_type)
VALUES ('asn-deploy-health-ai-current', 'ntwf-deployment-health-role', '', 'ntwf-health-ai', '', '2026-02-20', NULL, 'model upgrade: returned to automated summarization (health-summarizer-v1.2.0)', 'HumanAgent') ON CONFLICT (role_assignment_id) DO NOTHING;

-- ----------------------------------------------------------------------------
-- Departments: Table: Departments. The NTWF Department class — schema:Organization. First-class entity that enables cross-department intersection queries (CQ7: which workflows involve both Engineering and Legal?). Roles are ownedBy a department.
-- ----------------------------------------------------------------------------
INSERT INTO departments (department_id, title, display_name, roles)
VALUES ('ntwf-engineering', 'Engineering', 'engineering', '') ON CONFLICT (department_id) DO NOTHING;

INSERT INTO departments (department_id, title, display_name, roles)
VALUES ('ntwf-legal-dept', 'Legal', 'legal', '') ON CONFLICT (department_id) DO NOTHING;

-- ----------------------------------------------------------------------------
-- HumanAgents: Table: HumanAgents. The NTWF HumanAgent class — foaf:Person + prov:Agent. The only agent type permitted to fill roles whose step has requiresHumanApproval. Disjoint with AIAgent and AutomatedPipeline.
-- ----------------------------------------------------------------------------
INSERT INTO human_agents (human_agent_id, name, display_name, mbox, roles, role_assignments)
VALUES ('ntwf-maria-gonzalez', 'Maria Gonzalez', 'Maria Gonzalez', 'maria.gonzalez@special-solutions.example', 'ntwf-release-manager-role', NULL) ON CONFLICT (human_agent_id) DO NOTHING;

INSERT INTO human_agents (human_agent_id, name, display_name, mbox, roles, role_assignments)
VALUES ('ntwf-david-chen', 'David Chen', 'David Chen', 'david.chen@special-solutions.example', 'ntwf-vp-engineering-role', NULL) ON CONFLICT (human_agent_id) DO NOTHING;

INSERT INTO human_agents (human_agent_id, name, display_name, mbox, roles, role_assignments)
VALUES ('ntwf-priya-nair', 'Priya Nair', 'Priya Nair', 'priya.nair@special-solutions.example', '', NULL) ON CONFLICT (human_agent_id) DO NOTHING;

INSERT INTO human_agents (human_agent_id, name, display_name, mbox, roles, role_assignments)
VALUES ('ntwf-james-okafor', 'James Okafor', 'James Okafor', 'james.okafor@special-solutions.example', 'ntwf-legal-compliance-role', NULL) ON CONFLICT (human_agent_id) DO NOTHING;

INSERT INTO human_agents (human_agent_id, name, display_name, mbox, roles, role_assignments)
VALUES ('ntwf-sarah-kim', 'Sarah Kim', 'Sarah Kim', 'sarah.kim@special-solutions.example', 'ntwf-cto-role', NULL) ON CONFLICT (human_agent_id) DO NOTHING;

-- ----------------------------------------------------------------------------
-- AIAgents: Table: AIAgents. The NTWF AIAgent class — prov:SoftwareAgent + ntwf:modelVersion. Distinguished from AutomatedPipeline by probabilistic (vs. deterministic) output semantics. Disjoint with HumanAgent and AutomatedPipeline. May never fill a role whose step has requiresHumanApproval.
-- ----------------------------------------------------------------------------
INSERT INTO ai_agents (ai_agent_id, name, title, display_name, model_version, deployed_on, roles, role_assignments, attributed_artifacts)
VALUES ('ntwf-risk-ai', 'RiskAnalysis-AI', 'Risk Analysis AI Agent', 'RiskAnalysis-AI', 'risk-classifier-v2.4.1', '2026-01-10', 'ntwf-risk-analysis-role', NULL, NULL) ON CONFLICT (ai_agent_id) DO NOTHING;

INSERT INTO ai_agents (ai_agent_id, name, title, display_name, model_version, deployed_on, roles, role_assignments, attributed_artifacts)
VALUES ('ntwf-health-ai', 'DeploymentHealth-AI', 'Deployment Health AI Agent', 'DeploymentHealth-AI', 'health-summarizer-v1.2.0', '2026-02-20', 'ntwf-deployment-health-role', NULL, NULL) ON CONFLICT (ai_agent_id) DO NOTHING;

-- ----------------------------------------------------------------------------
-- AutomatedPipelines: Table: AutomatedPipelines. The NTWF AutomatedPipeline class — prov:SoftwareAgent + schema:SoftwareApplication. Distinguished from AIAgent by deterministic (vs. probabilistic) output semantics. Disjoint with HumanAgent and AIAgent. Carries schema:name, not foaf:name.
-- ----------------------------------------------------------------------------
INSERT INTO automated_pipelines (automated_pipeline_id, name, description, display_name, roles, role_assignments)
VALUES ('ntwf-ci-pipeline', 'CI/CD Deploy Pipeline', 'Automated build, test, and deployment pipeline for production releases. Deterministic execution — no probabilistic output.', 'CI/CD Deploy Pipeline', 'ntwf-ci-executor-role', NULL) ON CONFLICT (automated_pipeline_id) DO NOTHING;

-- ----------------------------------------------------------------------------
-- WorkflowStatusConcepts: SKOS controlled vocabulary for workflow lifecycle states (ntwf:WorkflowStatusScheme). Part of the CBox. Concepts are shared across all workflows.
-- ----------------------------------------------------------------------------
INSERT INTO workflow_status_concepts (concept_id, pref_label, alt_label, definition, scope_note, workflows)
VALUES ('status-draft', 'Draft', 'In Progress', 'Workflow is being authored or reviewed and is not yet in production use.', 'Set this status when the workflow has not completed its initial review cycle.', '') ON CONFLICT (concept_id) DO NOTHING;

INSERT INTO workflow_status_concepts (concept_id, pref_label, alt_label, definition, scope_note, workflows)
VALUES ('status-active', 'Active', 'In Use', 'Workflow is approved and currently being executed by the organization.', 'Only active workflows should be assigned to running process instances.', '') ON CONFLICT (concept_id) DO NOTHING;

INSERT INTO workflow_status_concepts (concept_id, pref_label, alt_label, definition, scope_note, workflows)
VALUES ('status-deprecated', 'Deprecated', 'Superseded', 'Workflow has been replaced by a newer version and should not be used for new instances.', 'Deprecated workflows may still have in-flight instances; do not archive until all instances close.', '') ON CONFLICT (concept_id) DO NOTHING;

INSERT INTO workflow_status_concepts (concept_id, pref_label, alt_label, definition, scope_note, workflows)
VALUES ('status-archived', 'Archived', 'Retired', 'Workflow is no longer in use and has been moved to historical records.', 'Archived workflows answer CQ5 stale-workflow queries but generate no new instances.', '') ON CONFLICT (concept_id) DO NOTHING;

-- ----------------------------------------------------------------------------
-- AgentCapabilityConcepts: SKOS controlled vocabulary for agent capability types (ntwf:AgentCapabilityScheme). Roles declare which capability their filler must have (ntwf:hasCapability). Part of the CBox.
-- ----------------------------------------------------------------------------
INSERT INTO agent_capability_concepts (concept_id, pref_label, alt_label, definition, scope_note, roles)
VALUES ('cap-human-judgment', 'Human Judgment', 'Human Decision', 'The filler must be a human agent capable of contextual, ethical, and legally binding decisions.', 'Used for ApprovalGate steps where requiresHumanApproval is true. AI agents may not fill roles with this capability.', '') ON CONFLICT (concept_id) DO NOTHING;

INSERT INTO agent_capability_concepts (concept_id, pref_label, alt_label, definition, scope_note, roles)
VALUES ('cap-risk-analysis', 'Risk Analysis', 'Risk Assessment', 'The filler must be capable of probabilistic risk scoring over structured datasets.', 'Can be satisfied by an AIAgent with an appropriate model version (e.g. risk-classifier-v2.4.1).', '') ON CONFLICT (concept_id) DO NOTHING;

INSERT INTO agent_capability_concepts (concept_id, pref_label, alt_label, definition, scope_note, roles)
VALUES ('cap-legal-review', 'Legal Review', 'Compliance Review', 'The filler must have authority to certify regulatory and contractual compliance.', 'Requires a human agent. Cannot be delegated to AI or automated pipeline.', '') ON CONFLICT (concept_id) DO NOTHING;

INSERT INTO agent_capability_concepts (concept_id, pref_label, alt_label, definition, scope_note, roles)
VALUES ('cap-ci-execution', 'CI/CD Execution', 'Pipeline Execution', 'The filler must be an automated pipeline capable of running a deterministic build, test, and deploy sequence.', 'Satisfied by AutomatedPipelines. HumanAgents should not fill roles requiring only this capability.', '') ON CONFLICT (concept_id) DO NOTHING;

INSERT INTO agent_capability_concepts (concept_id, pref_label, alt_label, definition, scope_note, roles)
VALUES ('cap-executive-authorization', 'Executive Authorization', 'C-Level Sign-off', 'The filler must hold executive authority to approve high-impact organizational changes.', 'Reserved for the top of delegation chains. Maps to the ntwf:delegatesTo escalation pattern.', '') ON CONFLICT (concept_id) DO NOTHING;

-- ----------------------------------------------------------------------------
-- ArtifactTypeConcepts: SKOS controlled vocabulary for artifact type (ntwf artifact-type scheme). Part of the CBox; Part IV names a CBox concept scheme for artifact types alongside workflow status and agent capabilities. Each artifact is classified via dct:type into one of these concepts.
-- ----------------------------------------------------------------------------
INSERT INTO artifact_type_concepts (concept_id, pref_label, alt_label, definition, scope_note, workflow_artifacts)
VALUES ('type-report', 'Report', 'Assessment', 'A human- or AI-authored analytical document (e.g. a risk assessment report).', 'Use for narrative analytical artifacts, not for raw datasets or machine logs.', '') ON CONFLICT (concept_id) DO NOTHING;

INSERT INTO artifact_type_concepts (concept_id, pref_label, alt_label, definition, scope_note, workflow_artifacts)
VALUES ('type-decision-record', 'Decision Record', 'Authorization', 'An artifact recording an approval or authorization decision (e.g. a release authorization, a legal clearance).', 'Use for sign-off / clearance / authorization artifacts.', '') ON CONFLICT (concept_id) DO NOTHING;

INSERT INTO artifact_type_concepts (concept_id, pref_label, alt_label, definition, scope_note, workflow_artifacts)
VALUES ('type-log', 'Log', 'Machine Output', 'A machine-generated record of an automated activity (e.g. a deployment log).', 'Use for deterministic pipeline/system output, not human analysis.', '') ON CONFLICT (concept_id) DO NOTHING;

-- ----------------------------------------------------------------------------
-- Datasets: DCAT datasets consumed by workflow steps. The NTWF mapping of dcat:Dataset. Kept separate from WorkflowArtifacts to preserve DCAT metadata semantics (dcat:Dataset vs. prov:Entity). Answers CQ8: 'What datasets does the review consume, and which AI processed them?'
-- ----------------------------------------------------------------------------
INSERT INTO datasets (dataset_id, title, identifier, modified, distribution_url, consumed_by_steps)
VALUES ('ds-q1-2026-risk-metrics', 'Q1 2026 Risk Metrics', 'DS-RISK-2026-Q1', '2026-03-31T00:00:00-05:00', 'https://data.internal.special-solutions.example/risk/q1-2026', 'prod-deploy-step-2') ON CONFLICT (dataset_id) DO NOTHING;

-- ----------------------------------------------------------------------------
-- WorkflowArtifacts: Artifacts produced and consumed by workflow steps. The NTWF WorkflowArtifact class — prov:Entity + schema:CreativeWork. The DerivedFromArtifact self-FK encodes the prov:wasDerivedFrom provenance chain; ProducedByStep maps prov:wasGeneratedBy; the AttributedTo* arms map prov:wasAttributedTo to the responsible agent.
-- ----------------------------------------------------------------------------
INSERT INTO workflow_artifacts (artifact_id, title, identifier, artifact_type, created, produced_by_step, required_by_steps, derived_from_artifact, attributed_to_human_agent, attributed_to_ai_agent, attributed_to_automated_pipeline)
VALUES ('artifact-risk-report', 'Risk Assessment Report', 'ART-RISK-001', 'type-report', '2026-04-01T00:00:00-05:00', 'prod-deploy-step-1', 'prod-deploy-step-2', '', '', 'ntwf-risk-ai', '') ON CONFLICT (artifact_id) DO NOTHING;

INSERT INTO workflow_artifacts (artifact_id, title, identifier, artifact_type, created, produced_by_step, required_by_steps, derived_from_artifact, attributed_to_human_agent, attributed_to_ai_agent, attributed_to_automated_pipeline)
VALUES ('artifact-legal-clearance', 'Legal Clearance Certificate', 'ART-LEGAL-001', 'type-decision-record', '2026-04-02T00:00:00-05:00', 'prod-deploy-step-2', 'prod-deploy-step-3', 'artifact-risk-report', 'ntwf-james-okafor', '', '') ON CONFLICT (artifact_id) DO NOTHING;

INSERT INTO workflow_artifacts (artifact_id, title, identifier, artifact_type, created, produced_by_step, required_by_steps, derived_from_artifact, attributed_to_human_agent, attributed_to_ai_agent, attributed_to_automated_pipeline)
VALUES ('artifact-release-authorization', 'Release Authorization', 'ART-AUTH-001', 'type-decision-record', '2026-04-02T00:00:00-05:00', 'prod-deploy-step-3', 'prod-deploy-step-4', 'artifact-legal-clearance', 'ntwf-maria-gonzalez', '', '') ON CONFLICT (artifact_id) DO NOTHING;

INSERT INTO workflow_artifacts (artifact_id, title, identifier, artifact_type, created, produced_by_step, required_by_steps, derived_from_artifact, attributed_to_human_agent, attributed_to_ai_agent, attributed_to_automated_pipeline)
VALUES ('artifact-deployment-log', 'Deployment Execution Log', 'ART-DEPLOG-001', 'type-log', '2026-04-03T00:00:00-05:00', 'prod-deploy-step-4', '', 'artifact-release-authorization', '', '', 'ntwf-ci-pipeline') ON CONFLICT (artifact_id) DO NOTHING;

INSERT INTO workflow_artifacts (artifact_id, title, identifier, artifact_type, created, produced_by_step, required_by_steps, derived_from_artifact, attributed_to_human_agent, attributed_to_ai_agent, attributed_to_automated_pipeline)
VALUES ('artifact-post-deploy-report', 'Post-Deployment Health Report', 'ART-HEALTH-001', 'type-report', '2026-04-03T00:00:00-05:00', 'prod-deploy-step-5', '', 'artifact-deployment-log', '', 'ntwf-health-ai', '') ON CONFLICT (artifact_id) DO NOTHING;

-- ----------------------------------------------------------------------------
-- GovernanceRoles: Table: GovernanceRoles. Part IV (Governance / Ownership) names two distinct ontology-governance roles: a Steward (responsible for the ontology's health — monitors drift, tracks external dependency updates, fields user questions, maintains docs, keeps the validation suite current; identifies that a change is needed but has no approval power) and an Authority (the power to approve changes to the CBox, ABox, and TBox; decides how and where a change is made; sits with the function that owns the domain). 'A steward who can make TBox or ABox changes without authority review is a single point of failure.' For an organization under 500 people a single person may hold both roles. This table models the maintenance discipline itself, as data, so the change log can attribute approvals to a named authority.
-- ----------------------------------------------------------------------------
INSERT INTO governance_roles (governance_role_id, display_name, kind, responsibilities, approval_scope, held_by, approved_changes)
VALUES ('gov-steward', 'Ontology Steward', 'Steward', 'Monitors the ontology for drift, tracks external-dependency updates (PROV-O, FOAF, Dublin Core, DCAT, Schema.org), fields questions from users, maintains documentation, and keeps the validation suite current. Identifies that a change is needed but does not approve it. Runs the periodic (at minimum quarterly) competency-question review: new unanswerable questions become scope-change requests, obsolete questions become deprecation candidates, and questions that return wrong answers are defects.', 'none', 'Engineering Knowledge Infrastructure team', NULL) ON CONFLICT (governance_role_id) DO NOTHING;

INSERT INTO governance_roles (governance_role_id, display_name, kind, responsibilities, approval_scope, held_by, approved_changes)
VALUES ('gov-authority', 'Ontology Authority', 'Authority', 'Holds the power to approve changes to the CBox, ABox, and TBox. Decides how and where a change is made. Reviews changes proposed by the steward so that no single person alters the knowledge graph''s semantic integrity unchecked.', 'CBox, ABox, TBox', 'Workflow Governance function', NULL) ON CONFLICT (governance_role_id) DO NOTHING;

-- ----------------------------------------------------------------------------
-- ChangeLog: Table: ChangeLog. Part IV's minimum governance artifact: 'a change log that records every TBox and ABox modification, with its rationale.' Each entry records the four facts Part IV enumerates — the competency question that motivated the change, the terms affected, the version number of the release, and the date — plus the rationale and the Authority who approved it. Semantic-versioning discipline (MAJOR.MINOR.PATCH) is captured per entry via ChangeKind.
-- ----------------------------------------------------------------------------
INSERT INTO change_log (change_log_id, version, change_date, change_kind, motivating_question, terms_affected, rationale, approved_by)
VALUES ('change-1-0-0', '1.0.0', '2026-01-15', 'major', 'All eight competency questions (CQ1-CQ8).', 'Initial release: 9 classes, 13 object properties, 5 datatype properties, 2 CBox schemes.', 'First validated release of the NTWF workflow ontology; passes the 104-test suite.', 'gov-authority') ON CONFLICT (change_log_id) DO NOTHING;

INSERT INTO change_log (change_log_id, version, change_date, change_kind, motivating_question, terms_affected, rationale, approved_by)
VALUES ('change-1-1-0', '1.1.0', '2026-03-20', 'minor', 'Which AI agent was executing this step on March 1, 2026?', 'Added filledBy assignment history (RoleAssignments) with validity periods; AIAgent deployment date; agent-type-change audit witnesses.', 'Operational governance needed retained filledBy history so historical ''as of date'' and blast-radius queries are answerable without discarding provenance. Additive and backward compatible — a minor, backward-compatible change, so per Part IV the steward is authorized to approve and deploy it without authority review.', 'gov-steward') ON CONFLICT (change_log_id) DO NOTHING;

-- ----------------------------------------------------------------------------
-- VocabularyReconciliations: Table: VocabularyReconciliations. Part IV (External dependency change): when a borrowed term from a living standard (PROV-O, FOAF, Dublin Core, DCAT, Schema.org) is deprecated and re-homed into the NTWF namespace, the edit triggers a version bump and an owl:sameAs reconciliation relation declaring the old and new terms equivalent. The worked example: deprecating foaf:name, prepending the ntwf prefix to get ntwf:name, and asserting foaf:name owl:sameAs ntwf:name. Each row is one reconciliation, with the standard it came from and the version in which the reconciliation shipped.
-- ----------------------------------------------------------------------------
INSERT INTO vocabulary_reconciliations (reconciliation_id, deprecated_term, replacement_term, reconciliation_relation, source_standard, introduced_in_version, rationale)
VALUES ('recon-foaf-name', 'foaf:name', 'ntwf:name', 'owl:sameAs', 'FOAF', 'v1.1.0', 'Part IV worked example: a deprecated FOAF element is re-prefixed into the NTWF namespace; existing data stays valid (URIs do not disappear), and foaf:name owl:sameAs ntwf:name keeps the two interchangeable for reasoners.') ON CONFLICT (reconciliation_id) DO NOTHING;

INSERT INTO vocabulary_reconciliations (reconciliation_id, deprecated_term, replacement_term, reconciliation_relation, source_standard, introduced_in_version, rationale)
VALUES ('recon-dcat-v3', 'dcat:Dataset (v2)', 'dcat:Dataset (v3)', 'owl:sameAs', 'DCAT', 'v1.1.0', 'Part IV external-dependency fact: DCAT went through a major v2 -> v3 revision that introduced new classes and deprecated others. NTWF tracks the alignment so its dcat:Dataset usage stays semantically current; existing data remains valid because URIs do not disappear.') ON CONFLICT (reconciliation_id) DO NOTHING;

-- ----------------------------------------------------------------------------
-- Scenarios: Seed data for Scenarios
-- ----------------------------------------------------------------------------
INSERT INTO scenarios (scenario_id, label, icon, explanation, sort_order, is_reset, edits)
VALUES ('trigger-risk', 'Stale workflow with an AI step', '⚠️', 'Backdates the workflow''s last review past its 12-month policy window so the docs go STALE. The release already has AI-executed steps, so stale-docs-AND-an-AI-step fires the article''s headline business query: IsStaleAndHasAIAgent (CQ5 extended — stale workflows that involve AI agents).', 1, FALSE, '[{"class": "Workflows", "match": "first", "set": {"modified": "2026-04-03T00:00:00-05:00"}}, {"class": "Roles", "id": "ntwf-release-manager-role", "set": {"filledByHumanAgent": "ntwf-maria-gonzalez", "filledByAIAgent": "", "filledByAutomatedPipeline": ""}}, {"class": "Roles", "id": "ntwf-risk-analysis-role", "set": {"filledByHumanAgent": "", "filledByAIAgent": "ntwf-risk-ai", "filledByAutomatedPipeline": ""}}, {"class": "Roles", "id": "ntwf-legal-compliance-role", "set": {"filledByHumanAgent": "ntwf-james-okafor", "filledByAIAgent": "", "filledByAutomatedPipeline": ""}}, {"class": "Roles", "id": "ntwf-ci-executor-role", "set": {"filledByHumanAgent": "", "filledByAIAgent": "", "filledByAutomatedPipeline": "ntwf-ci-pipeline"}}, {"class": "Roles", "id": "ntwf-vp-engineering-role", "set": {"filledByHumanAgent": "ntwf-david-chen", "filledByAIAgent": "", "filledByAutomatedPipeline": ""}}, {"class": "Roles", "id": "ntwf-cto-role", "set": {"filledByHumanAgent": "ntwf-sarah-kim", "filledByAIAgent": "", "filledByAutomatedPipeline": ""}}, {"class": "Roles", "id": "ntwf-deployment-health-role", "set": {"filledByHumanAgent": "", "filledByAIAgent": "ntwf-health-ai", "filledByAutomatedPipeline": ""}}, {"class": "Workflows", "match": "first", "set": {"modified": "2023-01-01T00:00:00-06:00"}}]') ON CONFLICT (scenario_id) DO NOTHING;

INSERT INTO scenarios (scenario_id, label, icon, explanation, sort_order, is_reset, edits)
VALUES ('all-human', 'All-human release', '🧑', 'Reassigns every AI agent and pipeline to a human. The AI-step count drops to zero, so the compliance risk can no longer fire — even if the docs are stale. Shows the role→agent indirection: personnel change is one edge, not a rewrite.', 2, FALSE, '[{"class": "Workflows", "match": "first", "set": {"modified": "2026-04-03T00:00:00-05:00"}}, {"class": "Roles", "id": "ntwf-release-manager-role", "set": {"filledByHumanAgent": "ntwf-maria-gonzalez", "filledByAIAgent": "", "filledByAutomatedPipeline": ""}}, {"class": "Roles", "id": "ntwf-risk-analysis-role", "set": {"filledByHumanAgent": "", "filledByAIAgent": "ntwf-risk-ai", "filledByAutomatedPipeline": ""}}, {"class": "Roles", "id": "ntwf-legal-compliance-role", "set": {"filledByHumanAgent": "ntwf-james-okafor", "filledByAIAgent": "", "filledByAutomatedPipeline": ""}}, {"class": "Roles", "id": "ntwf-ci-executor-role", "set": {"filledByHumanAgent": "", "filledByAIAgent": "", "filledByAutomatedPipeline": "ntwf-ci-pipeline"}}, {"class": "Roles", "id": "ntwf-vp-engineering-role", "set": {"filledByHumanAgent": "ntwf-david-chen", "filledByAIAgent": "", "filledByAutomatedPipeline": ""}}, {"class": "Roles", "id": "ntwf-cto-role", "set": {"filledByHumanAgent": "ntwf-sarah-kim", "filledByAIAgent": "", "filledByAutomatedPipeline": ""}}, {"class": "Roles", "id": "ntwf-deployment-health-role", "set": {"filledByHumanAgent": "", "filledByAIAgent": "ntwf-health-ai", "filledByAutomatedPipeline": ""}}, {"class": "Roles", "id": "ntwf-risk-analysis-role", "set": {"filledByHumanAgent": "ntwf-david-chen", "filledByAIAgent": "", "filledByAutomatedPipeline": ""}}, {"class": "Roles", "id": "ntwf-deployment-health-role", "set": {"filledByHumanAgent": "ntwf-sarah-kim", "filledByAIAgent": "", "filledByAutomatedPipeline": ""}}, {"class": "Roles", "id": "ntwf-ci-executor-role", "set": {"filledByHumanAgent": "ntwf-james-okafor", "filledByAIAgent": "", "filledByAutomatedPipeline": ""}}]') ON CONFLICT (scenario_id) DO NOTHING;

INSERT INTO scenarios (scenario_id, label, icon, explanation, sort_order, is_reset, edits)
VALUES ('ai-at-gate', 'AI at the approval gate', '🤖', 'Hands the Legal Compliance Reviewer role — whose review step requires human sign-off — to an AI agent. The reasoner''s consistency witness fires on that step: a requires-human-approval step is no longer human-filled. The rule break is DERIVED, not hand-checked.', 3, FALSE, '[{"class": "Workflows", "match": "first", "set": {"modified": "2026-04-03T00:00:00-05:00"}}, {"class": "Roles", "id": "ntwf-release-manager-role", "set": {"filledByHumanAgent": "ntwf-maria-gonzalez", "filledByAIAgent": "", "filledByAutomatedPipeline": ""}}, {"class": "Roles", "id": "ntwf-risk-analysis-role", "set": {"filledByHumanAgent": "", "filledByAIAgent": "ntwf-risk-ai", "filledByAutomatedPipeline": ""}}, {"class": "Roles", "id": "ntwf-legal-compliance-role", "set": {"filledByHumanAgent": "ntwf-james-okafor", "filledByAIAgent": "", "filledByAutomatedPipeline": ""}}, {"class": "Roles", "id": "ntwf-ci-executor-role", "set": {"filledByHumanAgent": "", "filledByAIAgent": "", "filledByAutomatedPipeline": "ntwf-ci-pipeline"}}, {"class": "Roles", "id": "ntwf-vp-engineering-role", "set": {"filledByHumanAgent": "ntwf-david-chen", "filledByAIAgent": "", "filledByAutomatedPipeline": ""}}, {"class": "Roles", "id": "ntwf-cto-role", "set": {"filledByHumanAgent": "ntwf-sarah-kim", "filledByAIAgent": "", "filledByAutomatedPipeline": ""}}, {"class": "Roles", "id": "ntwf-deployment-health-role", "set": {"filledByHumanAgent": "", "filledByAIAgent": "ntwf-health-ai", "filledByAutomatedPipeline": ""}}, {"class": "Roles", "id": "ntwf-legal-compliance-role", "set": {"filledByHumanAgent": "", "filledByAIAgent": "ntwf-risk-ai", "filledByAutomatedPipeline": ""}}]') ON CONFLICT (scenario_id) DO NOTHING;

INSERT INTO scenarios (scenario_id, label, icon, explanation, sort_order, is_reset, edits)
VALUES ('reset', 'Reset to baseline', '↺', 'Restores the canonical seed assignments and a fresh review date — the known-good starting point. Every role is filled by exactly one agent, no requires-human-approval step is AI-filled, and the workflow is within its staleness window, so all the article''s clean-ABox witnesses read green.', 5, TRUE, '[{"class": "Workflows", "match": "first", "set": {"modified": "2026-04-03T00:00:00-05:00"}}, {"class": "Roles", "id": "ntwf-release-manager-role", "set": {"filledByHumanAgent": "ntwf-maria-gonzalez", "filledByAIAgent": "", "filledByAutomatedPipeline": ""}}, {"class": "Roles", "id": "ntwf-risk-analysis-role", "set": {"filledByHumanAgent": "", "filledByAIAgent": "ntwf-risk-ai", "filledByAutomatedPipeline": ""}}, {"class": "Roles", "id": "ntwf-legal-compliance-role", "set": {"filledByHumanAgent": "ntwf-james-okafor", "filledByAIAgent": "", "filledByAutomatedPipeline": ""}}, {"class": "Roles", "id": "ntwf-ci-executor-role", "set": {"filledByHumanAgent": "", "filledByAIAgent": "", "filledByAutomatedPipeline": "ntwf-ci-pipeline"}}, {"class": "Roles", "id": "ntwf-vp-engineering-role", "set": {"filledByHumanAgent": "ntwf-david-chen", "filledByAIAgent": "", "filledByAutomatedPipeline": ""}}, {"class": "Roles", "id": "ntwf-cto-role", "set": {"filledByHumanAgent": "ntwf-sarah-kim", "filledByAIAgent": "", "filledByAutomatedPipeline": ""}}, {"class": "Roles", "id": "ntwf-deployment-health-role", "set": {"filledByHumanAgent": "", "filledByAIAgent": "ntwf-health-ai", "filledByAutomatedPipeline": ""}}]') ON CONFLICT (scenario_id) DO NOTHING;

