-- ============================================================================
-- INSERT DATA - Load data from rulebook
-- ============================================================================
-- Generated by rulebook-to-postgres tool
-- Mode: drop-all    Stage: dev
-- PK strategy: string (FK values are rewritten to match each PK)
-- ============================================================================

-- ----------------------------------------------------------------------------
-- Workflows: Table: Workflows. The NTWF Workflow class — prov:Plan + schema:CreativeWork. Each workflow has Dublin Core metadata (title, description, identifier, created, modified), a lifecycle status from the SKOS scheme, and a collection of WorkflowSteps (ntwf:hasStep).
-- ----------------------------------------------------------------------------
INSERT INTO workflows (workflow_id, display_name, title, description, identifier, modified, created, max_plan_minutes, staleness_threshold_months, is_off_hours_deployment, workflow_status, workflow_steps)
VALUES ('production-deployment', 'Production Deployment', 'Production Deployment Workflow', 'The primary NTWF ABox example. A 5-step workflow for deploying software to production at Talisman''s Special Solutions. Steps involve an AI Risk Analysis Agent (step 1), a human Legal Compliance Reviewer (step 2), a human Release Manager at the Release Approval Gate (step 3), an automated CI/CD pipeline (step 4), and the Release Manager again for the post-deployment report (step 5). Demonstrates all three agent types, the delegation chain, artifact provenance, and DCAT dataset consumption.', 'WF-PROD-DEPLOY-001', '2024-12-10T05:00:00.000Z', '2026-01-10T06:00:00.000Z', 240, 24, FALSE, 'status-active', '') ON CONFLICT (workflow_id) DO NOTHING;

-- ----------------------------------------------------------------------------
-- WorkflowSteps: Table: WorkflowSteps. The NTWF WorkflowStep class — prov:Activity. Each step is first-class and individually addressable, belongs to one Workflow (ntwf:isStepOf), and is assigned to exactly one Role (ntwf:assignedRole). Step-to-step ordering is modeled in the StepPrecedence junction; the ApprovalGate subtype specializes a step via a 1:1 FK.
-- ----------------------------------------------------------------------------
INSERT INTO workflow_steps (workflow_step_id, display_name, workflow, sequence_position, assigned_role, requires_human_approval, step_duration_minutes, consumes_dataset, produces_artifacts, approval_gate, precedes, preceded_by)
VALUES ('prod-deploy-step-4', 'Automated Deployment Execution', 'production-deployment', 4, 'ntwf-ci-executor-role', FALSE, 60, '', 'artifact-deployment-log', '', 'prec-4-5', 'prec-3-4') ON CONFLICT (workflow_step_id) DO NOTHING;

INSERT INTO workflow_steps (workflow_step_id, display_name, workflow, sequence_position, assigned_role, requires_human_approval, step_duration_minutes, consumes_dataset, produces_artifacts, approval_gate, precedes, preceded_by)
VALUES ('prod-deploy-step-5', 'Post-Deployment Health Check & Report', 'production-deployment', 5, 'ntwf-deployment-health-role', FALSE, 30, '', 'artifact-post-deploy-report', '', '', 'prec-4-5') ON CONFLICT (workflow_step_id) DO NOTHING;

INSERT INTO workflow_steps (workflow_step_id, display_name, workflow, sequence_position, assigned_role, requires_human_approval, step_duration_minutes, consumes_dataset, produces_artifacts, approval_gate, precedes, preceded_by)
VALUES ('prod-deploy-step-1', 'AI Risk Assessment', 'production-deployment', 1, 'ntwf-risk-analysis-role', FALSE, 15, 'ds-q1-2026-risk-metrics', 'artifact-risk-report', '', 'prec-1-2', '') ON CONFLICT (workflow_step_id) DO NOTHING;

INSERT INTO workflow_steps (workflow_step_id, display_name, workflow, sequence_position, assigned_role, requires_human_approval, step_duration_minutes, consumes_dataset, produces_artifacts, approval_gate, precedes, preceded_by)
VALUES ('prod-deploy-step-2', 'Legal Compliance Review', 'production-deployment', 2, 'ntwf-legal-compliance-role', TRUE, 120, '', 'artifact-legal-clearance', '', 'prec-2-3', 'prec-1-2') ON CONFLICT (workflow_step_id) DO NOTHING;

INSERT INTO workflow_steps (workflow_step_id, display_name, workflow, sequence_position, assigned_role, requires_human_approval, step_duration_minutes, consumes_dataset, produces_artifacts, approval_gate, precedes, preceded_by)
VALUES ('prod-deploy-step-3', 'Release Approval Gate', 'production-deployment', 3, 'ntwf-release-manager-role', FALSE, 30, '', 'artifact-release-authorization', 'ntwf-release-approval-gate', 'prec-3-4', 'prec-2-3') ON CONFLICT (workflow_step_id) DO NOTHING;

-- ----------------------------------------------------------------------------
-- ApprovalGates: Table: ApprovalGates. The NTWF ApprovalGate class — rdfs:subClassOf WorkflowStep. Modeled as a class-table-inheritance subtype: each gate row shares identity with exactly one WorkflowStep (via the WorkflowStep 1:1 FK) and carries only the gate-specific attribute, escalationThresholdHours. The step it specializes keeps the common attributes (requiresHumanApproval, assigned role, etc.). This preserves the article's double-typing — a gate IS a step — without collapsing two DAG nodes into one.
-- ----------------------------------------------------------------------------
INSERT INTO approval_gates (approval_gate_id, display_name, workflow_step, escalation_threshold_hours, requires_dual_signoff_off_hours)
VALUES ('ntwf-release-approval-gate', 'Release Approval Gate', 'prod-deploy-step-3', 4, TRUE) ON CONFLICT (approval_gate_id) DO NOTHING;

-- ----------------------------------------------------------------------------
-- StepPrecedence: Table: StepPrecedence. The NTWF ntwf:precedesStep ordering relationship, modeled as a first-class step-to-step junction. Each row is one directed edge: FromStep precedes ToStep. ntwf:precedesStep is an owl:TransitiveProperty — the four asserted edges (1->2, 2->3, 3->4, 4->5) imply the full closure of ten ordering pairs (including 1->5, which is never asserted). Each edge is a first-class node in the DAG, never a 'helper' integer.
-- ----------------------------------------------------------------------------
INSERT INTO step_precedence (step_precedence_id, from_step, to_step)
VALUES ('prec-1-2', 'prod-deploy-step-1', 'prod-deploy-step-2') ON CONFLICT (step_precedence_id) DO NOTHING;

INSERT INTO step_precedence (step_precedence_id, from_step, to_step)
VALUES ('prec-2-3', 'prod-deploy-step-2', 'prod-deploy-step-3') ON CONFLICT (step_precedence_id) DO NOTHING;

INSERT INTO step_precedence (step_precedence_id, from_step, to_step)
VALUES ('prec-3-4', 'prod-deploy-step-3', 'prod-deploy-step-4') ON CONFLICT (step_precedence_id) DO NOTHING;

INSERT INTO step_precedence (step_precedence_id, from_step, to_step)
VALUES ('prec-4-5', 'prod-deploy-step-4', 'prod-deploy-step-5') ON CONFLICT (step_precedence_id) DO NOTHING;

-- ----------------------------------------------------------------------------
-- Roles: Table: Roles. The NTWF Role class — a custom root with no adequate standard match, declared disjoint with WorkflowStep and WorkflowArtifact. Roles are the heart of Heuristic 2 (role-agent separation): WorkflowSteps point to Roles; Roles point to exactly one agent (human, AI, or pipeline) via the polymorphic filledBy relationship. When personnel or models change, one filledBy triple changes and the workflow structure is untouched.
-- ----------------------------------------------------------------------------
INSERT INTO roles (role_id, display_name, label, comment, has_capability, filled_by_human_agent, filled_by_ai_agent, filled_by_automated_pipeline, owned_by, delegates_to, workflow_steps, from_delegates_to)
VALUES ('ntwf-ci-executor-role', 'CI/CD Executor', 'CI/CD Executor', 'Executes the automated build, test, and deployment sequence. Filled by an AutomatedPipeline. Demonstrates CQ3: this step does NOT require human approval.', 'cap-ci-execution', '', '', 'ntwf-ci-pipeline', 'ntwf-engineering', '', 'prod-deploy-step-4', '') ON CONFLICT (role_id) DO NOTHING;

INSERT INTO roles (role_id, display_name, label, comment, has_capability, filled_by_human_agent, filled_by_ai_agent, filled_by_automated_pipeline, owned_by, delegates_to, workflow_steps, from_delegates_to)
VALUES ('ntwf-cto-role', 'Chief Technology Officer', 'Chief Technology Officer', 'Top of the delegation chain. Has cap-executive-authorization. When both Release Manager and VP Engineering are unavailable, the CTO is the final escalation target.', 'cap-executive-authorization', 'ntwf-sarah-kim', '', '', 'ntwf-engineering', '', '', 'ntwf-vp-engineering-role') ON CONFLICT (role_id) DO NOTHING;

INSERT INTO roles (role_id, display_name, label, comment, has_capability, filled_by_human_agent, filled_by_ai_agent, filled_by_automated_pipeline, owned_by, delegates_to, workflow_steps, from_delegates_to)
VALUES ('ntwf-risk-analysis-role', 'Risk Analysis Agent', 'Risk Analysis Agent', 'Performs probabilistic risk scoring over the Q1 risk metrics dataset. This is a role, not an identity — filled by RiskAnalysis-AI today but could be replaced by a newer model version without changing the workflow structure.', 'cap-risk-analysis', '', 'ntwf-health-ai', '', 'ntwf-engineering', '', 'prod-deploy-step-1', '') ON CONFLICT (role_id) DO NOTHING;

INSERT INTO roles (role_id, display_name, label, comment, has_capability, filled_by_human_agent, filled_by_ai_agent, filled_by_automated_pipeline, owned_by, delegates_to, workflow_steps, from_delegates_to)
VALUES ('ntwf-deployment-health-role', 'Deployment Health Agent', 'Deployment Health Agent', 'Generates the post-deployment health report by summarizing telemetry after a release. A role, not an identity — filled by a human reviewer today, it could be replaced by a newer model without changing the workflow structure.', 'cap-risk-analysis', 'ntwf-james-okafor', '', '', 'ntwf-engineering', '', 'prod-deploy-step-5', '') ON CONFLICT (role_id) DO NOTHING;

INSERT INTO roles (role_id, display_name, label, comment, has_capability, filled_by_human_agent, filled_by_ai_agent, filled_by_automated_pipeline, owned_by, delegates_to, workflow_steps, from_delegates_to)
VALUES ('ntwf-release-manager-role', 'Release Manager', 'Release Manager', 'Owns the production deployment process. Coordinates all parties, triggers the pipeline, and authorizes the release at the approval gate.', 'cap-human-judgment', 'ntwf-sarah-kim', '', '', 'ntwf-engineering', 'ntwf-vp-engineering-role', 'prod-deploy-step-3', '') ON CONFLICT (role_id) DO NOTHING;

INSERT INTO roles (role_id, display_name, label, comment, has_capability, filled_by_human_agent, filled_by_ai_agent, filled_by_automated_pipeline, owned_by, delegates_to, workflow_steps, from_delegates_to)
VALUES ('ntwf-vp-engineering-role', 'VP of Engineering', 'VP of Engineering', 'First escalation target when Release Manager is unavailable. Demonstrates ntwf:delegatesTo chain: Release Manager → VP Engineering → CTO.', 'cap-human-judgment', '', '', 'ntwf-ci-pipeline', 'ntwf-engineering', 'ntwf-cto-role', '', 'ntwf-release-manager-role') ON CONFLICT (role_id) DO NOTHING;

INSERT INTO roles (role_id, display_name, label, comment, has_capability, filled_by_human_agent, filled_by_ai_agent, filled_by_automated_pipeline, owned_by, delegates_to, workflow_steps, from_delegates_to)
VALUES ('ntwf-legal-compliance-role', 'Legal Compliance Reviewer', 'Legal Compliance Reviewer', 'Certifies that the deployment plan meets regulatory and contractual requirements. Must be a human agent — AI agents may not fill this role (requiresHumanApproval).', 'cap-legal-review', '', 'ntwf-risk-ai', '', 'ntwf-legal-dept', '', 'prod-deploy-step-2', '') ON CONFLICT (role_id) DO NOTHING;

-- ----------------------------------------------------------------------------
-- Departments: Table: Departments. The NTWF Department class — schema:Organization. First-class entity that enables cross-department intersection queries (CQ7: which workflows involve both Engineering and Legal?). Roles are ownedBy a department.
-- ----------------------------------------------------------------------------
INSERT INTO departments (department_id, title, display_name, roles)
VALUES ('ntwf-engineering', 'Engineering', 'engineering', '') ON CONFLICT (department_id) DO NOTHING;

INSERT INTO departments (department_id, title, display_name, roles)
VALUES ('ntwf-legal-dept', 'Legal', 'legal', '') ON CONFLICT (department_id) DO NOTHING;

-- ----------------------------------------------------------------------------
-- HumanAgents: Table: HumanAgents. The NTWF HumanAgent class — foaf:Person + prov:Agent. The only agent type permitted to fill roles whose step has requiresHumanApproval. Disjoint with AIAgent and AutomatedPipeline.
-- ----------------------------------------------------------------------------
INSERT INTO human_agents (human_agent_id, name, display_name, mbox, roles)
VALUES ('ntwf-james-okafor', 'James Okafor', 'James Okafor', 'james.okafor@special-solutions.example', 'ntwf-legal-compliance-role') ON CONFLICT (human_agent_id) DO NOTHING;

INSERT INTO human_agents (human_agent_id, name, display_name, mbox, roles)
VALUES ('ntwf-sarah-kim', 'Sarah Kim', 'Sarah Kim', 'sarah.kim@special-solutions.example', 'ntwf-cto-role') ON CONFLICT (human_agent_id) DO NOTHING;

-- ----------------------------------------------------------------------------
-- AIAgents: Table: AIAgents. The NTWF AIAgent class — prov:SoftwareAgent + ntwf:modelVersion. Distinguished from AutomatedPipeline by probabilistic (vs. deterministic) output semantics. Disjoint with HumanAgent and AutomatedPipeline. May never fill a role whose step has requiresHumanApproval.
-- ----------------------------------------------------------------------------
INSERT INTO ai_agents (ai_agent_id, name, title, display_name, model_version, roles)
VALUES ('ntwf-risk-ai', 'RiskAnalysis-AI', 'Risk Analysis AI Agent', 'RiskAnalysis-AI', 'risk-classifier-v2.4.1', 'ntwf-risk-analysis-role') ON CONFLICT (ai_agent_id) DO NOTHING;

INSERT INTO ai_agents (ai_agent_id, name, title, display_name, model_version, roles)
VALUES ('ntwf-health-ai', 'DeploymentHealth-AI', 'Deployment Health AI Agent', 'DeploymentHealth-AI', 'health-summarizer-v1.2.0', 'ntwf-deployment-health-role') ON CONFLICT (ai_agent_id) DO NOTHING;

-- ----------------------------------------------------------------------------
-- AutomatedPipelines: Table: AutomatedPipelines. The NTWF AutomatedPipeline class — prov:SoftwareAgent + schema:SoftwareApplication. Distinguished from AIAgent by deterministic (vs. probabilistic) output semantics. Disjoint with HumanAgent and AIAgent. Carries schema:name, not foaf:name.
-- ----------------------------------------------------------------------------
INSERT INTO automated_pipelines (automated_pipeline_id, name, description, display_name, roles)
VALUES ('ntwf-ci-pipeline', 'CI/CD Deploy Pipeline', 'Automated build, test, and deployment pipeline for production releases. Deterministic execution — no probabilistic output.', 'CI/CD Deploy Pipeline', 'ntwf-ci-executor-role') ON CONFLICT (automated_pipeline_id) DO NOTHING;

-- ----------------------------------------------------------------------------
-- WorkflowStatusConcepts: SKOS controlled vocabulary for workflow lifecycle states (ntwf:WorkflowStatusScheme). Part of the CBox. Concepts are shared across all workflows.
-- ----------------------------------------------------------------------------
INSERT INTO workflow_status_concepts (concept_id, pref_label, alt_label, definition, scope_note, workflows)
VALUES ('status-draft', 'Draft', 'In Progress', 'Workflow is being authored or reviewed and is not yet in production use.', 'Set this status when the workflow has not completed its initial review cycle.', '') ON CONFLICT (concept_id) DO NOTHING;

INSERT INTO workflow_status_concepts (concept_id, pref_label, alt_label, definition, scope_note, workflows)
VALUES ('status-active', 'Active', 'In Use', 'Workflow is approved and currently being executed by the organization.', 'Only active workflows should be assigned to running process instances.', '') ON CONFLICT (concept_id) DO NOTHING;

INSERT INTO workflow_status_concepts (concept_id, pref_label, alt_label, definition, scope_note, workflows)
VALUES ('status-deprecated', 'Deprecated', 'Superseded', 'Workflow has been replaced by a newer version and should not be used for new instances.', 'Deprecated workflows may still have in-flight instances; do not archive until all instances close.', '') ON CONFLICT (concept_id) DO NOTHING;

INSERT INTO workflow_status_concepts (concept_id, pref_label, alt_label, definition, scope_note, workflows)
VALUES ('status-archived', 'Archived', 'Retired', 'Workflow is no longer in use and has been moved to historical records.', 'Archived workflows answer CQ5 stale-workflow queries but generate no new instances.', '') ON CONFLICT (concept_id) DO NOTHING;

-- ----------------------------------------------------------------------------
-- ComplianceVerdictConcepts: SKOS controlled vocabulary for the two possible compliance-verdict outcomes (ntwf:ComplianceVerdictScheme). Part of the CBox. ComplianceVerdicts.VerdictConcept is a derived FK that resolves to exactly one of these concepts based on IsAtComplianceRisk; the human-readable Verdict string is then a lookup of the chosen concept's PrefLabel. Promoting the verdict outcomes from inline string literals to a first-class option set makes the choice auditable and lets the RuleSpeak narrative cite the defined options instead of magic strings.
-- ----------------------------------------------------------------------------
INSERT INTO compliance_verdict_concepts (concept_id, pref_label, alt_label, definition, scope_note, compliance_verdicts)
VALUES ('verdict-at-risk', 'AT RISK: stale workflow with an AI-executed step', 'At Risk', 'The workflow is BOTH stale (compliance documentation not reviewed in twelve months) AND has at least one step executed by an AI agent — the highest-compliance-risk combination the article identifies.', 'Resolved when IsAtComplianceRisk is true. This is the verdict Talisman''s closing query returns.', '') ON CONFLICT (concept_id) DO NOTHING;

INSERT INTO compliance_verdict_concepts (concept_id, pref_label, alt_label, definition, scope_note, compliance_verdicts)
VALUES ('verdict-ok', 'OK: not a stale-plus-AI compliance risk', 'OK', 'The workflow does not meet the stale-AND-AI-executed combination. It may still be stale, or still have AI steps, but not both at once.', 'Resolved when IsAtComplianceRisk is false. The default, non-risk outcome.', '') ON CONFLICT (concept_id) DO NOTHING;

-- ----------------------------------------------------------------------------
-- AgentCapabilityConcepts: SKOS controlled vocabulary for agent capability types (ntwf:AgentCapabilityScheme). Roles declare which capability their filler must have (ntwf:hasCapability). Part of the CBox.
-- ----------------------------------------------------------------------------
INSERT INTO agent_capability_concepts (concept_id, pref_label, alt_label, definition, scope_note, roles)
VALUES ('cap-human-judgment', 'Human Judgment', 'Human Decision', 'The filler must be a human agent capable of contextual, ethical, and legally binding decisions.', 'Used for ApprovalGate steps where requiresHumanApproval is true. AI agents may not fill roles with this capability.', '') ON CONFLICT (concept_id) DO NOTHING;

INSERT INTO agent_capability_concepts (concept_id, pref_label, alt_label, definition, scope_note, roles)
VALUES ('cap-risk-analysis', 'Risk Analysis', 'Risk Assessment', 'The filler must be capable of probabilistic risk scoring over structured datasets.', 'Can be satisfied by an AIAgent with an appropriate model version (e.g. risk-classifier-v2.4.1).', '') ON CONFLICT (concept_id) DO NOTHING;

INSERT INTO agent_capability_concepts (concept_id, pref_label, alt_label, definition, scope_note, roles)
VALUES ('cap-legal-review', 'Legal Review', 'Compliance Review', 'The filler must have authority to certify regulatory and contractual compliance.', 'Requires a human agent. Cannot be delegated to AI or automated pipeline.', '') ON CONFLICT (concept_id) DO NOTHING;

INSERT INTO agent_capability_concepts (concept_id, pref_label, alt_label, definition, scope_note, roles)
VALUES ('cap-ci-execution', 'CI/CD Execution', 'Pipeline Execution', 'The filler must be an automated pipeline capable of running a deterministic build, test, and deploy sequence.', 'Satisfied by AutomatedPipelines. HumanAgents should not fill roles requiring only this capability.', '') ON CONFLICT (concept_id) DO NOTHING;

INSERT INTO agent_capability_concepts (concept_id, pref_label, alt_label, definition, scope_note, roles)
VALUES ('cap-executive-authorization', 'Executive Authorization', 'C-Level Sign-off', 'The filler must hold executive authority to approve high-impact organizational changes.', 'Reserved for the top of delegation chains. Maps to the ntwf:delegatesTo escalation pattern.', '') ON CONFLICT (concept_id) DO NOTHING;

-- ----------------------------------------------------------------------------
-- Datasets: DCAT datasets consumed by workflow steps. The NTWF mapping of dcat:Dataset. Kept separate from WorkflowArtifacts to preserve DCAT metadata semantics (dcat:Dataset vs. prov:Entity). Answers CQ8: 'What datasets does the review consume, and which AI processed them?'
-- ----------------------------------------------------------------------------
INSERT INTO datasets (dataset_id, title, identifier, modified, distribution_url, consumed_by_steps)
VALUES ('ds-q1-2026-risk-metrics', 'Q1 2026 Risk Metrics', 'DS-RISK-2026-Q1', '2026-03-31T05:00:00.000Z', 'https://data.internal.special-solutions.example/risk/q1-2026', 'prod-deploy-step-1') ON CONFLICT (dataset_id) DO NOTHING;

-- ----------------------------------------------------------------------------
-- WorkflowArtifacts: Artifacts produced and consumed by workflow steps. The NTWF WorkflowArtifact class — prov:Entity + schema:CreativeWork. The DerivedFromArtifact self-FK encodes the prov:wasDerivedFrom provenance chain; ProducedByStep maps prov:wasGeneratedBy; the AttributedTo* arms map prov:wasAttributedTo to the responsible agent.
-- ----------------------------------------------------------------------------
INSERT INTO workflow_artifacts (artifact_id, title, identifier, created, produced_by_step, derived_from_artifact, attributed_to_human_agent, attributed_to_ai_agent, attributed_to_automated_pipeline)
VALUES ('artifact-risk-report', 'Risk Assessment Report', 'ART-RISK-001', '2026-04-01T05:00:00.000Z', 'prod-deploy-step-1', '', '', 'ntwf-risk-ai', '') ON CONFLICT (artifact_id) DO NOTHING;

INSERT INTO workflow_artifacts (artifact_id, title, identifier, created, produced_by_step, derived_from_artifact, attributed_to_human_agent, attributed_to_ai_agent, attributed_to_automated_pipeline)
VALUES ('artifact-legal-clearance', 'Legal Clearance Certificate', 'ART-LEGAL-001', '2026-04-02T05:00:00.000Z', 'prod-deploy-step-2', 'artifact-risk-report', 'ntwf-james-okafor', '', '') ON CONFLICT (artifact_id) DO NOTHING;

INSERT INTO workflow_artifacts (artifact_id, title, identifier, created, produced_by_step, derived_from_artifact, attributed_to_human_agent, attributed_to_ai_agent, attributed_to_automated_pipeline)
VALUES ('artifact-release-authorization', 'Release Authorization', 'ART-AUTH-001', '2026-04-02T05:00:00.000Z', 'prod-deploy-step-3', 'artifact-legal-clearance', 'ntwf-sarah-kim', '', '') ON CONFLICT (artifact_id) DO NOTHING;

INSERT INTO workflow_artifacts (artifact_id, title, identifier, created, produced_by_step, derived_from_artifact, attributed_to_human_agent, attributed_to_ai_agent, attributed_to_automated_pipeline)
VALUES ('artifact-deployment-log', 'Deployment Execution Log', 'ART-DEPLOG-001', '2026-04-03T05:00:00.000Z', 'prod-deploy-step-4', 'artifact-release-authorization', '', '', 'ntwf-ci-pipeline') ON CONFLICT (artifact_id) DO NOTHING;

INSERT INTO workflow_artifacts (artifact_id, title, identifier, created, produced_by_step, derived_from_artifact, attributed_to_human_agent, attributed_to_ai_agent, attributed_to_automated_pipeline)
VALUES ('artifact-post-deploy-report', 'Post-Deployment Health Report', 'ART-HEALTH-001', '2026-04-03T05:00:00.000Z', 'prod-deploy-step-5', 'artifact-deployment-log', '', 'ntwf-health-ai', '') ON CONFLICT (artifact_id) DO NOTHING;

-- ----------------------------------------------------------------------------
-- ComplianceVerdicts: Table: ComplianceVerdicts. The article's closing demonstration, made first-class. One row per workflow carrying a single business verdict that joins the three layers Jessica Talisman ends on — the metadata layer (dct:modified staleness), the structural layer (step->role->agent), and the accountability layer (filledBy -> AIAgent). IsAtComplianceRisk is true exactly when a workflow is BOTH stale (not reviewed in twelve months) AND has an AI agent executing a step: 'a business question answered by a machine, automatically, across a live graph.' Because every input is derived, changing a raw fact far downstream (the Modified date, or which agent fills a role) flips the verdict on the next read.
-- ----------------------------------------------------------------------------
INSERT INTO compliance_verdicts (compliance_verdict_id, workflow, verdict_concept)
VALUES ('verdict-production-deployment', 'production-deployment', '') ON CONFLICT (compliance_verdict_id) DO NOTHING;

-- ----------------------------------------------------------------------------
-- Scenarios: Seed data for Scenarios
-- ----------------------------------------------------------------------------
INSERT INTO scenarios (scenario_id, label, icon, explanation, sort_order, is_reset, edits)
VALUES ('trigger-risk', 'Trigger compliance risk', '⚠️', 'Backdates the workflow''s last review past its policy window so the docs go STALE. The release already has AI-executed steps, so stale-docs-AND-an-AI-step fires the article''s headline verdict: AT COMPLIANCE RISK.', 1, FALSE, '[{"class":"Workflows","match":"first","set":{"modified":"2026-04-03T00:00:00-05:00"}},{"class":"Roles","id":"ntwf-release-manager-role","set":{"filledByHumanAgent":"ntwf-maria-gonzalez","filledByAIAgent":"","filledByAutomatedPipeline":""}},{"class":"Roles","id":"ntwf-risk-analysis-role","set":{"filledByHumanAgent":"","filledByAIAgent":"ntwf-risk-ai","filledByAutomatedPipeline":""}},{"class":"Roles","id":"ntwf-legal-compliance-role","set":{"filledByHumanAgent":"ntwf-james-okafor","filledByAIAgent":"","filledByAutomatedPipeline":""}},{"class":"Roles","id":"ntwf-ci-executor-role","set":{"filledByHumanAgent":"","filledByAIAgent":"","filledByAutomatedPipeline":"ntwf-ci-pipeline"}},{"class":"Roles","id":"ntwf-vp-engineering-role","set":{"filledByHumanAgent":"ntwf-david-chen","filledByAIAgent":"","filledByAutomatedPipeline":""}},{"class":"Roles","id":"ntwf-cto-role","set":{"filledByHumanAgent":"ntwf-sarah-kim","filledByAIAgent":"","filledByAutomatedPipeline":""}},{"class":"Roles","id":"ntwf-deployment-health-role","set":{"filledByHumanAgent":"","filledByAIAgent":"ntwf-health-ai","filledByAutomatedPipeline":""}},{"class":"Workflows","match":"first","set":{"modified":"2023-01-01T00:00:00-06:00"}}]') ON CONFLICT (scenario_id) DO NOTHING;

INSERT INTO scenarios (scenario_id, label, icon, explanation, sort_order, is_reset, edits)
VALUES ('all-human', 'All-human release', '🧑', 'Reassigns every AI agent and pipeline to a human. The AI-step count drops to zero, so the compliance risk can no longer fire — even if the docs are stale. Shows the role→agent indirection: personnel change is one edge, not a rewrite.', 2, FALSE, '[{"class":"Workflows","match":"first","set":{"modified":"2026-04-03T00:00:00-05:00"}},{"class":"Roles","id":"ntwf-release-manager-role","set":{"filledByHumanAgent":"ntwf-maria-gonzalez","filledByAIAgent":"","filledByAutomatedPipeline":""}},{"class":"Roles","id":"ntwf-risk-analysis-role","set":{"filledByHumanAgent":"","filledByAIAgent":"ntwf-risk-ai","filledByAutomatedPipeline":""}},{"class":"Roles","id":"ntwf-legal-compliance-role","set":{"filledByHumanAgent":"ntwf-james-okafor","filledByAIAgent":"","filledByAutomatedPipeline":""}},{"class":"Roles","id":"ntwf-ci-executor-role","set":{"filledByHumanAgent":"","filledByAIAgent":"","filledByAutomatedPipeline":"ntwf-ci-pipeline"}},{"class":"Roles","id":"ntwf-vp-engineering-role","set":{"filledByHumanAgent":"ntwf-david-chen","filledByAIAgent":"","filledByAutomatedPipeline":""}},{"class":"Roles","id":"ntwf-cto-role","set":{"filledByHumanAgent":"ntwf-sarah-kim","filledByAIAgent":"","filledByAutomatedPipeline":""}},{"class":"Roles","id":"ntwf-deployment-health-role","set":{"filledByHumanAgent":"","filledByAIAgent":"ntwf-health-ai","filledByAutomatedPipeline":""}},{"class":"Roles","id":"ntwf-risk-analysis-role","set":{"filledByHumanAgent":"ntwf-david-chen","filledByAIAgent":"","filledByAutomatedPipeline":""}},{"class":"Roles","id":"ntwf-deployment-health-role","set":{"filledByHumanAgent":"ntwf-sarah-kim","filledByAIAgent":"","filledByAutomatedPipeline":""}},{"class":"Roles","id":"ntwf-ci-executor-role","set":{"filledByHumanAgent":"ntwf-james-okafor","filledByAIAgent":"","filledByAutomatedPipeline":""}}]') ON CONFLICT (scenario_id) DO NOTHING;

INSERT INTO scenarios (scenario_id, label, icon, explanation, sort_order, is_reset, edits)
VALUES ('ai-at-gate', 'AI at the approval gate', '🤖', 'Hands the Legal Compliance Reviewer role — whose review step requires human sign-off — to an AI agent. The reasoner''s consistency witness fires on that step: a requires-human-approval step is no longer human-filled. The rule break is DERIVED, not hand-checked.', 3, FALSE, '[{"class":"Workflows","match":"first","set":{"modified":"2026-04-03T00:00:00-05:00"}},{"class":"Roles","id":"ntwf-release-manager-role","set":{"filledByHumanAgent":"ntwf-maria-gonzalez","filledByAIAgent":"","filledByAutomatedPipeline":""}},{"class":"Roles","id":"ntwf-risk-analysis-role","set":{"filledByHumanAgent":"","filledByAIAgent":"ntwf-risk-ai","filledByAutomatedPipeline":""}},{"class":"Roles","id":"ntwf-legal-compliance-role","set":{"filledByHumanAgent":"ntwf-james-okafor","filledByAIAgent":"","filledByAutomatedPipeline":""}},{"class":"Roles","id":"ntwf-ci-executor-role","set":{"filledByHumanAgent":"","filledByAIAgent":"","filledByAutomatedPipeline":"ntwf-ci-pipeline"}},{"class":"Roles","id":"ntwf-vp-engineering-role","set":{"filledByHumanAgent":"ntwf-david-chen","filledByAIAgent":"","filledByAutomatedPipeline":""}},{"class":"Roles","id":"ntwf-cto-role","set":{"filledByHumanAgent":"ntwf-sarah-kim","filledByAIAgent":"","filledByAutomatedPipeline":""}},{"class":"Roles","id":"ntwf-deployment-health-role","set":{"filledByHumanAgent":"","filledByAIAgent":"ntwf-health-ai","filledByAutomatedPipeline":""}},{"class":"Roles","id":"ntwf-legal-compliance-role","set":{"filledByHumanAgent":"","filledByAIAgent":"ntwf-risk-ai","filledByAutomatedPipeline":""}}]') ON CONFLICT (scenario_id) DO NOTHING;

INSERT INTO scenarios (scenario_id, label, icon, explanation, sort_order, is_reset, edits)
VALUES ('offhours-gate', 'Off-hours gate, no second signer', '🌙', 'Flags the deployment as off-hours and fills the VP of Engineering role (the Release Manager''s delegate) with the CI pipeline instead of a human. The Release Approval Gate requires dual human sign-off during off-hours, but the delegation chain now has only one human along it — so the gate''s DualSignoffSatisfied goes false and the workflow trips AT RISK on the gate rule. Fix it two ways: clear the off-hours flag, or put a human back in the VP role (one edge in the org/escalation view). The gate finally has a measurable consequence.', 4, FALSE, '[{"class":"Workflows","match":"first","set":{"modified":"2026-04-03T00:00:00-05:00","isOffHoursDeployment":true}},{"class":"Roles","id":"ntwf-release-manager-role","set":{"filledByHumanAgent":"ntwf-maria-gonzalez","filledByAIAgent":"","filledByAutomatedPipeline":""}},{"class":"Roles","id":"ntwf-risk-analysis-role","set":{"filledByHumanAgent":"","filledByAIAgent":"ntwf-risk-ai","filledByAutomatedPipeline":""}},{"class":"Roles","id":"ntwf-legal-compliance-role","set":{"filledByHumanAgent":"ntwf-james-okafor","filledByAIAgent":"","filledByAutomatedPipeline":""}},{"class":"Roles","id":"ntwf-ci-executor-role","set":{"filledByHumanAgent":"","filledByAIAgent":"","filledByAutomatedPipeline":"ntwf-ci-pipeline"}},{"class":"Roles","id":"ntwf-vp-engineering-role","set":{"filledByHumanAgent":"","filledByAIAgent":"","filledByAutomatedPipeline":"ntwf-ci-pipeline"}},{"class":"Roles","id":"ntwf-cto-role","set":{"filledByHumanAgent":"ntwf-sarah-kim","filledByAIAgent":"","filledByAutomatedPipeline":""}},{"class":"Roles","id":"ntwf-deployment-health-role","set":{"filledByHumanAgent":"","filledByAIAgent":"ntwf-health-ai","filledByAutomatedPipeline":""}}]') ON CONFLICT (scenario_id) DO NOTHING;

INSERT INTO scenarios (scenario_id, label, icon, explanation, sort_order, is_reset, edits)
VALUES ('reset', 'Reset to baseline', '↺', 'Restores the canonical seed assignments, a fresh review date, and on-hours scheduling — the known-good starting point. (The seed plan runs slightly over its 4-hour budget, so the board''s baseline verdict is driven by the time-budget rule; trim a step''s duration to clear it.)', 5, TRUE, '[{"class":"Workflows","match":"first","set":{"modified":"2026-04-03T00:00:00-05:00","isOffHoursDeployment":false}},{"class":"Roles","id":"ntwf-release-manager-role","set":{"filledByHumanAgent":"ntwf-maria-gonzalez","filledByAIAgent":"","filledByAutomatedPipeline":""}},{"class":"Roles","id":"ntwf-risk-analysis-role","set":{"filledByHumanAgent":"","filledByAIAgent":"ntwf-risk-ai","filledByAutomatedPipeline":""}},{"class":"Roles","id":"ntwf-legal-compliance-role","set":{"filledByHumanAgent":"ntwf-james-okafor","filledByAIAgent":"","filledByAutomatedPipeline":""}},{"class":"Roles","id":"ntwf-ci-executor-role","set":{"filledByHumanAgent":"","filledByAIAgent":"","filledByAutomatedPipeline":"ntwf-ci-pipeline"}},{"class":"Roles","id":"ntwf-vp-engineering-role","set":{"filledByHumanAgent":"ntwf-david-chen","filledByAIAgent":"","filledByAutomatedPipeline":""}},{"class":"Roles","id":"ntwf-cto-role","set":{"filledByHumanAgent":"ntwf-sarah-kim","filledByAIAgent":"","filledByAutomatedPipeline":""}},{"class":"Roles","id":"ntwf-deployment-health-role","set":{"filledByHumanAgent":"","filledByAIAgent":"ntwf-health-ai","filledByAutomatedPipeline":""}}]') ON CONFLICT (scenario_id) DO NOTHING;

