-- ============================================================================
-- INSERT DATA - Load data from rulebook
-- ============================================================================
-- Generated by rulebook-to-postgres tool
-- Mode: check-add    Stage: dev
-- ============================================================================

-- ----------------------------------------------------------------------------
-- Workflows: Table: Workflows
-- ----------------------------------------------------------------------------
INSERT INTO workflows (workflow_id, display_name, title, description, identifier, modified)
VALUES ('onboarding', 'Onboarding', 'Employee Onboarding', 'A step-by-step process to onboard new employees, including document collection, orientation, and training.', 'WF-ONB-001', '2024-05-10') ON CONFLICT (workflow_id) DO NOTHING;

INSERT INTO workflows (workflow_id, display_name, title, description, identifier, modified)
VALUES ('invoice-approval', 'Invoice Approval', 'Invoice Approval Workflow', 'Automated workflow for reviewing, approving, and processing vendor invoices.', 'WF-INV-002', '2024-06-01') ON CONFLICT (workflow_id) DO NOTHING;

INSERT INTO workflows (workflow_id, display_name, title, description, identifier, modified)
VALUES ('content-publishing', 'Content Publishing', 'Content Publishing Process', 'Workflow for drafting, reviewing, and publishing content to the company website.', 'WF-CNT-003', '2024-05-28') ON CONFLICT (workflow_id) DO NOTHING;

INSERT INTO workflows (workflow_id, display_name, title, description, identifier, modified)
VALUES ('leave-request', 'Leave Request', 'Leave Request Workflow', 'Process for employees to submit, review, and approve leave requests.', 'WF-LRQ-004', '2024-06-05') ON CONFLICT (workflow_id) DO NOTHING;

INSERT INTO workflows (workflow_id, display_name, title, description, identifier, modified)
VALUES ('it-support', 'IT Support', 'IT Support Ticketing', 'Workflow for submitting, triaging, and resolving IT support tickets.', 'WF-ITS-005', '2024-05-30') ON CONFLICT (workflow_id) DO NOTHING;

INSERT INTO workflows (workflow_id, display_name, title, description, identifier, modified)
VALUES ('expense-reimbursement', 'Expense Reimbursement', 'Expense Reimbursement Process', 'Steps for employees to submit expenses and receive reimbursements after approval.', 'WF-EXP-006', '2024-06-03') ON CONFLICT (workflow_id) DO NOTHING;

INSERT INTO workflows (workflow_id, display_name, title, description, identifier, modified)
VALUES ('performance-review', 'Performance Review', 'Annual Performance Review', 'Structured workflow for conducting annual employee performance evaluations.', 'WF-PRV-007', '2024-05-15') ON CONFLICT (workflow_id) DO NOTHING;

INSERT INTO workflows (workflow_id, display_name, title, description, identifier, modified)
VALUES ('procurement', 'Procurement', 'Procurement Workflow', 'Process for requesting, approving, and purchasing goods or services.', 'WF-PRC-008', '2024-06-02') ON CONFLICT (workflow_id) DO NOTHING;

INSERT INTO workflows (workflow_id, display_name, title, description, identifier, modified)
VALUES ('customer-feedback', 'Customer Feedback', 'Customer Feedback Collection', 'Workflow for collecting, analyzing, and acting on customer feedback.', 'WF-CFB-009', '2024-05-25') ON CONFLICT (workflow_id) DO NOTHING;

INSERT INTO workflows (workflow_id, display_name, title, description, identifier, modified)
VALUES ('project-kickoff', 'Project Kickoff', 'Project Kickoff Process', 'Steps to initiate a new project, including team assignment and goal setting.', 'WF-PKO-010', '2024-05-20') ON CONFLICT (workflow_id) DO NOTHING;

INSERT INTO workflows (workflow_id, display_name, title, description, identifier, modified)
VALUES ('contract-review', 'Contract Review', 'Contract Review Workflow', 'Workflow for legal and management review of contracts before signing.', 'WF-CTR-011', '2024-06-04') ON CONFLICT (workflow_id) DO NOTHING;

INSERT INTO workflows (workflow_id, display_name, title, description, identifier, modified)
VALUES ('asset-management', 'Asset Management', 'Asset Management Process', 'Process for tracking, maintaining, and auditing company assets.', 'WF-ASM-012', '2024-05-18') ON CONFLICT (workflow_id) DO NOTHING;

INSERT INTO workflows (workflow_id, display_name, title, description, identifier, modified)
VALUES ('recruitment', 'Recruitment', 'Recruitment Workflow', 'Workflow for posting jobs, screening candidates, and scheduling interviews.', 'WF-RCT-013', '2024-05-22') ON CONFLICT (workflow_id) DO NOTHING;

INSERT INTO workflows (workflow_id, display_name, title, description, identifier, modified)
VALUES ('incident-reporting', 'Incident Reporting', 'Incident Reporting Process', 'Steps for reporting, investigating, and resolving workplace incidents.', 'WF-INC-014', '2024-06-06') ON CONFLICT (workflow_id) DO NOTHING;

INSERT INTO workflows (workflow_id, display_name, title, description, identifier, modified)
VALUES ('change-management', 'Change Management', 'Change Management Workflow', 'Structured process for requesting, evaluating, and implementing organizational changes.', 'WF-CHM-015', '2024-05-27') ON CONFLICT (workflow_id) DO NOTHING;

-- ----------------------------------------------------------------------------
-- WorkflowSteps: Table: WorkflowSteps
-- ----------------------------------------------------------------------------
INSERT INTO workflow_steps (workflow_step_id, display_name, workflow, sequence_position, assigned_role, requires_human_approval, approval_gate, preceded_by_steps)
VALUES ('submit-request', 'Submit Request', 'onboarding', 1, 'administrator', TRUE, 'initial-review', 'step-1') ON CONFLICT (workflow_step_id) DO NOTHING;

INSERT INTO workflow_steps (workflow_step_id, display_name, workflow, sequence_position, assigned_role, requires_human_approval, approval_gate, preceded_by_steps)
VALUES ('manager-review', 'Manager Review', 'invoice-approval', 2, 'editor', TRUE, 'manager-approval', 'step-2') ON CONFLICT (workflow_step_id) DO NOTHING;

INSERT INTO workflow_steps (workflow_step_id, display_name, workflow, sequence_position, assigned_role, requires_human_approval, approval_gate, preceded_by_steps)
VALUES ('automated-eligibility-check', 'Automated Eligibility Check', 'content-publishing', 3, 'viewer', FALSE, 'it-security-gate', 'step-3') ON CONFLICT (workflow_step_id) DO NOTHING;

INSERT INTO workflow_steps (workflow_step_id, display_name, workflow, sequence_position, assigned_role, requires_human_approval, approval_gate, preceded_by_steps)
VALUES ('finance-approval', 'Finance Approval', 'leave-request', 4, 'moderator', TRUE, 'finance-approval', 'step-4') ON CONFLICT (workflow_step_id) DO NOTHING;

INSERT INTO workflow_steps (workflow_step_id, display_name, workflow, sequence_position, assigned_role, requires_human_approval, approval_gate, preceded_by_steps)
VALUES ('document-verification', 'Document Verification', 'it-support', 5, 'contributor', FALSE, 'compliance-check', 'step-5') ON CONFLICT (workflow_step_id) DO NOTHING;

INSERT INTO workflow_steps (workflow_step_id, display_name, workflow, sequence_position, assigned_role, requires_human_approval, approval_gate, preceded_by_steps)
VALUES ('quality-assurance-review', 'Quality Assurance Review', 'expense-reimbursement', 6, 'manager', TRUE, 'quality-assurance', 'step-6') ON CONFLICT (workflow_step_id) DO NOTHING;

INSERT INTO workflow_steps (workflow_step_id, display_name, workflow, sequence_position, assigned_role, requires_human_approval, approval_gate, preceded_by_steps)
VALUES ('system-notification-sent', 'System Notification Sent', 'performance-review', 7, 'support', FALSE, 'final-authorization', 'step-7') ON CONFLICT (workflow_step_id) DO NOTHING;

INSERT INTO workflow_steps (workflow_step_id, display_name, workflow, sequence_position, assigned_role, requires_human_approval, approval_gate, preceded_by_steps)
VALUES ('final-approval', 'Final Approval', 'procurement', 8, 'analyst', TRUE, 'manager-approval', 'step-8') ON CONFLICT (workflow_step_id) DO NOTHING;

INSERT INTO workflow_steps (workflow_step_id, display_name, workflow, sequence_position, assigned_role, requires_human_approval, approval_gate, preceded_by_steps)
VALUES ('archive-request', 'Archive Request', 'customer-feedback', 9, 'developer', FALSE, 'it-security-gate', 'step-9') ON CONFLICT (workflow_step_id) DO NOTHING;

INSERT INTO workflow_steps (workflow_step_id, display_name, workflow, sequence_position, assigned_role, requires_human_approval, approval_gate, preceded_by_steps)
VALUES ('customer-feedback-collection', 'Customer Feedback Collection', 'project-kickoff', 10, 'tester', FALSE, 'customer-confirmation', 'step-10') ON CONFLICT (workflow_step_id) DO NOTHING;

INSERT INTO workflow_steps (workflow_step_id, display_name, workflow, sequence_position, assigned_role, requires_human_approval, approval_gate, preceded_by_steps)
VALUES ('legal-compliance-check', 'Legal Compliance Check', 'contract-review', 11, 'hr', TRUE, 'legal-review', 'step-11') ON CONFLICT (workflow_step_id) DO NOTHING;

INSERT INTO workflow_steps (workflow_step_id, display_name, workflow, sequence_position, assigned_role, requires_human_approval, approval_gate, preceded_by_steps)
VALUES ('assign-task-to-team', 'Assign Task to Team', 'asset-management', 12, 'finance', FALSE, 'executive-sign-off', 'step-12') ON CONFLICT (workflow_step_id) DO NOTHING;

INSERT INTO workflow_steps (workflow_step_id, display_name, workflow, sequence_position, assigned_role, requires_human_approval, approval_gate, preceded_by_steps)
VALUES ('some-new-task', 'Some new task', 'asset-management', 13, 'finance', FALSE, '', 'assign-task-to-team') ON CONFLICT (workflow_step_id) DO NOTHING;

INSERT INTO workflow_steps (workflow_step_id, display_name, workflow, sequence_position, assigned_role, requires_human_approval, approval_gate, preceded_by_steps)
VALUES ('team-lead-review', 'Team Lead Review', 'recruitment', 13, 'guest', TRUE, 'legal-review', 'step-13') ON CONFLICT (workflow_step_id) DO NOTHING;

INSERT INTO workflow_steps (workflow_step_id, display_name, workflow, sequence_position, assigned_role, requires_human_approval, approval_gate, preceded_by_steps)
VALUES ('generate-report', 'Generate Report', 'incident-reporting', 14, 'trainer', FALSE, 'finance-approval', 'step-14') ON CONFLICT (workflow_step_id) DO NOTHING;

INSERT INTO workflow_steps (workflow_step_id, display_name, workflow, sequence_position, assigned_role, requires_human_approval, approval_gate, preceded_by_steps)
VALUES ('close-workflow', 'Close Workflow', 'change-management', 15, 'owner', FALSE, 'executive-sign-off', 'step-15') ON CONFLICT (workflow_step_id) DO NOTHING;

-- ----------------------------------------------------------------------------
-- Approvals: Table: Approvals
-- ----------------------------------------------------------------------------
INSERT INTO approvals (approval_id, display_name, escalation_threshold_hours)
VALUES ('initial-review', 'Initial Review', 0) ON CONFLICT (approval_id) DO NOTHING;

INSERT INTO approvals (approval_id, display_name, escalation_threshold_hours)
VALUES ('manager-approval', 'Manager Approval', 0) ON CONFLICT (approval_id) DO NOTHING;

INSERT INTO approvals (approval_id, display_name, escalation_threshold_hours)
VALUES ('compliance-check', 'Compliance Check', 0) ON CONFLICT (approval_id) DO NOTHING;

INSERT INTO approvals (approval_id, display_name, escalation_threshold_hours)
VALUES ('final-authorization', 'Final Authorization', 0) ON CONFLICT (approval_id) DO NOTHING;

INSERT INTO approvals (approval_id, display_name, escalation_threshold_hours)
VALUES ('executive-sign-off', 'Executive Sign-off', 0) ON CONFLICT (approval_id) DO NOTHING;

INSERT INTO approvals (approval_id, display_name, escalation_threshold_hours)
VALUES ('quality-assurance', 'Quality Assurance', 0) ON CONFLICT (approval_id) DO NOTHING;

INSERT INTO approvals (approval_id, display_name, escalation_threshold_hours)
VALUES ('legal-review', 'Legal Review', 0) ON CONFLICT (approval_id) DO NOTHING;

INSERT INTO approvals (approval_id, display_name, escalation_threshold_hours)
VALUES ('finance-approval', 'Finance Approval', 0) ON CONFLICT (approval_id) DO NOTHING;

INSERT INTO approvals (approval_id, display_name, escalation_threshold_hours)
VALUES ('it-security-gate', 'IT Security Gate', 0) ON CONFLICT (approval_id) DO NOTHING;

INSERT INTO approvals (approval_id, display_name, escalation_threshold_hours)
VALUES ('customer-confirmation', 'Customer Confirmation', 0) ON CONFLICT (approval_id) DO NOTHING;

-- ----------------------------------------------------------------------------
-- PrecedesSteps: Table: PrecedesSteps
-- ----------------------------------------------------------------------------
INSERT INTO precedes_steps (precedes_step_id, name, step_number, workflow_step)
VALUES ('step-1', 'step-1', 1, 'submit-request') ON CONFLICT (precedes_step_id) DO NOTHING;

INSERT INTO precedes_steps (precedes_step_id, name, step_number, workflow_step)
VALUES ('step-2', 'step-2', 2, 'manager-review') ON CONFLICT (precedes_step_id) DO NOTHING;

INSERT INTO precedes_steps (precedes_step_id, name, step_number, workflow_step)
VALUES ('step-3', 'step-3', 3, 'automated-eligibility-check') ON CONFLICT (precedes_step_id) DO NOTHING;

INSERT INTO precedes_steps (precedes_step_id, name, step_number, workflow_step)
VALUES ('step-4', 'step-4', 4, 'finance-approval') ON CONFLICT (precedes_step_id) DO NOTHING;

INSERT INTO precedes_steps (precedes_step_id, name, step_number, workflow_step)
VALUES ('step-5', 'step-5', 5, 'document-verification') ON CONFLICT (precedes_step_id) DO NOTHING;

INSERT INTO precedes_steps (precedes_step_id, name, step_number, workflow_step)
VALUES ('step-6', 'step-6', 6, 'quality-assurance-review') ON CONFLICT (precedes_step_id) DO NOTHING;

INSERT INTO precedes_steps (precedes_step_id, name, step_number, workflow_step)
VALUES ('step-7', 'step-7', 7, 'system-notification-sent') ON CONFLICT (precedes_step_id) DO NOTHING;

INSERT INTO precedes_steps (precedes_step_id, name, step_number, workflow_step)
VALUES ('step-8', 'step-8', 8, 'final-approval') ON CONFLICT (precedes_step_id) DO NOTHING;

INSERT INTO precedes_steps (precedes_step_id, name, step_number, workflow_step)
VALUES ('step-9', 'step-9', 9, 'archive-request') ON CONFLICT (precedes_step_id) DO NOTHING;

INSERT INTO precedes_steps (precedes_step_id, name, step_number, workflow_step)
VALUES ('step-10', 'step-10', 10, 'customer-feedback-collection') ON CONFLICT (precedes_step_id) DO NOTHING;

INSERT INTO precedes_steps (precedes_step_id, name, step_number, workflow_step)
VALUES ('step-11', 'step-11', 11, 'legal-compliance-check') ON CONFLICT (precedes_step_id) DO NOTHING;

INSERT INTO precedes_steps (precedes_step_id, name, step_number, workflow_step)
VALUES ('step-12', 'step-12', 12, 'assign-task-to-team') ON CONFLICT (precedes_step_id) DO NOTHING;

INSERT INTO precedes_steps (precedes_step_id, name, step_number, workflow_step)
VALUES ('step-13', 'step-13', 13, 'team-lead-review') ON CONFLICT (precedes_step_id) DO NOTHING;

INSERT INTO precedes_steps (precedes_step_id, name, step_number, workflow_step)
VALUES ('step-14', 'step-14', 14, 'generate-report') ON CONFLICT (precedes_step_id) DO NOTHING;

INSERT INTO precedes_steps (precedes_step_id, name, step_number, workflow_step)
VALUES ('step-15', 'step-15', 15, 'close-workflow') ON CONFLICT (precedes_step_id) DO NOTHING;

INSERT INTO precedes_steps (precedes_step_id, name, step_number, workflow_step)
VALUES ('assign-task-to-team', 'assign-task-to-team', 16, 'some-new-task') ON CONFLICT (precedes_step_id) DO NOTHING;

-- ----------------------------------------------------------------------------
-- Roles: Table: Roles
-- ----------------------------------------------------------------------------
INSERT INTO roles (role_id, display_name, label, comment, filled_by_human_agent, filled_by_ai_agent, filled_by_automated_pipeline, owned_by, delegates_to, from_delegates_to)
VALUES ('administrator', 'Administrator', 'Admin', 'Has full access to all system features and settings.', 'agent-001', 'ava', 'lead-notification-pipeline', 'human-resources', '', 'editor') ON CONFLICT (role_id) DO NOTHING;

INSERT INTO roles (role_id, display_name, label, comment, filled_by_human_agent, filled_by_ai_agent, filled_by_automated_pipeline, owned_by, delegates_to, from_delegates_to)
VALUES ('editor', 'Editor', 'Content Editor', 'Can create, edit, and delete content but cannot change system settings.', 'agent-002', 'leo', 'e-commerce-order-sync', 'finance', 'administrator', 'viewer') ON CONFLICT (role_id) DO NOTHING;

INSERT INTO roles (role_id, display_name, label, comment, filled_by_human_agent, filled_by_ai_agent, filled_by_automated_pipeline, owned_by, delegates_to, from_delegates_to)
VALUES ('viewer', 'Viewer', 'Read-Only', 'Can view content but cannot make any changes.', 'agent-003', 'maya', 'issue-tracking-bridge', 'information-technology', 'editor', 'moderator') ON CONFLICT (role_id) DO NOTHING;

INSERT INTO roles (role_id, display_name, label, comment, filled_by_human_agent, filled_by_ai_agent, filled_by_automated_pipeline, owned_by, delegates_to, from_delegates_to)
VALUES ('moderator', 'Moderator', 'Forum Moderator', 'Can manage user comments and moderate discussions.', 'agent-004', 'eli', 'newsletter-signup-sync', 'marketing', 'viewer', 'contributor') ON CONFLICT (role_id) DO NOTHING;

INSERT INTO roles (role_id, display_name, label, comment, filled_by_human_agent, filled_by_ai_agent, filled_by_automated_pipeline, owned_by, delegates_to, from_delegates_to)
VALUES ('contributor', 'Contributor', 'Content Contributor', 'Can submit new content for review but cannot publish directly.', 'agent-005', 'zara', 'support-ticket-automation', 'sales', 'moderator', 'manager') ON CONFLICT (role_id) DO NOTHING;

INSERT INTO roles (role_id, display_name, label, comment, filled_by_human_agent, filled_by_ai_agent, filled_by_automated_pipeline, owned_by, delegates_to, from_delegates_to)
VALUES ('manager', 'Manager', 'Project Manager', 'Oversees project progress and manages team assignments.', 'agent-006', 'owen', 'devops-integration', 'customer-service', 'contributor', 'support') ON CONFLICT (role_id) DO NOTHING;

INSERT INTO roles (role_id, display_name, label, comment, filled_by_human_agent, filled_by_ai_agent, filled_by_automated_pipeline, owned_by, delegates_to, from_delegates_to)
VALUES ('support', 'Support', 'Customer Support', 'Handles user inquiries and provides technical assistance.', 'agent-007', 'nina', 'finance-automation', 'research-and-development', 'manager', 'analyst') ON CONFLICT (role_id) DO NOTHING;

INSERT INTO roles (role_id, display_name, label, comment, filled_by_human_agent, filled_by_ai_agent, filled_by_automated_pipeline, owned_by, delegates_to, from_delegates_to)
VALUES ('analyst', 'Analyst', 'Data Analyst', 'Has access to analytics and reporting tools.', 'agent-008', 'kai', 'project-intake-pipeline', 'legal', 'support', 'developer') ON CONFLICT (role_id) DO NOTHING;

INSERT INTO roles (role_id, display_name, label, comment, filled_by_human_agent, filled_by_ai_agent, filled_by_automated_pipeline, owned_by, delegates_to, from_delegates_to)
VALUES ('developer', 'Developer', 'Software Developer', 'Can access and modify application code and integrations.', 'agent-009', 'sophie', 'crm-data-sync', 'procurement', 'analyst', 'tester') ON CONFLICT (role_id) DO NOTHING;

INSERT INTO roles (role_id, display_name, label, comment, filled_by_human_agent, filled_by_ai_agent, filled_by_automated_pipeline, owned_by, delegates_to, from_delegates_to)
VALUES ('tester', 'Tester', 'Quality Assurance', 'Responsible for testing new features and reporting bugs.', 'agent-010', 'max', 'calendar-integration', 'operations', 'developer', 'hr') ON CONFLICT (role_id) DO NOTHING;

INSERT INTO roles (role_id, display_name, label, comment, filled_by_human_agent, filled_by_ai_agent, filled_by_automated_pipeline, owned_by, delegates_to, from_delegates_to)
VALUES ('hr', 'HR', 'Human Resources', 'Manages employee records and recruitment processes.', 'agent-011', 'liam', 'survey-data-pipeline', 'administration', 'tester', 'finance') ON CONFLICT (role_id) DO NOTHING;

INSERT INTO roles (role_id, display_name, label, comment, filled_by_human_agent, filled_by_ai_agent, filled_by_automated_pipeline, owned_by, delegates_to, from_delegates_to)
VALUES ('finance', 'Finance', 'Finance Officer', 'Handles billing, invoices, and financial reports.', 'agent-012', 'jade', 'task-management-sync', 'public-relations', 'hr', 'guest') ON CONFLICT (role_id) DO NOTHING;

INSERT INTO roles (role_id, display_name, label, comment, filled_by_human_agent, filled_by_ai_agent, filled_by_automated_pipeline, owned_by, delegates_to, from_delegates_to)
VALUES ('guest', 'Guest', 'Temporary Access', 'Limited access for temporary users or external collaborators.', 'agent-013', 'mila', 'cloud-storage-sync', 'quality-assurance', 'finance', 'trainer') ON CONFLICT (role_id) DO NOTHING;

INSERT INTO roles (role_id, display_name, label, comment, filled_by_human_agent, filled_by_ai_agent, filled_by_automated_pipeline, owned_by, delegates_to, from_delegates_to)
VALUES ('trainer', 'Trainer', 'Training Specialist', 'Creates and delivers training materials to users.', 'agent-014', 'noah', 'email-notification-pipeline', 'facilities-management', 'guest', 'owner') ON CONFLICT (role_id) DO NOTHING;

INSERT INTO roles (role_id, display_name, label, comment, filled_by_human_agent, filled_by_ai_agent, filled_by_automated_pipeline, owned_by, delegates_to, from_delegates_to)
VALUES ('owner', 'Owner', 'System Owner', 'Ultimate authority over the system, can assign or revoke any role.', 'agent-015', 'ella', 'survey-data-export', 'training-and-development', 'trainer', '') ON CONFLICT (role_id) DO NOTHING;

-- ----------------------------------------------------------------------------
-- Departments: Table: Departments
-- ----------------------------------------------------------------------------
INSERT INTO departments (department_id, title, display_name, roles)
VALUES ('human-resources', 'HR Department', 'Human Resources', 'administrator') ON CONFLICT (department_id) DO NOTHING;

INSERT INTO departments (department_id, title, display_name, roles)
VALUES ('finance', 'Finance Department', 'Finance', 'editor') ON CONFLICT (department_id) DO NOTHING;

INSERT INTO departments (department_id, title, display_name, roles)
VALUES ('information-technology', 'IT Department', 'Information Technology', 'viewer') ON CONFLICT (department_id) DO NOTHING;

INSERT INTO departments (department_id, title, display_name, roles)
VALUES ('marketing', 'Marketing Department', 'Marketing', 'moderator') ON CONFLICT (department_id) DO NOTHING;

INSERT INTO departments (department_id, title, display_name, roles)
VALUES ('sales', 'Sales Department', 'Sales', 'contributor') ON CONFLICT (department_id) DO NOTHING;

INSERT INTO departments (department_id, title, display_name, roles)
VALUES ('customer-service', 'Customer Service Department', 'Customer Service', 'manager') ON CONFLICT (department_id) DO NOTHING;

INSERT INTO departments (department_id, title, display_name, roles)
VALUES ('research-and-development', 'R&D Department', 'Research and Development', 'support') ON CONFLICT (department_id) DO NOTHING;

INSERT INTO departments (department_id, title, display_name, roles)
VALUES ('legal', 'Legal Department', 'Legal', 'analyst') ON CONFLICT (department_id) DO NOTHING;

INSERT INTO departments (department_id, title, display_name, roles)
VALUES ('procurement', 'Procurement Department', 'Procurement', 'developer') ON CONFLICT (department_id) DO NOTHING;

INSERT INTO departments (department_id, title, display_name, roles)
VALUES ('operations', 'Operations Department', 'Operations', 'tester') ON CONFLICT (department_id) DO NOTHING;

INSERT INTO departments (department_id, title, display_name, roles)
VALUES ('administration', 'Administration Department', 'Administration', 'hr') ON CONFLICT (department_id) DO NOTHING;

INSERT INTO departments (department_id, title, display_name, roles)
VALUES ('public-relations', 'PR Department', 'Public Relations', 'finance') ON CONFLICT (department_id) DO NOTHING;

INSERT INTO departments (department_id, title, display_name, roles)
VALUES ('quality-assurance', 'QA Department', 'Quality Assurance', 'guest') ON CONFLICT (department_id) DO NOTHING;

INSERT INTO departments (department_id, title, display_name, roles)
VALUES ('facilities-management', 'Facilities Department', 'Facilities Management', 'trainer') ON CONFLICT (department_id) DO NOTHING;

INSERT INTO departments (department_id, title, display_name, roles)
VALUES ('training-and-development', 'Training Department', 'Training and Development', 'owner') ON CONFLICT (department_id) DO NOTHING;

-- ----------------------------------------------------------------------------
-- HumanAgents: Table: HumanAgents
-- ----------------------------------------------------------------------------
INSERT INTO human_agents (human_agent_id, name, display_name, mbox, roles)
VALUES ('agent-001', 'agent_001', 'Alice Johnson', 'alice.johnson@example.com', 'administrator') ON CONFLICT (human_agent_id) DO NOTHING;

INSERT INTO human_agents (human_agent_id, name, display_name, mbox, roles)
VALUES ('agent-002', 'agent_002', 'Brian Smith', 'brian.smith@example.com', 'editor') ON CONFLICT (human_agent_id) DO NOTHING;

INSERT INTO human_agents (human_agent_id, name, display_name, mbox, roles)
VALUES ('agent-003', 'agent_003', 'Catherine Lee', 'catherine.lee@example.com', 'viewer') ON CONFLICT (human_agent_id) DO NOTHING;

INSERT INTO human_agents (human_agent_id, name, display_name, mbox, roles)
VALUES ('agent-004', 'agent_004', 'David Kim', 'david.kim@example.com', 'moderator') ON CONFLICT (human_agent_id) DO NOTHING;

INSERT INTO human_agents (human_agent_id, name, display_name, mbox, roles)
VALUES ('agent-005', 'agent_005', 'Emily Chen', 'emily.chen@example.com', 'contributor') ON CONFLICT (human_agent_id) DO NOTHING;

INSERT INTO human_agents (human_agent_id, name, display_name, mbox, roles)
VALUES ('agent-006', 'agent_006', 'Frank Miller', 'frank.miller@example.com', 'manager') ON CONFLICT (human_agent_id) DO NOTHING;

INSERT INTO human_agents (human_agent_id, name, display_name, mbox, roles)
VALUES ('agent-007', 'agent_007', 'Grace Park', 'grace.park@example.com', 'support') ON CONFLICT (human_agent_id) DO NOTHING;

INSERT INTO human_agents (human_agent_id, name, display_name, mbox, roles)
VALUES ('agent-008', 'agent_008', 'Henry Adams', 'henry.adams@example.com', 'analyst') ON CONFLICT (human_agent_id) DO NOTHING;

INSERT INTO human_agents (human_agent_id, name, display_name, mbox, roles)
VALUES ('agent-009', 'agent_009', 'Isabella Martinez', 'isabella.martinez@example.com', 'developer') ON CONFLICT (human_agent_id) DO NOTHING;

INSERT INTO human_agents (human_agent_id, name, display_name, mbox, roles)
VALUES ('agent-010', 'agent_010', 'Jack Wilson', 'jack.wilson@example.com', 'tester') ON CONFLICT (human_agent_id) DO NOTHING;

INSERT INTO human_agents (human_agent_id, name, display_name, mbox, roles)
VALUES ('agent-011', 'agent_011', 'Karen Patel', 'karen.patel@example.com', 'hr') ON CONFLICT (human_agent_id) DO NOTHING;

INSERT INTO human_agents (human_agent_id, name, display_name, mbox, roles)
VALUES ('agent-012', 'agent_012', 'Liam Nguyen', 'liam.nguyen@example.com', 'finance') ON CONFLICT (human_agent_id) DO NOTHING;

INSERT INTO human_agents (human_agent_id, name, display_name, mbox, roles)
VALUES ('agent-013', 'agent_013', 'Monica Rivera', 'monica.rivera@example.com', 'guest') ON CONFLICT (human_agent_id) DO NOTHING;

INSERT INTO human_agents (human_agent_id, name, display_name, mbox, roles)
VALUES ('agent-014', 'agent_014', 'Nathan Brown', 'nathan.brown@example.com', 'trainer') ON CONFLICT (human_agent_id) DO NOTHING;

INSERT INTO human_agents (human_agent_id, name, display_name, mbox, roles)
VALUES ('agent-015', 'agent_015', 'Olivia Clark', 'olivia.clark@example.com', 'owner') ON CONFLICT (human_agent_id) DO NOTHING;

-- ----------------------------------------------------------------------------
-- AIAgents: Table: AIAgents
-- ----------------------------------------------------------------------------
INSERT INTO ai_agents (ai_agent_id, name, title, display_name, model_version, roles)
VALUES ('ava', 'Ava', 'CustomerSupportBot', 'Ava', 'GPT-4.0', 'administrator') ON CONFLICT (ai_agent_id) DO NOTHING;

INSERT INTO ai_agents (ai_agent_id, name, title, display_name, model_version, roles)
VALUES ('leo', 'Leo', 'SalesAssistantAI', 'Leo', 'GPT-3.5', 'editor') ON CONFLICT (ai_agent_id) DO NOTHING;

INSERT INTO ai_agents (ai_agent_id, name, title, display_name, model_version, roles)
VALUES ('maya', 'Maya', 'HRRecruiterBot', 'Maya', 'GPT-4.0', 'viewer') ON CONFLICT (ai_agent_id) DO NOTHING;

INSERT INTO ai_agents (ai_agent_id, name, title, display_name, model_version, roles)
VALUES ('eli', 'Eli', 'FinanceAdvisorAI', 'Eli', 'GPT-3.5', 'moderator') ON CONFLICT (ai_agent_id) DO NOTHING;

INSERT INTO ai_agents (ai_agent_id, name, title, display_name, model_version, roles)
VALUES ('zara', 'Zara', 'MarketingCopyAI', 'Zara', 'GPT-4.0', 'contributor') ON CONFLICT (ai_agent_id) DO NOTHING;

INSERT INTO ai_agents (ai_agent_id, name, title, display_name, model_version, roles)
VALUES ('owen', 'Owen', 'LegalDraftBot', 'Owen', 'GPT-3.5', 'manager') ON CONFLICT (ai_agent_id) DO NOTHING;

INSERT INTO ai_agents (ai_agent_id, name, title, display_name, model_version, roles)
VALUES ('nina', 'Nina', 'MedicalAssistantAI', 'Nina', 'GPT-4.0', 'support') ON CONFLICT (ai_agent_id) DO NOTHING;

INSERT INTO ai_agents (ai_agent_id, name, title, display_name, model_version, roles)
VALUES ('kai', 'Kai', 'TravelPlannerBot', 'Kai', 'GPT-3.5', 'analyst') ON CONFLICT (ai_agent_id) DO NOTHING;

INSERT INTO ai_agents (ai_agent_id, name, title, display_name, model_version, roles)
VALUES ('sophie', 'Sophie', 'EcommerceHelperAI', 'Sophie', 'GPT-4.0', 'developer') ON CONFLICT (ai_agent_id) DO NOTHING;

INSERT INTO ai_agents (ai_agent_id, name, title, display_name, model_version, roles)
VALUES ('max', 'Max', 'EducationTutorBot', 'Max', 'GPT-3.5', 'tester') ON CONFLICT (ai_agent_id) DO NOTHING;

INSERT INTO ai_agents (ai_agent_id, name, title, display_name, model_version, roles)
VALUES ('liam', 'Liam', 'RealEstateAdvisorAI', 'Liam', 'GPT-4.0', 'hr') ON CONFLICT (ai_agent_id) DO NOTHING;

INSERT INTO ai_agents (ai_agent_id, name, title, display_name, model_version, roles)
VALUES ('jade', 'Jade', 'FitnessCoachBot', 'Jade', 'GPT-3.5', 'finance') ON CONFLICT (ai_agent_id) DO NOTHING;

INSERT INTO ai_agents (ai_agent_id, name, title, display_name, model_version, roles)
VALUES ('mila', 'Mila', 'EventPlannerAI', 'Mila', 'GPT-4.0', 'guest') ON CONFLICT (ai_agent_id) DO NOTHING;

INSERT INTO ai_agents (ai_agent_id, name, title, display_name, model_version, roles)
VALUES ('noah', 'Noah', 'PersonalFinanceBot', 'Noah', 'GPT-3.5', 'trainer') ON CONFLICT (ai_agent_id) DO NOTHING;

INSERT INTO ai_agents (ai_agent_id, name, title, display_name, model_version, roles)
VALUES ('ella', 'Ella', 'ContentEditorAI', 'Ella', 'GPT-4.0', 'owner') ON CONFLICT (ai_agent_id) DO NOTHING;

-- ----------------------------------------------------------------------------
-- AutomatedPipelines: Table: AutomatedPipelines
-- ----------------------------------------------------------------------------
INSERT INTO automated_pipelines (automated_pipeline_id, name, description, display_name, roles)
VALUES ('lead-notification-pipeline', 'lead-notification-pipeline', 'Salesforce to Slack Lead Alert', 'Lead Notification Pipeline', 'administrator') ON CONFLICT (automated_pipeline_id) DO NOTHING;

INSERT INTO automated_pipelines (automated_pipeline_id, name, description, display_name, roles)
VALUES ('e-commerce-order-sync', 'e-commerce-order-sync', 'Shopify Order to QuickBooks Invoice', 'E-commerce Order Sync', 'editor') ON CONFLICT (automated_pipeline_id) DO NOTHING;

INSERT INTO automated_pipelines (automated_pipeline_id, name, description, display_name, roles)
VALUES ('issue-tracking-bridge', 'issue-tracking-bridge', 'Jira Issue to Trello Card', 'Issue Tracking Bridge', 'viewer') ON CONFLICT (automated_pipeline_id) DO NOTHING;

INSERT INTO automated_pipelines (automated_pipeline_id, name, description, display_name, roles)
VALUES ('newsletter-signup-sync', 'newsletter-signup-sync', 'Google Sheets to Mailchimp Subscriber', 'Newsletter Signup Sync', 'moderator') ON CONFLICT (automated_pipeline_id) DO NOTHING;

INSERT INTO automated_pipelines (automated_pipeline_id, name, description, display_name, roles)
VALUES ('support-ticket-automation', 'support-ticket-automation', 'Zendesk Ticket to Asana Task', 'Support Ticket Automation', 'contributor') ON CONFLICT (automated_pipeline_id) DO NOTHING;

INSERT INTO automated_pipelines (automated_pipeline_id, name, description, display_name, roles)
VALUES ('devops-integration', 'devops-integration', 'GitHub PR to Jira Story', 'DevOps Integration', 'manager') ON CONFLICT (automated_pipeline_id) DO NOTHING;

INSERT INTO automated_pipelines (automated_pipeline_id, name, description, display_name, roles)
VALUES ('finance-automation', 'finance-automation', 'Stripe Payment to Xero Invoice', 'Finance Automation', 'support') ON CONFLICT (automated_pipeline_id) DO NOTHING;

INSERT INTO automated_pipelines (automated_pipeline_id, name, description, display_name, roles)
VALUES ('project-intake-pipeline', 'project-intake-pipeline', 'Airtable Form to Monday.com Item', 'Project Intake Pipeline', 'analyst') ON CONFLICT (automated_pipeline_id) DO NOTHING;

INSERT INTO automated_pipelines (automated_pipeline_id, name, description, display_name, roles)
VALUES ('crm-data-sync', 'crm-data-sync', 'HubSpot Contact to Salesforce Lead', 'CRM Data Sync', 'developer') ON CONFLICT (automated_pipeline_id) DO NOTHING;

INSERT INTO automated_pipelines (automated_pipeline_id, name, description, display_name, roles)
VALUES ('calendar-integration', 'calendar-integration', 'Google Calendar Event to Teams Meeting', 'Calendar Integration', 'tester') ON CONFLICT (automated_pipeline_id) DO NOTHING;

INSERT INTO automated_pipelines (automated_pipeline_id, name, description, display_name, roles)
VALUES ('survey-data-pipeline', 'survey-data-pipeline', 'Typeform Response to Notion Database', 'Survey Data Pipeline', 'hr') ON CONFLICT (automated_pipeline_id) DO NOTHING;

INSERT INTO automated_pipelines (automated_pipeline_id, name, description, display_name, roles)
VALUES ('task-management-sync', 'task-management-sync', 'Trello Card to Google Tasks', 'Task Management Sync', 'finance') ON CONFLICT (automated_pipeline_id) DO NOTHING;

INSERT INTO automated_pipelines (automated_pipeline_id, name, description, display_name, roles)
VALUES ('cloud-storage-sync', 'cloud-storage-sync', 'Dropbox Upload to Google Drive', 'Cloud Storage Sync', 'guest') ON CONFLICT (automated_pipeline_id) DO NOTHING;

INSERT INTO automated_pipelines (automated_pipeline_id, name, description, display_name, roles)
VALUES ('email-notification-pipeline', 'email-notification-pipeline', 'Outlook Email to Slack Channel', 'Email Notification Pipeline', 'trainer') ON CONFLICT (automated_pipeline_id) DO NOTHING;

INSERT INTO automated_pipelines (automated_pipeline_id, name, description, display_name, roles)
VALUES ('survey-data-export', 'survey-data-export', 'SurveyMonkey Response to Excel Sheet', 'Survey Data Export', 'owner') ON CONFLICT (automated_pipeline_id) DO NOTHING;

-- ----------------------------------------------------------------------------
-- SampleDataGovernance: Governance rules for which sample-data rows belong in this rulebook. The Jessica ADVANCED demo is supposed to mirror the worked ABox in the source article — the Production Deployment Workflow at Special Solutions — not a generic catalog of every workflow type. Each row below records one keep/remove decision with a reason and source citation. Used as a checklist when curating seed data; rows here are NOT consumed by substrate code, only by the data-curation process. Originated from LEGACY_PLANs/PLAN-to-cleanup-ADVANCED-table.md (now relocated to this project as PLAN-to-cleanup-ADVANCED-table.md).
-- ----------------------------------------------------------------------------
INSERT INTO sample_data_governance (rule_id, target_table, "action", item_name, reason, source_citation, confidence)
VALUES ('gov-wf-01', 'Workflows', 'keep', 'Production Deployment Workflow', 'The article''s worked ABox names ss:workflow-production-deployment / ''Production Deployment Workflow'' as THE worked workflow instance.', 'Article: explicit naming of the worked workflow.', 'explicit-in-article') ON CONFLICT (rule_id) DO NOTHING;

INSERT INTO sample_data_governance (rule_id, target_table, "action", item_name, reason, source_citation, confidence)
VALUES ('gov-wf-02', 'Workflows', 'remove', 'ALL OTHER (Employee Onboarding, Invoice Approval, Content Publishing, Leave Request, IT Support Ticketing, Expense Reimbursement, Annual Performance Review, Procurement, Customer Feedback, Project Kickoff, Contract Review, Asset Management, Recruitment, Incident Reporting, Change Management)', 'Generic filler from the Airtable export. None of them is the article''s worked workflow.', 'Article worked ABox names exactly one workflow.', 'explicit-in-article') ON CONFLICT (rule_id) DO NOTHING;

INSERT INTO sample_data_governance (rule_id, target_table, "action", item_name, reason, source_citation, confidence)
VALUES ('gov-ws-01', 'WorkflowSteps', 'keep', '5 steps of Production Deployment Workflow', 'Article explicitly says the workflow has five steps that produce five named artifacts.', 'Article: five-step count + five-artifact provenance chain.', 'explicit-in-article') ON CONFLICT (rule_id) DO NOTHING;

INSERT INTO sample_data_governance (rule_id, target_table, "action", item_name, reason, source_citation, confidence)
VALUES ('gov-ws-02', 'WorkflowSteps', 'keep', 'Release Approval Gate (step 3, double-typed ApprovalGate + WorkflowStep)', 'Article explicitly names this step and its type-union.', 'Article: step 3 is double-typed.', 'explicit-in-article') ON CONFLICT (rule_id) DO NOTHING;

INSERT INTO sample_data_governance (rule_id, target_table, "action", item_name, reason, source_citation, confidence)
VALUES ('gov-ws-03', 'WorkflowSteps', 'remove', 'ALL CURRENT (submit-request, manager-review, automated-eligibility-check, finance-approval, document-verification, quality-assurance-review, system-notification-sent, final-approval, archive-request, customer-feedback-collection, legal-compliance-check, assign-task-to-team, some-new-task, team-lead-review, generate-report, close-workflow)', 'Generic filler. Not the article''s worked production-deployment steps.', 'Article worked ABox supports exactly 5 deployment-specific steps.', 'explicit-in-article') ON CONFLICT (rule_id) DO NOTHING;

INSERT INTO sample_data_governance (rule_id, target_table, "action", item_name, reason, source_citation, confidence)
VALUES ('gov-ws-note', 'WorkflowSteps', 'keep', 'Other 4 step labels (TBD from full NTWF ontology)', 'Article confirms five-step count but does not spell every label in the visible text. Need to be reconstructed from full NTWF PDF/TTL or from the artifact-chain ordering.', 'Article: implies via artifact chain but does not enumerate the four non-gate names.', 'requires-full-NTWF-source') ON CONFLICT (rule_id) DO NOTHING;

INSERT INTO sample_data_governance (rule_id, target_table, "action", item_name, reason, source_citation, confidence)
VALUES ('gov-app-01', 'Approvals', 'keep', 'Release Approval Gate', 'The single approval gate in the worked ABox.', 'Article: one approval gate in the worked example.', 'explicit-in-article') ON CONFLICT (rule_id) DO NOTHING;

INSERT INTO sample_data_governance (rule_id, target_table, "action", item_name, reason, source_citation, confidence)
VALUES ('gov-app-02', 'Approvals', 'remove', 'ALL CURRENT (initial-review, manager-approval, compliance-check, final-authorization, executive-sign-off, quality-assurance, legal-review, finance-approval, it-security-gate, customer-confirmation)', 'Generic filler. Article''s worked ABox has exactly one approval.', 'Article: one-approval count.', 'explicit-in-article') ON CONFLICT (rule_id) DO NOTHING;

INSERT INTO sample_data_governance (rule_id, target_table, "action", item_name, reason, source_citation, confidence)
VALUES ('gov-role-01', 'Roles', 'keep', 'Release Manager', 'Named in the article''s delegation chain.', 'Article: explicit role name.', 'explicit-in-article') ON CONFLICT (rule_id) DO NOTHING;

INSERT INTO sample_data_governance (rule_id, target_table, "action", item_name, reason, source_citation, confidence)
VALUES ('gov-role-02', 'Roles', 'keep', 'VP Engineering', 'Named in the article''s delegation chain.', 'Article: explicit role name.', 'explicit-in-article') ON CONFLICT (rule_id) DO NOTHING;

INSERT INTO sample_data_governance (rule_id, target_table, "action", item_name, reason, source_citation, confidence)
VALUES ('gov-role-03', 'Roles', 'keep', 'CTO', 'Named in the article''s delegation chain.', 'Article: explicit role name.', 'explicit-in-article') ON CONFLICT (rule_id) DO NOTHING;

INSERT INTO sample_data_governance (rule_id, target_table, "action", item_name, reason, source_citation, confidence)
VALUES ('gov-role-04', 'Roles', 'keep', 'Legal Compliance Reviewer', 'Explicitly used in the article''s role discussion.', 'Article: explicit role name in role discussion.', 'explicit-in-article') ON CONFLICT (rule_id) DO NOTHING;

INSERT INTO sample_data_governance (rule_id, target_table, "action", item_name, reason, source_citation, confidence)
VALUES ('gov-role-05', 'Roles', 'keep', 'Risk Analysis Agent (as a role concept)', 'Article uses ''Risk Analysis Agent'' as the example of a role distinct from the AI system filling it.', 'Article: role-vs-agent distinction example.', 'explicit-in-article') ON CONFLICT (rule_id) DO NOTHING;

INSERT INTO sample_data_governance (rule_id, target_table, "action", item_name, reason, source_citation, confidence)
VALUES ('gov-role-06', 'Roles', 'keep', '6th role (TBD from full NTWF source)', 'Article states the worked ABox has 6 roles total; only 5 are exposed in the visible text.', 'Article: six-role count.', 'requires-full-NTWF-source') ON CONFLICT (rule_id) DO NOTHING;

INSERT INTO sample_data_governance (rule_id, target_table, "action", item_name, reason, source_citation, confidence)
VALUES ('gov-role-07', 'Roles', 'remove', 'ALL CURRENT (administrator, editor, viewer, moderator, contributor, manager, support, analyst, developer, tester, hr, finance, guest, trainer, owner)', 'Generic role catalog. None matches the article''s worked role set.', 'Article: six article-specific roles only.', 'explicit-in-article') ON CONFLICT (rule_id) DO NOTHING;

INSERT INTO sample_data_governance (rule_id, target_table, "action", item_name, reason, source_citation, confidence)
VALUES ('gov-ha-01', 'HumanAgents', 'keep', 'Maria Gonzalez', 'Explicitly named in the worked ABox.', 'Article: explicit human-agent name.', 'explicit-in-article') ON CONFLICT (rule_id) DO NOTHING;

INSERT INTO sample_data_governance (rule_id, target_table, "action", item_name, reason, source_citation, confidence)
VALUES ('gov-ha-02', 'HumanAgents', 'keep', 'James Okafor', 'Explicitly named in the worked ABox.', 'Article: explicit human-agent name.', 'explicit-in-article') ON CONFLICT (rule_id) DO NOTHING;

INSERT INTO sample_data_governance (rule_id, target_table, "action", item_name, reason, source_citation, confidence)
VALUES ('gov-ha-03', 'HumanAgents', 'keep', 'Third human agent (TBD from full NTWF source)', 'Article states three human-agent individuals in the worked data; only two are visible in the uploaded text.', 'Article: three-human-agent count.', 'implied-by-count') ON CONFLICT (rule_id) DO NOTHING;

INSERT INTO sample_data_governance (rule_id, target_table, "action", item_name, reason, source_citation, confidence)
VALUES ('gov-ha-04', 'HumanAgents', 'remove', 'ALL CURRENT (Alice Johnson, Brian Smith, Catherine Lee, David Kim, Emily Chen, Frank Miller, Grace Park, Henry Adams, Isabella Martinez, Jack Wilson, Karen Patel, Liam Nguyen, Monica Rivera, Nathan Brown, Olivia Clark)', 'Generic placeholder names. Not in the worked ABox.', 'Article: three article-specific human agents only.', 'explicit-in-article') ON CONFLICT (rule_id) DO NOTHING;

INSERT INTO sample_data_governance (rule_id, target_table, "action", item_name, reason, source_citation, confidence)
VALUES ('gov-ai-01', 'AIAgents', 'keep', 'RiskAnalysis-AI (agent-risk-ai, model risk-classifier-v2.4.1)', 'Explicitly named in the worked ABox with model version.', 'Article: explicit AI-agent name + model.', 'explicit-in-article') ON CONFLICT (rule_id) DO NOTHING;

INSERT INTO sample_data_governance (rule_id, target_table, "action", item_name, reason, source_citation, confidence)
VALUES ('gov-ai-02', 'AIAgents', 'remove', 'ALL CURRENT (Ava, Leo, Maya, Eli, Zara, Owen, Nina, Kai, Sophie, Max, Liam, Jade, Mila, Noah, Ella)', 'Generic name catalog. Not in the worked ABox.', 'Article: one article-specific AI agent only.', 'explicit-in-article') ON CONFLICT (rule_id) DO NOTHING;

INSERT INTO sample_data_governance (rule_id, target_table, "action", item_name, reason, source_citation, confidence)
VALUES ('gov-ap-01', 'AutomatedPipelines', 'keep', 'CI Pipeline (agent-ci-pipeline)', 'Explicitly named in the worked ABox.', 'Article: explicit pipeline name.', 'explicit-in-article') ON CONFLICT (rule_id) DO NOTHING;

INSERT INTO sample_data_governance (rule_id, target_table, "action", item_name, reason, source_citation, confidence)
VALUES ('gov-ap-02', 'AutomatedPipelines', 'remove', 'ALL CURRENT (lead-notification-pipeline, e-commerce-order-sync, issue-tracking-bridge, newsletter-signup-sync, support-ticket-automation, devops-integration, finance-automation, project-intake-pipeline, crm-data-sync, calendar-integration, survey-data-pipeline, task-management-sync, cloud-storage-sync, email-notification-pipeline, survey-data-export)', 'Generic pipeline catalog. Not in the worked ABox.', 'Article: one article-specific pipeline only.', 'explicit-in-article') ON CONFLICT (rule_id) DO NOTHING;

INSERT INTO sample_data_governance (rule_id, target_table, "action", item_name, reason, source_citation, confidence)
VALUES ('gov-ds-01', 'Datasets', 'keep', 'Q1 2026 Risk Metrics (dataset-risk-metrics-q1-2026)', 'Article CQ8 explicitly returns this dataset processed by RiskAnalysis-AI.', 'Article: CQ8 explicit dataset reference.', 'explicit-in-article') ON CONFLICT (rule_id) DO NOTHING;

INSERT INTO sample_data_governance (rule_id, target_table, "action", item_name, reason, source_citation, confidence)
VALUES ('gov-art-01', 'Artifacts', 'keep', 'Risk Report', 'Article explicitly names this artifact in the provenance chain.', 'Article: artifact provenance chain.', 'explicit-in-article') ON CONFLICT (rule_id) DO NOTHING;

INSERT INTO sample_data_governance (rule_id, target_table, "action", item_name, reason, source_citation, confidence)
VALUES ('gov-art-02', 'Artifacts', 'keep', 'Legal Clearance', 'Article explicitly names this artifact in the provenance chain.', 'Article: artifact provenance chain.', 'explicit-in-article') ON CONFLICT (rule_id) DO NOTHING;

INSERT INTO sample_data_governance (rule_id, target_table, "action", item_name, reason, source_citation, confidence)
VALUES ('gov-art-03', 'Artifacts', 'keep', 'Release Authorization', 'Article explicitly names this artifact in the provenance chain.', 'Article: artifact provenance chain.', 'explicit-in-article') ON CONFLICT (rule_id) DO NOTHING;

INSERT INTO sample_data_governance (rule_id, target_table, "action", item_name, reason, source_citation, confidence)
VALUES ('gov-art-04', 'Artifacts', 'keep', 'Deployment Log', 'Article explicitly names this artifact in the provenance chain.', 'Article: artifact provenance chain.', 'explicit-in-article') ON CONFLICT (rule_id) DO NOTHING;

INSERT INTO sample_data_governance (rule_id, target_table, "action", item_name, reason, source_citation, confidence)
VALUES ('gov-art-05', 'Artifacts', 'keep', 'Post-Deployment Report', 'Article explicitly names this artifact in the provenance chain.', 'Article: artifact provenance chain.', 'explicit-in-article') ON CONFLICT (rule_id) DO NOTHING;

INSERT INTO sample_data_governance (rule_id, target_table, "action", item_name, reason, source_citation, confidence)
VALUES ('gov-dept-01', 'Departments', 'replace', 'Engineering', 'Article explicitly says the worked workflow involves Engineering.', 'Article: Engineering involvement.', 'explicit-in-article') ON CONFLICT (rule_id) DO NOTHING;

INSERT INTO sample_data_governance (rule_id, target_table, "action", item_name, reason, source_citation, confidence)
VALUES ('gov-dept-02', 'Departments', 'replace', 'Legal', 'Article explicitly says the worked workflow has exactly one Legal-owned step.', 'Article: Legal-owned step.', 'explicit-in-article') ON CONFLICT (rule_id) DO NOTHING;

INSERT INTO sample_data_governance (rule_id, target_table, "action", item_name, reason, source_citation, confidence)
VALUES ('gov-dept-03', 'Departments', 'remove', 'ALL CURRENT (human-resources, finance, information-technology, marketing, sales, customer-service, research-and-development, legal, procurement, operations, administration, public-relations, quality-assurance, facilities-management, training-and-development)', 'Generic department catalog. Replace with article-backed Engineering and Legal departments specifically.', 'Article: two article-specific departments only.', 'explicit-in-article') ON CONFLICT (rule_id) DO NOTHING;

INSERT INTO sample_data_governance (rule_id, target_table, "action", item_name, reason, source_citation, confidence)
VALUES ('gov-precedes-01', 'PrecedesSteps', 'remove', 'ALL CURRENT (step-1 through step-15, assign-task-to-team)', 'Generic helper rows. Replace with precedence data for the FIVE production-deployment steps only.', 'Article: five-step ordering chain.', 'explicit-in-article') ON CONFLICT (rule_id) DO NOTHING;

INSERT INTO sample_data_governance (rule_id, target_table, "action", item_name, reason, source_citation, confidence)
VALUES ('gov-wfmeta-01', 'Workflows', 'keep', 'Worked-workflow metadata: Title=Production Deployment Workflow, Modified=2026-01-15', 'Article exposes these specific values for the worked workflow.', 'Article: workflow metadata values.', 'explicit-in-article') ON CONFLICT (rule_id) DO NOTHING;

