-- ============================================================================
-- INSERT DATA - Load data from rulebook
-- ============================================================================
-- Generated by rulebook-to-postgres tool
-- Mode: check-add    Stage: dev
-- ============================================================================

-- ----------------------------------------------------------------------------
-- DevUsers: Table: DevUsers
-- ----------------------------------------------------------------------------
INSERT INTO dev_users (dev_users_id, email, role)
VALUES ('5c1e1808-cc3f-aa51-9aa0-ca38cbe0f0b6', 'commissioner@league.local', 'commissioner') ON CONFLICT (dev_users_id) DO NOTHING;

INSERT INTO dev_users (dev_users_id, email, role)
VALUES ('bf1ffa31-6543-1851-8e56-b21ba904e2e4', 'owner@league.local', 'owner') ON CONFLICT (dev_users_id) DO NOTHING;

INSERT INTO dev_users (dev_users_id, email, role)
VALUES ('1e9cf0c7-b0d9-f438-a985-e8c8cb8a1cc6', 'spectator@league.local', 'spectator') ON CONFLICT (dev_users_id) DO NOTHING;

-- ----------------------------------------------------------------------------
-- Players: Table: Players
-- ----------------------------------------------------------------------------
INSERT INTO players (player_id, position, passing_yards, passing_touchdowns, interceptions, rushing_yards, rushing_touchdowns, receptions, received_yards, received_touchdowns)
VALUES ('patrick-mahomes', 'QB', 5500, 48, 8, 510, 3, 0, 0, 0) ON CONFLICT (player_id) DO NOTHING;

INSERT INTO players (player_id, position, passing_yards, passing_touchdowns, interceptions, rushing_yards, rushing_touchdowns, receptions, received_yards, received_touchdowns)
VALUES ('travis-kelce', 'TE', 0, 0, 0, 0, 0, 110, 1200, 12) ON CONFLICT (player_id) DO NOTHING;

INSERT INTO players (player_id, position, passing_yards, passing_touchdowns, interceptions, rushing_yards, rushing_touchdowns, receptions, received_yards, received_touchdowns)
VALUES ('christian-mccaffrey', 'RB', 0, 0, 0, 1500, 15, 90, 650, 3) ON CONFLICT (player_id) DO NOTHING;

INSERT INTO players (player_id, position, passing_yards, passing_touchdowns, interceptions, rushing_yards, rushing_touchdowns, receptions, received_yards, received_touchdowns)
VALUES ('jalen-hurts', 'QB', 3800, 33, 5, 920, 14, 0, 0, 0) ON CONFLICT (player_id) DO NOTHING;

INSERT INTO players (player_id, position, passing_yards, passing_touchdowns, interceptions, rushing_yards, rushing_touchdowns, receptions, received_yards, received_touchdowns)
VALUES ('saquon-barkley', 'RB', 0, 0, 0, 2100, 14, 60, 420, 2) ON CONFLICT (player_id) DO NOTHING;

INSERT INTO players (player_id, position, passing_yards, passing_touchdowns, interceptions, rushing_yards, rushing_touchdowns, receptions, received_yards, received_touchdowns)
VALUES ('ja-marr-chase', 'WR', 0, 0, 0, 0, 0, 110, 1300, 8) ON CONFLICT (player_id) DO NOTHING;

INSERT INTO players (player_id, position, passing_yards, passing_touchdowns, interceptions, rushing_yards, rushing_touchdowns, receptions, received_yards, received_touchdowns)
VALUES ('josh-allen', 'QB', 4500, 26, 8, 500, 12, 0, 0, 0) ON CONFLICT (player_id) DO NOTHING;

INSERT INTO players (player_id, position, passing_yards, passing_touchdowns, interceptions, rushing_yards, rushing_touchdowns, receptions, received_yards, received_touchdowns)
VALUES ('derrick-henry', 'RB', 0, 0, 0, 1450, 14, 30, 200, 0) ON CONFLICT (player_id) DO NOTHING;

INSERT INTO players (player_id, position, passing_yards, passing_touchdowns, interceptions, rushing_yards, rushing_touchdowns, receptions, received_yards, received_touchdowns)
VALUES ('tyreek-hill', 'WR', 0, 0, 0, 150, 0, 115, 1750, 9) ON CONFLICT (player_id) DO NOTHING;

INSERT INTO players (player_id, position, passing_yards, passing_touchdowns, interceptions, rushing_yards, rushing_touchdowns, receptions, received_yards, received_touchdowns)
VALUES ('lamar-jackson', 'QB', 3650, 28, 10, 700, 5, 0, 0, 0) ON CONFLICT (player_id) DO NOTHING;

INSERT INTO players (player_id, position, passing_yards, passing_touchdowns, interceptions, rushing_yards, rushing_touchdowns, receptions, received_yards, received_touchdowns)
VALUES ('davante-adams', 'WR', 0, 0, 0, 0, 0, 125, 1300, 10) ON CONFLICT (player_id) DO NOTHING;

INSERT INTO players (player_id, position, passing_yards, passing_touchdowns, interceptions, rushing_yards, rushing_touchdowns, receptions, received_yards, received_touchdowns)
VALUES ('aj-brown', 'WR', 0, 0, 0, 0, 0, 105, 1250, 11) ON CONFLICT (player_id) DO NOTHING;

INSERT INTO players (player_id, position, passing_yards, passing_touchdowns, interceptions, rushing_yards, rushing_touchdowns, receptions, received_yards, received_touchdowns)
VALUES ('bryce-young', 'QB', 2200, 14, 15, 180, 1, 0, 0, 0) ON CONFLICT (player_id) DO NOTHING;

INSERT INTO players (player_id, position, passing_yards, passing_touchdowns, interceptions, rushing_yards, rushing_touchdowns, receptions, received_yards, received_touchdowns)
VALUES ('de-aaron-henry', 'RB', 0, 0, 0, 650, 4, 25, 130, 0) ON CONFLICT (player_id) DO NOTHING;

INSERT INTO players (player_id, position, passing_yards, passing_touchdowns, interceptions, rushing_yards, rushing_touchdowns, receptions, received_yards, received_touchdowns)
VALUES ('ceedee-lamb', 'WR', 0, 0, 0, 100, 0, 65, 750, 5) ON CONFLICT (player_id) DO NOTHING;

INSERT INTO players (player_id, position, passing_yards, passing_touchdowns, interceptions, rushing_yards, rushing_touchdowns, receptions, received_yards, received_touchdowns)
VALUES ('russell-wilson', 'QB', 3900, 24, 9, 250, 1, 0, 0, 0) ON CONFLICT (player_id) DO NOTHING;

INSERT INTO players (player_id, position, passing_yards, passing_touchdowns, interceptions, rushing_yards, rushing_touchdowns, receptions, received_yards, received_touchdowns)
VALUES ('miles-sanders', 'RB', 0, 0, 0, 1100, 7, 40, 280, 1) ON CONFLICT (player_id) DO NOTHING;

INSERT INTO players (player_id, position, passing_yards, passing_touchdowns, interceptions, rushing_yards, rushing_touchdowns, receptions, received_yards, received_touchdowns)
VALUES ('stefon-diggs', 'WR', 0, 0, 0, 0, 0, 120, 1100, 8) ON CONFLICT (player_id) DO NOTHING;

-- ----------------------------------------------------------------------------
-- Rosters: Table: Rosters
-- ----------------------------------------------------------------------------
INSERT INTO rosters (roster_id, owner)
VALUES ('mahomes-mob', 'commissioner@league.local') ON CONFLICT (roster_id) DO NOTHING;

INSERT INTO rosters (roster_id, owner)
VALUES ('hurts-hustlers', 'owner@league.local') ON CONFLICT (roster_id) DO NOTHING;

INSERT INTO rosters (roster_id, owner)
VALUES ('allens-arsenal', 'owner@league.local') ON CONFLICT (roster_id) DO NOTHING;

INSERT INTO rosters (roster_id, owner)
VALUES ('davantes-dynasty', 'owner@league.local') ON CONFLICT (roster_id) DO NOTHING;

INSERT INTO rosters (roster_id, owner)
VALUES ('hurts-limit', 'spectator@league.local') ON CONFLICT (roster_id) DO NOTHING;

INSERT INTO rosters (roster_id, owner)
VALUES ('defense-wins', 'spectator@league.local') ON CONFLICT (roster_id) DO NOTHING;

-- ----------------------------------------------------------------------------
-- RosterAssignments: Table: RosterAssignments (join table linking Players to Rosters)
-- ----------------------------------------------------------------------------
INSERT INTO roster_assignments (assignment_id, roster, player)
VALUES ('mahomes-mob-qb', 'mahomes-mob', 'patrick-mahomes') ON CONFLICT (assignment_id) DO NOTHING;

INSERT INTO roster_assignments (assignment_id, roster, player)
VALUES ('mahomes-mob-rb', 'mahomes-mob', 'christian-mccaffrey') ON CONFLICT (assignment_id) DO NOTHING;

INSERT INTO roster_assignments (assignment_id, roster, player)
VALUES ('mahomes-mob-te', 'mahomes-mob', 'travis-kelce') ON CONFLICT (assignment_id) DO NOTHING;

INSERT INTO roster_assignments (assignment_id, roster, player)
VALUES ('hurts-hustlers-qb', 'hurts-hustlers', 'jalen-hurts') ON CONFLICT (assignment_id) DO NOTHING;

INSERT INTO roster_assignments (assignment_id, roster, player)
VALUES ('hurts-hustlers-rb', 'hurts-hustlers', 'saquon-barkley') ON CONFLICT (assignment_id) DO NOTHING;

INSERT INTO roster_assignments (assignment_id, roster, player)
VALUES ('hurts-hustlers-wr', 'hurts-hustlers', 'ja-marr-chase') ON CONFLICT (assignment_id) DO NOTHING;

INSERT INTO roster_assignments (assignment_id, roster, player)
VALUES ('allens-arsenal-qb', 'allens-arsenal', 'josh-allen') ON CONFLICT (assignment_id) DO NOTHING;

INSERT INTO roster_assignments (assignment_id, roster, player)
VALUES ('allens-arsenal-rb', 'allens-arsenal', 'derrick-henry') ON CONFLICT (assignment_id) DO NOTHING;

INSERT INTO roster_assignments (assignment_id, roster, player)
VALUES ('allens-arsenal-wr', 'allens-arsenal', 'tyreek-hill') ON CONFLICT (assignment_id) DO NOTHING;

INSERT INTO roster_assignments (assignment_id, roster, player)
VALUES ('davantes-dynasty-qb', 'davantes-dynasty', 'lamar-jackson') ON CONFLICT (assignment_id) DO NOTHING;

INSERT INTO roster_assignments (assignment_id, roster, player)
VALUES ('davantes-dynasty-wr1', 'davantes-dynasty', 'davante-adams') ON CONFLICT (assignment_id) DO NOTHING;

INSERT INTO roster_assignments (assignment_id, roster, player)
VALUES ('davantes-dynasty-wr2', 'davantes-dynasty', 'aj-brown') ON CONFLICT (assignment_id) DO NOTHING;

INSERT INTO roster_assignments (assignment_id, roster, player)
VALUES ('hurts-limit-qb', 'hurts-limit', 'bryce-young') ON CONFLICT (assignment_id) DO NOTHING;

INSERT INTO roster_assignments (assignment_id, roster, player)
VALUES ('hurts-limit-rb', 'hurts-limit', 'de-aaron-henry') ON CONFLICT (assignment_id) DO NOTHING;

INSERT INTO roster_assignments (assignment_id, roster, player)
VALUES ('hurts-limit-wr', 'hurts-limit', 'ceedee-lamb') ON CONFLICT (assignment_id) DO NOTHING;

INSERT INTO roster_assignments (assignment_id, roster, player)
VALUES ('defense-wins-qb', 'defense-wins', 'russell-wilson') ON CONFLICT (assignment_id) DO NOTHING;

INSERT INTO roster_assignments (assignment_id, roster, player)
VALUES ('defense-wins-rb', 'defense-wins', 'miles-sanders') ON CONFLICT (assignment_id) DO NOTHING;

INSERT INTO roster_assignments (assignment_id, roster, player)
VALUES ('defense-wins-wr', 'defense-wins', 'stefon-diggs') ON CONFLICT (assignment_id) DO NOTHING;

-- ----------------------------------------------------------------------------
-- Matchups: Table: Matchups
-- ----------------------------------------------------------------------------
INSERT INTO matchups (matchup_id, week, team1, team2)
VALUES ('week1-mob-hustlers', 1, 'mahomes-mob', 'hurts-hustlers') ON CONFLICT (matchup_id) DO NOTHING;

INSERT INTO matchups (matchup_id, week, team1, team2)
VALUES ('week1-arsenal-dynasty', 1, 'allens-arsenal', 'davantes-dynasty') ON CONFLICT (matchup_id) DO NOTHING;

INSERT INTO matchups (matchup_id, week, team1, team2)
VALUES ('week1-limit-wins', 1, 'hurts-limit', 'defense-wins') ON CONFLICT (matchup_id) DO NOTHING;

INSERT INTO matchups (matchup_id, week, team1, team2)
VALUES ('week2-hustlers-wins', 2, 'hurts-hustlers', 'defense-wins') ON CONFLICT (matchup_id) DO NOTHING;

INSERT INTO matchups (matchup_id, week, team1, team2)
VALUES ('week2-mob-arsenal', 2, 'mahomes-mob', 'allens-arsenal') ON CONFLICT (matchup_id) DO NOTHING;

INSERT INTO matchups (matchup_id, week, team1, team2)
VALUES ('week2-dynasty-limit', 2, 'davantes-dynasty', 'hurts-limit') ON CONFLICT (matchup_id) DO NOTHING;

INSERT INTO matchups (matchup_id, week, team1, team2)
VALUES ('week3-arsenal-mob', 3, 'allens-arsenal', 'mahomes-mob') ON CONFLICT (matchup_id) DO NOTHING;

INSERT INTO matchups (matchup_id, week, team1, team2)
VALUES ('week3-hustlers-dynasty', 3, 'hurts-hustlers', 'davantes-dynasty') ON CONFLICT (matchup_id) DO NOTHING;

INSERT INTO matchups (matchup_id, week, team1, team2)
VALUES ('week3-wins-limit', 3, 'defense-wins', 'hurts-limit') ON CONFLICT (matchup_id) DO NOTHING;

INSERT INTO matchups (matchup_id, week, team1, team2)
VALUES ('week4-mob-dynasty', 4, 'mahomes-mob', 'davantes-dynasty') ON CONFLICT (matchup_id) DO NOTHING;

INSERT INTO matchups (matchup_id, week, team1, team2)
VALUES ('week4-arsenal-wins', 4, 'allens-arsenal', 'defense-wins') ON CONFLICT (matchup_id) DO NOTHING;

INSERT INTO matchups (matchup_id, week, team1, team2)
VALUES ('week4-hustlers-limit', 4, 'hurts-hustlers', 'hurts-limit') ON CONFLICT (matchup_id) DO NOTHING;

INSERT INTO matchups (matchup_id, week, team1, team2)
VALUES ('week5-dynasty-wins', 5, 'davantes-dynasty', 'defense-wins') ON CONFLICT (matchup_id) DO NOTHING;

INSERT INTO matchups (matchup_id, week, team1, team2)
VALUES ('week5-limit-mob', 5, 'hurts-limit', 'mahomes-mob') ON CONFLICT (matchup_id) DO NOTHING;

INSERT INTO matchups (matchup_id, week, team1, team2)
VALUES ('week5-arsenal-hustlers', 5, 'allens-arsenal', 'hurts-hustlers') ON CONFLICT (matchup_id) DO NOTHING;

INSERT INTO matchups (matchup_id, week, team1, team2)
VALUES ('week6-mob-wins', 6, 'mahomes-mob', 'defense-wins') ON CONFLICT (matchup_id) DO NOTHING;

INSERT INTO matchups (matchup_id, week, team1, team2)
VALUES ('week6-hustlers-arsenal', 6, 'hurts-hustlers', 'allens-arsenal') ON CONFLICT (matchup_id) DO NOTHING;

INSERT INTO matchups (matchup_id, week, team1, team2)
VALUES ('week6-dynasty-limit', 6, 'davantes-dynasty', 'hurts-limit') ON CONFLICT (matchup_id) DO NOTHING;

-- ----------------------------------------------------------------------------
-- Standings: Table: Standings
-- ----------------------------------------------------------------------------
INSERT INTO standings (standing_id, wins, losses, ties, win_pct, points_for, points_against, seed_rank, playoff_bound, champs_path)
VALUES ('mahomes-mob', 6, 0, 0, 1.0, 6456.0, 4727.0, 1, TRUE, NULL) ON CONFLICT (standing_id) DO NOTHING;

INSERT INTO standings (standing_id, wins, losses, ties, win_pct, points_for, points_against, seed_rank, playoff_bound, champs_path)
VALUES ('hurts-hustlers', 5, 1, 0, 0.8333, 6252.0, 4761.0, 2, TRUE, NULL) ON CONFLICT (standing_id) DO NOTHING;

INSERT INTO standings (standing_id, wins, losses, ties, win_pct, points_for, points_against, seed_rank, playoff_bound, champs_path)
VALUES ('davantes-dynasty', 3, 3, 0, 0.5, 4650.0, 4476.0, 3, TRUE, NULL) ON CONFLICT (standing_id) DO NOTHING;

INSERT INTO standings (standing_id, wins, losses, ties, win_pct, points_for, points_against, seed_rank, playoff_bound, champs_path)
VALUES ('allens-arsenal', 2, 4, 0, 0.3333, 5610.0, 5668.0, 4, TRUE, NULL) ON CONFLICT (standing_id) DO NOTHING;

INSERT INTO standings (standing_id, wins, losses, ties, win_pct, points_for, points_against, seed_rank, playoff_bound, champs_path)
VALUES ('defense-wins', 2, 4, 0, 0.3333, 3942.0, 4594.0, 5, TRUE, NULL) ON CONFLICT (standing_id) DO NOTHING;

INSERT INTO standings (standing_id, wins, losses, ties, win_pct, points_for, points_against, seed_rank, playoff_bound, champs_path)
VALUES ('hurts-limit', 0, 6, 0, 0.0, 2298.0, 4982.0, 6, TRUE, NULL) ON CONFLICT (standing_id) DO NOTHING;

