-- ============================================================================
-- INSERT DATA - Load data from rulebook
-- ============================================================================
-- Generated by rulebook-to-postgres tool
-- Mode: check-add    Stage: dev
-- ============================================================================

-- ----------------------------------------------------------------------------
-- Client: Table: Client
-- ----------------------------------------------------------------------------
INSERT INTO client (client_id, customer, email_address, first_name, last_name)
VALUES ('cust0001', 'CUST0001', 'larry.smith@email.com', 'Bob', 'Smith') ON CONFLICT (client_id) DO NOTHING;

INSERT INTO client (client_id, customer, email_address, first_name, last_name)
VALUES ('cust0002', 'CUST0002', 'john.doe@email.com', 'John', 'Doe') ON CONFLICT (client_id) DO NOTHING;

INSERT INTO client (client_id, customer, email_address, first_name, last_name)
VALUES ('cust0003', 'CUST0003', 'emily.jones@email.com', 'Emily', 'Jones') ON CONFLICT (client_id) DO NOTHING;

-- ----------------------------------------------------------------------------
-- Projects: Table: Projects
-- ----------------------------------------------------------------------------
INSERT INTO projects (project_id, name, description, project_type, due_date, is_approved, approved_by)
VALUES ('internal-tools-dashboard', 'Internal Tools Dashboard', 'Build internal analytics dashboard for team productivity metrics', 'internal', '2026-06-15', TRUE, 'sarah-chen') ON CONFLICT (project_id) DO NOTHING;

INSERT INTO projects (project_id, name, description, project_type, due_date, is_approved, approved_by)
VALUES ('customer-portal-redesign', 'Customer Portal Redesign', 'Complete redesign of customer-facing portal with modern UX', 'clientfacing', '2026-08-01', FALSE, 'priya-patel') ON CONFLICT (project_id) DO NOTHING;

INSERT INTO projects (project_id, name, description, project_type, due_date, is_approved, approved_by)
VALUES ('gdpr-compliance-audit', 'GDPR Compliance Audit', 'Annual compliance audit and documentation update', 'compliance', '2026-04-30', TRUE, 'mike-johnson') ON CONFLICT (project_id) DO NOTHING;

-- ----------------------------------------------------------------------------
-- Employees: Table: Employees
-- ----------------------------------------------------------------------------
INSERT INTO employees (employee_id, name, email_address, phone_number, role, projects)
VALUES ('sarah-chen', 'Sarah Chen', 'sarah.chen@acmecorp.example', '555-0101', 'projectmanager', 'internal-tools-dashboard') ON CONFLICT (employee_id) DO NOTHING;

INSERT INTO employees (employee_id, name, email_address, phone_number, role, projects)
VALUES ('mike-johnson', 'Mike Johnson', 'mike.johnson@acmecorp.example', '555-0102', 'developer', 'gdpr-compliance-audit') ON CONFLICT (employee_id) DO NOTHING;

INSERT INTO employees (employee_id, name, email_address, phone_number, role, projects)
VALUES ('priya-patel', 'Priya Patel', 'priya.patel@acmecorp.example', '555-0103', 'analyst', 'customer-portal-redesign') ON CONFLICT (employee_id) DO NOTHING;

-- ----------------------------------------------------------------------------
-- Roles: Table: Roles
-- ----------------------------------------------------------------------------
INSERT INTO roles (role_id, name, description, is_manager, employees)
VALUES ('developer', 'Developer', 'Developers handle the implementation and are responsible for making the final product do what is expected', TRUE, 'mike-johnson') ON CONFLICT (role_id) DO NOTHING;

INSERT INTO roles (role_id, name, description, is_manager, employees)
VALUES ('projectmanager', 'ProjectManager', 'The project Manager makes sure that the developers do what the analysts ask for', TRUE, 'sarah-chen') ON CONFLICT (role_id) DO NOTHING;

INSERT INTO roles (role_id, name, description, is_manager, employees)
VALUES ('analyst', 'Analyst', 'The business analysis know what the customer''s want.', FALSE, 'priya-patel') ON CONFLICT (role_id) DO NOTHING;

-- ----------------------------------------------------------------------------
-- TypesOfProject: Table: TypesOfProject
-- ----------------------------------------------------------------------------
INSERT INTO types_of_project (types_of_project_id, name, description, requires_manager_approval, projects)
VALUES ('internal', 'Internal', 'An internal project that is not publicly accessible', FALSE, 'internal-tools-dashboard') ON CONFLICT (types_of_project_id) DO NOTHING;

INSERT INTO types_of_project (types_of_project_id, name, description, requires_manager_approval, projects)
VALUES ('clientfacing', 'ClientFacing', 'Open, public facing communication', TRUE, 'customer-portal-redesign') ON CONFLICT (types_of_project_id) DO NOTHING;

INSERT INTO types_of_project (types_of_project_id, name, description, requires_manager_approval, projects)
VALUES ('research', 'Research', '', FALSE, '') ON CONFLICT (types_of_project_id) DO NOTHING;

INSERT INTO types_of_project (types_of_project_id, name, description, requires_manager_approval, projects)
VALUES ('compliance', 'Compliance', '', TRUE, 'gdpr-compliance-audit') ON CONFLICT (types_of_project_id) DO NOTHING;

