-- ============================================================================
-- INSERT DATA - Load data from rulebook
-- ============================================================================
-- Generated by rulebook-to-postgres tool
-- ============================================================================

INSERT INTO workflows (workflow_id, title, description, created, modified, identifier, workflow_steps)
VALUES ('onboarding-new-employees', 'Onboarding New Employees', 'Automates the process of onboarding new hires, including document collection, account setup, and training assignments.', '2024-05-01', '2024-06-01', 'WF-ONB-001', 'submit-request');

INSERT INTO workflows (workflow_id, title, description, created, modified, identifier, workflow_steps)
VALUES ('weekly-sales-report', 'Weekly Sales Report', 'Generates and distributes weekly sales performance reports to the management team.', '2024-04-15', '2024-06-02', 'WF-SAL-002', 'initial-review');

INSERT INTO workflows (workflow_id, title, description, created, modified, identifier, workflow_steps)
VALUES ('customer-feedback-collection', 'Customer Feedback Collection', 'Collects and organizes customer feedback from multiple channels for analysis.', '2024-03-20', '2024-05-30', 'WF-CFB-003', 'assign-reviewer');

INSERT INTO workflows (workflow_id, title, description, created, modified, identifier, workflow_steps)
VALUES ('invoice-approval', 'Invoice Approval', 'Routes invoices to the appropriate managers for review and approval before payment.', '2024-05-10', '2024-06-01', 'WF-INV-004', 'reviewer-feedback');

INSERT INTO workflows (workflow_id, title, description, created, modified, identifier, workflow_steps)
VALUES ('it-support-ticketing', 'IT Support Ticketing', 'Manages IT support requests from submission to resolution, including escalation steps.', '2024-04-01', '2024-05-28', 'WF-ITS-005', 'revise-submission');

INSERT INTO workflows (workflow_id, title, description, created, modified, identifier, workflow_steps)
VALUES ('content-publishing', 'Content Publishing', 'Coordinates the review, approval, and publishing of new website content.', '2024-03-25', '2024-05-29', 'WF-CNT-006', 'final-approval');

INSERT INTO workflows (workflow_id, title, description, created, modified, identifier, workflow_steps)
VALUES ('expense-reimbursement', 'Expense Reimbursement', 'Automates employee expense submission, approval, and reimbursement processes.', '2024-05-05', '2024-06-01', 'WF-EXP-007', 'notify-stakeholders');

INSERT INTO workflows (workflow_id, title, description, created, modified, identifier, workflow_steps)
VALUES ('quarterly-performance-review', 'Quarterly Performance Review', 'Schedules and tracks quarterly employee performance reviews and feedback sessions.', '2024-03-30', '2024-05-31', 'WF-PRF-008', 'archive-documents');

INSERT INTO workflows (workflow_id, title, description, created, modified, identifier, workflow_steps)
VALUES ('vendor-onboarding', 'Vendor Onboarding', 'Guides new vendors through compliance checks, contract signing, and system setup.', '2024-04-20', '2024-06-02', 'WF-VND-009', 'generate-report');

INSERT INTO workflows (workflow_id, title, description, created, modified, identifier, workflow_steps)
VALUES ('project-kickoff', 'Project Kickoff', 'Outlines steps for initiating new projects, including team assignments and resource allocation.', '2024-05-12', '2024-06-01', 'WF-PRJ-010', 'quality-assurance-check');

INSERT INTO workflows (workflow_id, title, description, created, modified, identifier, workflow_steps)
VALUES ('marketing-campaign-launch', 'Marketing Campaign Launch', 'Manages the planning, approval, and launch of marketing campaigns across channels.', '2024-04-05', '2024-05-30', 'WF-MKT-011', 'send-confirmation-email');

INSERT INTO workflows (workflow_id, title, description, created, modified, identifier, workflow_steps)
VALUES ('annual-compliance-training', 'Annual Compliance Training', 'Tracks employee completion of mandatory annual compliance training modules.', '2024-03-15', '2024-05-29', 'WF-COM-012', 'schedule-follow-up');

INSERT INTO workflows (workflow_id, title, description, created, modified, identifier, workflow_steps)
VALUES ('remote-access-request', 'Remote Access Request', 'Automates approval and provisioning of remote access for employees and contractors.', '2024-05-08', '2024-06-01', 'WF-REM-013', 'close-workflow');

INSERT INTO workflows (workflow_id, title, description, created, modified, identifier, workflow_steps)
VALUES ('customer-escalation-handling', 'Customer Escalation Handling', 'Defines steps for handling and resolving escalated customer issues.', '2024-04-18', '2024-06-02', 'WF-CES-014', 'escalate-issue');

INSERT INTO workflows (workflow_id, title, description, created, modified, identifier, workflow_steps)
VALUES ('procurement-request', 'Procurement Request', 'Manages the submission, approval, and tracking of procurement requests.', '2024-05-03', '2024-06-01', 'WF-PRC-015', 'audit-trail-review');

INSERT INTO workflow_steps (workflow_step_id, label, sequence_position, requires_human_approval, is_step_of, assigned_role)
VALUES ('submit-request', 'Submit Request', 1, TRUE, 'onboarding-new-employees', 'project-manager');

INSERT INTO workflow_steps (workflow_step_id, label, sequence_position, requires_human_approval, is_step_of, assigned_role)
VALUES ('initial-review', 'Initial Review', 2, TRUE, 'weekly-sales-report', 'software-engineer');

INSERT INTO workflow_steps (workflow_step_id, label, sequence_position, requires_human_approval, is_step_of, assigned_role)
VALUES ('assign-reviewer', 'Assign Reviewer', 3, FALSE, 'customer-feedback-collection', 'quality-assurance-analyst');

INSERT INTO workflow_steps (workflow_step_id, label, sequence_position, requires_human_approval, is_step_of, assigned_role)
VALUES ('reviewer-feedback', 'Reviewer Feedback', 4, TRUE, 'invoice-approval', 'ui-ux-designer');

INSERT INTO workflow_steps (workflow_step_id, label, sequence_position, requires_human_approval, is_step_of, assigned_role)
VALUES ('revise-submission', 'Revise Submission', 5, FALSE, 'it-support-ticketing', 'business-analyst');

INSERT INTO workflow_steps (workflow_step_id, label, sequence_position, requires_human_approval, is_step_of, assigned_role)
VALUES ('final-approval', 'Final Approval', 6, TRUE, 'content-publishing', 'devops-engineer');

INSERT INTO workflow_steps (workflow_step_id, label, sequence_position, requires_human_approval, is_step_of, assigned_role)
VALUES ('notify-stakeholders', 'Notify Stakeholders', 7, FALSE, 'expense-reimbursement', 'product-owner');

INSERT INTO workflow_steps (workflow_step_id, label, sequence_position, requires_human_approval, is_step_of, assigned_role)
VALUES ('archive-documents', 'Archive Documents', 8, FALSE, 'quarterly-performance-review', 'technical-writer');

INSERT INTO workflow_steps (workflow_step_id, label, sequence_position, requires_human_approval, is_step_of, assigned_role)
VALUES ('generate-report', 'Generate Report', 9, FALSE, 'vendor-onboarding', 'customer-support-specialist');

INSERT INTO workflow_steps (workflow_step_id, label, sequence_position, requires_human_approval, is_step_of, assigned_role)
VALUES ('quality-assurance-check', 'Quality Assurance Check', 10, TRUE, 'project-kickoff', 'hr-manager');

INSERT INTO workflow_steps (workflow_step_id, label, sequence_position, requires_human_approval, is_step_of, assigned_role)
VALUES ('send-confirmation-email', 'Send Confirmation Email', 11, FALSE, 'marketing-campaign-launch', 'marketing-specialist');

INSERT INTO workflow_steps (workflow_step_id, label, sequence_position, requires_human_approval, is_step_of, assigned_role)
VALUES ('schedule-follow-up', 'Schedule Follow-up', 12, FALSE, 'annual-compliance-training', 'data-scientist');

INSERT INTO workflow_steps (workflow_step_id, label, sequence_position, requires_human_approval, is_step_of, assigned_role)
VALUES ('close-workflow', 'Close Workflow', 13, FALSE, 'remote-access-request', 'system-administrator');

INSERT INTO workflow_steps (workflow_step_id, label, sequence_position, requires_human_approval, is_step_of, assigned_role)
VALUES ('escalate-issue', 'Escalate Issue', 14, TRUE, 'customer-escalation-handling', 'finance-officer');

INSERT INTO workflow_steps (workflow_step_id, label, sequence_position, requires_human_approval, is_step_of, assigned_role)
VALUES ('audit-trail-review', 'Audit Trail Review', 15, TRUE, 'procurement-request', 'scrum-master');

INSERT INTO roles (role_id, label, comment, filled_by, workflow_steps)
VALUES ('project-manager', 'Project Manager', 'Oversees project timelines, deliverables, and team coordination.', 'alice-johnson', 'submit-request');

INSERT INTO roles (role_id, label, comment, filled_by, workflow_steps)
VALUES ('software-engineer', 'Software Engineer', 'Develops and maintains software applications and systems.', 'brian-lee', 'initial-review');

INSERT INTO roles (role_id, label, comment, filled_by, workflow_steps)
VALUES ('quality-assurance-analyst', 'Quality Assurance Analyst', 'Tests software to ensure quality and identify bugs.', 'carmen-diaz', 'assign-reviewer');

INSERT INTO roles (role_id, label, comment, filled_by, workflow_steps)
VALUES ('ui-ux-designer', 'UI/UX Designer', 'Designs user interfaces and ensures a positive user experience.', 'david-kim', 'reviewer-feedback');

INSERT INTO roles (role_id, label, comment, filled_by, workflow_steps)
VALUES ('business-analyst', 'Business Analyst', 'Gathers requirements and translates business needs into technical solutions.', 'emily-chen', 'revise-submission');

INSERT INTO roles (role_id, label, comment, filled_by, workflow_steps)
VALUES ('devops-engineer', 'DevOps Engineer', 'Manages deployment pipelines and infrastructure automation.', 'frank-miller', 'final-approval');

INSERT INTO roles (role_id, label, comment, filled_by, workflow_steps)
VALUES ('product-owner', 'Product Owner', 'Defines product vision and prioritizes features for development.', 'grace-patel', 'notify-stakeholders');

INSERT INTO roles (role_id, label, comment, filled_by, workflow_steps)
VALUES ('technical-writer', 'Technical Writer', 'Creates and maintains technical documentation and user guides.', 'hannah-smith', 'archive-documents');

INSERT INTO roles (role_id, label, comment, filled_by, workflow_steps)
VALUES ('customer-support-specialist', 'Customer Support Specialist', 'Assists users with issues and provides product support.', 'isaac-brown', 'generate-report');

INSERT INTO roles (role_id, label, comment, filled_by, workflow_steps)
VALUES ('hr-manager', 'HR Manager', 'Handles recruitment, onboarding, and employee relations.', 'julia-nguyen', 'quality-assurance-check');

INSERT INTO roles (role_id, label, comment, filled_by, workflow_steps)
VALUES ('marketing-specialist', 'Marketing Specialist', 'Develops marketing strategies and manages campaigns.', 'kevin-o-brien', 'send-confirmation-email');

INSERT INTO roles (role_id, label, comment, filled_by, workflow_steps)
VALUES ('data-scientist', 'Data Scientist', 'Analyzes data to extract insights and support decision-making.', 'linda-park', 'schedule-follow-up');

INSERT INTO roles (role_id, label, comment, filled_by, workflow_steps)
VALUES ('system-administrator', 'System Administrator', 'Maintains servers, networks, and IT infrastructure.', 'michael-evans', 'close-workflow');

INSERT INTO roles (role_id, label, comment, filled_by, workflow_steps)
VALUES ('finance-officer', 'Finance Officer', 'Manages budgets, expenses, and financial reporting.', 'nina-rossi', 'escalate-issue');

INSERT INTO roles (role_id, label, comment, filled_by, workflow_steps)
VALUES ('scrum-master', 'Scrum Master', 'Facilitates agile ceremonies and removes team impediments.', 'oscar-gomez', 'audit-trail-review');

INSERT INTO human_agents (human_agent_id, name, mbox, roles)
VALUES ('alice-johnson', 'Alice Johnson', 'alice.johnson@example.com', 'project-manager');

INSERT INTO human_agents (human_agent_id, name, mbox, roles)
VALUES ('brian-lee', 'Brian Lee', 'brian.lee@example.com', 'software-engineer');

INSERT INTO human_agents (human_agent_id, name, mbox, roles)
VALUES ('carmen-diaz', 'Carmen Diaz', 'carmen.diaz@example.com', 'quality-assurance-analyst');

INSERT INTO human_agents (human_agent_id, name, mbox, roles)
VALUES ('david-kim', 'David Kim', 'david.kim@example.com', 'ui-ux-designer');

INSERT INTO human_agents (human_agent_id, name, mbox, roles)
VALUES ('emily-chen', 'Emily Chen', 'emily.chen@example.com', 'business-analyst');

INSERT INTO human_agents (human_agent_id, name, mbox, roles)
VALUES ('frank-miller', 'Frank Miller', 'frank.miller@example.com', 'devops-engineer');

INSERT INTO human_agents (human_agent_id, name, mbox, roles)
VALUES ('grace-patel', 'Grace Patel', 'grace.patel@example.com', 'product-owner');

INSERT INTO human_agents (human_agent_id, name, mbox, roles)
VALUES ('hannah-smith', 'Hannah Smith', 'hannah.smith@example.com', 'technical-writer');

INSERT INTO human_agents (human_agent_id, name, mbox, roles)
VALUES ('isaac-brown', 'Isaac Brown', 'isaac.brown@example.com', 'customer-support-specialist');

INSERT INTO human_agents (human_agent_id, name, mbox, roles)
VALUES ('julia-nguyen', 'Julia Nguyen', 'julia.nguyen@example.com', 'hr-manager');

INSERT INTO human_agents (human_agent_id, name, mbox, roles)
VALUES ('kevin-o-brien', 'Kevin O''Brien', 'kevin.obrien@example.com', 'marketing-specialist');

INSERT INTO human_agents (human_agent_id, name, mbox, roles)
VALUES ('linda-park', 'Linda Park', 'linda.park@example.com', 'data-scientist');

INSERT INTO human_agents (human_agent_id, name, mbox, roles)
VALUES ('michael-evans', 'Michael Evans', 'michael.evans@example.com', 'system-administrator');

INSERT INTO human_agents (human_agent_id, name, mbox, roles)
VALUES ('nina-rossi', 'Nina Rossi', 'nina.rossi@example.com', 'finance-officer');

INSERT INTO human_agents (human_agent_id, name, mbox, roles)
VALUES ('oscar-gomez', 'Oscar Gomez', 'oscar.gomez@example.com', 'scrum-master');

