-- ============================================================================
-- INSERT DATA - Load data from rulebook
-- ============================================================================
-- Generated by rulebook-to-postgres tool
-- ============================================================================

INSERT INTO workflows (workflow_id, title, description, created, modified, identifier)
VALUES ('production-deployment-workflow', 'Production Deployment Workflow', 'End-to-end workflow for deploying software releases to production, including risk analysis, legal clearance, and release approval. From Jessica Talisman''s NTWF ontology article.', '2026-01-15', '2026-01-15', 'WF-PROD-001');

INSERT INTO workflow_steps (workflow_step_id, label, sequence_position, requires_human_approval, is_step_of, assigned_role, precedes_steps_from, precedes_steps_to, approval_gate, step_duration_minutes, produces_artifact, requires_artifact, consumes_dataset)
VALUES ('risk-assessment', 'Risk Assessment', 1, FALSE, 'production-deployment-workflow', 'risk-analyst', 'step-1-to-2', '', '', 0, '', '', '');

INSERT INTO workflow_steps (workflow_step_id, label, sequence_position, requires_human_approval, is_step_of, assigned_role, precedes_steps_from, precedes_steps_to, approval_gate, step_duration_minutes, produces_artifact, requires_artifact, consumes_dataset)
VALUES ('legal-review', 'Legal Review', 2, TRUE, 'production-deployment-workflow', 'legal-compliance-reviewer', 'step-2-to-3', 'step-1-to-2', '', 0, '', '', '');

INSERT INTO workflow_steps (workflow_step_id, label, sequence_position, requires_human_approval, is_step_of, assigned_role, precedes_steps_from, precedes_steps_to, approval_gate, step_duration_minutes, produces_artifact, requires_artifact, consumes_dataset)
VALUES ('release-approval', 'Release Approval', 3, TRUE, 'production-deployment-workflow', 'release-manager', 'step-3-to-4', 'step-2-to-3', '', 0, '', '', '');

INSERT INTO approval_gates (approval_gate_id, name, description, workflow_step, escalation_threshold_hours)
VALUES ('release-approval-gate', 'Release Approval Gate', 'Final approval gate before production deployment. Requires Release Manager sign-off. Step 3 in the Production Deployment Workflow. When approval is pending beyond threshold, escalates via delegation chain.', '', 24);

INSERT INTO approval_gates (approval_gate_id, name, description, workflow_step, escalation_threshold_hours)
VALUES ('release-approval-gate', 'Release Approval Gate', 'Final approval gate before production deployment. Requires Release Manager sign-off. Step 3 in the Production Deployment Workflow. When approval is pending beyond threshold, escalates via delegation chain: Release Manager -> VP Engineering -> CTO.', '', 24);

INSERT INTO approval_gates (approval_gate_id, name, description, workflow_step, escalation_threshold_hours)
VALUES ('financial-review-gate', 'Financial Review Gate', 'Approval gate for financial data in QBR. Requires Financial Analyst sign-off before executive summary can be prepared. Escalates to CFO if pending beyond threshold.', '', 48);

INSERT INTO roles (role_id, label, comment, department, filled_by, workflow_steps, delegates_to, delegated_to_by)
VALUES ('release-manager', 'Release Manager', 'Primary role responsible for coordinating production releases. First in delegation chain. Article CQ2: ''filled by Maria Gonzalez''', '', 'maria-gonzalez', 'release-approval', 'vp-engineering', '');

INSERT INTO roles (role_id, label, comment, department, filled_by, workflow_steps, delegates_to, delegated_to_by)
VALUES ('legal-compliance-reviewer', 'Legal Compliance Reviewer', 'Role responsible for legal and compliance review of releases.', '', '', 'legal-review', '', '');

INSERT INTO roles (role_id, label, comment, department, filled_by, workflow_steps, delegates_to, delegated_to_by)
VALUES ('risk-analyst', 'Risk Analyst', 'Role responsible for risk assessment. In full ontology, filled by AI agent.', '', '', 'risk-assessment', '', '');

INSERT INTO roles (role_id, label, comment, department, filled_by, workflow_steps, delegates_to, delegated_to_by)
VALUES ('vp-engineering', 'VP Engineering', 'Secondary role in delegation chain. Escalation from Release Manager when primary agent unavailable. Article CQ6.', '', '', '', 'cto', 'release-manager');

INSERT INTO roles (role_id, label, comment, department, filled_by, workflow_steps, delegates_to, delegated_to_by)
VALUES ('cto', 'CTO', 'Final role in delegation chain. Ultimate authority for release decisions. Article CQ6.', '', '', '', '', 'vp-engineering');

INSERT INTO agents (agent_id, name, type_of_agent, roles, description, model_version, mbox, artifacts, datasets, produced_artifacts, processed_datasets)
VALUES ('maria-gonzalez', 'Maria Gonzalez', 'human', 'release-manager', 'Human Release Manager', '', 'maria.gonzalez@specialsolutions.example', '', '', '', '');

INSERT INTO agents (agent_id, name, type_of_agent, roles, description, model_version, mbox, artifacts, datasets, produced_artifacts, processed_datasets)
VALUES ('james-okafor', 'James Okafor', 'human', '', '', '', 'james.okafor@specialsolutions.example', '', '', '', '');

INSERT INTO agents (agent_id, name, type_of_agent, roles, description, model_version, mbox, artifacts, datasets, produced_artifacts, processed_datasets)
VALUES ('riskanalysis-ai', 'RiskAnalysis-AI', 'ai', '', 'AI agent responsible for automated risk assessment. Processes Q1 2026 Risk Metrics dataset and produces Risk Report artifact. Article CQ8 demonstrates this agent''s dataset processing. Subclass of prov:SoftwareAgent.', 'risk-classifier-v2.4.1', '', '', '', '', '');

INSERT INTO agents (agent_id, name, type_of_agent, roles, description, model_version, mbox, artifacts, datasets, produced_artifacts, processed_datasets)
VALUES ('ci-pipeline', 'CI Pipeline', 'automatedpipeline', '', 'Continuous Integration pipeline responsible for automated build, test, and deployment execution. Fills the Deployment Engineer role for automated deployment steps.', '', '', '', '', '', '');

INSERT INTO agents (agent_id, name, type_of_agent, roles, description, model_version, mbox, artifacts, datasets, produced_artifacts, processed_datasets)
VALUES ('maria-gonzalez', 'Maria Gonzalez', '', '', 'Senior Release Manager responsible for coordinating production deployments. Primary point of contact for release approval. Article CQ2 answer.', '', 'maria.gonzalez@specialsolutions.example', '', '', '', '');

INSERT INTO agents (agent_id, name, type_of_agent, roles, description, model_version, mbox, artifacts, datasets, produced_artifacts, processed_datasets)
VALUES ('james-okafor', 'James Okafor', 'human', '', 'VP of Engineering. Second in delegation chain for release approvals.', '', 'james.okafor@specialsolutions.example', '', '', '', '');

INSERT INTO agents (agent_id, name, type_of_agent, roles, description, model_version, mbox, artifacts, datasets, produced_artifacts, processed_datasets)
VALUES ('david-kim', 'David Kim', 'human', '', 'CTO. Final authority in delegation chain for release decisions.', '', 'david.kim@specialsolutions.example', '', '', '', '');

INSERT INTO agents (agent_id, name, type_of_agent, roles, description, model_version, mbox, artifacts, datasets, produced_artifacts, processed_datasets)
VALUES ('sarah-chen', 'Sarah Chen', '', '', 'Legal Compliance Reviewer. Reviews releases for regulatory compliance.', '', 'sarah.chen@specialsolutions.example', '', '', '', '');

INSERT INTO agents (agent_id, name, type_of_agent, roles, description, model_version, mbox, artifacts, datasets, produced_artifacts, processed_datasets)
VALUES ('robert-williams', 'Robert Williams', 'human', '', 'General Counsel. Senior legal authority for escalations.', '', 'robert.williams@specialsolutions.example', '', '', '', '');

INSERT INTO agents (agent_id, name, type_of_agent, roles, description, model_version, mbox, artifacts, datasets, produced_artifacts, processed_datasets)
VALUES ('michael-torres', 'Michael Torres', '', '', 'Financial Analyst responsible for reviewing financial metrics in QBR.', '', 'michael.torres@specialsolutions.example', '', '', '', '');

INSERT INTO agents (agent_id, name, type_of_agent, roles, description, model_version, mbox, artifacts, datasets, produced_artifacts, processed_datasets)
VALUES ('jennifer-park', 'Jennifer Park', '', '', 'CFO responsible for executive summaries and final financial sign-off.', '', 'jennifer.park@specialsolutions.example', '', '', '', '');

INSERT INTO agents (agent_id, name, type_of_agent, roles, description, model_version, mbox, artifacts, datasets, produced_artifacts, processed_datasets)
VALUES ('ci-pipeline', 'CI Pipeline', '', '', 'Continuous Integration pipeline responsible for automated build, test, and deployment execution. Fills the Deployment Engineer role for automated deployment steps. Subclass of prov:SoftwareAgent and schema:SoftwareApplication.', '', '', '', '', '', '');

INSERT INTO agents (agent_id, name, type_of_agent, roles, description, model_version, mbox, artifacts, datasets, produced_artifacts, processed_datasets)
VALUES ('etl-pipeline', 'ETL Pipeline', '', '', 'Extract-Transform-Load pipeline responsible for data collection and aggregation for business reviews.', '', '', '', '', '', '');

INSERT INTO artifacts (artifact_id, name, description, produced_by, sequence_position, title, identifier, created, generated_by, attributed_to, derived_from)
VALUES ('risk-report', 'Risk Report', 'Automated risk assessment output produced by the RiskAnalysis-AI agent. First artifact in the provenance chain.', '', 1, '', '', NULL, '', '', '');

INSERT INTO artifacts (artifact_id, name, description, produced_by, sequence_position, title, identifier, created, generated_by, attributed_to, derived_from)
VALUES ('legal-clearance', 'Legal Clearance', 'Legal compliance sign-off document produced after legal review. Certifies release meets regulatory requirements.', '', 2, '', '', NULL, '', '', '');

INSERT INTO artifacts (artifact_id, name, description, produced_by, sequence_position, title, identifier, created, generated_by, attributed_to, derived_from)
VALUES ('release-authorization', 'Release Authorization', 'Formal authorization to proceed with production deployment. Produced by Release Manager at the approval gate.', '', 3, '', '', NULL, '', '', '');

INSERT INTO artifacts (artifact_id, name, description, produced_by, sequence_position, title, identifier, created, generated_by, attributed_to, derived_from)
VALUES ('deployment-log', 'Deployment Log', 'Technical log of deployment execution including timestamps, systems affected, and any errors encountered.', '', 4, '', '', NULL, '', '', '');

INSERT INTO artifacts (artifact_id, name, description, produced_by, sequence_position, title, identifier, created, generated_by, attributed_to, derived_from)
VALUES ('post-deployment-report', 'Post-Deployment Report', 'Final report summarizing deployment outcome, metrics, and any follow-up items. Closes the workflow.', '', 5, '', '', NULL, '', '', '');

INSERT INTO artifacts (artifact_id, name, description, produced_by, sequence_position, title, identifier, created, generated_by, attributed_to, derived_from)
VALUES ('artifact-risk-report', 'artifact-risk-report', 'Automated risk assessment output produced by the RiskAnalysis-AI agent. First artifact in the production deployment provenance chain. Contains risk scores, identified vulnerabilities, and mitigation recommendations.', '', 1, 'Risk Report', 'DOC-RISK-2026-001', '2026-01-15T00:00:00Z', '', '', '');

INSERT INTO artifacts (artifact_id, name, description, produced_by, sequence_position, title, identifier, created, generated_by, attributed_to, derived_from)
VALUES ('artifact-legal-clearance', 'artifact-legal-clearance', 'Legal compliance sign-off document produced after legal review. Certifies release meets regulatory requirements. Derived from Risk Report analysis.', '', 2, 'Legal Clearance', 'DOC-LEGAL-2026-001', '2026-01-15T00:00:00Z', '', '', '');

INSERT INTO artifacts (artifact_id, name, description, produced_by, sequence_position, title, identifier, created, generated_by, attributed_to, derived_from)
VALUES ('artifact-release-authorization', 'artifact-release-authorization', 'Formal authorization to proceed with production deployment. Produced by Release Manager at the approval gate. Derived from Legal Clearance.', '', 3, 'Release Authorization', 'DOC-AUTH-2026-001', '2026-01-15T00:00:00Z', '', '', '');

INSERT INTO artifacts (artifact_id, name, description, produced_by, sequence_position, title, identifier, created, generated_by, attributed_to, derived_from)
VALUES ('artifact-deployment-log', 'artifact-deployment-log', 'Technical log of deployment execution including timestamps, systems affected, commands executed, and any errors encountered. Produced by CI Pipeline.', '', 4, 'Deployment Log', 'DOC-DEPLOY-2026-001', '2026-01-15T00:00:00Z', '', '', '');

INSERT INTO artifacts (artifact_id, name, description, produced_by, sequence_position, title, identifier, created, generated_by, attributed_to, derived_from)
VALUES ('artifact-post-deployment-report', 'artifact-post-deployment-report', 'Final report summarizing deployment outcome, metrics, and any follow-up items. Closes the production deployment workflow.', '', 5, 'Post-Deployment Report', 'DOC-POST-2026-001', '2026-01-15T00:00:00Z', '', '', '');

INSERT INTO artifacts (artifact_id, name, description, produced_by, sequence_position, title, identifier, created, generated_by, attributed_to, derived_from)
VALUES ('artifact-raw-data-export', 'artifact-raw-data-export', 'Aggregated raw data from multiple source systems for QBR analysis. Produced by ETL Pipeline from sales and incident datasets.', '', 1, 'Raw Data Export', 'DOC-DATA-2026-Q1', '2026-01-10T00:00:00Z', '', '', '');

INSERT INTO artifacts (artifact_id, name, description, produced_by, sequence_position, title, identifier, created, generated_by, attributed_to, derived_from)
VALUES ('artifact-metrics-analysis', 'artifact-metrics-analysis', 'AI-generated analysis of business metrics including trends, anomalies, and risk indicators. Produced by RiskAnalysis-AI from raw data export.', '', 2, 'Metrics Analysis Report', 'DOC-METRICS-2026-Q1', '2026-01-12T00:00:00Z', '', '', '');

INSERT INTO artifacts (artifact_id, name, description, produced_by, sequence_position, title, identifier, created, generated_by, attributed_to, derived_from)
VALUES ('artifact-financial-summary', 'artifact-financial-summary', 'Financial analysis and summary prepared by Financial Analyst. Includes revenue, costs, and profitability metrics.', '', 3, 'Financial Summary', 'DOC-FIN-2026-Q1', '2026-01-14T00:00:00Z', '', '', '');

INSERT INTO artifacts (artifact_id, name, description, produced_by, sequence_position, title, identifier, created, generated_by, attributed_to, derived_from)
VALUES ('artifact-qbr-presentation', 'artifact-qbr-presentation', 'Final quarterly business review presentation for executive stakeholders. Synthesizes all prior artifacts into actionable insights.', '', 4, 'QBR Executive Presentation', 'DOC-QBR-2026-Q1', '2026-01-15T00:00:00Z', '', '', '');

INSERT INTO precedes_steps (precedes_step_id, name, from_step, to_step)
VALUES ('step-1-to-2', 'step-1-to-2', 'risk-assessment', 'legal-review');

INSERT INTO precedes_steps (precedes_step_id, name, from_step, to_step)
VALUES ('step-2-to-3', 'step-2-to-3', 'legal-review', 'release-approval');

INSERT INTO precedes_steps (precedes_step_id, name, from_step, to_step)
VALUES ('step-3-to-4', 'step-3-to-4', 'release-approval', '');

INSERT INTO precedes_steps (precedes_step_id, name, from_step, to_step)
VALUES ('prod-1-to-2', 'prod-1-to-2', '', '');

INSERT INTO precedes_steps (precedes_step_id, name, from_step, to_step)
VALUES ('prod-2-to-3', 'prod-2-to-3', '', '');

INSERT INTO precedes_steps (precedes_step_id, name, from_step, to_step)
VALUES ('prod-3-to-4', 'prod-3-to-4', '', '');

INSERT INTO precedes_steps (precedes_step_id, name, from_step, to_step)
VALUES ('prod-4-to-5', 'prod-4-to-5', '', '');

INSERT INTO precedes_steps (precedes_step_id, name, from_step, to_step)
VALUES ('qbr-1-to-2', 'qbr-1-to-2', '', '');

INSERT INTO precedes_steps (precedes_step_id, name, from_step, to_step)
VALUES ('qbr-2-to-3', 'qbr-2-to-3', '', '');

INSERT INTO precedes_steps (precedes_step_id, name, from_step, to_step)
VALUES ('qbr-3-to-4', 'qbr-3-to-4', '', '');

INSERT INTO datasets (dataset_id, name, description, processed_by, time_period, title, modified, publisher, consumed_by_step)
VALUES ('q1-2026-risk-metrics', 'Q1 2026 Risk Metrics', 'Quarterly risk metrics dataset containing historical deployment data, incident reports, and risk indicators. Processed by RiskAnalysis-AI to produce Risk Report. Article CQ8 answer.', '', 'Q1 2026', '', NULL, '', '');

INSERT INTO datasets (dataset_id, name, description, processed_by, time_period, title, modified, publisher, consumed_by_step)
VALUES ('dataset-risk-metrics-q1', 'dataset-risk-metrics-q1', 'Quarterly risk metrics dataset containing historical deployment data, incident reports, and risk indicators. Processed by RiskAnalysis-AI to produce Risk Report. Article CQ8 answer: ''What datasets does the quarterly business review consume?''', '', 'Q1 2026', 'Q1 2026 Risk Metrics', '2026-01-10T00:00:00Z', '', '');

INSERT INTO datasets (dataset_id, name, description, processed_by, time_period, title, modified, publisher, consumed_by_step)
VALUES ('dataset-sales-q1', 'dataset-sales-q1', 'Quarterly sales data including revenue by product line, customer segments, and regional breakdown.', '', 'Q1 2026', 'Q1 2026 Sales Data', '2026-01-08T00:00:00Z', '', '');

INSERT INTO datasets (dataset_id, name, description, processed_by, time_period, title, modified, publisher, consumed_by_step)
VALUES ('dataset-incidents-q1', 'dataset-incidents-q1', 'Quarterly incident and outage data including severity, resolution time, and root cause analysis.', '', 'Q1 2026', 'Q1 2026 Incident Reports', '2026-01-09T00:00:00Z', '', '');

INSERT INTO datasets (dataset_id, name, description, processed_by, time_period, title, modified, publisher, consumed_by_step)
VALUES ('dataset-financials-q1', 'dataset-financials-q1', 'Quarterly financial data including P&L, balance sheet, and cash flow statements.', '', 'Q1 2026', 'Q1 2026 Financial Statements', '2026-01-12T00:00:00Z', '', '');

INSERT INTO departments (department_id, name, description, roles, count_of_roles, roles_2, published_datasets)
VALUES ('engineering', 'Engineering', 'Software engineering department responsible for development, deployment, and technical operations. Owns Release Manager, VP Engineering, CTO, Risk Analyst, Deployment Engineer, and Data Engineer roles.', '', 0, '', '');

INSERT INTO departments (department_id, name, description, roles, count_of_roles, roles_2, published_datasets)
VALUES ('legal', 'Legal', 'Legal and compliance department responsible for regulatory review and legal clearance. Owns Legal Compliance Reviewer and General Counsel roles. Article CQ7: ''Which workflows involve both Engineering and Legal?''', '', 0, '', '');

INSERT INTO departments (department_id, name, description, roles, count_of_roles, roles_2, published_datasets)
VALUES ('finance', 'Finance', 'Finance department responsible for financial analysis, reporting, and executive summaries. Owns Financial Analyst and CFO roles.', '', 0, '', '');

INSERT INTO types_of_agents (types_of_agent_id, name, description, ontology_class, superclasses, count_of_agents)
VALUES ('human', 'Human', 'AI agent responsible for automated risk assessment. Processes Q1 2026 Risk Metrics dataset and produces Risk Report artifact. Article CQ8 demonstrates this agent''s dataset processing.', '', '', 0);

INSERT INTO types_of_agents (types_of_agent_id, name, description, ontology_class, superclasses, count_of_agents)
VALUES ('ai', 'AI', 'AIAgents - Autonomous AI systems that can fill roles. Subclass of ntwf:Agent. Distinguished from HumanAgents by having ModelVersion instead of foaf:mbox.', '', '', 0);

INSERT INTO types_of_agents (types_of_agent_id, name, description, ontology_class, superclasses, count_of_agents)
VALUES ('automatedpipeline', 'AutomatedPipeline', '', '', '', 0);

INSERT INTO types_of_agents (types_of_agent_id, name, description, ontology_class, superclasses, count_of_agents)
VALUES ('human-agent', 'Human Agent', 'Human individuals who can fill roles in workflows. Have legal standing in organizational processes. Carry foaf:name and foaf:mbox properties. Only agent type that can fill roles where requiresHumanApproval is true.', 'ntwf:HumanAgent', 'foaf:Person, prov:Agent', 0);

INSERT INTO types_of_agents (types_of_agent_id, name, description, ontology_class, superclasses, count_of_agents)
VALUES ('ai-agent', 'AI Agent', 'Autonomous AI systems that can fill roles. Produce probabilistic outputs that may require human review. Carry ntwf:modelVersion property for audit purposes. Distinguished from HumanAgents by having ModelVersion instead of foaf:mbox.', 'ntwf:AIAgent', 'prov:SoftwareAgent', 0);

INSERT INTO types_of_agents (types_of_agent_id, name, description, ontology_class, superclasses, count_of_agents)
VALUES ('automated-pipeline', 'Automated Pipeline', 'Deterministic software pipelines that execute predefined rules. Produce deterministic outputs according to predefined rules. Distinguished from AIAgent by schema:SoftwareApplication alignment.', 'ntwf:AutomatedPipeline', 'prov:SoftwareAgent, schema:SoftwareApplication', 0);

