-- ============================================================================
-- INSERT DATA - Load data from rulebook
-- ============================================================================
-- Generated by rulebook-to-postgres tool
-- ============================================================================

INSERT INTO workflows (workflow_id, title, description, created, modified, identifier)
VALUES ('production-deployment-workflow', 'Production Deployment Workflow', 'End-to-end workflow for deploying software releases to production, including risk analysis, legal clearance, and release approval. From Jessica Talisman''s NTWF ontology article.', '2026-01-15', '2026-01-15', 'WF-PROD-001');

INSERT INTO workflow_steps (workflow_step_id, label, sequence_position, requires_human_approval, is_step_of, assigned_role, precedes_steps, approval_gate, step_duration_minutes, produces_artifact, requires_artifact, consumes_dataset)
VALUES ('risk-assessment', 'Risk Assessment', 1, FALSE, 'production-deployment-workflow', 'risk-analyst', 'step-1-to-2', '', 0, 'risk-report', '', '');

INSERT INTO workflow_steps (workflow_step_id, label, sequence_position, requires_human_approval, is_step_of, assigned_role, precedes_steps, approval_gate, step_duration_minutes, produces_artifact, requires_artifact, consumes_dataset)
VALUES ('legal-review', 'Legal Review', 2, TRUE, 'production-deployment-workflow', 'legal-compliance-reviewer', 'step-1-to-2', '', 0, '', '', '');

INSERT INTO workflow_steps (workflow_step_id, label, sequence_position, requires_human_approval, is_step_of, assigned_role, precedes_steps, approval_gate, step_duration_minutes, produces_artifact, requires_artifact, consumes_dataset)
VALUES ('release-approval', 'Release Approval', 3, TRUE, 'production-deployment-workflow', 'release-manager', 'step-2-to-3', '', 0, '', '', '');

INSERT INTO approval_gates (approval_gate_id, name, description, workflow_step, escalation_threshold_hours)
VALUES ('release-approval-gate', 'Release Approval Gate', 'Final approval gate before production deployment. Requires Release Manager sign-off. Step 3 in the Production Deployment Workflow. When approval is pending beyond threshold, escalates via delegation chain: Release Manager -> VP Engineering -> CTO.', '', 24);

INSERT INTO approval_gates (approval_gate_id, name, description, workflow_step, escalation_threshold_hours)
VALUES ('financial-review-gate', 'Financial Review Gate', 'Approval gate for financial data in QBR. Requires Financial Analyst sign-off before executive summary can be prepared. Escalates to CFO if pending beyond threshold.', '', 48);

INSERT INTO roles (role_id, label, comment, department, filled_by, workflow_steps, delegates_to, delegated_to_by)
VALUES ('release-manager', 'Release Manager', 'Primary role responsible for coordinating production releases. First in delegation chain. Article CQ2: ''filled by Maria Gonzalez''', '', 'maria-gonzalez', 'release-approval', 'vp-engineering', '');

INSERT INTO roles (role_id, label, comment, department, filled_by, workflow_steps, delegates_to, delegated_to_by)
VALUES ('legal-compliance-reviewer', 'Legal Compliance Reviewer', 'Role responsible for legal and compliance review of releases.', '', '', 'legal-review', '', '');

INSERT INTO roles (role_id, label, comment, department, filled_by, workflow_steps, delegates_to, delegated_to_by)
VALUES ('risk-analyst', 'Risk Analyst', 'Role responsible for risk assessment. In full ontology, filled by AI agent.', '', '', 'risk-assessment', '', '');

INSERT INTO roles (role_id, label, comment, department, filled_by, workflow_steps, delegates_to, delegated_to_by)
VALUES ('vp-engineering', 'VP Engineering', 'Secondary role in delegation chain. Escalation from Release Manager when primary agent unavailable. Article CQ6.', '', '', '', 'cto', 'release-manager');

INSERT INTO roles (role_id, label, comment, department, filled_by, workflow_steps, delegates_to, delegated_to_by)
VALUES ('cto', 'CTO', 'Final role in delegation chain. Ultimate authority for release decisions. Article CQ6.', '', '', '', '', 'vp-engineering');

INSERT INTO agents (agent_id, name, type_of_agent, roles, description, model_version, mbox, produced_artifacts, datasets, artifacts, processed_datasets)
VALUES ('maria-gonzalez', 'Maria Gonzalez', 'human', 'release-manager', 'Human Release Manager', '', 'maria.gonzalez@specialsolutions.example', 'risk-report', '', '', '');

INSERT INTO agents (agent_id, name, type_of_agent, roles, description, model_version, mbox, produced_artifacts, datasets, artifacts, processed_datasets)
VALUES ('james-okafor', 'James Okafor', 'human', '', '', '', 'james.okafor@specialsolutions.example', '', '', '', '');

INSERT INTO agents (agent_id, name, type_of_agent, roles, description, model_version, mbox, produced_artifacts, datasets, artifacts, processed_datasets)
VALUES ('riskanalysis-ai', 'RiskAnalysis-AI', 'ai', '', 'AI agent for automated risk assessment. Processes risk metrics dataset. CQ8 demonstrates dataset processing. Subclass of prov:SoftwareAgent.', 'risk-classifier-v2.4.1', '', '', '', '', '');

INSERT INTO agents (agent_id, name, type_of_agent, roles, description, model_version, mbox, produced_artifacts, datasets, artifacts, processed_datasets)
VALUES ('ci-pipeline', 'CI Pipeline', 'automatedpipeline', '', 'Continuous Integration pipeline responsible for automated build, test, and deployment execution. Fills the Deployment Engineer role for automated deployment steps.', '', '', '', '', '', '');

INSERT INTO artifacts (artifact_id, name, description, produced_by, generated_by, attributed_to, derived_from, derived_artifacts, sequence_position, title, identifier, created)
VALUES ('risk-report', 'Risk Report', 'Automated risk assessment output produced by the RiskAnalysis-AI agent. First artifact in the provenance chain.', 'maria-gonzalez', 'risk-assessment', '', '', '', 1, 'Risk Report', 'DOC-RISK-2026-001', '2026-01-15T00:00:00Z');

INSERT INTO artifacts (artifact_id, name, description, produced_by, generated_by, attributed_to, derived_from, derived_artifacts, sequence_position, title, identifier, created)
VALUES ('legal-clearance', 'Legal Clearance', 'Legal compliance sign-off document produced after legal review. Certifies release meets regulatory requirements.', '', '', '', '', '', 2, 'Legal Clearance', 'DOC-LEGAL-2026-001', '2026-01-15T00:00:00Z');

INSERT INTO artifacts (artifact_id, name, description, produced_by, generated_by, attributed_to, derived_from, derived_artifacts, sequence_position, title, identifier, created)
VALUES ('release-authorization', 'Release Authorization', 'Formal authorization to proceed with production deployment. Produced by Release Manager at the approval gate.', '', '', '', '', '', 3, 'Release Authorization', 'DOC-AUTH-2026-001', '2026-01-15T00:00:00Z');

INSERT INTO artifacts (artifact_id, name, description, produced_by, generated_by, attributed_to, derived_from, derived_artifacts, sequence_position, title, identifier, created)
VALUES ('deployment-log', 'Deployment Log', 'Technical log of deployment execution including timestamps, systems affected, and any errors encountered.', '', '', '', '', '', 4, 'Deployment Log', 'DOC-DEPLOY-2026-001', '2026-01-15T00:00:00Z');

INSERT INTO artifacts (artifact_id, name, description, produced_by, generated_by, attributed_to, derived_from, derived_artifacts, sequence_position, title, identifier, created)
VALUES ('post-deployment-report', 'Post-Deployment Report', 'Final report summarizing deployment outcome, metrics, and any follow-up items. Closes the workflow.', '', '', '', '', '', 5, 'Post-Deployment Report', 'DOC-POST-2026-001', '2026-01-15T00:00:00Z');

INSERT INTO datasets (dataset_id, name, description, processed_by, publisher, consumed_by_step, time_period, title, modified)
VALUES ('dataset-risk-metrics-q1', 'dataset-risk-metrics-q1', 'Quarterly risk metrics dataset containing historical deployment data, incident reports, and risk indicators. Processed by RiskAnalysis-AI to produce Risk Report. Article CQ8 answer.', '', '', '', 'Q1 2026', 'Q1 2026 Risk Metrics', '2026-01-10T00:00:00Z');

INSERT INTO datasets (dataset_id, name, description, processed_by, publisher, consumed_by_step, time_period, title, modified)
VALUES ('dataset-sales-q1', 'dataset-sales-q1', 'Quarterly sales: revenue by product line, customer segments, regional breakdown.', '', '', '', 'Q1 2026', 'Q1 2026 Sales Data', '2026-01-08T00:00:00Z');

INSERT INTO datasets (dataset_id, name, description, processed_by, publisher, consumed_by_step, time_period, title, modified)
VALUES ('dataset-incidents-q1', 'dataset-incidents-q1', 'Quarterly incidents: severity, resolution time, root cause analysis.', '', '', '', 'Q1 2026', 'Q1 2026 Incident Reports', '2026-01-09T00:00:00Z');

INSERT INTO datasets (dataset_id, name, description, processed_by, publisher, consumed_by_step, time_period, title, modified)
VALUES ('dataset-financials-q1', 'dataset-financials-q1', 'Quarterly financials: P&L, balance sheet, cash flow.', '', '', '', 'Q1 2026', 'Q1 2026 Financial Statements', '2026-01-12T00:00:00Z');

INSERT INTO departments (department_id, name, description, roles, published_datasets)
VALUES ('engineering', 'Engineering', 'Software engineering: development, deployment, technical operations. Owns Release Manager, VP Engineering, CTO, Risk Analyst, Deployment Engineer, Data Engineer roles.', '', '');

INSERT INTO departments (department_id, name, description, roles, published_datasets)
VALUES ('legal', 'Legal', 'Legal and compliance: regulatory review, legal clearance. Owns Legal Compliance Reviewer, General Counsel. CQ7: ''Which workflows involve Engineering and Legal?''', '', '');

INSERT INTO departments (department_id, name, description, roles, published_datasets)
VALUES ('finance', 'Finance', 'Finance: financial analysis, reporting, executive summaries. Owns Financial Analyst, CFO roles.', '', '');

INSERT INTO types_of_agents (types_of_agent_id, name, description, ontology_class, superclasses)
VALUES ('human', 'Human', 'AI agent responsible for automated risk assessment. Processes Q1 2026 Risk Metrics dataset and produces Risk Report artifact. Article CQ8 demonstrates this agent''s dataset processing.', 'ntwf:HumanAgent', 'foaf:Person, prov:Agent');

INSERT INTO types_of_agents (types_of_agent_id, name, description, ontology_class, superclasses)
VALUES ('ai', 'AI', 'AIAgents - Autonomous AI systems that can fill roles. Subclass of ntwf:Agent. Distinguished from HumanAgents by having ModelVersion instead of foaf:mbox.', 'ntwf:AIAgent', 'prov:SoftwareAgent');

INSERT INTO types_of_agents (types_of_agent_id, name, description, ontology_class, superclasses)
VALUES ('automatedpipeline', 'AutomatedPipeline', 'Deterministic software pipelines that execute predefined rules. Produce deterministic outputs according to predefined rules. Distinguished from AIAgent by schema:SoftwareApplication alignment.', 'ntwf:AutomatedPipeline', 'prov:SoftwareAgent, schema:SoftwareApplication');

INSERT INTO precedes_steps (precedes_step_id, name, from_step, to_step)
VALUES ('step-1-to-2', 'step-1-to-2', 'risk-assessment', 'legal-review');

INSERT INTO precedes_steps (precedes_step_id, name, from_step, to_step)
VALUES ('step-2-to-3', 'step-2-to-3', 'legal-review', 'release-approval');

INSERT INTO precedes_steps (precedes_step_id, name, from_step, to_step)
VALUES ('step-3-to-4', 'step-3-to-4', 'release-approval', '');

