-- ============================================================================
-- INSERT DATA - Load data from rulebook
-- ============================================================================
-- Generated by rulebook-to-postgres tool
-- Mode: check-add    Stage: dev
-- PK strategy: string (FK values are rewritten to match each PK)
-- ============================================================================

-- ----------------------------------------------------------------------------
-- GateTypes: Seed data for GateTypes
-- ----------------------------------------------------------------------------
INSERT INTO gate_types (gate_type_id, symbol, description)
VALUES ('gate-xor', 'XOR', 'Exclusive OR of two bits. This is the SUM bit of a half adder.') ON CONFLICT (gate_type_id) DO UPDATE SET symbol = EXCLUDED.symbol, description = EXCLUDED.description;

INSERT INTO gate_types (gate_type_id, symbol, description)
VALUES ('gate-and', 'AND', 'Logical AND of two bits. This is the CARRY bit of a half adder.') ON CONFLICT (gate_type_id) DO UPDATE SET symbol = EXCLUDED.symbol, description = EXCLUDED.description;

-- ----------------------------------------------------------------------------
-- GateTruthRows: Seed data for GateTruthRows
-- ----------------------------------------------------------------------------
INSERT INTO gate_truth_rows (truth_row_id, gate_type_id, in0, in1, out_bit)
VALUES ('gate-xor|0|0', 'gate-xor', 0, 0, 0) ON CONFLICT (truth_row_id) DO UPDATE SET gate_type_id = EXCLUDED.gate_type_id, in0 = EXCLUDED.in0, in1 = EXCLUDED.in1, out_bit = EXCLUDED.out_bit;

INSERT INTO gate_truth_rows (truth_row_id, gate_type_id, in0, in1, out_bit)
VALUES ('gate-xor|0|1', 'gate-xor', 0, 1, 1) ON CONFLICT (truth_row_id) DO UPDATE SET gate_type_id = EXCLUDED.gate_type_id, in0 = EXCLUDED.in0, in1 = EXCLUDED.in1, out_bit = EXCLUDED.out_bit;

INSERT INTO gate_truth_rows (truth_row_id, gate_type_id, in0, in1, out_bit)
VALUES ('gate-xor|1|0', 'gate-xor', 1, 0, 1) ON CONFLICT (truth_row_id) DO UPDATE SET gate_type_id = EXCLUDED.gate_type_id, in0 = EXCLUDED.in0, in1 = EXCLUDED.in1, out_bit = EXCLUDED.out_bit;

INSERT INTO gate_truth_rows (truth_row_id, gate_type_id, in0, in1, out_bit)
VALUES ('gate-xor|1|1', 'gate-xor', 1, 1, 0) ON CONFLICT (truth_row_id) DO UPDATE SET gate_type_id = EXCLUDED.gate_type_id, in0 = EXCLUDED.in0, in1 = EXCLUDED.in1, out_bit = EXCLUDED.out_bit;

INSERT INTO gate_truth_rows (truth_row_id, gate_type_id, in0, in1, out_bit)
VALUES ('gate-and|0|0', 'gate-and', 0, 0, 0) ON CONFLICT (truth_row_id) DO UPDATE SET gate_type_id = EXCLUDED.gate_type_id, in0 = EXCLUDED.in0, in1 = EXCLUDED.in1, out_bit = EXCLUDED.out_bit;

INSERT INTO gate_truth_rows (truth_row_id, gate_type_id, in0, in1, out_bit)
VALUES ('gate-and|0|1', 'gate-and', 0, 1, 0) ON CONFLICT (truth_row_id) DO UPDATE SET gate_type_id = EXCLUDED.gate_type_id, in0 = EXCLUDED.in0, in1 = EXCLUDED.in1, out_bit = EXCLUDED.out_bit;

INSERT INTO gate_truth_rows (truth_row_id, gate_type_id, in0, in1, out_bit)
VALUES ('gate-and|1|0', 'gate-and', 1, 0, 0) ON CONFLICT (truth_row_id) DO UPDATE SET gate_type_id = EXCLUDED.gate_type_id, in0 = EXCLUDED.in0, in1 = EXCLUDED.in1, out_bit = EXCLUDED.out_bit;

INSERT INTO gate_truth_rows (truth_row_id, gate_type_id, in0, in1, out_bit)
VALUES ('gate-and|1|1', 'gate-and', 1, 1, 1) ON CONFLICT (truth_row_id) DO UPDATE SET gate_type_id = EXCLUDED.gate_type_id, in0 = EXCLUDED.in0, in1 = EXCLUDED.in1, out_bit = EXCLUDED.out_bit;

-- ----------------------------------------------------------------------------
-- Computations: Seed data for Computations
-- ----------------------------------------------------------------------------
INSERT INTO computations (computation_id, gate_type_id, a, b)
VALUES ('sum--0+0', 'gate-xor', 0, 0) ON CONFLICT (computation_id) DO UPDATE SET gate_type_id = EXCLUDED.gate_type_id, a = EXCLUDED.a, b = EXCLUDED.b;

INSERT INTO computations (computation_id, gate_type_id, a, b)
VALUES ('sum--0+1', 'gate-xor', 0, 1) ON CONFLICT (computation_id) DO UPDATE SET gate_type_id = EXCLUDED.gate_type_id, a = EXCLUDED.a, b = EXCLUDED.b;

INSERT INTO computations (computation_id, gate_type_id, a, b)
VALUES ('sum--1+0', 'gate-xor', 1, 0) ON CONFLICT (computation_id) DO UPDATE SET gate_type_id = EXCLUDED.gate_type_id, a = EXCLUDED.a, b = EXCLUDED.b;

INSERT INTO computations (computation_id, gate_type_id, a, b)
VALUES ('sum--1+1', 'gate-xor', 1, 1) ON CONFLICT (computation_id) DO UPDATE SET gate_type_id = EXCLUDED.gate_type_id, a = EXCLUDED.a, b = EXCLUDED.b;

INSERT INTO computations (computation_id, gate_type_id, a, b)
VALUES ('carry--0+0', 'gate-and', 0, 0) ON CONFLICT (computation_id) DO UPDATE SET gate_type_id = EXCLUDED.gate_type_id, a = EXCLUDED.a, b = EXCLUDED.b;

INSERT INTO computations (computation_id, gate_type_id, a, b)
VALUES ('carry--0+1', 'gate-and', 0, 1) ON CONFLICT (computation_id) DO UPDATE SET gate_type_id = EXCLUDED.gate_type_id, a = EXCLUDED.a, b = EXCLUDED.b;

INSERT INTO computations (computation_id, gate_type_id, a, b)
VALUES ('carry--1+0', 'gate-and', 1, 0) ON CONFLICT (computation_id) DO UPDATE SET gate_type_id = EXCLUDED.gate_type_id, a = EXCLUDED.a, b = EXCLUDED.b;

INSERT INTO computations (computation_id, gate_type_id, a, b)
VALUES ('carry--1+1', 'gate-and', 1, 1) ON CONFLICT (computation_id) DO UPDATE SET gate_type_id = EXCLUDED.gate_type_id, a = EXCLUDED.a, b = EXCLUDED.b;

