-- ============================================================================
-- INSERT DATA - Load data from rulebook
-- ============================================================================
-- Generated by rulebook-to-postgres tool
-- Mode: check-add    Stage: dev
-- ============================================================================

-- ----------------------------------------------------------------------------
-- Employees: Table: Employees — people who submit expense reports or review them.
-- ----------------------------------------------------------------------------
INSERT INTO employees (employee_id, first_name, last_name, email_address, role, budget_limit)
VALUES ('alice-employee', 'Alice', 'Anderson', 'alice@example.com', 'employee', 500) ON CONFLICT (employee_id) DO NOTHING;

INSERT INTO employees (employee_id, first_name, last_name, email_address, role, budget_limit)
VALUES ('dave-employee', 'Dave', 'Davies', 'dave@example.com', 'employee', 200) ON CONFLICT (employee_id) DO NOTHING;

INSERT INTO employees (employee_id, first_name, last_name, email_address, role, budget_limit)
VALUES ('bob-manager', 'Bob', 'Burton', 'bob@example.com', 'manager', NULL) ON CONFLICT (employee_id) DO NOTHING;

INSERT INTO employees (employee_id, first_name, last_name, email_address, role, budget_limit)
VALUES ('carol-finance', 'Carol', 'Chen', 'carol@example.com', 'finance', NULL) ON CONFLICT (employee_id) DO NOTHING;

-- ----------------------------------------------------------------------------
-- ExpenseReports: Table: ExpenseReports — one submission, containing many line items.
-- ----------------------------------------------------------------------------
INSERT INTO expense_reports (expense_report_id, name, employee, approval_status)
VALUES ('alice-nyc-client-visit', 'NYC Client Visit', 'alice-employee', 'pending') ON CONFLICT (expense_report_id) DO NOTHING;

INSERT INTO expense_reports (expense_report_id, name, employee, approval_status)
VALUES ('alice-office-supplies', 'Office Supplies Q1', 'alice-employee', 'approved') ON CONFLICT (expense_report_id) DO NOTHING;

INSERT INTO expense_reports (expense_report_id, name, employee, approval_status)
VALUES ('dave-team-lunch', 'Team Lunch', 'dave-employee', 'pending') ON CONFLICT (expense_report_id) DO NOTHING;

-- ----------------------------------------------------------------------------
-- ExpenseItems: Table: ExpenseItems — individual line items on a report.
-- ----------------------------------------------------------------------------
INSERT INTO expense_items (expense_item_id, name, expense_report, amount)
VALUES ('alice-nyc-flight', 'Flight to NYC', 'alice-nyc-client-visit', 425) ON CONFLICT (expense_item_id) DO NOTHING;

INSERT INTO expense_items (expense_item_id, name, expense_report, amount)
VALUES ('alice-nyc-hotel', 'Hotel (1 night)', 'alice-nyc-client-visit', 185) ON CONFLICT (expense_item_id) DO NOTHING;

INSERT INTO expense_items (expense_item_id, name, expense_report, amount)
VALUES ('alice-nyc-dinner', 'Client Dinner', 'alice-nyc-client-visit', 85) ON CONFLICT (expense_item_id) DO NOTHING;

INSERT INTO expense_items (expense_item_id, name, expense_report, amount)
VALUES ('alice-supplies-paper', 'Printer Paper', 'alice-office-supplies', 42) ON CONFLICT (expense_item_id) DO NOTHING;

INSERT INTO expense_items (expense_item_id, name, expense_report, amount)
VALUES ('alice-supplies-toner', 'Toner Cartridge', 'alice-office-supplies', 100) ON CONFLICT (expense_item_id) DO NOTHING;

INSERT INTO expense_items (expense_item_id, name, expense_report, amount)
VALUES ('dave-lunch-pizza', 'Pizza for team', 'dave-team-lunch', 67) ON CONFLICT (expense_item_id) DO NOTHING;

INSERT INTO expense_items (expense_item_id, name, expense_report, amount)
VALUES ('dave-lunch-drinks', 'Drinks', 'dave-team-lunch', 20) ON CONFLICT (expense_item_id) DO NOTHING;

