-- ============================================================================
-- INSERT DATA - Load data from rulebook
-- ============================================================================
-- Generated by rulebook-to-postgres tool
-- Mode: drop-all    Stage: dev
-- PK strategy: string (FK values are rewritten to match each PK)
-- ============================================================================

-- ----------------------------------------------------------------------------
-- Users: Bank employees: relationship managers, underwriters, branch bankers, and admins. Used for portfolio assignment, audit trails, and segregation-of-duties enforcement.
-- ----------------------------------------------------------------------------
INSERT INTO users (users_id, full_name, role, email)
VALUES ('devon-marshall', 'Devon Marshall', 'RM', 'devon.marshall@firstvalley.bank') ON CONFLICT (users_id) DO NOTHING;

INSERT INTO users (users_id, full_name, role, email)
VALUES ('priya-iyer', 'Priya Iyer', 'Admin', 'priya.iyer@firstvalley.bank') ON CONFLICT (users_id) DO NOTHING;

INSERT INTO users (users_id, full_name, role, email)
VALUES ('thomas-bell', 'Thomas Bell', 'Underwriter', 'thomas.bell@firstvalley.bank') ON CONFLICT (users_id) DO NOTHING;

INSERT INTO users (users_id, full_name, role, email)
VALUES ('maya-chen', 'Maya Chen', 'BranchBanker', 'maya.chen@firstvalley.bank') ON CONFLICT (users_id) DO NOTHING;

INSERT INTO users (users_id, full_name, role, email)
VALUES ('renee-okafor', 'Renee Okafor', 'Admin', 'renee.okafor@firstvalley.bank') ON CONFLICT (users_id) DO NOTHING;

-- ----------------------------------------------------------------------------
-- Businesses: Small-business customers (and prospects) of the bank. Central entity: BeneficialOwners, Contacts, Accounts, Loans, Documents, and Interactions all hang off a Business. BusinessProfile information (legal name, structure, NAICS code) lives directly on this table.
-- ----------------------------------------------------------------------------
INSERT INTO businesses (businesses_id, legal_name, business_structure, naics_code, naics_description, annual_revenue_usd, status, onboarded_at, relationship_manager, referral_source)
VALUES ('stillwater-roasters-llc', 'Stillwater Roasters LLC', 'LLC', '311920', 'Coffee and Tea Manufacturing', 4200000, 'Customer', '2024-03-12', 'devon-marshall', NULL) ON CONFLICT (businesses_id) DO NOTHING;

INSERT INTO businesses (businesses_id, legal_name, business_structure, naics_code, naics_description, annual_revenue_usd, status, onboarded_at, relationship_manager, referral_source)
VALUES ('ridgeway-consulting-llc', 'Ridgeway Consulting LLC', 'LLC', '541611', 'Administrative Management Consulting', 1800000, 'Customer', '2023-09-05', 'devon-marshall', NULL) ON CONFLICT (businesses_id) DO NOTHING;

INSERT INTO businesses (businesses_id, legal_name, business_structure, naics_code, naics_description, annual_revenue_usd, status, onboarded_at, relationship_manager, referral_source)
VALUES ('pine-hardware-inc', 'Pine Hardware Inc.', 'C-Corp', '444110', 'Home Centers', 12500000, 'Customer', '2019-06-21', 'devon-marshall', NULL) ON CONFLICT (businesses_id) DO NOTHING;

INSERT INTO businesses (businesses_id, legal_name, business_structure, naics_code, naics_description, annual_revenue_usd, status, onboarded_at, relationship_manager, referral_source)
VALUES ('sunset-auto-body-llc', 'Sunset Auto Body LLC', 'LLC', '811121', 'Automotive Body, Paint, and Interior Repair', 2300000, 'Customer', '2022-11-02', 'devon-marshall', NULL) ON CONFLICT (businesses_id) DO NOTHING;

INSERT INTO businesses (businesses_id, legal_name, business_structure, naics_code, naics_description, annual_revenue_usd, status, onboarded_at, relationship_manager, referral_source)
VALUES ('hilltop-bakery-llc', 'Hilltop Bakery LLC', 'LLC', '311811', 'Retail Bakeries', 850000, 'Prospect', NULL, 'devon-marshall', 'pine-hardware-inc') ON CONFLICT (businesses_id) DO NOTHING;

-- ----------------------------------------------------------------------------
-- BeneficialOwners: Individuals owning 25%+ of a Business plus designated control persons, per FinCEN's CDD rule. PII (SSN, DOB, address) is stored encrypted at rest via field-level encryption.
-- ----------------------------------------------------------------------------
INSERT INTO beneficial_owners (beneficial_owners_id, business, full_name, date_of_birth_encrypted, ssn_encrypted, address_encrypted, ownership_percentage, is_control_person)
VALUES ('stillwater-roasters-llc-jordan-park', 'stillwater-roasters-llc', 'Jordan Park', 'ENC(1981-04-17)', 'ENC(xxx-xx-1234)', 'ENC(742 Evergreen Way, Stillwater)', 60, TRUE) ON CONFLICT (beneficial_owners_id) DO NOTHING;

INSERT INTO beneficial_owners (beneficial_owners_id, business, full_name, date_of_birth_encrypted, ssn_encrypted, address_encrypted, ownership_percentage, is_control_person)
VALUES ('stillwater-roasters-llc-sam-rivera', 'stillwater-roasters-llc', 'Sam Rivera', 'ENC(1978-11-02)', 'ENC(xxx-xx-5678)', 'ENC(15 Hillcrest Rd, Stillwater)', 40, FALSE) ON CONFLICT (beneficial_owners_id) DO NOTHING;

INSERT INTO beneficial_owners (beneficial_owners_id, business, full_name, date_of_birth_encrypted, ssn_encrypted, address_encrypted, ownership_percentage, is_control_person)
VALUES ('ridgeway-consulting-llc-alex-ridgeway', 'ridgeway-consulting-llc', 'Alex Ridgeway', 'ENC(1972-02-14)', 'ENC(xxx-xx-9012)', 'ENC(204 Birch Ln, Ridgeway)', 0, TRUE) ON CONFLICT (beneficial_owners_id) DO NOTHING;

INSERT INTO beneficial_owners (beneficial_owners_id, business, full_name, date_of_birth_encrypted, ssn_encrypted, address_encrypted, ownership_percentage, is_control_person)
VALUES ('pine-hardware-inc-elena-novak', 'pine-hardware-inc', 'Elena Novak', 'ENC(1965-08-30)', 'ENC(xxx-xx-3456)', 'ENC(99 Oak St, Pinehurst)', 51, TRUE) ON CONFLICT (beneficial_owners_id) DO NOTHING;

INSERT INTO beneficial_owners (beneficial_owners_id, business, full_name, date_of_birth_encrypted, ssn_encrypted, address_encrypted, ownership_percentage, is_control_person)
VALUES ('pine-hardware-inc-robert-novak', 'pine-hardware-inc', 'Robert Novak', 'ENC(1962-01-19)', 'ENC(xxx-xx-7890)', 'ENC(99 Oak St, Pinehurst)', 49, FALSE) ON CONFLICT (beneficial_owners_id) DO NOTHING;

-- ----------------------------------------------------------------------------
-- Contacts: Non-owner individuals associated with a Business: officers, AP clerks, authorized signers, additional points of contact. Distinct from BeneficialOwners (which carries PII/CDD weight).
-- ----------------------------------------------------------------------------
INSERT INTO contacts (contacts_id, business, full_name, title, email, phone, contact_type, is_authorized_signer)
VALUES ('stillwater-roasters-llc-jordan-park-ceo', 'stillwater-roasters-llc', 'Jordan Park', 'CEO', 'jordan@stillwaterroasters.com', '555-0142', 'Officer', TRUE) ON CONFLICT (contacts_id) DO NOTHING;

INSERT INTO contacts (contacts_id, business, full_name, title, email, phone, contact_type, is_authorized_signer)
VALUES ('stillwater-roasters-llc-sam-rivera-cfo', 'stillwater-roasters-llc', 'Sam Rivera', 'CFO', 'sam@stillwaterroasters.com', '555-0143', 'Officer', TRUE) ON CONFLICT (contacts_id) DO NOTHING;

INSERT INTO contacts (contacts_id, business, full_name, title, email, phone, contact_type, is_authorized_signer)
VALUES ('pine-hardware-inc-marta-keene-ap-clerk', 'pine-hardware-inc', 'Marta Keene', 'AP Clerk', 'ap@pinehardware.com', '555-0188', 'APClerk', FALSE) ON CONFLICT (contacts_id) DO NOTHING;

INSERT INTO contacts (contacts_id, business, full_name, title, email, phone, contact_type, is_authorized_signer)
VALUES ('ridgeway-consulting-llc-alex-ridgeway-ceo', 'ridgeway-consulting-llc', 'Alex Ridgeway', 'CEO', 'alex@ridgeway.co', '555-0260', 'Officer', TRUE) ON CONFLICT (contacts_id) DO NOTHING;

-- ----------------------------------------------------------------------------
-- Accounts: Deposit accounts the Business holds at the bank (checking, savings, money market). Balances feed GlobalCashFlow during credit analysis. TreasuryServices enrollment flags (ACH, Wire, Card) are stored per-account.
-- ----------------------------------------------------------------------------
INSERT INTO accounts (accounts_id, business, account_type, account_number_last4, current_balance_usd, has_ach, has_wire, has_card, opened_at)
VALUES ('sunset-auto-body-llc-checking-0400', 'stillwater-roasters-llc', 'Checking', '0001', 184250.13, TRUE, TRUE, FALSE, '2024-03-13') ON CONFLICT (accounts_id) DO NOTHING;

INSERT INTO accounts (accounts_id, business, account_type, account_number_last4, current_balance_usd, has_ach, has_wire, has_card, opened_at)
VALUES ('stillwater-roasters-llc-savings-0101', 'stillwater-roasters-llc', 'Savings', '0101', 75000, FALSE, FALSE, FALSE, '2024-03-13') ON CONFLICT (accounts_id) DO NOTHING;

INSERT INTO accounts (accounts_id, business, account_type, account_number_last4, current_balance_usd, has_ach, has_wire, has_card, opened_at)
VALUES ('sunset-auto-body-llc-checking-0400', 'pine-hardware-inc', 'Checking', '0200', 612430.55, TRUE, TRUE, TRUE, '2019-06-22') ON CONFLICT (accounts_id) DO NOTHING;

INSERT INTO accounts (accounts_id, business, account_type, account_number_last4, current_balance_usd, has_ach, has_wire, has_card, opened_at)
VALUES ('sunset-auto-body-llc-checking-0400', 'ridgeway-consulting-llc', 'Checking', '0300', 92800, TRUE, FALSE, FALSE, '2023-09-06') ON CONFLICT (accounts_id) DO NOTHING;

INSERT INTO accounts (accounts_id, business, account_type, account_number_last4, current_balance_usd, has_ach, has_wire, has_card, opened_at)
VALUES ('sunset-auto-body-llc-checking-0400', 'sunset-auto-body-llc', 'Checking', '0400', 41250, FALSE, FALSE, FALSE, '2022-11-03') ON CONFLICT (accounts_id) DO NOTHING;

-- ----------------------------------------------------------------------------
-- Loans: Credit facilities extended to a Business, tracked from inquiry through funding, servicing, and payoff. RiskRating is denormalized here for fast reads; every change is captured in RiskRatingHistory.
-- ----------------------------------------------------------------------------
INSERT INTO loans (loans_id, loan_number, business, originating_rm, underwriter, loan_purpose, principal_usd, rate_pct, term_months, underwriting_stage, risk_rating, risk_rating_label, dscr, ltv, global_cash_flow_usd, originated_at, funded_at)
VALUES ('l-0051', 'L-0051', 'stillwater-roasters-llc', 'devon-marshall', 'priya-iyer', 'Equipment', 250000, 7.25, 60, 'Funded', 4, 'Pass', 1.42, 0.78, 612000, '2025-02-10', '2025-03-01') ON CONFLICT (loans_id) DO NOTHING;

INSERT INTO loans (loans_id, loan_number, business, originating_rm, underwriter, loan_purpose, principal_usd, rate_pct, term_months, underwriting_stage, risk_rating, risk_rating_label, dscr, ltv, global_cash_flow_usd, originated_at, funded_at)
VALUES ('l-0042', 'L-0042', 'pine-hardware-inc', 'devon-marshall', 'thomas-bell', 'CRE', 1850000, 6.5, 240, 'Funded', 7, 'Substandard', 1.08, 0.71, 2100000, '2021-04-14', '2021-05-20') ON CONFLICT (loans_id) DO NOTHING;

INSERT INTO loans (loans_id, loan_number, business, originating_rm, underwriter, loan_purpose, principal_usd, rate_pct, term_months, underwriting_stage, risk_rating, risk_rating_label, dscr, ltv, global_cash_flow_usd, originated_at, funded_at)
VALUES ('l-0078', 'L-0078', 'ridgeway-consulting-llc', 'devon-marshall', 'priya-iyer', 'LOC', 100000, 8, 12, 'Funded', 3, 'Pass', 1.85, NULL, 320000, '2024-08-01', '2024-08-22') ON CONFLICT (loans_id) DO NOTHING;

-- ----------------------------------------------------------------------------
-- Covenants: Conditions attached to a Loan that must be tested on a recurring schedule (e.g. minimum DSCR each quarter). CovenantMonitoring runs the tickler calendar ahead of NextTestDate; breaches surface as SystemEvent Interactions.
-- ----------------------------------------------------------------------------
INSERT INTO covenants (covenants_id, loan, covenant_type, threshold_value, test_frequency, next_test_date, status, current_waiver_through)
VALUES ('l-0042-mindscr', 'l-0051', 'MinDSCR', 1.2, 'Quarterly', '2025-06-30', 'Active', NULL) ON CONFLICT (covenants_id) DO NOTHING;

INSERT INTO covenants (covenants_id, loan, covenant_type, threshold_value, test_frequency, next_test_date, status, current_waiver_through)
VALUES ('l-0051-maxleverage', 'l-0051', 'MaxLeverage', 3, 'Annual', '2026-03-01', 'Active', NULL) ON CONFLICT (covenants_id) DO NOTHING;

INSERT INTO covenants (covenants_id, loan, covenant_type, threshold_value, test_frequency, next_test_date, status, current_waiver_through)
VALUES ('l-0051-reportingfinancials', 'l-0051', 'ReportingFinancials', NULL, 'Annual', '2026-03-31', 'Active', NULL) ON CONFLICT (covenants_id) DO NOTHING;

INSERT INTO covenants (covenants_id, loan, covenant_type, threshold_value, test_frequency, next_test_date, status, current_waiver_through)
VALUES ('l-0042-mindscr', 'l-0042', 'MinDSCR', 1.2, 'Quarterly', '2026-06-30', 'Breached', '2026-06-30') ON CONFLICT (covenants_id) DO NOTHING;

-- ----------------------------------------------------------------------------
-- RiskRatingHistory: Time-series of risk-grade changes on a Loan. Regulators audit rating drift, so every migration is captured here. AnnualReview also writes a row even when the grade is reaffirmed unchanged.
-- ----------------------------------------------------------------------------
INSERT INTO risk_rating_history (risk_rating_history_id, loan, changed_by_user, effective_date, prior_grade, new_grade, reason)
VALUES ('l-0042-2021-05-20-grade-4', 'l-0042', 'thomas-bell', '2021-05-20', NULL, 4, 'Initial rating at funding.') ON CONFLICT (risk_rating_history_id) DO NOTHING;

INSERT INTO risk_rating_history (risk_rating_history_id, loan, changed_by_user, effective_date, prior_grade, new_grade, reason)
VALUES ('l-0042-2025-05-02-grade-6', 'l-0042', 'thomas-bell', '2025-05-02', 4, 6, 'DSCR covenant breach; downgrade to Special Mention.') ON CONFLICT (risk_rating_history_id) DO NOTHING;

INSERT INTO risk_rating_history (risk_rating_history_id, loan, changed_by_user, effective_date, prior_grade, new_grade, reason)
VALUES ('l-0042-2025-08-15-grade-7', 'l-0042', 'thomas-bell', '2025-08-15', 6, 7, 'Sustained underperformance; downgrade to Substandard. Added to Watchlist.') ON CONFLICT (risk_rating_history_id) DO NOTHING;

INSERT INTO risk_rating_history (risk_rating_history_id, loan, changed_by_user, effective_date, prior_grade, new_grade, reason)
VALUES ('l-0051-2025-03-01-grade-4', 'l-0051', 'priya-iyer', '2025-03-01', NULL, 4, 'Initial rating at funding.') ON CONFLICT (risk_rating_history_id) DO NOTHING;

INSERT INTO risk_rating_history (risk_rating_history_id, loan, changed_by_user, effective_date, prior_grade, new_grade, reason)
VALUES ('l-0078-2024-08-22-grade-3', 'l-0078', 'priya-iyer', '2024-08-22', NULL, 3, 'Initial rating at funding; strong cash flow coverage.') ON CONFLICT (risk_rating_history_id) DO NOTHING;

-- ----------------------------------------------------------------------------
-- Documents: Files in the DocumentVault. A document attaches to either a Business (tax returns, formation docs) or a Loan (note, security agreement, appraisal). Both FKs are nullable so a document can hang off the appropriate parent.
-- ----------------------------------------------------------------------------
INSERT INTO documents (documents_id, business, loan, uploaded_by_user, filename, document_type, ocr_indexed, uploaded_via, uploaded_at)
VALUES ('stillwater-2024-tax-return-pdf', 'stillwater-roasters-llc', NULL, 'devon-marshall', 'stillwater-2024-tax-return.pdf', 'TaxReturn', TRUE, 'RMDashboard', '2025-01-22') ON CONFLICT (documents_id) DO NOTHING;

INSERT INTO documents (documents_id, business, loan, uploaded_by_user, filename, document_type, ocr_indexed, uploaded_via, uploaded_at)
VALUES ('l-0051-promissory-note-pdf', NULL, 'l-0051', 'priya-iyer', 'l-0051-promissory-note.pdf', 'Note', TRUE, 'RMDashboard', '2025-02-28') ON CONFLICT (documents_id) DO NOTHING;

INSERT INTO documents (documents_id, business, loan, uploaded_by_user, filename, document_type, ocr_indexed, uploaded_via, uploaded_at)
VALUES ('l-0051-security-agreement-pdf', NULL, 'l-0051', 'priya-iyer', 'l-0051-security-agreement.pdf', 'SecurityAgreement', TRUE, 'RMDashboard', '2025-02-28') ON CONFLICT (documents_id) DO NOTHING;

INSERT INTO documents (documents_id, business, loan, uploaded_by_user, filename, document_type, ocr_indexed, uploaded_via, uploaded_at)
VALUES ('stillwater-q4-2024-pl-pdf', 'stillwater-roasters-llc', NULL, NULL, 'stillwater-q4-2024-pl.pdf', 'FinancialStatement', TRUE, 'BusinessClientPortal', '2025-01-15') ON CONFLICT (documents_id) DO NOTHING;

INSERT INTO documents (documents_id, business, loan, uploaded_by_user, filename, document_type, ocr_indexed, uploaded_via, uploaded_at)
VALUES ('pine-articles-of-incorporation-pdf', 'pine-hardware-inc', NULL, 'devon-marshall', 'pine-articles-of-incorporation.pdf', 'FormationDoc', TRUE, 'RMDashboard', '2019-06-21') ON CONFLICT (documents_id) DO NOTHING;

-- ----------------------------------------------------------------------------
-- Interactions: Unified activity-log feed for a Business. An Interaction is intentionally generic: InteractionType discriminates Note, Call, Visit, Task, Meeting, or SystemEvent. Covenant breaches, document requests, and other machine actions are written as SystemEvent interactions so they appear in the same stream as human-logged activity.
-- ----------------------------------------------------------------------------
INSERT INTO interactions (interactions_id, business, "user", interaction_type, subject, body, interaction_date, due_date, source)
VALUES ('stillwater-roasters-llc', 'stillwater-roasters-llc', 'devon-marshall', 'Note', 'Q2 PnL review', 'Reviewed Q2 P&L. Margins compressed slightly on green-coffee cost spike but volume up 12% YoY.', '2025-04-15', NULL, 'RMDashboard') ON CONFLICT (interactions_id) DO NOTHING;

INSERT INTO interactions (interactions_id, business, "user", interaction_type, subject, body, interaction_date, due_date, source)
VALUES ('stillwater-roasters-llc', 'stillwater-roasters-llc', 'devon-marshall', 'Call', 'Wire fee question', 'Sam called re: $30 outbound wire fee. Confirmed price; offered ACH-international as alternative.', '2025-04-15', NULL, 'RMDashboard') ON CONFLICT (interactions_id) DO NOTHING;

INSERT INTO interactions (interactions_id, business, "user", interaction_type, subject, body, interaction_date, due_date, source)
VALUES ('pine-hardware-inc', 'pine-hardware-inc', 'devon-marshall', 'Visit', 'Refi discussion', 'On-site visit. Discussed potential refinance of L-0042 once classified-asset status resolves.', '2025-04-15', NULL, 'RMDashboard') ON CONFLICT (interactions_id) DO NOTHING;

INSERT INTO interactions (interactions_id, business, "user", interaction_type, subject, body, interaction_date, due_date, source)
VALUES ('ridgeway-consulting-llc', 'ridgeway-consulting-llc', 'devon-marshall', 'Meeting', 'Annual review prep', 'Scheduled annual review meeting. Documentation requested in advance.', '2025-04-22', NULL, 'RMDashboard') ON CONFLICT (interactions_id) DO NOTHING;

INSERT INTO interactions (interactions_id, business, "user", interaction_type, subject, body, interaction_date, due_date, source)
VALUES ('pine-hardware-inc', 'pine-hardware-inc', 'devon-marshall', 'Task', 'Refi term sheet', 'Draft and send proposed refinance term sheet to Elena Novak.', '2025-04-15', '2025-04-18', 'RMDashboard') ON CONFLICT (interactions_id) DO NOTHING;

INSERT INTO interactions (interactions_id, business, "user", interaction_type, subject, body, interaction_date, due_date, source)
VALUES ('pine-hardware-inc', 'pine-hardware-inc', NULL, 'SystemEvent', 'Covenant test approaching', 'Auto-generated by CovenantMonitoring: DSCR test for L-0042 due in 15 days.', '2025-04-15', NULL, 'SystemEvent') ON CONFLICT (interactions_id) DO NOTHING;

INSERT INTO interactions (interactions_id, business, "user", interaction_type, subject, body, interaction_date, due_date, source)
VALUES ('pine-hardware-inc', 'pine-hardware-inc', NULL, 'SystemEvent', 'Covenant breach L-0042 DSCR', 'DSCR test failed on L-0042. Computed 1.08; covenant threshold 1.20. Status: Breached.', '2025-05-02', NULL, 'SystemEvent') ON CONFLICT (interactions_id) DO NOTHING;

INSERT INTO interactions (interactions_id, business, "user", interaction_type, subject, body, interaction_date, due_date, source)
VALUES ('sunset-auto-body-llc', 'sunset-auto-body-llc', 'renee-okafor', 'SystemEvent', 'SAR filed BSA AML', 'Verafin flagged structuring pattern. SAR drafted and filed via RegulatoryReporting to FinCEN.', '2025-05-04', NULL, 'SystemEvent') ON CONFLICT (interactions_id) DO NOTHING;

INSERT INTO interactions (interactions_id, business, "user", interaction_type, subject, body, interaction_date, due_date, source)
VALUES ('stillwater-roasters-llc', 'stillwater-roasters-llc', NULL, 'Note', 'Customer portal message', 'Customer message: ''Uploaded Q4 P&L. Want to discuss a $25K LOC.''', '2025-01-15', NULL, 'BusinessClientPortal') ON CONFLICT (interactions_id) DO NOTHING;

